[INFO] [launch]: All log files can be found below /home/saran/.ros/log/2026-09-19-00-27-06-181699-aorus-87547
[INFO] [launch]: Default logging verbosity is set to INFO
[INFO] [ground_truth_localizer-1]: process started with pid [87582]
[INFO] [component_container_isolated-2]: process started with pid [87584]
[ground_truth_localizer-1] [INFO] [1789770427.352174338] [ground_truth_localizer]: publishing map->odom from /ground_truth/odom (AMCL tf_broadcast must be false)
[component_container_isolated-2] [INFO] [1789770427.405669867] [nav2_container]: Load Library: /opt/ros/humble/lib/libmap_server_core.so
[component_container_isolated-2] [INFO] [1789770427.413720743] [nav2_container]: Found class: rclcpp_components::NodeFactoryTemplate<nav2_map_server::CostmapFilterInfoServer>
[component_container_isolated-2] [INFO] [1789770427.413758355] [nav2_container]: Found class: rclcpp_components::NodeFactoryTemplate<nav2_map_server::MapSaver>
[component_container_isolated-2] [INFO] [1789770427.413762620] [nav2_container]: Found class: rclcpp_components::NodeFactoryTemplate<nav2_map_server::MapServer>
[component_container_isolated-2] [INFO] [1789770427.413765672] [nav2_container]: Instantiate class: rclcpp_components::NodeFactoryTemplate<nav2_map_server::MapServer>
[component_container_isolated-2] [INFO] [1789770427.418011462] [map_server]: 
[component_container_isolated-2] 	map_server lifecycle node launched. 
[component_container_isolated-2] 	Waiting on external lifecycle transitions to activate
[component_container_isolated-2] 	See https://design.ros2.org/articles/node_lifecycle.html for more information.
[component_container_isolated-2] [INFO] [1789770427.418048622] [map_server]: Creating
[INFO] [launch_ros.actions.load_composable_nodes]: Loaded node '/map_server' in container '/nav2_container'
[component_container_isolated-2] [INFO] [1789770427.420462354] [nav2_container]: Load Library: /opt/ros/humble/lib/libamcl_core.so
[component_container_isolated-2] [INFO] [1789770427.422420864] [nav2_container]: Found class: rclcpp_components::NodeFactoryTemplate<nav2_amcl::AmclNode>
[component_container_isolated-2] [INFO] [1789770427.422437055] [nav2_container]: Instantiate class: rclcpp_components::NodeFactoryTemplate<nav2_amcl::AmclNode>
[component_container_isolated-2] [INFO] [1789770427.426008902] [amcl]: 
[component_container_isolated-2] 	amcl lifecycle node launched. 
[component_container_isolated-2] 	Waiting on external lifecycle transitions to activate
[component_container_isolated-2] 	See https://design.ros2.org/articles/node_lifecycle.html for more information.
[component_container_isolated-2] [INFO] [1789770427.426259798] [amcl]: Creating
[INFO] [launch_ros.actions.load_composable_nodes]: Loaded node '/amcl' in container '/nav2_container'
[component_container_isolated-2] [INFO] [1789770427.428032197] [nav2_container]: Load Library: /opt/ros/humble/lib/libnav2_lifecycle_manager_core.so
[component_container_isolated-2] [INFO] [1789770427.428531210] [nav2_container]: Found class: rclcpp_components::NodeFactoryTemplate<nav2_lifecycle_manager::LifecycleManager>
[component_container_isolated-2] [INFO] [1789770427.428543531] [nav2_container]: Instantiate class: rclcpp_components::NodeFactoryTemplate<nav2_lifecycle_manager::LifecycleManager>
[component_container_isolated-2] [INFO] [1789770427.431628811] [lifecycle_manager_localization]: Creating
[INFO] [launch_ros.actions.load_composable_nodes]: Loaded node '/lifecycle_manager_localization' in container '/nav2_container'
[component_container_isolated-2] [INFO] [1789770427.432848083] [lifecycle_manager_localization]: [34m[1mCreating and initializing lifecycle service clients[0m[0m
[component_container_isolated-2] [INFO] [1789770427.434359051] [lifecycle_manager_localization]: [34m[1mStarting managed nodes bringup...[0m[0m
[component_container_isolated-2] [INFO] [1789770427.434399486] [lifecycle_manager_localization]: [34m[1mConfiguring map_server[0m[0m
[component_container_isolated-2] [INFO] [1789770427.434652609] [map_server]: Configuring
[component_container_isolated-2] [INFO] [1789770427.434755976] [map_io]: Loading yaml file: /home/saran/robohouse_ws/src/BARN_dataset/scaled_1/map_files/yaml_1.yaml
[component_container_isolated-2] [INFO] [1789770427.434912220] [map_io]: resolution: 0.15
[component_container_isolated-2] [INFO] [1789770427.434916400] [map_io]: origin[0]: -4.5
[component_container_isolated-2] [INFO] [1789770427.434918959] [map_io]: origin[1]: 0
[component_container_isolated-2] [INFO] [1789770427.434921151] [map_io]: origin[2]: 0
[component_container_isolated-2] [INFO] [1789770427.434923484] [map_io]: free_thresh: 0.5
[component_container_isolated-2] [INFO] [1789770427.434925767] [map_io]: occupied_thresh: 0.5
[component_container_isolated-2] [INFO] [1789770427.434928317] [map_io]: mode: trinary
[component_container_isolated-2] [INFO] [1789770427.434931194] [map_io]: negate: 0
[component_container_isolated-2] [INFO] [1789770427.435046465] [map_io]: Loading image_file: /home/saran/robohouse_ws/src/BARN_dataset/scaled_1/map_files/map_pgm_1.pgm
[component_container_isolated-2] [INFO] [1789770427.435315315] [map_io]: Read map /home/saran/robohouse_ws/src/BARN_dataset/scaled_1/map_files/map_pgm_1.pgm: 30 X 78 map @ 0.15 m/cell
[component_container_isolated-2] [INFO] [1789770427.435577347] [nav2_container]: Load Library: /opt/ros/humble/lib/libcontroller_server_core.so
[component_container_isolated-2] [INFO] [1789770427.437036888] [nav2_container]: Found class: rclcpp_components::NodeFactoryTemplate<nav2_controller::ControllerServer>
[component_container_isolated-2] [INFO] [1789770427.437049717] [nav2_container]: Instantiate class: rclcpp_components::NodeFactoryTemplate<nav2_controller::ControllerServer>
[component_container_isolated-2] [INFO] [1789770427.438189163] [lifecycle_manager_localization]: [34m[1mConfiguring amcl[0m[0m
[component_container_isolated-2] [INFO] [1789770427.438266911] [amcl]: Configuring
[component_container_isolated-2] [INFO] [1789770427.438357748] [amcl]: initTransforms
[component_container_isolated-2] [INFO] [1789770427.443696346] [controller_server]: 
[component_container_isolated-2] 	controller_server lifecycle node launched. 
[component_container_isolated-2] 	Waiting on external lifecycle transitions to activate
[component_container_isolated-2] 	See https://design.ros2.org/articles/node_lifecycle.html for more information.
[component_container_isolated-2] [INFO] [1789770427.444139001] [amcl]: initPubSub
[component_container_isolated-2] [INFO] [1789770427.445455491] [amcl]: Subscribed to map topic.
[component_container_isolated-2] [INFO] [1789770427.446505295] [lifecycle_manager_localization]: [34m[1mActivating map_server[0m[0m
[component_container_isolated-2] [INFO] [1789770427.446558179] [map_server]: Activating
[component_container_isolated-2] [INFO] [1789770427.446608202] [map_server]: Creating bond (map_server) to lifecycle manager.
[component_container_isolated-2] [INFO] [1789770427.446630424] [amcl]: Received a 30 X 78 map @ 0.150 m/pix
[component_container_isolated-2] [INFO] [1789770427.447167436] [controller_server]: Creating controller server
[component_container_isolated-2] [INFO] [1789770427.451714420] [local_costmap.local_costmap]: 
[component_container_isolated-2] 	local_costmap lifecycle node launched. 
[component_container_isolated-2] 	Waiting on external lifecycle transitions to activate
[component_container_isolated-2] 	See https://design.ros2.org/articles/node_lifecycle.html for more information.
[component_container_isolated-2] [INFO] [1789770427.452251552] [local_costmap.local_costmap]: Creating Costmap
[INFO] [launch_ros.actions.load_composable_nodes]: Loaded node '/controller_server' in container '/nav2_container'
[component_container_isolated-2] [INFO] [1789770427.453659208] [nav2_container]: Load Library: /opt/ros/humble/lib/libsmoother_server_core.so
[component_container_isolated-2] [INFO] [1789770427.454530733] [nav2_container]: Found class: rclcpp_components::NodeFactoryTemplate<nav2_smoother::SmootherServer>
[component_container_isolated-2] [INFO] [1789770427.454544612] [nav2_container]: Instantiate class: rclcpp_components::NodeFactoryTemplate<nav2_smoother::SmootherServer>
[component_container_isolated-2] [INFO] [1789770427.458287127] [smoother_server]: 
[component_container_isolated-2] 	smoother_server lifecycle node launched. 
[component_container_isolated-2] 	Waiting on external lifecycle transitions to activate
[component_container_isolated-2] 	See https://design.ros2.org/articles/node_lifecycle.html for more information.
[component_container_isolated-2] [INFO] [1789770427.459464189] [smoother_server]: Creating smoother server
[INFO] [launch_ros.actions.load_composable_nodes]: Loaded node '/smoother_server' in container '/nav2_container'
[component_container_isolated-2] [INFO] [1789770427.460589388] [nav2_container]: Load Library: /opt/ros/humble/lib/libplanner_server_core.so
[component_container_isolated-2] [INFO] [1789770427.461114090] [nav2_container]: Found class: rclcpp_components::NodeFactoryTemplate<nav2_planner::PlannerServer>
[component_container_isolated-2] [INFO] [1789770427.461126411] [nav2_container]: Instantiate class: rclcpp_components::NodeFactoryTemplate<nav2_planner::PlannerServer>
[component_container_isolated-2] [INFO] [1789770427.465468643] [planner_server]: 
[component_container_isolated-2] 	planner_server lifecycle node launched. 
[component_container_isolated-2] 	Waiting on external lifecycle transitions to activate
[component_container_isolated-2] 	See https://design.ros2.org/articles/node_lifecycle.html for more information.
[component_container_isolated-2] [INFO] [1789770427.466784551] [planner_server]: Creating
[component_container_isolated-2] [INFO] [1789770427.472112711] [global_costmap.global_costmap]: 
[component_container_isolated-2] 	global_costmap lifecycle node launched. 
[component_container_isolated-2] 	Waiting on external lifecycle transitions to activate
[component_container_isolated-2] 	See https://design.ros2.org/articles/node_lifecycle.html for more information.
[component_container_isolated-2] [INFO] [1789770427.472610628] [global_costmap.global_costmap]: Creating Costmap
[INFO] [launch_ros.actions.load_composable_nodes]: Loaded node '/planner_server' in container '/nav2_container'
[component_container_isolated-2] [INFO] [1789770427.474575640] [nav2_container]: Load Library: /opt/ros/humble/lib/libbehavior_server_core.so
[component_container_isolated-2] [INFO] [1789770427.477259374] [nav2_container]: Found class: rclcpp_components::NodeFactoryTemplate<behavior_server::BehaviorServer>
[component_container_isolated-2] [INFO] [1789770427.477282920] [nav2_container]: Instantiate class: rclcpp_components::NodeFactoryTemplate<behavior_server::BehaviorServer>
[component_container_isolated-2] [INFO] [1789770427.483130387] [behavior_server]: 
[component_container_isolated-2] 	behavior_server lifecycle node launched. 
[component_container_isolated-2] 	Waiting on external lifecycle transitions to activate
[component_container_isolated-2] 	See https://design.ros2.org/articles/node_lifecycle.html for more information.
[INFO] [launch_ros.actions.load_composable_nodes]: Loaded node '/behavior_server' in container '/nav2_container'
[component_container_isolated-2] [INFO] [1789770427.485761352] [nav2_container]: Load Library: /opt/ros/humble/lib/libbt_navigator_core.so
[component_container_isolated-2] [INFO] [1789770427.487258746] [nav2_container]: Found class: rclcpp_components::NodeFactoryTemplate<nav2_bt_navigator::BtNavigator>
[component_container_isolated-2] [INFO] [1789770427.487276137] [nav2_container]: Instantiate class: rclcpp_components::NodeFactoryTemplate<nav2_bt_navigator::BtNavigator>
[component_container_isolated-2] [INFO] [1789770427.494700646] [bt_navigator]: 
[component_container_isolated-2] 	bt_navigator lifecycle node launched. 
[component_container_isolated-2] 	Waiting on external lifecycle transitions to activate
[INFO] [launch_ros.actions.load_composable_nodes]: Loaded node '/bt_navigator' in container '/nav2_container'
[component_container_isolated-2] 	See https://design.ros2.org/articles/node_lifecycle.html for more information.
[component_container_isolated-2] [INFO] [1789770427.494753905] [bt_navigator]: Creating
[component_container_isolated-2] [INFO] [1789770427.496225601] [nav2_container]: Load Library: /opt/ros/humble/lib/libwaypoint_follower_core.so
[component_container_isolated-2] [INFO] [1789770427.496780523] [nav2_container]: Found class: rclcpp_components::NodeFactoryTemplate<nav2_waypoint_follower::WaypointFollower>
[component_container_isolated-2] [INFO] [1789770427.496801166] [nav2_container]: Instantiate class: rclcpp_components::NodeFactoryTemplate<nav2_waypoint_follower::WaypointFollower>
[component_container_isolated-2] [INFO] [1789770427.502949301] [waypoint_follower]: 
[component_container_isolated-2] 	waypoint_follower lifecycle node launched. 
[component_container_isolated-2] 	Waiting on external lifecycle transitions to activate
[component_container_isolated-2] 	See https://design.ros2.org/articles/node_lifecycle.html for more information.
[component_container_isolated-2] [INFO] [1789770427.503515399] [waypoint_follower]: Creating
[INFO] [launch_ros.actions.load_composable_nodes]: Loaded node '/waypoint_follower' in container '/nav2_container'
[component_container_isolated-2] [INFO] [1789770427.505335841] [nav2_container]: Load Library: /opt/ros/humble/lib/libvelocity_smoother_core.so
[component_container_isolated-2] [INFO] [1789770427.506147308] [nav2_container]: Found class: rclcpp_components::NodeFactoryTemplate<nav2_velocity_smoother::VelocitySmoother>
[component_container_isolated-2] [INFO] [1789770427.506169339] [nav2_container]: Instantiate class: rclcpp_components::NodeFactoryTemplate<nav2_velocity_smoother::VelocitySmoother>
[component_container_isolated-2] [INFO] [1789770427.513314827] [velocity_smoother]: 
[component_container_isolated-2] 	velocity_smoother lifecycle node launched. 
[INFO] [launch_ros.actions.load_composable_nodes]: Loaded node '/velocity_smoother' in container '/nav2_container'
[component_container_isolated-2] 	Waiting on external lifecycle transitions to activate
[component_container_isolated-2] 	See https://design.ros2.org/articles/node_lifecycle.html for more information.
[component_container_isolated-2] [INFO] [1789770427.516444904] [nav2_container]: Found class: rclcpp_components::NodeFactoryTemplate<nav2_lifecycle_manager::LifecycleManager>
[component_container_isolated-2] [INFO] [1789770427.516471114] [nav2_container]: Instantiate class: rclcpp_components::NodeFactoryTemplate<nav2_lifecycle_manager::LifecycleManager>
[component_container_isolated-2] [INFO] [1789770427.524630061] [lifecycle_manager_navigation]: Creating
[INFO] [launch_ros.actions.load_composable_nodes]: Loaded node '/lifecycle_manager_navigation' in container '/nav2_container'
[component_container_isolated-2] [INFO] [1789770427.525723328] [lifecycle_manager_navigation]: [34m[1mCreating and initializing lifecycle service clients[0m[0m
[component_container_isolated-2] [INFO] [1789770427.535608296] [lifecycle_manager_navigation]: [34m[1mStarting managed nodes bringup...[0m[0m
[component_container_isolated-2] [INFO] [1789770427.535646880] [lifecycle_manager_navigation]: [34m[1mConfiguring controller_server[0m[0m
[component_container_isolated-2] [INFO] [1789770427.535749972] [controller_server]: Configuring controller interface
[component_container_isolated-2] [INFO] [1789770427.535891055] [controller_server]: getting goal checker plugins..
[component_container_isolated-2] [INFO] [1789770427.535954476] [controller_server]: Controller frequency set to 20.0000Hz
[component_container_isolated-2] [INFO] [1789770427.535974766] [local_costmap.local_costmap]: Configuring
[component_container_isolated-2] [INFO] [1789770427.538068394] [local_costmap.local_costmap]: Using plugin "obstacle_layer"
[component_container_isolated-2] [INFO] [1789770427.540027227] [local_costmap.local_costmap]: Subscribed to Topics: front_scan rear_scan
[component_container_isolated-2] [INFO] [1789770427.543511581] [local_costmap.local_costmap]: Initialized plugin "obstacle_layer"
[component_container_isolated-2] [INFO] [1789770427.543539092] [local_costmap.local_costmap]: Using plugin "stvl_local"
[component_container_isolated-2] [INFO] [1789770427.548011712] [lifecycle_manager_localization]: Server map_server connected with bond.
[component_container_isolated-2] [INFO] [1789770427.548088340] [lifecycle_manager_localization]: [34m[1mActivating amcl[0m[0m
[component_container_isolated-2] [INFO] [1789770427.548231853] [amcl]: Activating
[component_container_isolated-2] [INFO] [1789770427.548278971] [amcl]: Creating bond (amcl) to lifecycle manager.
[component_container_isolated-2] [INFO] [1789770427.567990844] [local_costmap.local_costmap]: stvl_local being initialized as SpatioTemporalVoxelLayer!
[component_container_isolated-2] [INFO] [1789770427.568022492] [local_costmap.local_costmap]: stvl_local's global frame is odom.
[component_container_isolated-2] [INFO] [1789770427.569288850] [local_costmap.local_costmap]: stvl_local loaded parameters from parameter server.
[component_container_isolated-2] [INFO] [1789770427.570376215] [amcl]: initialPoseReceived
[component_container_isolated-2] [INFO] [1789770427.570418756] [amcl]: Setting pose (1.800000): -2.250 1.000 1.571
[component_container_isolated-2] [INFO] [1789770427.570815082] [local_costmap.local_costmap]: stvl_local created underlying voxel grid.
[component_container_isolated-2] [INFO] [1789770427.571054559] [amcl]: initialPoseReceived
[component_container_isolated-2] [INFO] [1789770427.571074063] [amcl]: Setting pose (1.800000): -2.250 1.000 1.571
[component_container_isolated-2] [INFO] [1789770427.571787147] [local_costmap.local_costmap]: Voxel filter activated.
[component_container_isolated-2] [INFO] [1789770427.573415326] [local_costmap.local_costmap]: stvl_local initialization complete!
[component_container_isolated-2] [INFO] [1789770427.573465621] [local_costmap.local_costmap]: Initialized plugin "stvl_local"
[component_container_isolated-2] [INFO] [1789770427.573475080] [local_costmap.local_costmap]: Using plugin "inflation_layer"
[component_container_isolated-2] [INFO] [1789770427.574370488] [local_costmap.local_costmap]: Initialized plugin "inflation_layer"
[component_container_isolated-2] [INFO] [1789770427.576479789] [amcl]: createLaserObject
[component_container_isolated-2] [INFO] [1789770427.578726879] [controller_server]: Created progress_checker : progress_checker of type nav2_controller::SimpleProgressChecker
[component_container_isolated-2] [INFO] [1789770427.579226575] [controller_server]: Created goal checker : general_goal_checker of type nav2_controller::SimpleGoalChecker
[component_container_isolated-2] [INFO] [1789770427.579454659] [controller_server]: Controller Server has general_goal_checker  goal checkers available.
[component_container_isolated-2] [INFO] [1789770427.586411978] [amcl]: initialPoseReceived
[component_container_isolated-2] [INFO] [1789770427.586494059] [amcl]: Setting pose (1.900000): -2.250 1.000 1.571
[component_container_isolated-2] [INFO] [1789770427.587064361] [amcl]: initialPoseReceived
[component_container_isolated-2] [INFO] [1789770427.587075913] [amcl]: Setting pose (1.900000): -2.250 1.000 1.571
[component_container_isolated-2] [INFO] [1789770427.671029905] [lifecycle_manager_localization]: Server amcl connected with bond.
[component_container_isolated-2] [INFO] [1789770427.671070255] [lifecycle_manager_localization]: [34m[1mManaged nodes are active[0m[0m
[component_container_isolated-2] [INFO] [1789770427.671087332] [lifecycle_manager_localization]: [34m[1mCreating bond timer...[0m[0m
[component_container_isolated-2] [INFO] [1789770427.912306247] [controller_server]: Created controller : FollowPath of type nav2_tgmppi_controller::TgMppiController
[component_container_isolated-2] [INFO] [1789770427.915615046] [controller_server]: [TG-MPPI] flow mode: water field over local costmap (reflood every 1 cycle(s), plan-seeded membrane, radius=2.50m, bias=0.40 gain=1.00, shadow=true, sampling=disabled, critic=disabled, ancillary collision check=enabled)
[component_container_isolated-2] [INFO] [1789770427.915691911] [controller_server]: Controller period is equal to model dt. Control sequence shifting is ON
[component_container_isolated-2] [INFO] [1789770427.919987212] [controller_server]: ConstraintCritic instantiated with 1 power and 4.000000 weight.
[component_container_isolated-2] [INFO] [1789770427.943054376] [controller_server]: Critic loaded : tgmppi::critics::ConstraintCritic
[component_container_isolated-2] [INFO] [1789770427.943671122] [controller_server]: InflationCostCritic instantiated with 1 power and 300.000000 / 0.015000 weights. Critic will collision check based on footprint cost.
[component_container_isolated-2] [INFO] [1789770427.943696383] [controller_server]: Critic loaded : tgmppi::critics::CostCritic
[component_container_isolated-2] [INFO] [1789770427.943938099] [controller_server]: GoalCritic instantiated with 1 power and 5.000000 weight.
[component_container_isolated-2] [INFO] [1789770427.943946051] [controller_server]: Critic loaded : tgmppi::critics::GoalCritic
[component_container_isolated-2] [INFO] [1789770427.944212368] [controller_server]: GoalAngleCritic instantiated with 1 power, 3.000000 weight, 0.500000 angular threshold and symmetric_yaw_tolerance disabled
[component_container_isolated-2] [INFO] [1789770427.944219887] [controller_server]: Critic loaded : tgmppi::critics::GoalAngleCritic
[component_container_isolated-2] [INFO] [1789770427.944651747] [controller_server]: ReferenceTrajectoryCritic instantiated with 1 power and 3.000000 weight
[component_container_isolated-2] [INFO] [1789770427.944660725] [controller_server]: Critic loaded : tgmppi::critics::PathAlignCritic
[component_container_isolated-2] [INFO] [1789770427.944925114] [controller_server]: Critic loaded : tgmppi::critics::PathFollowCritic
[component_container_isolated-2] [INFO] [1789770427.945290573] [controller_server]: PathAngleCritic instantiated with 1 power and 2.000000 weight. Reversing allowed.
[component_container_isolated-2] [INFO] [1789770427.945298418] [controller_server]: Critic loaded : tgmppi::critics::PathAngleCritic
[component_container_isolated-2] [INFO] [1789770427.945518989] [controller_server]: PreferForwardCritic instantiated with 1 power and 2.000000 weight.
[component_container_isolated-2] [INFO] [1789770427.945526382] [controller_server]: Critic loaded : tgmppi::critics::PreferForwardCritic
[component_container_isolated-2] [INFO] [1789770427.950616096] [controller_server]: Optimizer reset (compute_backend=cpu)
[component_container_isolated-2] [INFO] [1789770427.951788938] [TgMppiController]: Configured MPPI Controller: FollowPath
[component_container_isolated-2] [INFO] [1789770427.951802355] [controller_server]: Controller Server has FollowPath  controllers available.
[component_container_isolated-2] [INFO] [1789770427.955577391] [lifecycle_manager_navigation]: [34m[1mConfiguring smoother_server[0m[0m
[component_container_isolated-2] [INFO] [1789770427.955689512] [smoother_server]: Configuring smoother server
[component_container_isolated-2] [INFO] [1789770427.960217328] [smoother_server]: Created smoother : simple_smoother of type nav2_smoother::SimpleSmoother
[component_container_isolated-2] [INFO] [1789770427.960678463] [smoother_server]: Smoother Server has simple_smoother  smoothers available.
[component_container_isolated-2] [INFO] [1789770427.972533932] [lifecycle_manager_navigation]: [34m[1mConfiguring planner_server[0m[0m
[component_container_isolated-2] [INFO] [1789770427.972711668] [planner_server]: Configuring
[component_container_isolated-2] [INFO] [1789770427.972784422] [global_costmap.global_costmap]: Configuring
[component_container_isolated-2] [INFO] [1789770427.977849727] [global_costmap.global_costmap]: Using plugin "static_layer"
[component_container_isolated-2] [INFO] [1789770427.978929183] [global_costmap.global_costmap]: Subscribing to the map topic (/map) with transient local durability
[component_container_isolated-2] [INFO] [1789770427.979398269] [global_costmap.global_costmap]: Subscribing to updates
[component_container_isolated-2] [INFO] [1789770427.979820956] [global_costmap.global_costmap]: Initialized plugin "static_layer"
[component_container_isolated-2] [INFO] [1789770427.979843301] [global_costmap.global_costmap]: Using plugin "obstacle_layer"
[component_container_isolated-2] [INFO] [1789770427.980670460] [global_costmap.global_costmap]: Subscribed to Topics: front_scan rear_scan
[component_container_isolated-2] [INFO] [1789770427.986443999] [global_costmap.global_costmap]: Initialized plugin "obstacle_layer"
[component_container_isolated-2] [INFO] [1789770427.986472123] [global_costmap.global_costmap]: Using plugin "stvl_global"
[component_container_isolated-2] [INFO] [1789770427.986667335] [global_costmap.global_costmap]: stvl_global being initialized as SpatioTemporalVoxelLayer!
[component_container_isolated-2] [INFO] [1789770427.986682780] [global_costmap.global_costmap]: stvl_global's global frame is map.
[component_container_isolated-2] [INFO] [1789770427.988176079] [global_costmap.global_costmap]: stvl_global loaded parameters from parameter server.
[component_container_isolated-2] [INFO] [1789770427.989577467] [global_costmap.global_costmap]: stvl_global created underlying voxel grid.
[component_container_isolated-2] [INFO] [1789770427.992400776] [global_costmap.global_costmap]: Voxel filter activated.
[component_container_isolated-2] [INFO] [1789770427.994858253] [global_costmap.global_costmap]: stvl_global initialization complete!
[component_container_isolated-2] [INFO] [1789770427.994892121] [global_costmap.global_costmap]: Initialized plugin "stvl_global"
[component_container_isolated-2] [INFO] [1789770427.994903500] [global_costmap.global_costmap]: Using plugin "inflation_layer"
[component_container_isolated-2] [INFO] [1789770427.995830111] [global_costmap.global_costmap]: Initialized plugin "inflation_layer"
[component_container_isolated-2] [INFO] [1789770428.001730582] [planner_server]: Created global planner plugin GridBased of type nav2_navfn_planner/NavfnPlanner
[component_container_isolated-2] [INFO] [1789770428.001770966] [planner_server]: Configuring plugin GridBased of type NavfnPlanner
[component_container_isolated-2] [INFO] [1789770428.002548390] [planner_server]: Planner Server has GridBased  planners available.
[component_container_isolated-2] [INFO] [1789770428.010698989] [lifecycle_manager_navigation]: [34m[1mConfiguring behavior_server[0m[0m
[component_container_isolated-2] [INFO] [1789770428.010824461] [behavior_server]: Configuring
[component_container_isolated-2] [INFO] [1789770428.014667103] [behavior_server]: Creating behavior plugin spin of type nav2_behaviors/Spin
[component_container_isolated-2] [INFO] [1789770428.015268694] [behavior_server]: Configuring spin
[component_container_isolated-2] [INFO] [1789770428.017867525] [behavior_server]: Creating behavior plugin backup of type nav2_behaviors/BackUp
[component_container_isolated-2] [INFO] [1789770428.018408390] [behavior_server]: Configuring backup
[component_container_isolated-2] [INFO] [1789770428.020559420] [behavior_server]: Creating behavior plugin drive_on_heading of type nav2_behaviors/DriveOnHeading
[component_container_isolated-2] [INFO] [1789770428.021067313] [behavior_server]: Configuring drive_on_heading
[component_container_isolated-2] [INFO] [1789770428.023166756] [behavior_server]: Creating behavior plugin wait of type nav2_behaviors/Wait
[component_container_isolated-2] [INFO] [1789770428.023810971] [behavior_server]: Configuring wait
[component_container_isolated-2] [INFO] [1789770428.026082260] [lifecycle_manager_navigation]: [34m[1mConfiguring bt_navigator[0m[0m
[component_container_isolated-2] [INFO] [1789770428.026172945] [bt_navigator]: Configuring
[component_container_isolated-2] [INFO] [1789770428.049341266] [global_costmap.global_costmap]: StaticLayer: Resizing costmap to 30 X 78 at 0.150000 m/pix
[component_container_isolated-2] [INFO] [1789770428.060453653] [lifecycle_manager_navigation]: [34m[1mConfiguring waypoint_follower[0m[0m
[component_container_isolated-2] [INFO] [1789770428.060650321] [waypoint_follower]: Configuring
[component_container_isolated-2] [INFO] [1789770428.068520412] [waypoint_follower]: Created waypoint_task_executor : wait_at_waypoint of type nav2_waypoint_follower::WaitAtWaypoint
[component_container_isolated-2] [INFO] [1789770428.069207301] [lifecycle_manager_navigation]: [34m[1mConfiguring velocity_smoother[0m[0m
[component_container_isolated-2] [INFO] [1789770428.069332415] [velocity_smoother]: Configuring velocity smoother
[component_container_isolated-2] [INFO] [1789770428.071042868] [lifecycle_manager_navigation]: [34m[1mActivating controller_server[0m[0m
[component_container_isolated-2] [INFO] [1789770428.071117284] [controller_server]: Activating
[component_container_isolated-2] [INFO] [1789770428.071137849] [local_costmap.local_costmap]: Activating
[component_container_isolated-2] [INFO] [1789770428.071145839] [local_costmap.local_costmap]: Checking transform
[component_container_isolated-2] [INFO] [1789770428.071223188] [local_costmap.local_costmap]: start
[component_container_isolated-2] [INFO] [1789770428.071839676] [local_costmap.local_costmap]: stvl_local was activated.
[component_container_isolated-2] [WARN] [1789770428.322340324] [controller_server]: Parameter controller_server.verbose not found
[component_container_isolated-2] [INFO] [1789770428.326597534] [controller_server]: Optimizer reset (compute_backend=cpu)
[component_container_isolated-2] [INFO] [1789770428.327085129] [TgMppiController]: Activated MPPI Controller: FollowPath
[component_container_isolated-2] [INFO] [1789770428.327131825] [controller_server]: Creating bond (controller_server) to lifecycle manager.
[component_container_isolated-2] [INFO] [1789770428.433390919] [lifecycle_manager_navigation]: Server controller_server connected with bond.
[component_container_isolated-2] [INFO] [1789770428.433482753] [lifecycle_manager_navigation]: [34m[1mActivating smoother_server[0m[0m
[component_container_isolated-2] [INFO] [1789770428.433925138] [smoother_server]: Activating
[component_container_isolated-2] [INFO] [1789770428.433987131] [smoother_server]: Creating bond (smoother_server) to lifecycle manager.
[component_container_isolated-2] [INFO] [1789770428.539499212] [lifecycle_manager_navigation]: Server smoother_server connected with bond.
[component_container_isolated-2] [INFO] [1789770428.539540731] [lifecycle_manager_navigation]: [34m[1mActivating planner_server[0m[0m
[component_container_isolated-2] [INFO] [1789770428.539836619] [planner_server]: Activating
[component_container_isolated-2] [INFO] [1789770428.539897613] [global_costmap.global_costmap]: Activating
[component_container_isolated-2] [INFO] [1789770428.539914439] [global_costmap.global_costmap]: Checking transform
[component_container_isolated-2] [INFO] [1789770428.539946880] [global_costmap.global_costmap]: Timed out waiting for transform from base_link to map to become available, tf error: Lookup would require extrapolation into the past.  Requested time 2.718000 but the earliest data is at time 3.286000, when looking up transform from frame [base_link] to frame [map]
[component_container_isolated-2] [INFO] [1789770428.666272729] [local_costmap.local_costmap]: Message Filter dropping message: frame 'front_lidar_1' at time 2.671 for reason 'the timestamp on the message is earlier than all the data in the transform cache'
[component_container_isolated-2] [INFO] [1789770429.040010380] [global_costmap.global_costmap]: Timed out waiting for transform from base_link to map to become available, tf error: Lookup would require extrapolation into the past.  Requested time 3.148000 but the earliest data is at time 3.286000, when looking up transform from frame [base_link] to frame [map]
[component_container_isolated-2] [INFO] [1789770429.540104938] [global_costmap.global_costmap]: start
[component_container_isolated-2] [INFO] [1789770429.541752765] [global_costmap.global_costmap]: stvl_global was activated.
[component_container_isolated-2] [INFO] [1789770430.542522361] [planner_server]: Activating plugin GridBased of type NavfnPlanner
[component_container_isolated-2] [INFO] [1789770430.544277107] [planner_server]: Creating bond (planner_server) to lifecycle manager.
[component_container_isolated-2] [INFO] [1789770430.650218147] [lifecycle_manager_navigation]: Server planner_server connected with bond.
[component_container_isolated-2] [INFO] [1789770430.650299558] [lifecycle_manager_navigation]: [34m[1mActivating behavior_server[0m[0m
[component_container_isolated-2] [INFO] [1789770430.650835697] [behavior_server]: Activating
[component_container_isolated-2] [INFO] [1789770430.650867921] [behavior_server]: Activating spin
[component_container_isolated-2] [INFO] [1789770430.650898842] [behavior_server]: Activating backup
[component_container_isolated-2] [INFO] [1789770430.650915687] [behavior_server]: Activating drive_on_heading
[component_container_isolated-2] [INFO] [1789770430.650931818] [behavior_server]: Activating wait
[component_container_isolated-2] [INFO] [1789770430.650952611] [behavior_server]: Creating bond (behavior_server) to lifecycle manager.
[component_container_isolated-2] [INFO] [1789770430.758807693] [lifecycle_manager_navigation]: Server behavior_server connected with bond.
[component_container_isolated-2] [INFO] [1789770430.758865778] [lifecycle_manager_navigation]: [34m[1mActivating bt_navigator[0m[0m
[component_container_isolated-2] [INFO] [1789770430.759228160] [bt_navigator]: Activating
[component_container_isolated-2] [INFO] [1789770430.802081670] [bt_navigator]: Creating bond (bt_navigator) to lifecycle manager.
[component_container_isolated-2] [INFO] [1789770430.911142141] [lifecycle_manager_navigation]: Server bt_navigator connected with bond.
[component_container_isolated-2] [INFO] [1789770430.911242205] [lifecycle_manager_navigation]: [34m[1mActivating waypoint_follower[0m[0m
[component_container_isolated-2] [INFO] [1789770430.911764192] [waypoint_follower]: Activating
[component_container_isolated-2] [INFO] [1789770430.911860616] [waypoint_follower]: Creating bond (waypoint_follower) to lifecycle manager.
[component_container_isolated-2] [INFO] [1789770431.021403381] [lifecycle_manager_navigation]: Server waypoint_follower connected with bond.
[component_container_isolated-2] [INFO] [1789770431.021480807] [lifecycle_manager_navigation]: [34m[1mActivating velocity_smoother[0m[0m
[component_container_isolated-2] [INFO] [1789770431.021926221] [velocity_smoother]: Activating
[component_container_isolated-2] [INFO] [1789770431.022047706] [velocity_smoother]: Creating bond (velocity_smoother) to lifecycle manager.
[component_container_isolated-2] [INFO] [1789770431.127910718] [lifecycle_manager_navigation]: Server velocity_smoother connected with bond.
[component_container_isolated-2] [INFO] [1789770431.127993354] [lifecycle_manager_navigation]: [34m[1mManaged nodes are active[0m[0m
[component_container_isolated-2] [INFO] [1789770431.128001949] [lifecycle_manager_navigation]: [34m[1mCreating bond timer...[0m[0m
[component_container_isolated-2] [INFO] [1789770431.933207177] [global_costmap.global_costmap]: Message Filter dropping message: frame 'front_lidar_1' at time 5.663 for reason 'the timestamp on the message is earlier than all the data in the transform cache'
[component_container_isolated-2] [INFO] [1789770432.811723738] [bt_navigator]: Begin navigating from current location (-2.25, 1.00) to (-2.32, 9.52)
[component_container_isolated-2] [INFO] [1789770432.832597974] [controller_server]: Received a goal, begin computing control effort.
[component_container_isolated-2] [WARN] [1789770432.832652857] [controller_server]: No goal checker was specified in parameter 'current_goal_checker'. Server will use only plugin loaded general_goal_checker . This warning will appear once.
[component_container_isolated-2] [INFO] [1789770432.837924176] [controller_server]: Optimizer reset (compute_backend=cpu)
[component_container_isolated-2] [ERROR] [1789770432.844956360] [tf_help]: Transform data too old when converting from map to odom
[component_container_isolated-2] [ERROR] [1789770432.844985933] [tf_help]: Data time: 6s 700000000ns, Transform time: 4s 340000000ns
[component_container_isolated-2] [ERROR] [1789770432.888789029] [tf_help]: Transform data too old when converting from map to odom
[component_container_isolated-2] [ERROR] [1789770432.888832873] [tf_help]: Data time: 6s 700000000ns, Transform time: 4s 340000000ns
[component_container_isolated-2] [ERROR] [1789770432.938287818] [tf_help]: Transform data too old when converting from map to odom
[component_container_isolated-2] [ERROR] [1789770432.938319137] [tf_help]: Data time: 6s 700000000ns, Transform time: 4s 340000000ns
[component_container_isolated-2] [ERROR] [1789770432.988700553] [tf_help]: Transform data too old when converting from map to odom
[component_container_isolated-2] [ERROR] [1789770432.988734537] [tf_help]: Data time: 6s 700000000ns, Transform time: 4s 340000000ns
[component_container_isolated-2] [ERROR] [1789770433.038386191] [tf_help]: Transform data too old when converting from map to odom
[component_container_isolated-2] [ERROR] [1789770433.038418877] [tf_help]: Data time: 6s 700000000ns, Transform time: 4s 340000000ns
[component_container_isolated-2] [ERROR] [1789770433.088403171] [tf_help]: Transform data too old when converting from map to odom
[component_container_isolated-2] [ERROR] [1789770433.088436840] [tf_help]: Data time: 6s 700000000ns, Transform time: 4s 340000000ns
[component_container_isolated-2] [ERROR] [1789770433.138279015] [tf_help]: Transform data too old when converting from map to odom
[component_container_isolated-2] [ERROR] [1789770433.138309583] [tf_help]: Data time: 6s 700000000ns, Transform time: 4s 340000000ns
[component_container_isolated-2] [ERROR] [1789770433.188556883] [tf_help]: Transform data too old when converting from map to odom
[component_container_isolated-2] [ERROR] [1789770433.188589287] [tf_help]: Data time: 6s 700000000ns, Transform time: 4s 340000000ns
[component_container_isolated-2] [ERROR] [1789770433.238173044] [tf_help]: Transform data too old when converting from map to odom
[component_container_isolated-2] [ERROR] [1789770433.238214063] [tf_help]: Data time: 6s 700000000ns, Transform time: 4s 340000000ns
[component_container_isolated-2] [ERROR] [1789770433.288463883] [tf_help]: Transform data too old when converting from map to odom
[component_container_isolated-2] [ERROR] [1789770433.288499205] [tf_help]: Data time: 6s 700000000ns, Transform time: 4s 340000000ns
[component_container_isolated-2] [ERROR] [1789770433.338767391] [tf_help]: Transform data too old when converting from map to odom
[component_container_isolated-2] [ERROR] [1789770433.338797594] [tf_help]: Data time: 6s 700000000ns, Transform time: 4s 340000000ns
[component_container_isolated-2] [ERROR] [1789770433.389450424] [tf_help]: Transform data too old when converting from map to odom
[component_container_isolated-2] [ERROR] [1789770433.389499176] [tf_help]: Data time: 6s 700000000ns, Transform time: 4s 340000000ns
[component_container_isolated-2] [ERROR] [1789770433.440039244] [tf_help]: Transform data too old when converting from map to odom
[component_container_isolated-2] [ERROR] [1789770433.440123448] [tf_help]: Data time: 6s 700000000ns, Transform time: 4s 340000000ns
[component_container_isolated-2] [ERROR] [1789770433.492597291] [tf_help]: Transform data too old when converting from map to odom
[component_container_isolated-2] [ERROR] [1789770433.492644870] [tf_help]: Data time: 6s 700000000ns, Transform time: 4s 340000000ns
[component_container_isolated-2] [ERROR] [1789770433.552102060] [tf_help]: Transform data too old when converting from map to odom
[component_container_isolated-2] [ERROR] [1789770433.552158683] [tf_help]: Data time: 6s 700000000ns, Transform time: 4s 340000000ns
[component_container_isolated-2] [ERROR] [1789770433.589500367] [tf_help]: Transform data too old when converting from map to odom
[component_container_isolated-2] [ERROR] [1789770433.589548482] [tf_help]: Data time: 6s 700000000ns, Transform time: 4s 340000000ns
[component_container_isolated-2] [ERROR] [1789770433.648633528] [tf_help]: Transform data too old when converting from map to odom
[component_container_isolated-2] [ERROR] [1789770433.648687213] [tf_help]: Data time: 6s 700000000ns, Transform time: 4s 340000000ns
[component_container_isolated-2] [ERROR] [1789770433.696847321] [tf_help]: Transform data too old when converting from map to odom
[component_container_isolated-2] [ERROR] [1789770433.696898871] [tf_help]: Data time: 6s 700000000ns, Transform time: 4s 340000000ns
[component_container_isolated-2] [ERROR] [1789770433.744895025] [tf_help]: Transform data too old when converting from map to odom
[component_container_isolated-2] [ERROR] [1789770433.744961619] [tf_help]: Data time: 6s 700000000ns, Transform time: 4s 340000000ns
[component_container_isolated-2] [ERROR] [1789770433.795851510] [tf_help]: Transform data too old when converting from map to odom
[component_container_isolated-2] [ERROR] [1789770433.795899907] [tf_help]: Data time: 6s 700000000ns, Transform time: 4s 340000000ns
[component_container_isolated-2] [ERROR] [1789770433.850379076] [tf_help]: Transform data too old when converting from map to odom
[component_container_isolated-2] [ERROR] [1789770433.850488440] [tf_help]: Data time: 6s 700000000ns, Transform time: 4s 340000000ns
[component_container_isolated-2] [INFO] [1789770433.882765825] [controller_server]: Passing new path to controller.
[component_container_isolated-2] [ERROR] [1789770433.889667294] [tf_help]: Transform data too old when converting from map to odom
[component_container_isolated-2] [ERROR] [1789770433.889705803] [tf_help]: Data time: 7s 600000000ns, Transform time: 4s 340000000ns
[component_container_isolated-2] [ERROR] [1789770433.942275691] [tf_help]: Transform data too old when converting from map to odom
[component_container_isolated-2] [ERROR] [1789770433.942338777] [tf_help]: Data time: 7s 600000000ns, Transform time: 4s 340000000ns
[component_container_isolated-2] [ERROR] [1789770433.991953980] [tf_help]: Transform data too old when converting from map to odom
[component_container_isolated-2] [ERROR] [1789770433.992005200] [tf_help]: Data time: 7s 600000000ns, Transform time: 4s 340000000ns
[component_container_isolated-2] [ERROR] [1789770434.043102551] [tf_help]: Transform data too old when converting from map to odom
[component_container_isolated-2] [ERROR] [1789770434.043142878] [tf_help]: Data time: 7s 600000000ns, Transform time: 4s 340000000ns
[component_container_isolated-2] [ERROR] [1789770434.092957955] [tf_help]: Transform data too old when converting from map to odom
[component_container_isolated-2] [ERROR] [1789770434.092996367] [tf_help]: Data time: 7s 600000000ns, Transform time: 4s 340000000ns
[component_container_isolated-2] [ERROR] [1789770434.149788609] [tf_help]: Transform data too old when converting from map to odom
[component_container_isolated-2] [ERROR] [1789770434.149859506] [tf_help]: Data time: 7s 600000000ns, Transform time: 4s 340000000ns
[component_container_isolated-2] [ERROR] [1789770434.196396843] [tf_help]: Transform data too old when converting from map to odom
[component_container_isolated-2] [ERROR] [1789770434.196479279] [tf_help]: Data time: 7s 600000000ns, Transform time: 4s 340000000ns
[component_container_isolated-2] [ERROR] [1789770434.242909737] [tf_help]: Transform data too old when converting from map to odom
[component_container_isolated-2] [ERROR] [1789770434.242958073] [tf_help]: Data time: 7s 600000000ns, Transform time: 4s 340000000ns
[component_container_isolated-2] [ERROR] [1789770434.291058958] [tf_help]: Transform data too old when converting from map to odom
[component_container_isolated-2] [ERROR] [1789770434.291120055] [tf_help]: Data time: 7s 600000000ns, Transform time: 4s 340000000ns
[component_container_isolated-2] [ERROR] [1789770434.339697438] [tf_help]: Transform data too old when converting from map to odom
[component_container_isolated-2] [ERROR] [1789770434.339728703] [tf_help]: Data time: 7s 600000000ns, Transform time: 4s 340000000ns
[component_container_isolated-2] [ERROR] [1789770434.389576299] [tf_help]: Transform data too old when converting from map to odom
[component_container_isolated-2] [ERROR] [1789770434.389610925] [tf_help]: Data time: 7s 600000000ns, Transform time: 4s 340000000ns
[component_container_isolated-2] [ERROR] [1789770434.439200927] [tf_help]: Transform data too old when converting from map to odom
[component_container_isolated-2] [ERROR] [1789770434.439234917] [tf_help]: Data time: 7s 600000000ns, Transform time: 4s 340000000ns
[component_container_isolated-2] [ERROR] [1789770434.488999441] [tf_help]: Transform data too old when converting from map to odom
[component_container_isolated-2] [ERROR] [1789770434.489033061] [tf_help]: Data time: 7s 600000000ns, Transform time: 4s 340000000ns
[component_container_isolated-2] [ERROR] [1789770434.539350911] [tf_help]: Transform data too old when converting from map to odom
[component_container_isolated-2] [ERROR] [1789770434.539382066] [tf_help]: Data time: 7s 600000000ns, Transform time: 4s 340000000ns
[component_container_isolated-2] [ERROR] [1789770434.591225778] [tf_help]: Transform data too old when converting from map to odom
[component_container_isolated-2] [ERROR] [1789770434.591268571] [tf_help]: Data time: 7s 600000000ns, Transform time: 4s 340000000ns
[component_container_isolated-2] [ERROR] [1789770434.641146707] [tf_help]: Transform data too old when converting from map to odom
[component_container_isolated-2] [ERROR] [1789770434.641212110] [tf_help]: Data time: 7s 600000000ns, Transform time: 4s 340000000ns
[component_container_isolated-2] [ERROR] [1789770434.694187927] [tf_help]: Transform data too old when converting from map to odom
[component_container_isolated-2] [ERROR] [1789770434.694239399] [tf_help]: Data time: 7s 600000000ns, Transform time: 4s 340000000ns
[component_container_isolated-2] [ERROR] [1789770434.747229387] [tf_help]: Transform data too old when converting from map to odom
[component_container_isolated-2] [ERROR] [1789770434.747274220] [tf_help]: Data time: 7s 600000000ns, Transform time: 4s 340000000ns
[component_container_isolated-2] [ERROR] [1789770434.793728904] [tf_help]: Transform data too old when converting from map to odom
[component_container_isolated-2] [ERROR] [1789770434.794127869] [tf_help]: Data time: 7s 600000000ns, Transform time: 4s 340000000ns
[component_container_isolated-2] [ERROR] [1789770434.841920109] [tf_help]: Transform data too old when converting from map to odom
[component_container_isolated-2] [ERROR] [1789770434.841985448] [tf_help]: Data time: 7s 600000000ns, Transform time: 4s 340000000ns
[component_container_isolated-2] [ERROR] [1789770434.890466569] [tf_help]: Transform data too old when converting from map to odom
[component_container_isolated-2] [ERROR] [1789770434.890500840] [tf_help]: Data time: 7s 600000000ns, Transform time: 4s 340000000ns
[component_container_isolated-2] [INFO] [1789770434.932776377] [controller_server]: Passing new path to controller.
[component_container_isolated-2] [ERROR] [1789770434.946262546] [tf_help]: Transform data too old when converting from map to odom
[component_container_isolated-2] [ERROR] [1789770434.946298856] [tf_help]: Data time: 8s 500000000ns, Transform time: 4s 340000000ns
[component_container_isolated-2] [ERROR] [1789770434.997089620] [tf_help]: Transform data too old when converting from map to odom
[component_container_isolated-2] [ERROR] [1789770434.997148169] [tf_help]: Data time: 8s 500000000ns, Transform time: 4s 340000000ns
[component_container_isolated-2] [ERROR] [1789770435.046878288] [tf_help]: Transform data too old when converting from map to odom
[component_container_isolated-2] [ERROR] [1789770435.046963599] [tf_help]: Data time: 8s 500000000ns, Transform time: 4s 340000000ns
[component_container_isolated-2] [ERROR] [1789770435.100077748] [tf_help]: Transform data too old when converting from map to odom
[component_container_isolated-2] [ERROR] [1789770435.100191543] [tf_help]: Data time: 8s 500000000ns, Transform time: 4s 340000000ns
[component_container_isolated-2] [ERROR] [1789770435.142666700] [tf_help]: Transform data too old when converting from map to odom
[component_container_isolated-2] [ERROR] [1789770435.142736136] [tf_help]: Data time: 8s 500000000ns, Transform time: 4s 340000000ns
[component_container_isolated-2] [ERROR] [1789770435.192900228] [tf_help]: Transform data too old when converting from map to odom
[component_container_isolated-2] [ERROR] [1789770435.192985012] [tf_help]: Data time: 8s 500000000ns, Transform time: 4s 340000000ns
[component_container_isolated-2] [ERROR] [1789770435.243806104] [tf_help]: Transform data too old when converting from map to odom
[component_container_isolated-2] [ERROR] [1789770435.243862818] [tf_help]: Data time: 8s 500000000ns, Transform time: 4s 340000000ns
[component_container_isolated-2] [INFO] [1789770435.289554511] [controller_server]: [TG-MPPI] cycle time (compute_backend=cpu): 9.243 ms/cycle avg over 50 cycles
[component_container_isolated-2] [ERROR] [1789770435.289739370] [tf_help]: Transform data too old when converting from map to odom
[component_container_isolated-2] [ERROR] [1789770435.289772296] [tf_help]: Data time: 8s 500000000ns, Transform time: 4s 340000000ns
[component_container_isolated-2] [ERROR] [1789770435.348824562] [tf_help]: Transform data too old when converting from map to odom
[component_container_isolated-2] [ERROR] [1789770435.348879816] [tf_help]: Data time: 8s 500000000ns, Transform time: 4s 340000000ns
[component_container_isolated-2] [ERROR] [1789770435.392826296] [tf_help]: Transform data too old when converting from map to odom
[component_container_isolated-2] [ERROR] [1789770435.392865879] [tf_help]: Data time: 8s 500000000ns, Transform time: 4s 340000000ns
[component_container_isolated-2] [ERROR] [1789770435.440806193] [tf_help]: Transform data too old when converting from map to odom
[component_container_isolated-2] [ERROR] [1789770435.440848816] [tf_help]: Data time: 8s 500000000ns, Transform time: 4s 340000000ns
[component_container_isolated-2] [ERROR] [1789770435.490761065] [tf_help]: Transform data too old when converting from map to odom
[component_container_isolated-2] [ERROR] [1789770435.490786953] [tf_help]: Data time: 8s 500000000ns, Transform time: 4s 340000000ns
[component_container_isolated-2] [ERROR] [1789770435.541575456] [tf_help]: Transform data too old when converting from map to odom
[component_container_isolated-2] [ERROR] [1789770435.541671979] [tf_help]: Data time: 8s 500000000ns, Transform time: 4s 340000000ns
[component_container_isolated-2] [ERROR] [1789770435.592022581] [tf_help]: Transform data too old when converting from map to odom
[component_container_isolated-2] [ERROR] [1789770435.592090158] [tf_help]: Data time: 8s 500000000ns, Transform time: 4s 340000000ns
[component_container_isolated-2] [ERROR] [1789770435.646081474] [tf_help]: Transform data too old when converting from map to odom
[component_container_isolated-2] [ERROR] [1789770435.646159491] [tf_help]: Data time: 8s 500000000ns, Transform time: 4s 340000000ns
[component_container_isolated-2] [ERROR] [1789770435.694757731] [tf_help]: Transform data too old when converting from map to odom
[component_container_isolated-2] [ERROR] [1789770435.694826529] [tf_help]: Data time: 8s 500000000ns, Transform time: 4s 340000000ns
[component_container_isolated-2] [ERROR] [1789770435.742660353] [tf_help]: Transform data too old when converting from map to odom
[component_container_isolated-2] [ERROR] [1789770435.742734213] [tf_help]: Data time: 8s 500000000ns, Transform time: 4s 340000000ns
[component_container_isolated-2] [ERROR] [1789770435.795358716] [tf_help]: Transform data too old when converting from map to odom
[component_container_isolated-2] [ERROR] [1789770435.795418411] [tf_help]: Data time: 8s 500000000ns, Transform time: 4s 340000000ns
[component_container_isolated-2] [ERROR] [1789770435.843764041] [tf_help]: Transform data too old when converting from map to odom
[component_container_isolated-2] [ERROR] [1789770435.843836782] [tf_help]: Data time: 8s 500000000ns, Transform time: 4s 340000000ns
[component_container_isolated-2] [ERROR] [1789770435.890521756] [tf_help]: Transform data too old when converting from map to odom
[component_container_isolated-2] [ERROR] [1789770435.890555129] [tf_help]: Data time: 8s 500000000ns, Transform time: 4s 340000000ns
[component_container_isolated-2] [INFO] [1789770435.932770008] [controller_server]: Passing new path to controller.
[component_container_isolated-2] [ERROR] [1789770435.941626254] [tf_help]: Transform data too old when converting from map to odom
[component_container_isolated-2] [ERROR] [1789770435.941674569] [tf_help]: Data time: 9s 400000000ns, Transform time: 4s 340000000ns
[component_container_isolated-2] [ERROR] [1789770435.988850271] [tf_help]: Transform data too old when converting from map to odom
[component_container_isolated-2] [ERROR] [1789770435.988878333] [tf_help]: Data time: 9s 400000000ns, Transform time: 4s 340000000ns
[component_container_isolated-2] [ERROR] [1789770436.039725055] [tf_help]: Transform data too old when converting from map to odom
[component_container_isolated-2] [ERROR] [1789770436.039763491] [tf_help]: Data time: 9s 400000000ns, Transform time: 4s 340000000ns
[component_container_isolated-2] [ERROR] [1789770436.092344888] [tf_help]: Transform data too old when converting from map to odom
[component_container_isolated-2] [ERROR] [1789770436.092415844] [tf_help]: Data time: 9s 400000000ns, Transform time: 4s 340000000ns
[component_container_isolated-2] [ERROR] [1789770436.144090058] [tf_help]: Transform data too old when converting from map to odom
[component_container_isolated-2] [ERROR] [1789770436.144148559] [tf_help]: Data time: 9s 400000000ns, Transform time: 4s 340000000ns
[component_container_isolated-2] [ERROR] [1789770436.194986550] [tf_help]: Transform data too old when converting from map to odom
[component_container_isolated-2] [ERROR] [1789770436.195039332] [tf_help]: Data time: 9s 400000000ns, Transform time: 4s 340000000ns
[component_container_isolated-2] [ERROR] [1789770436.242189723] [tf_help]: Transform data too old when converting from map to odom
[component_container_isolated-2] [ERROR] [1789770436.242268025] [tf_help]: Data time: 9s 400000000ns, Transform time: 4s 340000000ns
[component_container_isolated-2] [ERROR] [1789770436.291304640] [tf_help]: Transform data too old when converting from map to odom
[component_container_isolated-2] [ERROR] [1789770436.291416753] [tf_help]: Data time: 9s 400000000ns, Transform time: 4s 340000000ns
[component_container_isolated-2] [ERROR] [1789770436.339675717] [tf_help]: Transform data too old when converting from map to odom
[component_container_isolated-2] [ERROR] [1789770436.339736217] [tf_help]: Data time: 9s 400000000ns, Transform time: 4s 340000000ns
[component_container_isolated-2] [ERROR] [1789770436.391081499] [tf_help]: Transform data too old when converting from map to odom
[component_container_isolated-2] [ERROR] [1789770436.391112863] [tf_help]: Data time: 9s 400000000ns, Transform time: 4s 340000000ns
[component_container_isolated-2] [ERROR] [1789770436.440225443] [tf_help]: Transform data too old when converting from map to odom
[component_container_isolated-2] [ERROR] [1789770436.440294059] [tf_help]: Data time: 9s 400000000ns, Transform time: 4s 340000000ns
[component_container_isolated-2] [ERROR] [1789770436.491816801] [tf_help]: Transform data too old when converting from map to odom
[component_container_isolated-2] [ERROR] [1789770436.491886994] [tf_help]: Data time: 9s 400000000ns, Transform time: 4s 340000000ns
[component_container_isolated-2] [ERROR] [1789770436.541035097] [tf_help]: Transform data too old when converting from map to odom
[component_container_isolated-2] [ERROR] [1789770436.541101031] [tf_help]: Data time: 9s 400000000ns, Transform time: 4s 340000000ns
[ground_truth_localizer-1] [INFO] [1789770436.546128297] [ground_truth_localizer]: last 10 s: ground truth msgs 245, map->odom published 245 (234 via latest odom TF)
[component_container_isolated-2] [ERROR] [1789770436.592573848] [tf_help]: Transform data too old when converting from map to odom
[component_container_isolated-2] [ERROR] [1789770436.592640363] [tf_help]: Data time: 9s 400000000ns, Transform time: 4s 340000000ns
[component_container_isolated-2] [ERROR] [1789770436.643157886] [tf_help]: Transform data too old when converting from map to odom
[component_container_isolated-2] [ERROR] [1789770436.643223596] [tf_help]: Data time: 9s 400000000ns, Transform time: 4s 340000000ns
[component_container_isolated-2] [ERROR] [1789770436.693586479] [tf_help]: Transform data too old when converting from map to odom
[component_container_isolated-2] [ERROR] [1789770436.693643675] [tf_help]: Data time: 9s 400000000ns, Transform time: 4s 340000000ns
[component_container_isolated-2] [ERROR] [1789770436.745517832] [tf_help]: Transform data too old when converting from map to odom
[component_container_isolated-2] [ERROR] [1789770436.745556963] [tf_help]: Data time: 9s 400000000ns, Transform time: 4s 340000000ns
[component_container_isolated-2] [ERROR] [1789770436.792306067] [tf_help]: Transform data too old when converting from map to odom
[component_container_isolated-2] [ERROR] [1789770436.792340170] [tf_help]: Data time: 9s 400000000ns, Transform time: 4s 340000000ns
[component_container_isolated-2] [ERROR] [1789770436.838913952] [tf_help]: Transform data too old when converting from map to odom
[component_container_isolated-2] [ERROR] [1789770436.838951399] [tf_help]: Data time: 9s 400000000ns, Transform time: 4s 340000000ns
[component_container_isolated-2] [ERROR] [1789770436.891311882] [tf_help]: Transform data too old when converting from map to odom
[component_container_isolated-2] [ERROR] [1789770436.891346896] [tf_help]: Data time: 9s 400000000ns, Transform time: 4s 340000000ns
[component_container_isolated-2] [ERROR] [1789770436.939680728] [tf_help]: Transform data too old when converting from map to odom
[component_container_isolated-2] [ERROR] [1789770436.939754434] [tf_help]: Data time: 9s 400000000ns, Transform time: 4s 340000000ns
[component_container_isolated-2] [INFO] [1789770436.982805292] [controller_server]: Passing new path to controller.
[component_container_isolated-2] [ERROR] [1789770436.989807177] [tf_help]: Transform data too old when converting from map to odom
[component_container_isolated-2] [ERROR] [1789770436.989850808] [tf_help]: Data time: 10s 300000000ns, Transform time: 4s 340000000ns
[component_container_isolated-2] [ERROR] [1789770437.045731228] [tf_help]: Transform data too old when converting from map to odom
[component_container_isolated-2] [ERROR] [1789770437.045814030] [tf_help]: Data time: 10s 300000000ns, Transform time: 4s 340000000ns
[component_container_isolated-2] [ERROR] [1789770437.090039140] [tf_help]: Transform data too old when converting from map to odom
[component_container_isolated-2] [ERROR] [1789770437.090097257] [tf_help]: Data time: 10s 300000000ns, Transform time: 4s 340000000ns
[component_container_isolated-2] [ERROR] [1789770437.161471579] [tf_help]: Transform data too old when converting from map to odom
[component_container_isolated-2] [ERROR] [1789770437.161555451] [tf_help]: Data time: 10s 300000000ns, Transform time: 4s 340000000ns
[component_container_isolated-2] [ERROR] [1789770437.208697950] [tf_help]: Transform data too old when converting from map to odom
[component_container_isolated-2] [ERROR] [1789770437.208771519] [tf_help]: Data time: 10s 300000000ns, Transform time: 4s 340000000ns
[component_container_isolated-2] [ERROR] [1789770437.249801442] [tf_help]: Transform data too old when converting from map to odom
[component_container_isolated-2] [ERROR] [1789770437.249879088] [tf_help]: Data time: 10s 300000000ns, Transform time: 4s 340000000ns
[component_container_isolated-2] [ERROR] [1789770437.301809228] [tf_help]: Transform data too old when converting from map to odom
[component_container_isolated-2] [ERROR] [1789770437.301905765] [tf_help]: Data time: 10s 300000000ns, Transform time: 4s 340000000ns
[component_container_isolated-2] [ERROR] [1789770437.341714258] [tf_help]: Transform data too old when converting from map to odom
[component_container_isolated-2] [ERROR] [1789770437.341774173] [tf_help]: Data time: 10s 300000000ns, Transform time: 4s 340000000ns
[component_container_isolated-2] [ERROR] [1789770437.391323242] [tf_help]: Transform data too old when converting from map to odom
[component_container_isolated-2] [ERROR] [1789770437.391376407] [tf_help]: Data time: 10s 300000000ns, Transform time: 4s 340000000ns
[component_container_isolated-2] [ERROR] [1789770437.444844617] [tf_help]: Transform data too old when converting from map to odom
[component_container_isolated-2] [ERROR] [1789770437.444888451] [tf_help]: Data time: 10s 300000000ns, Transform time: 4s 340000000ns
[component_container_isolated-2] [ERROR] [1789770437.492086457] [tf_help]: Transform data too old when converting from map to odom
[component_container_isolated-2] [ERROR] [1789770437.492149747] [tf_help]: Data time: 10s 300000000ns, Transform time: 4s 340000000ns
[component_container_isolated-2] [ERROR] [1789770437.545788957] [tf_help]: Transform data too old when converting from map to odom
[component_container_isolated-2] [ERROR] [1789770437.545882728] [tf_help]: Data time: 10s 300000000ns, Transform time: 4s 340000000ns
[component_container_isolated-2] [ERROR] [1789770437.594344809] [tf_help]: Transform data too old when converting from map to odom
[component_container_isolated-2] [ERROR] [1789770437.594378080] [tf_help]: Data time: 10s 300000000ns, Transform time: 4s 340000000ns
[component_container_isolated-2] [ERROR] [1789770437.639304756] [tf_help]: Transform data too old when converting from map to odom
[component_container_isolated-2] [ERROR] [1789770437.639337566] [tf_help]: Data time: 10s 300000000ns, Transform time: 4s 340000000ns
[component_container_isolated-2] [ERROR] [1789770437.689135726] [tf_help]: Transform data too old when converting from map to odom
[component_container_isolated-2] [ERROR] [1789770437.689166202] [tf_help]: Data time: 10s 300000000ns, Transform time: 4s 340000000ns
[component_container_isolated-2] [ERROR] [1789770437.740854808] [tf_help]: Transform data too old when converting from map to odom
[component_container_isolated-2] [ERROR] [1789770437.740910409] [tf_help]: Data time: 10s 300000000ns, Transform time: 4s 340000000ns
[component_container_isolated-2] [INFO] [1789770437.801359318] [controller_server]: [TG-MPPI] cycle time (compute_backend=cpu): 10.279 ms/cycle avg over 50 cycles
[component_container_isolated-2] [ERROR] [1789770437.801758926] [tf_help]: Transform data too old when converting from map to odom
[component_container_isolated-2] [ERROR] [1789770437.801790792] [tf_help]: Data time: 10s 300000000ns, Transform time: 4s 340000000ns
[component_container_isolated-2] [ERROR] [1789770437.843358789] [tf_help]: Transform data too old when converting from map to odom
[component_container_isolated-2] [ERROR] [1789770437.843407245] [tf_help]: Data time: 10s 300000000ns, Transform time: 4s 340000000ns
[component_container_isolated-2] [ERROR] [1789770437.897749162] [tf_help]: Transform data too old when converting from map to odom
[component_container_isolated-2] [ERROR] [1789770437.897801167] [tf_help]: Data time: 10s 300000000ns, Transform time: 4s 340000000ns
[component_container_isolated-2] [ERROR] [1789770437.942766204] [tf_help]: Transform data too old when converting from map to odom
[component_container_isolated-2] [ERROR] [1789770437.942832963] [tf_help]: Data time: 10s 300000000ns, Transform time: 4s 340000000ns
[component_container_isolated-2] [INFO] [1789770437.982767058] [controller_server]: Passing new path to controller.
[component_container_isolated-2] [ERROR] [1789770438.018867716] [tf_help]: Transform data too old when converting from map to odom
[component_container_isolated-2] [ERROR] [1789770438.019000866] [tf_help]: Data time: 11s 100000000ns, Transform time: 4s 340000000ns
[component_container_isolated-2] [ERROR] [1789770438.051750720] [tf_help]: Transform data too old when converting from map to odom
[component_container_isolated-2] [ERROR] [1789770438.051812964] [tf_help]: Data time: 11s 100000000ns, Transform time: 4s 340000000ns
[component_container_isolated-2] [ERROR] [1789770438.093038796] [tf_help]: Transform data too old when converting from map to odom
[component_container_isolated-2] [ERROR] [1789770438.093090189] [tf_help]: Data time: 11s 100000000ns, Transform time: 4s 340000000ns
[component_container_isolated-2] [ERROR] [1789770438.141670412] [tf_help]: Transform data too old when converting from map to odom
[component_container_isolated-2] [ERROR] [1789770438.141733011] [tf_help]: Data time: 11s 100000000ns, Transform time: 4s 340000000ns
[component_container_isolated-2] [ERROR] [1789770438.190682671] [tf_help]: Transform data too old when converting from map to odom
[component_container_isolated-2] [ERROR] [1789770438.190748124] [tf_help]: Data time: 11s 100000000ns, Transform time: 4s 340000000ns
[component_container_isolated-2] [ERROR] [1789770438.238968392] [tf_help]: Transform data too old when converting from map to odom
[component_container_isolated-2] [ERROR] [1789770438.238999408] [tf_help]: Data time: 11s 100000000ns, Transform time: 4s 340000000ns
[component_container_isolated-2] [ERROR] [1789770438.289318196] [tf_help]: Transform data too old when converting from map to odom
[component_container_isolated-2] [ERROR] [1789770438.289360684] [tf_help]: Data time: 11s 100000000ns, Transform time: 4s 340000000ns
[component_container_isolated-2] [ERROR] [1789770438.339515644] [tf_help]: Transform data too old when converting from map to odom
[component_container_isolated-2] [ERROR] [1789770438.339578578] [tf_help]: Data time: 11s 100000000ns, Transform time: 4s 340000000ns
[component_container_isolated-2] [ERROR] [1789770438.397522862] [tf_help]: Transform data too old when converting from map to odom
[component_container_isolated-2] [ERROR] [1789770438.397631718] [tf_help]: Data time: 11s 100000000ns, Transform time: 4s 340000000ns
[component_container_isolated-2] [ERROR] [1789770438.455400411] [tf_help]: Transform data too old when converting from map to odom
[component_container_isolated-2] [ERROR] [1789770438.455504048] [tf_help]: Data time: 11s 100000000ns, Transform time: 4s 340000000ns
[component_container_isolated-2] [ERROR] [1789770438.504267974] [tf_help]: Transform data too old when converting from map to odom
[component_container_isolated-2] [ERROR] [1789770438.504335638] [tf_help]: Data time: 11s 100000000ns, Transform time: 4s 340000000ns
[component_container_isolated-2] [ERROR] [1789770438.544960505] [tf_help]: Transform data too old when converting from map to odom
[component_container_isolated-2] [ERROR] [1789770438.545050092] [tf_help]: Data time: 11s 100000000ns, Transform time: 4s 340000000ns
[component_container_isolated-2] [ERROR] [1789770438.601124718] [tf_help]: Transform data too old when converting from map to odom
[component_container_isolated-2] [ERROR] [1789770438.601206345] [tf_help]: Data time: 11s 100000000ns, Transform time: 4s 340000000ns
[component_container_isolated-2] [ERROR] [1789770438.647159506] [tf_help]: Transform data too old when converting from map to odom
[component_container_isolated-2] [ERROR] [1789770438.647236095] [tf_help]: Data time: 11s 100000000ns, Transform time: 4s 340000000ns
[component_container_isolated-2] [ERROR] [1789770438.691560808] [tf_help]: Transform data too old when converting from map to odom
[component_container_isolated-2] [ERROR] [1789770438.691597197] [tf_help]: Data time: 11s 100000000ns, Transform time: 4s 340000000ns
[component_container_isolated-2] [ERROR] [1789770438.741758339] [tf_help]: Transform data too old when converting from map to odom
[component_container_isolated-2] [ERROR] [1789770438.741804567] [tf_help]: Data time: 11s 100000000ns, Transform time: 4s 340000000ns
[component_container_isolated-2] [ERROR] [1789770438.797224859] [tf_help]: Transform data too old when converting from map to odom
[component_container_isolated-2] [ERROR] [1789770438.797286374] [tf_help]: Data time: 11s 100000000ns, Transform time: 4s 340000000ns
[component_container_isolated-2] [ERROR] [1789770438.861439410] [tf_help]: Transform data too old when converting from map to odom
[component_container_isolated-2] [ERROR] [1789770438.861537517] [tf_help]: Data time: 11s 100000000ns, Transform time: 4s 340000000ns
[component_container_isolated-2] [ERROR] [1789770438.892665571] [tf_help]: Transform data too old when converting from map to odom
[component_container_isolated-2] [ERROR] [1789770438.892739569] [tf_help]: Data time: 11s 100000000ns, Transform time: 4s 340000000ns
[component_container_isolated-2] [ERROR] [1789770438.944897129] [tf_help]: Transform data too old when converting from map to odom
[component_container_isolated-2] [ERROR] [1789770438.944934406] [tf_help]: Data time: 11s 100000000ns, Transform time: 4s 340000000ns
[component_container_isolated-2] [ERROR] [1789770438.992110945] [tf_help]: Transform data too old when converting from map to odom
[component_container_isolated-2] [ERROR] [1789770438.992166375] [tf_help]: Data time: 11s 100000000ns, Transform time: 4s 340000000ns
[component_container_isolated-2] [INFO] [1789770439.032797856] [controller_server]: Passing new path to controller.
[component_container_isolated-2] [ERROR] [1789770439.043999707] [tf_help]: Transform data too old when converting from map to odom
[component_container_isolated-2] [ERROR] [1789770439.044053357] [tf_help]: Data time: 11s 800000000ns, Transform time: 4s 340000000ns
[component_container_isolated-2] [ERROR] [1789770439.091794118] [tf_help]: Transform data too old when converting from map to odom
[component_container_isolated-2] [ERROR] [1789770439.091859085] [tf_help]: Data time: 11s 800000000ns, Transform time: 4s 340000000ns
[component_container_isolated-2] [ERROR] [1789770439.146089423] [tf_help]: Transform data too old when converting from map to odom
[component_container_isolated-2] [ERROR] [1789770439.146175026] [tf_help]: Data time: 11s 800000000ns, Transform time: 4s 340000000ns
[component_container_isolated-2] [ERROR] [1789770439.199767275] [tf_help]: Transform data too old when converting from map to odom
[component_container_isolated-2] [ERROR] [1789770439.199848821] [tf_help]: Data time: 11s 800000000ns, Transform time: 4s 340000000ns
[component_container_isolated-2] [ERROR] [1789770439.248713869] [tf_help]: Transform data too old when converting from map to odom
[component_container_isolated-2] [ERROR] [1789770439.248777501] [tf_help]: Data time: 11s 800000000ns, Transform time: 4s 340000000ns
[component_container_isolated-2] [ERROR] [1789770439.291341517] [tf_help]: Transform data too old when converting from map to odom
[component_container_isolated-2] [ERROR] [1789770439.291380869] [tf_help]: Data time: 11s 800000000ns, Transform time: 4s 340000000ns
[component_container_isolated-2] [ERROR] [1789770439.339249109] [tf_help]: Transform data too old when converting from map to odom
[component_container_isolated-2] [ERROR] [1789770439.339279821] [tf_help]: Data time: 11s 800000000ns, Transform time: 4s 340000000ns
[component_container_isolated-2] [ERROR] [1789770439.389285265] [tf_help]: Transform data too old when converting from map to odom
[component_container_isolated-2] [ERROR] [1789770439.389317748] [tf_help]: Data time: 11s 800000000ns, Transform time: 4s 340000000ns
[component_container_isolated-2] [ERROR] [1789770439.438973163] [tf_help]: Transform data too old when converting from map to odom
[component_container_isolated-2] [ERROR] [1789770439.439008268] [tf_help]: Data time: 11s 800000000ns, Transform time: 4s 340000000ns
[component_container_isolated-2] [ERROR] [1789770439.490922826] [tf_help]: Transform data too old when converting from map to odom
[component_container_isolated-2] [ERROR] [1789770439.490953243] [tf_help]: Data time: 11s 800000000ns, Transform time: 4s 340000000ns
[component_container_isolated-2] [ERROR] [1789770439.538936103] [tf_help]: Transform data too old when converting from map to odom
[component_container_isolated-2] [ERROR] [1789770439.538968744] [tf_help]: Data time: 11s 800000000ns, Transform time: 4s 340000000ns
[component_container_isolated-2] [ERROR] [1789770439.591665348] [tf_help]: Transform data too old when converting from map to odom
[component_container_isolated-2] [ERROR] [1789770439.591707653] [tf_help]: Data time: 11s 800000000ns, Transform time: 4s 340000000ns
[component_container_isolated-2] [ERROR] [1789770439.642164317] [tf_help]: Transform data too old when converting from map to odom
[component_container_isolated-2] [ERROR] [1789770439.642218810] [tf_help]: Data time: 11s 800000000ns, Transform time: 4s 340000000ns
[component_container_isolated-2] [ERROR] [1789770439.691496478] [tf_help]: Transform data too old when converting from map to odom
[component_container_isolated-2] [ERROR] [1789770439.691562188] [tf_help]: Data time: 11s 800000000ns, Transform time: 4s 340000000ns
[component_container_isolated-2] [ERROR] [1789770439.755290836] [tf_help]: Transform data too old when converting from map to odom
[component_container_isolated-2] [ERROR] [1789770439.755365426] [tf_help]: Data time: 11s 800000000ns, Transform time: 4s 340000000ns
[component_container_isolated-2] [ERROR] [1789770439.793972243] [tf_help]: Transform data too old when converting from map to odom
[component_container_isolated-2] [ERROR] [1789770439.794022947] [tf_help]: Data time: 11s 800000000ns, Transform time: 4s 340000000ns
[component_container_isolated-2] [ERROR] [1789770439.840984573] [tf_help]: Transform data too old when converting from map to odom
[component_container_isolated-2] [ERROR] [1789770439.841014510] [tf_help]: Data time: 11s 800000000ns, Transform time: 4s 340000000ns
[component_container_isolated-2] [ERROR] [1789770439.889031511] [tf_help]: Transform data too old when converting from map to odom
[component_container_isolated-2] [ERROR] [1789770439.889061231] [tf_help]: Data time: 11s 800000000ns, Transform time: 4s 340000000ns
[component_container_isolated-2] [ERROR] [1789770439.939581128] [tf_help]: Transform data too old when converting from map to odom
[component_container_isolated-2] [ERROR] [1789770439.939610857] [tf_help]: Data time: 11s 800000000ns, Transform time: 4s 340000000ns
[component_container_isolated-2] [ERROR] [1789770439.992752611] [tf_help]: Transform data too old when converting from map to odom
[component_container_isolated-2] [ERROR] [1789770439.992800505] [tf_help]: Data time: 11s 800000000ns, Transform time: 4s 340000000ns
[component_container_isolated-2] [ERROR] [1789770440.040286393] [tf_help]: Transform data too old when converting from map to odom
[component_container_isolated-2] [ERROR] [1789770440.040316802] [tf_help]: Data time: 11s 800000000ns, Transform time: 4s 340000000ns
[component_container_isolated-2] [INFO] [1789770440.082771706] [controller_server]: Passing new path to controller.
[component_container_isolated-2] [ERROR] [1789770440.090111174] [tf_help]: Transform data too old when converting from map to odom
[component_container_isolated-2] [ERROR] [1789770440.090138817] [tf_help]: Data time: 12s 700000000ns, Transform time: 4s 340000000ns
[component_container_isolated-2] [ERROR] [1789770440.141362702] [tf_help]: Transform data too old when converting from map to odom
[component_container_isolated-2] [ERROR] [1789770440.141426544] [tf_help]: Data time: 12s 700000000ns, Transform time: 4s 340000000ns
[component_container_isolated-2] [ERROR] [1789770440.190322826] [tf_help]: Transform data too old when converting from map to odom
[component_container_isolated-2] [ERROR] [1789770440.190354265] [tf_help]: Data time: 12s 700000000ns, Transform time: 4s 340000000ns
[component_container_isolated-2] [ERROR] [1789770440.238841014] [tf_help]: Transform data too old when converting from map to odom
[component_container_isolated-2] [ERROR] [1789770440.238871882] [tf_help]: Data time: 12s 700000000ns, Transform time: 4s 340000000ns
[component_container_isolated-2] [INFO] [1789770440.288913210] [controller_server]: [TG-MPPI] cycle time (compute_backend=cpu): 11.099 ms/cycle avg over 50 cycles
[component_container_isolated-2] [ERROR] [1789770440.289080452] [tf_help]: Transform data too old when converting from map to odom
[component_container_isolated-2] [ERROR] [1789770440.289104612] [tf_help]: Data time: 12s 700000000ns, Transform time: 4s 340000000ns
[component_container_isolated-2] [ERROR] [1789770440.340083312] [tf_help]: Transform data too old when converting from map to odom
[component_container_isolated-2] [ERROR] [1789770440.340114150] [tf_help]: Data time: 12s 700000000ns, Transform time: 4s 340000000ns
[component_container_isolated-2] [ERROR] [1789770440.390220242] [tf_help]: Transform data too old when converting from map to odom
[component_container_isolated-2] [ERROR] [1789770440.390254577] [tf_help]: Data time: 12s 700000000ns, Transform time: 4s 340000000ns
[component_container_isolated-2] [ERROR] [1789770440.441543361] [tf_help]: Transform data too old when converting from map to odom
[component_container_isolated-2] [ERROR] [1789770440.441578095] [tf_help]: Data time: 12s 700000000ns, Transform time: 4s 340000000ns
[component_container_isolated-2] [ERROR] [1789770440.488904346] [tf_help]: Transform data too old when converting from map to odom
[component_container_isolated-2] [ERROR] [1789770440.488937183] [tf_help]: Data time: 12s 700000000ns, Transform time: 4s 340000000ns
[component_container_isolated-2] [ERROR] [1789770440.540097500] [tf_help]: Transform data too old when converting from map to odom
[component_container_isolated-2] [ERROR] [1789770440.540140550] [tf_help]: Data time: 12s 700000000ns, Transform time: 4s 340000000ns
[component_container_isolated-2] [ERROR] [1789770440.589138316] [tf_help]: Transform data too old when converting from map to odom
[component_container_isolated-2] [ERROR] [1789770440.589172611] [tf_help]: Data time: 12s 700000000ns, Transform time: 4s 340000000ns
[component_container_isolated-2] [ERROR] [1789770440.638842775] [tf_help]: Transform data too old when converting from map to odom
[component_container_isolated-2] [ERROR] [1789770440.638874140] [tf_help]: Data time: 12s 700000000ns, Transform time: 4s 340000000ns
[component_container_isolated-2] [ERROR] [1789770440.690093275] [tf_help]: Transform data too old when converting from map to odom
[component_container_isolated-2] [ERROR] [1789770440.690129792] [tf_help]: Data time: 12s 700000000ns, Transform time: 4s 340000000ns
[component_container_isolated-2] [ERROR] [1789770440.739967631] [tf_help]: Transform data too old when converting from map to odom
[component_container_isolated-2] [ERROR] [1789770440.739997602] [tf_help]: Data time: 12s 700000000ns, Transform time: 4s 340000000ns
[component_container_isolated-2] [ERROR] [1789770440.791419990] [tf_help]: Transform data too old when converting from map to odom
[component_container_isolated-2] [ERROR] [1789770440.791471823] [tf_help]: Data time: 12s 700000000ns, Transform time: 4s 340000000ns
[component_container_isolated-2] [ERROR] [1789770440.839355124] [tf_help]: Transform data too old when converting from map to odom
[component_container_isolated-2] [ERROR] [1789770440.839385630] [tf_help]: Data time: 12s 700000000ns, Transform time: 4s 340000000ns
[component_container_isolated-2] [ERROR] [1789770440.891476584] [tf_help]: Transform data too old when converting from map to odom
[component_container_isolated-2] [ERROR] [1789770440.891511504] [tf_help]: Data time: 12s 700000000ns, Transform time: 4s 340000000ns
[component_container_isolated-2] [ERROR] [1789770440.939133992] [tf_help]: Transform data too old when converting from map to odom
[component_container_isolated-2] [ERROR] [1789770440.939165936] [tf_help]: Data time: 12s 700000000ns, Transform time: 4s 340000000ns
[component_container_isolated-2] [ERROR] [1789770440.988730413] [tf_help]: Transform data too old when converting from map to odom
[component_container_isolated-2] [ERROR] [1789770440.988769398] [tf_help]: Data time: 12s 700000000ns, Transform time: 4s 340000000ns
[component_container_isolated-2] [ERROR] [1789770441.039312906] [tf_help]: Transform data too old when converting from map to odom
[component_container_isolated-2] [ERROR] [1789770441.039346034] [tf_help]: Data time: 12s 700000000ns, Transform time: 4s 340000000ns
[component_container_isolated-2] [INFO] [1789770441.082795044] [controller_server]: Passing new path to controller.
[component_container_isolated-2] [ERROR] [1789770441.089798401] [tf_help]: Transform data too old when converting from map to odom
[component_container_isolated-2] [ERROR] [1789770441.089832298] [tf_help]: Data time: 13s 500000000ns, Transform time: 4s 340000000ns
[component_container_isolated-2] [ERROR] [1789770441.140101801] [tf_help]: Transform data too old when converting from map to odom
[component_container_isolated-2] [ERROR] [1789770441.140134493] [tf_help]: Data time: 13s 500000000ns, Transform time: 4s 340000000ns
[component_container_isolated-2] [ERROR] [1789770441.189404003] [tf_help]: Transform data too old when converting from map to odom
[component_container_isolated-2] [ERROR] [1789770441.189439795] [tf_help]: Data time: 13s 500000000ns, Transform time: 4s 340000000ns
[component_container_isolated-2] [ERROR] [1789770441.239305349] [tf_help]: Transform data too old when converting from map to odom
[component_container_isolated-2] [ERROR] [1789770441.239337620] [tf_help]: Data time: 13s 500000000ns, Transform time: 4s 340000000ns
[component_container_isolated-2] [ERROR] [1789770441.290449511] [tf_help]: Transform data too old when converting from map to odom
[component_container_isolated-2] [ERROR] [1789770441.290480800] [tf_help]: Data time: 13s 500000000ns, Transform time: 4s 340000000ns
[component_container_isolated-2] [ERROR] [1789770441.339387093] [tf_help]: Transform data too old when converting from map to odom
[component_container_isolated-2] [ERROR] [1789770441.339422866] [tf_help]: Data time: 13s 500000000ns, Transform time: 4s 340000000ns
[component_container_isolated-2] [ERROR] [1789770441.389017377] [tf_help]: Transform data too old when converting from map to odom
[component_container_isolated-2] [ERROR] [1789770441.389048403] [tf_help]: Data time: 13s 500000000ns, Transform time: 4s 340000000ns
[component_container_isolated-2] [ERROR] [1789770441.440417757] [tf_help]: Transform data too old when converting from map to odom
[component_container_isolated-2] [ERROR] [1789770441.440469721] [tf_help]: Data time: 13s 500000000ns, Transform time: 4s 340000000ns
[component_container_isolated-2] [ERROR] [1789770441.488917930] [tf_help]: Transform data too old when converting from map to odom
[component_container_isolated-2] [ERROR] [1789770441.488948828] [tf_help]: Data time: 13s 500000000ns, Transform time: 4s 340000000ns
[component_container_isolated-2] [ERROR] [1789770441.539402256] [tf_help]: Transform data too old when converting from map to odom
[component_container_isolated-2] [ERROR] [1789770441.539485031] [tf_help]: Data time: 13s 500000000ns, Transform time: 4s 340000000ns
[component_container_isolated-2] [ERROR] [1789770441.589675907] [tf_help]: Transform data too old when converting from map to odom
[component_container_isolated-2] [ERROR] [1789770441.589708499] [tf_help]: Data time: 13s 500000000ns, Transform time: 4s 340000000ns
[component_container_isolated-2] [ERROR] [1789770441.639230556] [tf_help]: Transform data too old when converting from map to odom
[component_container_isolated-2] [ERROR] [1789770441.639263080] [tf_help]: Data time: 13s 500000000ns, Transform time: 4s 340000000ns
[component_container_isolated-2] [ERROR] [1789770441.689041382] [tf_help]: Transform data too old when converting from map to odom
[component_container_isolated-2] [ERROR] [1789770441.689072800] [tf_help]: Data time: 13s 500000000ns, Transform time: 4s 340000000ns
[component_container_isolated-2] [ERROR] [1789770441.739007871] [tf_help]: Transform data too old when converting from map to odom
[component_container_isolated-2] [ERROR] [1789770441.739041821] [tf_help]: Data time: 13s 500000000ns, Transform time: 4s 340000000ns
[component_container_isolated-2] [ERROR] [1789770441.789616450] [tf_help]: Transform data too old when converting from map to odom
[component_container_isolated-2] [ERROR] [1789770441.789647574] [tf_help]: Data time: 13s 500000000ns, Transform time: 4s 340000000ns
[component_container_isolated-2] [ERROR] [1789770441.839451020] [tf_help]: Transform data too old when converting from map to odom
[component_container_isolated-2] [ERROR] [1789770441.839490826] [tf_help]: Data time: 13s 500000000ns, Transform time: 4s 340000000ns
[component_container_isolated-2] [ERROR] [1789770441.889093726] [tf_help]: Transform data too old when converting from map to odom
[component_container_isolated-2] [ERROR] [1789770441.889129770] [tf_help]: Data time: 13s 500000000ns, Transform time: 4s 340000000ns
[component_container_isolated-2] [ERROR] [1789770441.939397967] [tf_help]: Transform data too old when converting from map to odom
[component_container_isolated-2] [ERROR] [1789770441.939428879] [tf_help]: Data time: 13s 500000000ns, Transform time: 4s 340000000ns
[component_container_isolated-2] [ERROR] [1789770441.989955874] [tf_help]: Transform data too old when converting from map to odom
[component_container_isolated-2] [ERROR] [1789770441.989987108] [tf_help]: Data time: 13s 500000000ns, Transform time: 4s 340000000ns
[component_container_isolated-2] [ERROR] [1789770442.040236010] [tf_help]: Transform data too old when converting from map to odom
[component_container_isolated-2] [ERROR] [1789770442.040268988] [tf_help]: Data time: 13s 500000000ns, Transform time: 4s 340000000ns
[component_container_isolated-2] [ERROR] [1789770442.089008379] [tf_help]: Transform data too old when converting from map to odom
[component_container_isolated-2] [ERROR] [1789770442.089038945] [tf_help]: Data time: 13s 500000000ns, Transform time: 4s 340000000ns
[component_container_isolated-2] [INFO] [1789770442.132796789] [controller_server]: Passing new path to controller.
[component_container_isolated-2] [ERROR] [1789770442.141475072] [tf_help]: Transform data too old when converting from map to odom
[component_container_isolated-2] [ERROR] [1789770442.141504526] [tf_help]: Data time: 14s 500000000ns, Transform time: 4s 340000000ns
[component_container_isolated-2] [ERROR] [1789770442.190389955] [tf_help]: Transform data too old when converting from map to odom
[component_container_isolated-2] [ERROR] [1789770442.190433404] [tf_help]: Data time: 14s 500000000ns, Transform time: 4s 340000000ns
[component_container_isolated-2] [ERROR] [1789770442.248358261] [tf_help]: Transform data too old when converting from map to odom
[component_container_isolated-2] [ERROR] [1789770442.248427416] [tf_help]: Data time: 14s 500000000ns, Transform time: 4s 340000000ns
[component_container_isolated-2] [ERROR] [1789770442.292787151] [tf_help]: Transform data too old when converting from map to odom
[component_container_isolated-2] [ERROR] [1789770442.292862291] [tf_help]: Data time: 14s 500000000ns, Transform time: 4s 340000000ns
[component_container_isolated-2] [ERROR] [1789770442.346253966] [tf_help]: Transform data too old when converting from map to odom
[component_container_isolated-2] [ERROR] [1789770442.346317199] [tf_help]: Data time: 14s 500000000ns, Transform time: 4s 340000000ns
[component_container_isolated-2] [ERROR] [1789770442.392472641] [tf_help]: Transform data too old when converting from map to odom
[component_container_isolated-2] [ERROR] [1789770442.392556564] [tf_help]: Data time: 14s 500000000ns, Transform time: 4s 340000000ns
[component_container_isolated-2] [ERROR] [1789770442.446270698] [tf_help]: Transform data too old when converting from map to odom
[component_container_isolated-2] [ERROR] [1789770442.446328007] [tf_help]: Data time: 14s 500000000ns, Transform time: 4s 340000000ns
[component_container_isolated-2] [ERROR] [1789770442.492297088] [tf_help]: Transform data too old when converting from map to odom
[component_container_isolated-2] [ERROR] [1789770442.492335572] [tf_help]: Data time: 14s 500000000ns, Transform time: 4s 340000000ns
[component_container_isolated-2] [ERROR] [1789770442.540680045] [tf_help]: Transform data too old when converting from map to odom
[component_container_isolated-2] [ERROR] [1789770442.540752724] [tf_help]: Data time: 14s 500000000ns, Transform time: 4s 340000000ns
[component_container_isolated-2] [ERROR] [1789770442.589157213] [tf_help]: Transform data too old when converting from map to odom
[component_container_isolated-2] [ERROR] [1789770442.589190315] [tf_help]: Data time: 14s 500000000ns, Transform time: 4s 340000000ns
[component_container_isolated-2] [ERROR] [1789770442.640051486] [tf_help]: Transform data too old when converting from map to odom
[component_container_isolated-2] [ERROR] [1789770442.640092048] [tf_help]: Data time: 14s 500000000ns, Transform time: 4s 340000000ns
[component_container_isolated-2] [ERROR] [1789770442.690249997] [tf_help]: Transform data too old when converting from map to odom
[component_container_isolated-2] [ERROR] [1789770442.690281368] [tf_help]: Data time: 14s 500000000ns, Transform time: 4s 340000000ns
[component_container_isolated-2] [ERROR] [1789770442.738871940] [tf_help]: Transform data too old when converting from map to odom
[component_container_isolated-2] [ERROR] [1789770442.738914216] [tf_help]: Data time: 14s 500000000ns, Transform time: 4s 340000000ns
[component_container_isolated-2] [INFO] [1789770442.790087013] [controller_server]: [TG-MPPI] cycle time (compute_backend=cpu): 7.305 ms/cycle avg over 50 cycles
[component_container_isolated-2] [ERROR] [1789770442.790231950] [tf_help]: Transform data too old when converting from map to odom
[component_container_isolated-2] [ERROR] [1789770442.790249747] [tf_help]: Data time: 14s 500000000ns, Transform time: 4s 340000000ns
[component_container_isolated-2] [ERROR] [1789770442.839217218] [tf_help]: Transform data too old when converting from map to odom
[component_container_isolated-2] [ERROR] [1789770442.839248592] [tf_help]: Data time: 14s 500000000ns, Transform time: 4s 340000000ns
[component_container_isolated-2] [ERROR] [1789770442.889153747] [tf_help]: Transform data too old when converting from map to odom
[component_container_isolated-2] [ERROR] [1789770442.889184316] [tf_help]: Data time: 14s 500000000ns, Transform time: 4s 340000000ns
[component_container_isolated-2] [ERROR] [1789770442.938870380] [tf_help]: Transform data too old when converting from map to odom
[component_container_isolated-2] [ERROR] [1789770442.938903106] [tf_help]: Data time: 14s 500000000ns, Transform time: 4s 340000000ns
[component_container_isolated-2] [ERROR] [1789770442.993109317] [tf_help]: Transform data too old when converting from map to odom
[component_container_isolated-2] [ERROR] [1789770442.993144441] [tf_help]: Data time: 14s 500000000ns, Transform time: 4s 340000000ns
[component_container_isolated-2] [ERROR] [1789770443.039444644] [tf_help]: Transform data too old when converting from map to odom
[component_container_isolated-2] [ERROR] [1789770443.039481140] [tf_help]: Data time: 14s 500000000ns, Transform time: 4s 340000000ns
[component_container_isolated-2] [ERROR] [1789770443.089469769] [tf_help]: Transform data too old when converting from map to odom
[component_container_isolated-2] [ERROR] [1789770443.089506586] [tf_help]: Data time: 14s 500000000ns, Transform time: 4s 340000000ns
[component_container_isolated-2] [INFO] [1789770443.132798512] [controller_server]: Passing new path to controller.
[component_container_isolated-2] [ERROR] [1789770443.139078915] [tf_help]: Transform data too old when converting from map to odom
[component_container_isolated-2] [ERROR] [1789770443.139103415] [tf_help]: Data time: 15s 400000000ns, Transform time: 4s 340000000ns
[component_container_isolated-2] [ERROR] [1789770443.189030797] [tf_help]: Transform data too old when converting from map to odom
[component_container_isolated-2] [ERROR] [1789770443.189063305] [tf_help]: Data time: 15s 400000000ns, Transform time: 4s 340000000ns
[component_container_isolated-2] [ERROR] [1789770443.242325375] [tf_help]: Transform data too old when converting from map to odom
[component_container_isolated-2] [ERROR] [1789770443.242391712] [tf_help]: Data time: 15s 400000000ns, Transform time: 4s 340000000ns
[component_container_isolated-2] [ERROR] [1789770443.300881821] [tf_help]: Transform data too old when converting from map to odom
[component_container_isolated-2] [ERROR] [1789770443.300944667] [tf_help]: Data time: 15s 400000000ns, Transform time: 4s 340000000ns
[component_container_isolated-2] [ERROR] [1789770443.342069315] [tf_help]: Transform data too old when converting from map to odom
[component_container_isolated-2] [ERROR] [1789770443.342113532] [tf_help]: Data time: 15s 400000000ns, Transform time: 4s 340000000ns
[component_container_isolated-2] [ERROR] [1789770443.392162139] [tf_help]: Transform data too old when converting from map to odom
[component_container_isolated-2] [ERROR] [1789770443.392211393] [tf_help]: Data time: 15s 400000000ns, Transform time: 4s 340000000ns
[component_container_isolated-2] [ERROR] [1789770443.440960760] [tf_help]: Transform data too old when converting from map to odom
[component_container_isolated-2] [ERROR] [1789770443.441001483] [tf_help]: Data time: 15s 400000000ns, Transform time: 4s 340000000ns
[component_container_isolated-2] [ERROR] [1789770443.490727181] [tf_help]: Transform data too old when converting from map to odom
[component_container_isolated-2] [ERROR] [1789770443.490771182] [tf_help]: Data time: 15s 400000000ns, Transform time: 4s 340000000ns
[component_container_isolated-2] [ERROR] [1789770443.539892577] [tf_help]: Transform data too old when converting from map to odom
[component_container_isolated-2] [ERROR] [1789770443.539936957] [tf_help]: Data time: 15s 400000000ns, Transform time: 4s 340000000ns
[component_container_isolated-2] [ERROR] [1789770443.589230885] [tf_help]: Transform data too old when converting from map to odom
[component_container_isolated-2] [ERROR] [1789770443.589268928] [tf_help]: Data time: 15s 400000000ns, Transform time: 4s 340000000ns
[component_container_isolated-2] [ERROR] [1789770443.640576960] [tf_help]: Transform data too old when converting from map to odom
[component_container_isolated-2] [ERROR] [1789770443.640610027] [tf_help]: Data time: 15s 400000000ns, Transform time: 4s 340000000ns
[component_container_isolated-2] [ERROR] [1789770443.692333090] [tf_help]: Transform data too old when converting from map to odom
[component_container_isolated-2] [ERROR] [1789770443.692374311] [tf_help]: Data time: 15s 400000000ns, Transform time: 4s 340000000ns
[component_container_isolated-2] [ERROR] [1789770443.739135920] [tf_help]: Transform data too old when converting from map to odom
[component_container_isolated-2] [ERROR] [1789770443.739182595] [tf_help]: Data time: 15s 400000000ns, Transform time: 4s 340000000ns
[component_container_isolated-2] [ERROR] [1789770443.790010955] [tf_help]: Transform data too old when converting from map to odom
[component_container_isolated-2] [ERROR] [1789770443.790048202] [tf_help]: Data time: 15s 400000000ns, Transform time: 4s 340000000ns
[component_container_isolated-2] [ERROR] [1789770443.839667782] [tf_help]: Transform data too old when converting from map to odom
[component_container_isolated-2] [ERROR] [1789770443.839707356] [tf_help]: Data time: 15s 400000000ns, Transform time: 4s 340000000ns
[component_container_isolated-2] [ERROR] [1789770443.889572273] [tf_help]: Transform data too old when converting from map to odom
[component_container_isolated-2] [ERROR] [1789770443.889608505] [tf_help]: Data time: 15s 400000000ns, Transform time: 4s 340000000ns
[component_container_isolated-2] [ERROR] [1789770443.939532026] [tf_help]: Transform data too old when converting from map to odom
[component_container_isolated-2] [ERROR] [1789770443.939574951] [tf_help]: Data time: 15s 400000000ns, Transform time: 4s 340000000ns
[component_container_isolated-2] [ERROR] [1789770443.989208910] [tf_help]: Transform data too old when converting from map to odom
[component_container_isolated-2] [ERROR] [1789770443.989250705] [tf_help]: Data time: 15s 400000000ns, Transform time: 4s 340000000ns
[component_container_isolated-2] [ERROR] [1789770444.039066725] [tf_help]: Transform data too old when converting from map to odom
[component_container_isolated-2] [ERROR] [1789770444.039103253] [tf_help]: Data time: 15s 400000000ns, Transform time: 4s 340000000ns
[component_container_isolated-2] [ERROR] [1789770444.091851239] [tf_help]: Transform data too old when converting from map to odom
[component_container_isolated-2] [ERROR] [1789770444.091884477] [tf_help]: Data time: 15s 400000000ns, Transform time: 4s 340000000ns
[component_container_isolated-2] [ERROR] [1789770444.139134483] [tf_help]: Transform data too old when converting from map to odom
[component_container_isolated-2] [ERROR] [1789770444.139166697] [tf_help]: Data time: 15s 400000000ns, Transform time: 4s 340000000ns
[component_container_isolated-2] [INFO] [1789770444.182772741] [controller_server]: Passing new path to controller.
[component_container_isolated-2] [ERROR] [1789770444.189818440] [tf_help]: Transform data too old when converting from map to odom
[component_container_isolated-2] [ERROR] [1789770444.189852843] [tf_help]: Data time: 16s 300000000ns, Transform time: 4s 340000000ns
[component_container_isolated-2] [ERROR] [1789770444.239531138] [tf_help]: Transform data too old when converting from map to odom
[component_container_isolated-2] [ERROR] [1789770444.239569602] [tf_help]: Data time: 16s 300000000ns, Transform time: 4s 340000000ns
[component_container_isolated-2] [ERROR] [1789770444.290215970] [tf_help]: Transform data too old when converting from map to odom
[component_container_isolated-2] [ERROR] [1789770444.290249338] [tf_help]: Data time: 16s 300000000ns, Transform time: 4s 340000000ns
[component_container_isolated-2] [ERROR] [1789770444.341137472] [tf_help]: Transform data too old when converting from map to odom
[component_container_isolated-2] [ERROR] [1789770444.341170871] [tf_help]: Data time: 16s 300000000ns, Transform time: 4s 340000000ns
[component_container_isolated-2] [ERROR] [1789770444.389101100] [tf_help]: Transform data too old when converting from map to odom
[component_container_isolated-2] [ERROR] [1789770444.389136811] [tf_help]: Data time: 16s 300000000ns, Transform time: 4s 340000000ns
[component_container_isolated-2] [ERROR] [1789770444.439107453] [tf_help]: Transform data too old when converting from map to odom
[component_container_isolated-2] [ERROR] [1789770444.439142354] [tf_help]: Data time: 16s 300000000ns, Transform time: 4s 340000000ns
[component_container_isolated-2] [ERROR] [1789770444.489884224] [tf_help]: Transform data too old when converting from map to odom
[component_container_isolated-2] [ERROR] [1789770444.489923665] [tf_help]: Data time: 16s 300000000ns, Transform time: 4s 340000000ns
[component_container_isolated-2] [ERROR] [1789770444.539207210] [tf_help]: Transform data too old when converting from map to odom
[component_container_isolated-2] [ERROR] [1789770444.539261130] [tf_help]: Data time: 16s 300000000ns, Transform time: 4s 340000000ns
[component_container_isolated-2] [ERROR] [1789770444.589879553] [tf_help]: Transform data too old when converting from map to odom
[component_container_isolated-2] [ERROR] [1789770444.589922091] [tf_help]: Data time: 16s 300000000ns, Transform time: 4s 340000000ns
[component_container_isolated-2] [ERROR] [1789770444.632823876] [controller_server]: Failed to make progress
[component_container_isolated-2] [WARN] [1789770444.632906571] [controller_server]: [follow_path] [ActionServer] Aborting handle.
[component_container_isolated-2] [INFO] [1789770444.652090736] [local_costmap.local_costmap]: Received request to clear entirely the local_costmap
[component_container_isolated-2] [INFO] [1789770444.653571842] [controller_server]: Received a goal, begin computing control effort.
[component_container_isolated-2] [ERROR] [1789770444.682399020] [tf_help]: Transform data too old when converting from map to odom
[component_container_isolated-2] [ERROR] [1789770444.682446588] [tf_help]: Data time: 16s 300000000ns, Transform time: 4s 340000000ns
[component_container_isolated-2] [ERROR] [1789770444.709726221] [tf_help]: Transform data too old when converting from map to odom
[component_container_isolated-2] [ERROR] [1789770444.709754480] [tf_help]: Data time: 16s 300000000ns, Transform time: 4s 340000000ns
[component_container_isolated-2] [ERROR] [1789770444.759275629] [tf_help]: Transform data too old when converting from map to odom
[component_container_isolated-2] [ERROR] [1789770444.759307184] [tf_help]: Data time: 16s 300000000ns, Transform time: 4s 340000000ns
[component_container_isolated-2] [ERROR] [1789770444.810538608] [tf_help]: Transform data too old when converting from map to odom
[component_container_isolated-2] [ERROR] [1789770444.810568710] [tf_help]: Data time: 16s 300000000ns, Transform time: 4s 340000000ns
[component_container_isolated-2] [ERROR] [1789770444.860648638] [tf_help]: Transform data too old when converting from map to odom
[component_container_isolated-2] [ERROR] [1789770444.860698017] [tf_help]: Data time: 16s 300000000ns, Transform time: 4s 340000000ns
[component_container_isolated-2] [ERROR] [1789770444.911772076] [tf_help]: Transform data too old when converting from map to odom
[component_container_isolated-2] [ERROR] [1789770444.911813678] [tf_help]: Data time: 16s 300000000ns, Transform time: 4s 340000000ns
[component_container_isolated-2] [ERROR] [1789770444.959062519] [tf_help]: Transform data too old when converting from map to odom
[component_container_isolated-2] [ERROR] [1789770444.959096495] [tf_help]: Data time: 16s 300000000ns, Transform time: 4s 340000000ns
[component_container_isolated-2] [ERROR] [1789770445.008924991] [tf_help]: Transform data too old when converting from map to odom
[component_container_isolated-2] [ERROR] [1789770445.008958142] [tf_help]: Data time: 16s 300000000ns, Transform time: 4s 340000000ns
[component_container_isolated-2] [ERROR] [1789770445.059007085] [tf_help]: Transform data too old when converting from map to odom
[component_container_isolated-2] [ERROR] [1789770445.059045609] [tf_help]: Data time: 16s 300000000ns, Transform time: 4s 340000000ns
[component_container_isolated-2] [ERROR] [1789770445.108965427] [tf_help]: Transform data too old when converting from map to odom
[component_container_isolated-2] [ERROR] [1789770445.108998428] [tf_help]: Data time: 16s 300000000ns, Transform time: 4s 340000000ns
[component_container_isolated-2] [ERROR] [1789770445.158922055] [tf_help]: Transform data too old when converting from map to odom
[component_container_isolated-2] [ERROR] [1789770445.158962079] [tf_help]: Data time: 16s 300000000ns, Transform time: 4s 340000000ns
[component_container_isolated-2] [INFO] [1789770445.203679960] [controller_server]: Passing new path to controller.
[component_container_isolated-2] [ERROR] [1789770445.209277108] [tf_help]: Transform data too old when converting from map to odom
[component_container_isolated-2] [ERROR] [1789770445.209311076] [tf_help]: Data time: 17s 200000000ns, Transform time: 4s 340000000ns
[component_container_isolated-2] [ERROR] [1789770445.259636629] [tf_help]: Transform data too old when converting from map to odom
[component_container_isolated-2] [ERROR] [1789770445.259673134] [tf_help]: Data time: 17s 200000000ns, Transform time: 4s 340000000ns
[component_container_isolated-2] [INFO] [1789770445.315751084] [controller_server]: [TG-MPPI] cycle time (compute_backend=cpu): 7.015 ms/cycle avg over 50 cycles
[component_container_isolated-2] [ERROR] [1789770445.316043515] [tf_help]: Transform data too old when converting from map to odom
[component_container_isolated-2] [ERROR] [1789770445.316083940] [tf_help]: Data time: 17s 200000000ns, Transform time: 4s 340000000ns
[component_container_isolated-2] [ERROR] [1789770445.368279109] [tf_help]: Transform data too old when converting from map to odom
[component_container_isolated-2] [ERROR] [1789770445.368325402] [tf_help]: Data time: 17s 200000000ns, Transform time: 4s 340000000ns
[component_container_isolated-2] [ERROR] [1789770445.412103914] [tf_help]: Transform data too old when converting from map to odom
[component_container_isolated-2] [ERROR] [1789770445.412168924] [tf_help]: Data time: 17s 200000000ns, Transform time: 4s 340000000ns
[component_container_isolated-2] [ERROR] [1789770445.461511506] [tf_help]: Transform data too old when converting from map to odom
[component_container_isolated-2] [ERROR] [1789770445.461566996] [tf_help]: Data time: 17s 200000000ns, Transform time: 4s 340000000ns
[component_container_isolated-2] [ERROR] [1789770445.509263686] [tf_help]: Transform data too old when converting from map to odom
[component_container_isolated-2] [ERROR] [1789770445.509294750] [tf_help]: Data time: 17s 200000000ns, Transform time: 4s 340000000ns
[component_container_isolated-2] [ERROR] [1789770445.560680531] [tf_help]: Transform data too old when converting from map to odom
[component_container_isolated-2] [ERROR] [1789770445.560715962] [tf_help]: Data time: 17s 200000000ns, Transform time: 4s 340000000ns
[component_container_isolated-2] [ERROR] [1789770445.613363495] [tf_help]: Transform data too old when converting from map to odom
[component_container_isolated-2] [ERROR] [1789770445.613393287] [tf_help]: Data time: 17s 200000000ns, Transform time: 4s 340000000ns
[component_container_isolated-2] [ERROR] [1789770445.659547707] [tf_help]: Transform data too old when converting from map to odom
[component_container_isolated-2] [ERROR] [1789770445.659589788] [tf_help]: Data time: 17s 200000000ns, Transform time: 4s 340000000ns
[component_container_isolated-2] [ERROR] [1789770445.714421039] [tf_help]: Transform data too old when converting from map to odom
[component_container_isolated-2] [ERROR] [1789770445.714465737] [tf_help]: Data time: 17s 200000000ns, Transform time: 4s 340000000ns
[component_container_isolated-2] [ERROR] [1789770445.760108766] [tf_help]: Transform data too old when converting from map to odom
[component_container_isolated-2] [ERROR] [1789770445.760151927] [tf_help]: Data time: 17s 200000000ns, Transform time: 4s 340000000ns
[component_container_isolated-2] [ERROR] [1789770445.810535112] [tf_help]: Transform data too old when converting from map to odom
[component_container_isolated-2] [ERROR] [1789770445.810568192] [tf_help]: Data time: 17s 200000000ns, Transform time: 4s 340000000ns
[component_container_isolated-2] [ERROR] [1789770445.861580195] [tf_help]: Transform data too old when converting from map to odom
[component_container_isolated-2] [ERROR] [1789770445.861618604] [tf_help]: Data time: 17s 200000000ns, Transform time: 4s 340000000ns
[component_container_isolated-2] [ERROR] [1789770445.914214622] [tf_help]: Transform data too old when converting from map to odom
[component_container_isolated-2] [ERROR] [1789770445.914261525] [tf_help]: Data time: 17s 200000000ns, Transform time: 4s 340000000ns
[component_container_isolated-2] [ERROR] [1789770445.959578124] [tf_help]: Transform data too old when converting from map to odom
[component_container_isolated-2] [ERROR] [1789770445.959608529] [tf_help]: Data time: 17s 200000000ns, Transform time: 4s 340000000ns
[component_container_isolated-2] [ERROR] [1789770446.011323440] [tf_help]: Transform data too old when converting from map to odom
[component_container_isolated-2] [ERROR] [1789770446.011402293] [tf_help]: Data time: 17s 200000000ns, Transform time: 4s 340000000ns
[component_container_isolated-2] [ERROR] [1789770446.069849748] [tf_help]: Transform data too old when converting from map to odom
[component_container_isolated-2] [ERROR] [1789770446.069908108] [tf_help]: Data time: 17s 200000000ns, Transform time: 4s 340000000ns
[component_container_isolated-2] [ERROR] [1789770446.121158236] [tf_help]: Transform data too old when converting from map to odom
[component_container_isolated-2] [ERROR] [1789770446.121246020] [tf_help]: Data time: 17s 200000000ns, Transform time: 4s 340000000ns
[component_container_isolated-2] [ERROR] [1789770446.167951900] [tf_help]: Transform data too old when converting from map to odom
[component_container_isolated-2] [ERROR] [1789770446.168022104] [tf_help]: Data time: 17s 200000000ns, Transform time: 4s 340000000ns
[component_container_isolated-2] [ERROR] [1789770446.217141858] [tf_help]: Transform data too old when converting from map to odom
[component_container_isolated-2] [ERROR] [1789770446.217231927] [tf_help]: Data time: 17s 200000000ns, Transform time: 4s 340000000ns
[component_container_isolated-2] [INFO] [1789770446.253693168] [controller_server]: Passing new path to controller.
[component_container_isolated-2] [ERROR] [1789770446.268509674] [tf_help]: Transform data too old when converting from map to odom
[component_container_isolated-2] [ERROR] [1789770446.268557703] [tf_help]: Data time: 18s 100000000ns, Transform time: 4s 340000000ns
[component_container_isolated-2] [ERROR] [1789770446.316811092] [tf_help]: Transform data too old when converting from map to odom
[component_container_isolated-2] [ERROR] [1789770446.316883767] [tf_help]: Data time: 18s 100000000ns, Transform time: 4s 340000000ns
[component_container_isolated-2] [ERROR] [1789770446.359887456] [tf_help]: Transform data too old when converting from map to odom
[component_container_isolated-2] [ERROR] [1789770446.359918364] [tf_help]: Data time: 18s 100000000ns, Transform time: 4s 340000000ns
[component_container_isolated-2] [ERROR] [1789770446.410673650] [tf_help]: Transform data too old when converting from map to odom
[component_container_isolated-2] [ERROR] [1789770446.410709872] [tf_help]: Data time: 18s 100000000ns, Transform time: 4s 340000000ns
[component_container_isolated-2] [ERROR] [1789770446.458947311] [tf_help]: Transform data too old when converting from map to odom
[component_container_isolated-2] [ERROR] [1789770446.458979293] [tf_help]: Data time: 18s 100000000ns, Transform time: 4s 340000000ns
[component_container_isolated-2] [ERROR] [1789770446.510072768] [tf_help]: Transform data too old when converting from map to odom
[component_container_isolated-2] [ERROR] [1789770446.510107721] [tf_help]: Data time: 18s 100000000ns, Transform time: 4s 340000000ns
[component_container_isolated-2] [ERROR] [1789770446.568262109] [tf_help]: Transform data too old when converting from map to odom
[component_container_isolated-2] [ERROR] [1789770446.568369058] [tf_help]: Data time: 18s 100000000ns, Transform time: 4s 340000000ns
[component_container_isolated-2] [ERROR] [1789770446.619034478] [tf_help]: Transform data too old when converting from map to odom
[component_container_isolated-2] [ERROR] [1789770446.619116931] [tf_help]: Data time: 18s 100000000ns, Transform time: 4s 340000000ns
[component_container_isolated-2] [ERROR] [1789770446.672740191] [tf_help]: Transform data too old when converting from map to odom
[component_container_isolated-2] [ERROR] [1789770446.672815461] [tf_help]: Data time: 18s 100000000ns, Transform time: 4s 340000000ns
[component_container_isolated-2] [ERROR] [1789770446.717870232] [tf_help]: Transform data too old when converting from map to odom
[component_container_isolated-2] [ERROR] [1789770446.717933202] [tf_help]: Data time: 18s 100000000ns, Transform time: 4s 340000000ns
[component_container_isolated-2] [ERROR] [1789770446.768562836] [tf_help]: Transform data too old when converting from map to odom
[component_container_isolated-2] [ERROR] [1789770446.768646894] [tf_help]: Data time: 18s 100000000ns, Transform time: 4s 340000000ns
[component_container_isolated-2] [ERROR] [1789770446.818149335] [tf_help]: Transform data too old when converting from map to odom
[component_container_isolated-2] [ERROR] [1789770446.818196509] [tf_help]: Data time: 18s 100000000ns, Transform time: 4s 340000000ns
[component_container_isolated-2] [ERROR] [1789770446.864738634] [tf_help]: Transform data too old when converting from map to odom
[component_container_isolated-2] [ERROR] [1789770446.864793118] [tf_help]: Data time: 18s 100000000ns, Transform time: 4s 340000000ns
[component_container_isolated-2] [ERROR] [1789770446.915497140] [tf_help]: Transform data too old when converting from map to odom
[component_container_isolated-2] [ERROR] [1789770446.915551683] [tf_help]: Data time: 18s 100000000ns, Transform time: 4s 340000000ns
[component_container_isolated-2] [ERROR] [1789770446.969941621] [tf_help]: Transform data too old when converting from map to odom
[component_container_isolated-2] [ERROR] [1789770446.970011660] [tf_help]: Data time: 18s 100000000ns, Transform time: 4s 340000000ns
[component_container_isolated-2] [ERROR] [1789770447.024010546] [tf_help]: Transform data too old when converting from map to odom
[component_container_isolated-2] [ERROR] [1789770447.024106839] [tf_help]: Data time: 18s 100000000ns, Transform time: 4s 340000000ns
[component_container_isolated-2] [ERROR] [1789770447.065348246] [tf_help]: Transform data too old when converting from map to odom
[component_container_isolated-2] [ERROR] [1789770447.065448046] [tf_help]: Data time: 18s 100000000ns, Transform time: 4s 340000000ns
[component_container_isolated-2] [ERROR] [1789770447.111575687] [tf_help]: Transform data too old when converting from map to odom
[component_container_isolated-2] [ERROR] [1789770447.111628737] [tf_help]: Data time: 18s 100000000ns, Transform time: 4s 340000000ns
[component_container_isolated-2] [ERROR] [1789770447.161601773] [tf_help]: Transform data too old when converting from map to odom
[component_container_isolated-2] [ERROR] [1789770447.161680933] [tf_help]: Data time: 18s 100000000ns, Transform time: 4s 340000000ns
[component_container_isolated-2] [ERROR] [1789770447.214714180] [tf_help]: Transform data too old when converting from map to odom
[component_container_isolated-2] [ERROR] [1789770447.214785861] [tf_help]: Data time: 18s 100000000ns, Transform time: 4s 340000000ns
[component_container_isolated-2] [INFO] [1789770447.253686683] [controller_server]: Passing new path to controller.
[component_container_isolated-2] [ERROR] [1789770447.261485303] [tf_help]: Transform data too old when converting from map to odom
[component_container_isolated-2] [ERROR] [1789770447.261561986] [tf_help]: Data time: 19s 0ns, Transform time: 4s 340000000ns
[component_container_isolated-2] [ERROR] [1789770447.315421797] [tf_help]: Transform data too old when converting from map to odom
[component_container_isolated-2] [ERROR] [1789770447.315529381] [tf_help]: Data time: 19s 0ns, Transform time: 4s 340000000ns
[component_container_isolated-2] [ERROR] [1789770447.367402280] [tf_help]: Transform data too old when converting from map to odom
[component_container_isolated-2] [ERROR] [1789770447.367482880] [tf_help]: Data time: 19s 0ns, Transform time: 4s 340000000ns
[component_container_isolated-2] [ERROR] [1789770447.418549044] [tf_help]: Transform data too old when converting from map to odom
[component_container_isolated-2] [ERROR] [1789770447.418640694] [tf_help]: Data time: 19s 0ns, Transform time: 4s 340000000ns
[component_container_isolated-2] [ERROR] [1789770447.468520016] [tf_help]: Transform data too old when converting from map to odom
[component_container_isolated-2] [ERROR] [1789770447.468606971] [tf_help]: Data time: 19s 0ns, Transform time: 4s 340000000ns
[component_container_isolated-2] [ERROR] [1789770447.517493824] [tf_help]: Transform data too old when converting from map to odom
[component_container_isolated-2] [ERROR] [1789770447.517554041] [tf_help]: Data time: 19s 0ns, Transform time: 4s 340000000ns
[component_container_isolated-2] [ERROR] [1789770447.569016240] [tf_help]: Transform data too old when converting from map to odom
[component_container_isolated-2] [ERROR] [1789770447.569111339] [tf_help]: Data time: 19s 0ns, Transform time: 4s 340000000ns
[component_container_isolated-2] [ERROR] [1789770447.611796190] [tf_help]: Transform data too old when converting from map to odom
[component_container_isolated-2] [ERROR] [1789770447.611850715] [tf_help]: Data time: 19s 0ns, Transform time: 4s 340000000ns
[component_container_isolated-2] [ERROR] [1789770447.661278634] [tf_help]: Transform data too old when converting from map to odom
[component_container_isolated-2] [ERROR] [1789770447.661345910] [tf_help]: Data time: 19s 0ns, Transform time: 4s 340000000ns
[component_container_isolated-2] [ERROR] [1789770447.717625531] [tf_help]: Transform data too old when converting from map to odom
[component_container_isolated-2] [ERROR] [1789770447.717704428] [tf_help]: Data time: 19s 0ns, Transform time: 4s 340000000ns
[component_container_isolated-2] [ERROR] [1789770447.763379345] [tf_help]: Transform data too old when converting from map to odom
[component_container_isolated-2] [ERROR] [1789770447.763441751] [tf_help]: Data time: 19s 0ns, Transform time: 4s 340000000ns
[component_container_isolated-2] [INFO] [1789770447.811196204] [controller_server]: [TG-MPPI] cycle time (compute_backend=cpu): 10.688 ms/cycle avg over 50 cycles
[component_container_isolated-2] [ERROR] [1789770447.811405533] [tf_help]: Transform data too old when converting from map to odom
[component_container_isolated-2] [ERROR] [1789770447.811444393] [tf_help]: Data time: 19s 0ns, Transform time: 4s 340000000ns
[component_container_isolated-2] [ERROR] [1789770447.862484731] [tf_help]: Transform data too old when converting from map to odom
[component_container_isolated-2] [ERROR] [1789770447.862547953] [tf_help]: Data time: 19s 0ns, Transform time: 4s 340000000ns
[component_container_isolated-2] [ERROR] [1789770447.909321196] [tf_help]: Transform data too old when converting from map to odom
[component_container_isolated-2] [ERROR] [1789770447.909352626] [tf_help]: Data time: 19s 0ns, Transform time: 4s 340000000ns
[component_container_isolated-2] [ERROR] [1789770447.961333876] [tf_help]: Transform data too old when converting from map to odom
[component_container_isolated-2] [ERROR] [1789770447.961395657] [tf_help]: Data time: 19s 0ns, Transform time: 4s 340000000ns
[component_container_isolated-2] [ERROR] [1789770448.011580721] [tf_help]: Transform data too old when converting from map to odom
[component_container_isolated-2] [ERROR] [1789770448.011669029] [tf_help]: Data time: 19s 0ns, Transform time: 4s 340000000ns
[component_container_isolated-2] [ERROR] [1789770448.061559295] [tf_help]: Transform data too old when converting from map to odom
[component_container_isolated-2] [ERROR] [1789770448.061625891] [tf_help]: Data time: 19s 0ns, Transform time: 4s 340000000ns
[component_container_isolated-2] [ERROR] [1789770448.111780577] [tf_help]: Transform data too old when converting from map to odom
[component_container_isolated-2] [ERROR] [1789770448.111861473] [tf_help]: Data time: 19s 0ns, Transform time: 4s 340000000ns
[component_container_isolated-2] [ERROR] [1789770448.160403779] [tf_help]: Transform data too old when converting from map to odom
[component_container_isolated-2] [ERROR] [1789770448.160491351] [tf_help]: Data time: 19s 0ns, Transform time: 4s 340000000ns
[component_container_isolated-2] [ERROR] [1789770448.215764386] [tf_help]: Transform data too old when converting from map to odom
[component_container_isolated-2] [ERROR] [1789770448.215820369] [tf_help]: Data time: 19s 0ns, Transform time: 4s 340000000ns
[component_container_isolated-2] [ERROR] [1789770448.261541194] [tf_help]: Transform data too old when converting from map to odom
[component_container_isolated-2] [ERROR] [1789770448.261640974] [tf_help]: Data time: 19s 0ns, Transform time: 4s 340000000ns
[component_container_isolated-2] [INFO] [1789770448.303686495] [controller_server]: Passing new path to controller.
[component_container_isolated-2] [ERROR] [1789770448.311637636] [tf_help]: Transform data too old when converting from map to odom
[component_container_isolated-2] [ERROR] [1789770448.311712631] [tf_help]: Data time: 19s 800000000ns, Transform time: 4s 340000000ns
[component_container_isolated-2] [ERROR] [1789770448.367219402] [tf_help]: Transform data too old when converting from map to odom
[component_container_isolated-2] [ERROR] [1789770448.367288829] [tf_help]: Data time: 19s 800000000ns, Transform time: 4s 340000000ns
[component_container_isolated-2] [ERROR] [1789770448.417370746] [tf_help]: Transform data too old when converting from map to odom
[component_container_isolated-2] [ERROR] [1789770448.417421434] [tf_help]: Data time: 19s 800000000ns, Transform time: 4s 340000000ns
[ground_truth_localizer-1] [INFO] [1789770448.451201284] [ground_truth_localizer]: last 10 s: ground truth msgs 294, map->odom published 294 (286 via latest odom TF)
[component_container_isolated-2] [ERROR] [1789770448.467156260] [tf_help]: Transform data too old when converting from map to odom
[component_container_isolated-2] [ERROR] [1789770448.467222620] [tf_help]: Data time: 19s 800000000ns, Transform time: 4s 340000000ns
[component_container_isolated-2] [ERROR] [1789770448.512236449] [tf_help]: Transform data too old when converting from map to odom
[component_container_isolated-2] [ERROR] [1789770448.512296760] [tf_help]: Data time: 19s 800000000ns, Transform time: 4s 340000000ns
[component_container_isolated-2] [ERROR] [1789770448.560864691] [tf_help]: Transform data too old when converting from map to odom
[component_container_isolated-2] [ERROR] [1789770448.560941846] [tf_help]: Data time: 19s 800000000ns, Transform time: 4s 340000000ns
[component_container_isolated-2] [ERROR] [1789770448.610310285] [tf_help]: Transform data too old when converting from map to odom
[component_container_isolated-2] [ERROR] [1789770448.610361143] [tf_help]: Data time: 19s 800000000ns, Transform time: 4s 340000000ns
[component_container_isolated-2] [ERROR] [1789770448.659016049] [tf_help]: Transform data too old when converting from map to odom
[component_container_isolated-2] [ERROR] [1789770448.659053216] [tf_help]: Data time: 19s 800000000ns, Transform time: 4s 340000000ns
[component_container_isolated-2] [ERROR] [1789770448.710304529] [tf_help]: Transform data too old when converting from map to odom
[component_container_isolated-2] [ERROR] [1789770448.710343679] [tf_help]: Data time: 19s 800000000ns, Transform time: 4s 340000000ns
[component_container_isolated-2] [ERROR] [1789770448.760615186] [tf_help]: Transform data too old when converting from map to odom
[component_container_isolated-2] [ERROR] [1789770448.760650996] [tf_help]: Data time: 19s 800000000ns, Transform time: 4s 340000000ns
[component_container_isolated-2] [ERROR] [1789770448.810321856] [tf_help]: Transform data too old when converting from map to odom
[component_container_isolated-2] [ERROR] [1789770448.810404143] [tf_help]: Data time: 19s 800000000ns, Transform time: 4s 340000000ns
[component_container_isolated-2] [ERROR] [1789770448.858908420] [tf_help]: Transform data too old when converting from map to odom
[component_container_isolated-2] [ERROR] [1789770448.858943644] [tf_help]: Data time: 19s 800000000ns, Transform time: 4s 340000000ns
[component_container_isolated-2] [ERROR] [1789770448.909660125] [tf_help]: Transform data too old when converting from map to odom
[component_container_isolated-2] [ERROR] [1789770448.909702752] [tf_help]: Data time: 19s 800000000ns, Transform time: 4s 340000000ns
[component_container_isolated-2] [ERROR] [1789770448.960137989] [tf_help]: Transform data too old when converting from map to odom
[component_container_isolated-2] [ERROR] [1789770448.960170930] [tf_help]: Data time: 19s 800000000ns, Transform time: 4s 340000000ns
[component_container_isolated-2] [ERROR] [1789770449.009010064] [tf_help]: Transform data too old when converting from map to odom
[component_container_isolated-2] [ERROR] [1789770449.009040970] [tf_help]: Data time: 19s 800000000ns, Transform time: 4s 340000000ns
[component_container_isolated-2] [ERROR] [1789770449.059485582] [tf_help]: Transform data too old when converting from map to odom
[component_container_isolated-2] [ERROR] [1789770449.059522394] [tf_help]: Data time: 19s 800000000ns, Transform time: 4s 340000000ns
[component_container_isolated-2] [ERROR] [1789770449.108919304] [tf_help]: Transform data too old when converting from map to odom
[component_container_isolated-2] [ERROR] [1789770449.108955347] [tf_help]: Data time: 19s 800000000ns, Transform time: 4s 340000000ns
[component_container_isolated-2] [ERROR] [1789770449.158994064] [tf_help]: Transform data too old when converting from map to odom
[component_container_isolated-2] [ERROR] [1789770449.159030120] [tf_help]: Data time: 19s 800000000ns, Transform time: 4s 340000000ns
[component_container_isolated-2] [ERROR] [1789770449.209310115] [tf_help]: Transform data too old when converting from map to odom
[component_container_isolated-2] [ERROR] [1789770449.209344944] [tf_help]: Data time: 19s 800000000ns, Transform time: 4s 340000000ns
[component_container_isolated-2] [ERROR] [1789770449.258929496] [tf_help]: Transform data too old when converting from map to odom
[component_container_isolated-2] [ERROR] [1789770449.258961518] [tf_help]: Data time: 19s 800000000ns, Transform time: 4s 340000000ns
[component_container_isolated-2] [ERROR] [1789770449.309122585] [tf_help]: Transform data too old when converting from map to odom
[component_container_isolated-2] [ERROR] [1789770449.309156817] [tf_help]: Data time: 19s 800000000ns, Transform time: 4s 340000000ns
[component_container_isolated-2] [INFO] [1789770449.353724224] [controller_server]: Passing new path to controller.
[component_container_isolated-2] [ERROR] [1789770449.358978338] [tf_help]: Transform data too old when converting from map to odom
[component_container_isolated-2] [ERROR] [1789770449.359004311] [tf_help]: Data time: 20s 600000000ns, Transform time: 4s 340000000ns
[component_container_isolated-2] [ERROR] [1789770449.408974686] [tf_help]: Transform data too old when converting from map to odom
[component_container_isolated-2] [ERROR] [1789770449.409008723] [tf_help]: Data time: 20s 600000000ns, Transform time: 4s 340000000ns
[component_container_isolated-2] [ERROR] [1789770449.460890695] [tf_help]: Transform data too old when converting from map to odom
[component_container_isolated-2] [ERROR] [1789770449.460931054] [tf_help]: Data time: 20s 600000000ns, Transform time: 4s 340000000ns
[component_container_isolated-2] [ERROR] [1789770449.511084287] [tf_help]: Transform data too old when converting from map to odom
[component_container_isolated-2] [ERROR] [1789770449.511122324] [tf_help]: Data time: 20s 600000000ns, Transform time: 4s 340000000ns
[component_container_isolated-2] [ERROR] [1789770449.558881702] [tf_help]: Transform data too old when converting from map to odom
[component_container_isolated-2] [ERROR] [1789770449.558917592] [tf_help]: Data time: 20s 600000000ns, Transform time: 4s 340000000ns
[component_container_isolated-2] [ERROR] [1789770449.609172101] [tf_help]: Transform data too old when converting from map to odom
[component_container_isolated-2] [ERROR] [1789770449.609207422] [tf_help]: Data time: 20s 600000000ns, Transform time: 4s 340000000ns
[component_container_isolated-2] [ERROR] [1789770449.658919414] [tf_help]: Transform data too old when converting from map to odom
[component_container_isolated-2] [ERROR] [1789770449.658965999] [tf_help]: Data time: 20s 600000000ns, Transform time: 4s 340000000ns
[component_container_isolated-2] [ERROR] [1789770449.708990666] [tf_help]: Transform data too old when converting from map to odom
[component_container_isolated-2] [ERROR] [1789770449.709024126] [tf_help]: Data time: 20s 600000000ns, Transform time: 4s 340000000ns
[component_container_isolated-2] [ERROR] [1789770449.759101531] [tf_help]: Transform data too old when converting from map to odom
[component_container_isolated-2] [ERROR] [1789770449.759130747] [tf_help]: Data time: 20s 600000000ns, Transform time: 4s 340000000ns
[component_container_isolated-2] [ERROR] [1789770449.808827660] [tf_help]: Transform data too old when converting from map to odom
[component_container_isolated-2] [ERROR] [1789770449.808859400] [tf_help]: Data time: 20s 600000000ns, Transform time: 4s 340000000ns
[component_container_isolated-2] [ERROR] [1789770449.859184767] [tf_help]: Transform data too old when converting from map to odom
[component_container_isolated-2] [ERROR] [1789770449.859214200] [tf_help]: Data time: 20s 600000000ns, Transform time: 4s 340000000ns
[component_container_isolated-2] [ERROR] [1789770449.909290291] [tf_help]: Transform data too old when converting from map to odom
[component_container_isolated-2] [ERROR] [1789770449.909324750] [tf_help]: Data time: 20s 600000000ns, Transform time: 4s 340000000ns
[component_container_isolated-2] [ERROR] [1789770449.959456015] [tf_help]: Transform data too old when converting from map to odom
[component_container_isolated-2] [ERROR] [1789770449.959491162] [tf_help]: Data time: 20s 600000000ns, Transform time: 4s 340000000ns
[component_container_isolated-2] [ERROR] [1789770450.009841616] [tf_help]: Transform data too old when converting from map to odom
[component_container_isolated-2] [ERROR] [1789770450.009891909] [tf_help]: Data time: 20s 600000000ns, Transform time: 4s 340000000ns
[component_container_isolated-2] [ERROR] [1789770450.058760852] [tf_help]: Transform data too old when converting from map to odom
[component_container_isolated-2] [ERROR] [1789770450.058792288] [tf_help]: Data time: 20s 600000000ns, Transform time: 4s 340000000ns
[component_container_isolated-2] [ERROR] [1789770450.109002745] [tf_help]: Transform data too old when converting from map to odom
[component_container_isolated-2] [ERROR] [1789770450.109035066] [tf_help]: Data time: 20s 600000000ns, Transform time: 4s 340000000ns
[component_container_isolated-2] [ERROR] [1789770450.159587868] [tf_help]: Transform data too old when converting from map to odom
[component_container_isolated-2] [ERROR] [1789770450.159621639] [tf_help]: Data time: 20s 600000000ns, Transform time: 4s 340000000ns
[component_container_isolated-2] [ERROR] [1789770450.209147992] [tf_help]: Transform data too old when converting from map to odom
[component_container_isolated-2] [ERROR] [1789770450.209185494] [tf_help]: Data time: 20s 600000000ns, Transform time: 4s 340000000ns
[component_container_isolated-2] [ERROR] [1789770450.258985662] [tf_help]: Transform data too old when converting from map to odom
[component_container_isolated-2] [ERROR] [1789770450.259048515] [tf_help]: Data time: 20s 600000000ns, Transform time: 4s 340000000ns
[component_container_isolated-2] [INFO] [1789770450.308882216] [controller_server]: [TG-MPPI] cycle time (compute_backend=cpu): 6.441 ms/cycle avg over 50 cycles
[component_container_isolated-2] [ERROR] [1789770450.309028058] [tf_help]: Transform data too old when converting from map to odom
[component_container_isolated-2] [ERROR] [1789770450.309049178] [tf_help]: Data time: 20s 600000000ns, Transform time: 4s 340000000ns
[component_container_isolated-2] [INFO] [1789770450.353710143] [controller_server]: Passing new path to controller.
[component_container_isolated-2] [ERROR] [1789770450.359123174] [tf_help]: Transform data too old when converting from map to odom
[component_container_isolated-2] [ERROR] [1789770450.359144873] [tf_help]: Data time: 21s 600000000ns, Transform time: 4s 340000000ns
[component_container_isolated-2] [ERROR] [1789770450.408980195] [tf_help]: Transform data too old when converting from map to odom
[component_container_isolated-2] [ERROR] [1789770450.409014430] [tf_help]: Data time: 21s 600000000ns, Transform time: 4s 340000000ns
[component_container_isolated-2] [ERROR] [1789770450.460082565] [tf_help]: Transform data too old when converting from map to odom
[component_container_isolated-2] [ERROR] [1789770450.460129400] [tf_help]: Data time: 21s 600000000ns, Transform time: 4s 340000000ns
[component_container_isolated-2] [ERROR] [1789770450.508993672] [tf_help]: Transform data too old when converting from map to odom
[component_container_isolated-2] [ERROR] [1789770450.509030283] [tf_help]: Data time: 21s 600000000ns, Transform time: 4s 340000000ns
[component_container_isolated-2] [ERROR] [1789770450.559012494] [tf_help]: Transform data too old when converting from map to odom
[component_container_isolated-2] [ERROR] [1789770450.559057442] [tf_help]: Data time: 21s 600000000ns, Transform time: 4s 340000000ns
[component_container_isolated-2] [ERROR] [1789770450.609185262] [tf_help]: Transform data too old when converting from map to odom
[component_container_isolated-2] [ERROR] [1789770450.609218208] [tf_help]: Data time: 21s 600000000ns, Transform time: 4s 340000000ns
[component_container_isolated-2] [ERROR] [1789770450.659009639] [tf_help]: Transform data too old when converting from map to odom
[component_container_isolated-2] [ERROR] [1789770450.659042634] [tf_help]: Data time: 21s 600000000ns, Transform time: 4s 340000000ns
[component_container_isolated-2] [ERROR] [1789770450.708871386] [tf_help]: Transform data too old when converting from map to odom
[component_container_isolated-2] [ERROR] [1789770450.708904905] [tf_help]: Data time: 21s 600000000ns, Transform time: 4s 340000000ns
[component_container_isolated-2] [ERROR] [1789770450.758685468] [tf_help]: Transform data too old when converting from map to odom
[component_container_isolated-2] [ERROR] [1789770450.758717083] [tf_help]: Data time: 21s 600000000ns, Transform time: 4s 340000000ns
[component_container_isolated-2] [ERROR] [1789770450.808929572] [tf_help]: Transform data too old when converting from map to odom
[component_container_isolated-2] [ERROR] [1789770450.808964015] [tf_help]: Data time: 21s 600000000ns, Transform time: 4s 340000000ns
[component_container_isolated-2] [ERROR] [1789770450.858867278] [tf_help]: Transform data too old when converting from map to odom
[component_container_isolated-2] [ERROR] [1789770450.858914853] [tf_help]: Data time: 21s 600000000ns, Transform time: 4s 340000000ns
[component_container_isolated-2] [ERROR] [1789770450.909005088] [tf_help]: Transform data too old when converting from map to odom
[component_container_isolated-2] [ERROR] [1789770450.909041496] [tf_help]: Data time: 21s 600000000ns, Transform time: 4s 340000000ns
[component_container_isolated-2] [ERROR] [1789770450.958879872] [tf_help]: Transform data too old when converting from map to odom
[component_container_isolated-2] [ERROR] [1789770450.958925229] [tf_help]: Data time: 21s 600000000ns, Transform time: 4s 340000000ns
[component_container_isolated-2] [ERROR] [1789770451.009640178] [tf_help]: Transform data too old when converting from map to odom
[component_container_isolated-2] [ERROR] [1789770451.009674014] [tf_help]: Data time: 21s 600000000ns, Transform time: 4s 340000000ns
[component_container_isolated-2] [ERROR] [1789770451.063924901] [tf_help]: Transform data too old when converting from map to odom
[component_container_isolated-2] [ERROR] [1789770451.063980748] [tf_help]: Data time: 21s 600000000ns, Transform time: 4s 340000000ns
[component_container_isolated-2] [ERROR] [1789770451.114002585] [tf_help]: Transform data too old when converting from map to odom
[component_container_isolated-2] [ERROR] [1789770451.114044702] [tf_help]: Data time: 21s 600000000ns, Transform time: 4s 340000000ns
[component_container_isolated-2] [ERROR] [1789770451.163343466] [tf_help]: Transform data too old when converting from map to odom
[component_container_isolated-2] [ERROR] [1789770451.163375523] [tf_help]: Data time: 21s 600000000ns, Transform time: 4s 340000000ns
[component_container_isolated-2] [ERROR] [1789770451.209038688] [tf_help]: Transform data too old when converting from map to odom
[component_container_isolated-2] [ERROR] [1789770451.209070151] [tf_help]: Data time: 21s 600000000ns, Transform time: 4s 340000000ns
[component_container_isolated-2] [ERROR] [1789770451.258770361] [tf_help]: Transform data too old when converting from map to odom
[component_container_isolated-2] [ERROR] [1789770451.258805413] [tf_help]: Data time: 21s 600000000ns, Transform time: 4s 340000000ns
[component_container_isolated-2] [ERROR] [1789770451.308876638] [tf_help]: Transform data too old when converting from map to odom
[component_container_isolated-2] [ERROR] [1789770451.308907762] [tf_help]: Data time: 21s 600000000ns, Transform time: 4s 340000000ns
[component_container_isolated-2] [ERROR] [1789770451.358737875] [tf_help]: Transform data too old when converting from map to odom
[component_container_isolated-2] [ERROR] [1789770451.358768289] [tf_help]: Data time: 21s 600000000ns, Transform time: 4s 340000000ns
[component_container_isolated-2] [INFO] [1789770451.403714934] [controller_server]: Passing new path to controller.
[component_container_isolated-2] [ERROR] [1789770451.410678309] [tf_help]: Transform data too old when converting from map to odom
[component_container_isolated-2] [ERROR] [1789770451.410701340] [tf_help]: Data time: 22s 600000000ns, Transform time: 4s 340000000ns
[component_container_isolated-2] [ERROR] [1789770451.458964219] [tf_help]: Transform data too old when converting from map to odom
[component_container_isolated-2] [ERROR] [1789770451.459031687] [tf_help]: Data time: 22s 600000000ns, Transform time: 4s 340000000ns
[component_container_isolated-2] [ERROR] [1789770451.508948092] [tf_help]: Transform data too old when converting from map to odom
[component_container_isolated-2] [ERROR] [1789770451.508980433] [tf_help]: Data time: 22s 600000000ns, Transform time: 4s 340000000ns
[component_container_isolated-2] [ERROR] [1789770451.558978333] [tf_help]: Transform data too old when converting from map to odom
[component_container_isolated-2] [ERROR] [1789770451.559008661] [tf_help]: Data time: 22s 600000000ns, Transform time: 4s 340000000ns
[component_container_isolated-2] [ERROR] [1789770451.608756567] [tf_help]: Transform data too old when converting from map to odom
[component_container_isolated-2] [ERROR] [1789770451.608788286] [tf_help]: Data time: 22s 600000000ns, Transform time: 4s 340000000ns
[component_container_isolated-2] [ERROR] [1789770451.658781313] [tf_help]: Transform data too old when converting from map to odom
[component_container_isolated-2] [ERROR] [1789770451.658814102] [tf_help]: Data time: 22s 600000000ns, Transform time: 4s 340000000ns
[component_container_isolated-2] [ERROR] [1789770451.709177029] [tf_help]: Transform data too old when converting from map to odom
[component_container_isolated-2] [ERROR] [1789770451.709208584] [tf_help]: Data time: 22s 600000000ns, Transform time: 4s 340000000ns
[component_container_isolated-2] [ERROR] [1789770451.759077204] [tf_help]: Transform data too old when converting from map to odom
[component_container_isolated-2] [ERROR] [1789770451.759112474] [tf_help]: Data time: 22s 600000000ns, Transform time: 4s 340000000ns
[component_container_isolated-2] [ERROR] [1789770451.809491891] [tf_help]: Transform data too old when converting from map to odom
[component_container_isolated-2] [ERROR] [1789770451.809523960] [tf_help]: Data time: 22s 600000000ns, Transform time: 4s 340000000ns
[component_container_isolated-2] [ERROR] [1789770451.860585050] [tf_help]: Transform data too old when converting from map to odom
[component_container_isolated-2] [ERROR] [1789770451.860614995] [tf_help]: Data time: 22s 600000000ns, Transform time: 4s 340000000ns
[component_container_isolated-2] [ERROR] [1789770451.909808371] [tf_help]: Transform data too old when converting from map to odom
[component_container_isolated-2] [ERROR] [1789770451.909841237] [tf_help]: Data time: 22s 600000000ns, Transform time: 4s 340000000ns
[component_container_isolated-2] [ERROR] [1789770451.965090474] [tf_help]: Transform data too old when converting from map to odom
[component_container_isolated-2] [ERROR] [1789770451.965150731] [tf_help]: Data time: 22s 600000000ns, Transform time: 4s 340000000ns
[component_container_isolated-2] [ERROR] [1789770452.011290821] [tf_help]: Transform data too old when converting from map to odom
[component_container_isolated-2] [ERROR] [1789770452.011324717] [tf_help]: Data time: 22s 600000000ns, Transform time: 4s 340000000ns
[component_container_isolated-2] [ERROR] [1789770452.058846435] [tf_help]: Transform data too old when converting from map to odom
[component_container_isolated-2] [ERROR] [1789770452.058888211] [tf_help]: Data time: 22s 600000000ns, Transform time: 4s 340000000ns
[component_container_isolated-2] [ERROR] [1789770452.109518546] [tf_help]: Transform data too old when converting from map to odom
[component_container_isolated-2] [ERROR] [1789770452.109554722] [tf_help]: Data time: 22s 600000000ns, Transform time: 4s 340000000ns
[component_container_isolated-2] [ERROR] [1789770452.159143894] [tf_help]: Transform data too old when converting from map to odom
[component_container_isolated-2] [ERROR] [1789770452.159175685] [tf_help]: Data time: 22s 600000000ns, Transform time: 4s 340000000ns
[component_container_isolated-2] [ERROR] [1789770452.214110024] [tf_help]: Transform data too old when converting from map to odom
[component_container_isolated-2] [ERROR] [1789770452.214148761] [tf_help]: Data time: 22s 600000000ns, Transform time: 4s 340000000ns
[component_container_isolated-2] [ERROR] [1789770452.264055108] [tf_help]: Transform data too old when converting from map to odom
[component_container_isolated-2] [ERROR] [1789770452.264097646] [tf_help]: Data time: 22s 600000000ns, Transform time: 4s 340000000ns
[component_container_isolated-2] [ERROR] [1789770452.314440551] [tf_help]: Transform data too old when converting from map to odom
[component_container_isolated-2] [ERROR] [1789770452.314498132] [tf_help]: Data time: 22s 600000000ns, Transform time: 4s 340000000ns
[component_container_isolated-2] [ERROR] [1789770452.361812494] [tf_help]: Transform data too old when converting from map to odom
[component_container_isolated-2] [ERROR] [1789770452.361871686] [tf_help]: Data time: 22s 600000000ns, Transform time: 4s 340000000ns
[component_container_isolated-2] [INFO] [1789770452.403681670] [controller_server]: Passing new path to controller.
[component_container_isolated-2] [ERROR] [1789770452.409364943] [tf_help]: Transform data too old when converting from map to odom
[component_container_isolated-2] [ERROR] [1789770452.409389360] [tf_help]: Data time: 23s 600000000ns, Transform time: 4s 340000000ns
[component_container_isolated-2] [ERROR] [1789770452.459508635] [tf_help]: Transform data too old when converting from map to odom
[component_container_isolated-2] [ERROR] [1789770452.459567457] [tf_help]: Data time: 23s 600000000ns, Transform time: 4s 340000000ns
[component_container_isolated-2] [ERROR] [1789770452.511124824] [tf_help]: Transform data too old when converting from map to odom
[component_container_isolated-2] [ERROR] [1789770452.511203736] [tf_help]: Data time: 23s 600000000ns, Transform time: 4s 340000000ns
[component_container_isolated-2] [ERROR] [1789770452.560471244] [tf_help]: Transform data too old when converting from map to odom
[component_container_isolated-2] [ERROR] [1789770452.560513713] [tf_help]: Data time: 23s 600000000ns, Transform time: 4s 340000000ns
[component_container_isolated-2] [ERROR] [1789770452.610068871] [tf_help]: Transform data too old when converting from map to odom
[component_container_isolated-2] [ERROR] [1789770452.610103480] [tf_help]: Data time: 23s 600000000ns, Transform time: 4s 340000000ns
[component_container_isolated-2] [ERROR] [1789770452.659356396] [tf_help]: Transform data too old when converting from map to odom
[component_container_isolated-2] [ERROR] [1789770452.659392516] [tf_help]: Data time: 23s 600000000ns, Transform time: 4s 340000000ns
[component_container_isolated-2] [ERROR] [1789770452.711155348] [tf_help]: Transform data too old when converting from map to odom
[component_container_isolated-2] [ERROR] [1789770452.711214661] [tf_help]: Data time: 23s 600000000ns, Transform time: 4s 340000000ns
[component_container_isolated-2] [ERROR] [1789770452.758767903] [tf_help]: Transform data too old when converting from map to odom
[component_container_isolated-2] [ERROR] [1789770452.758802575] [tf_help]: Data time: 23s 600000000ns, Transform time: 4s 340000000ns
[component_container_isolated-2] [INFO] [1789770452.811080422] [controller_server]: [TG-MPPI] cycle time (compute_backend=cpu): 6.190 ms/cycle avg over 50 cycles
[component_container_isolated-2] [ERROR] [1789770452.811338192] [tf_help]: Transform data too old when converting from map to odom
[component_container_isolated-2] [ERROR] [1789770452.811365351] [tf_help]: Data time: 23s 600000000ns, Transform time: 4s 340000000ns
[component_container_isolated-2] [ERROR] [1789770452.858884040] [tf_help]: Transform data too old when converting from map to odom
[component_container_isolated-2] [ERROR] [1789770452.858918199] [tf_help]: Data time: 23s 600000000ns, Transform time: 4s 340000000ns
[component_container_isolated-2] [ERROR] [1789770452.909445762] [tf_help]: Transform data too old when converting from map to odom
[component_container_isolated-2] [ERROR] [1789770452.909481712] [tf_help]: Data time: 23s 600000000ns, Transform time: 4s 340000000ns
[component_container_isolated-2] [ERROR] [1789770452.959148015] [tf_help]: Transform data too old when converting from map to odom
[component_container_isolated-2] [ERROR] [1789770452.959195632] [tf_help]: Data time: 23s 600000000ns, Transform time: 4s 340000000ns
[component_container_isolated-2] [ERROR] [1789770453.009374959] [tf_help]: Transform data too old when converting from map to odom
[component_container_isolated-2] [ERROR] [1789770453.009409642] [tf_help]: Data time: 23s 600000000ns, Transform time: 4s 340000000ns
[component_container_isolated-2] [ERROR] [1789770453.058949794] [tf_help]: Transform data too old when converting from map to odom
[component_container_isolated-2] [ERROR] [1789770453.058981220] [tf_help]: Data time: 23s 600000000ns, Transform time: 4s 340000000ns
[component_container_isolated-2] [ERROR] [1789770453.109462175] [tf_help]: Transform data too old when converting from map to odom
[component_container_isolated-2] [ERROR] [1789770453.109493292] [tf_help]: Data time: 23s 600000000ns, Transform time: 4s 340000000ns
[component_container_isolated-2] [ERROR] [1789770453.159754251] [tf_help]: Transform data too old when converting from map to odom
[component_container_isolated-2] [ERROR] [1789770453.159784608] [tf_help]: Data time: 23s 600000000ns, Transform time: 4s 340000000ns
[component_container_isolated-2] [ERROR] [1789770453.208878492] [tf_help]: Transform data too old when converting from map to odom
[component_container_isolated-2] [ERROR] [1789770453.208909579] [tf_help]: Data time: 23s 600000000ns, Transform time: 4s 340000000ns
[component_container_isolated-2] [ERROR] [1789770453.259064929] [tf_help]: Transform data too old when converting from map to odom
[component_container_isolated-2] [ERROR] [1789770453.259098945] [tf_help]: Data time: 23s 600000000ns, Transform time: 4s 340000000ns
[component_container_isolated-2] [ERROR] [1789770453.310299863] [tf_help]: Transform data too old when converting from map to odom
[component_container_isolated-2] [ERROR] [1789770453.310333641] [tf_help]: Data time: 23s 600000000ns, Transform time: 4s 340000000ns
[component_container_isolated-2] [ERROR] [1789770453.359618172] [tf_help]: Transform data too old when converting from map to odom
[component_container_isolated-2] [ERROR] [1789770453.359654108] [tf_help]: Data time: 23s 600000000ns, Transform time: 4s 340000000ns
[component_container_isolated-2] [ERROR] [1789770453.408951099] [tf_help]: Transform data too old when converting from map to odom
[component_container_isolated-2] [ERROR] [1789770453.408984862] [tf_help]: Data time: 23s 600000000ns, Transform time: 4s 340000000ns
[component_container_isolated-2] [INFO] [1789770453.453679103] [controller_server]: Passing new path to controller.
[component_container_isolated-2] [ERROR] [1789770453.459128526] [tf_help]: Transform data too old when converting from map to odom
[component_container_isolated-2] [ERROR] [1789770453.459162063] [tf_help]: Data time: 24s 500000000ns, Transform time: 4s 340000000ns
[component_container_isolated-2] [ERROR] [1789770453.509482312] [tf_help]: Transform data too old when converting from map to odom
[component_container_isolated-2] [ERROR] [1789770453.509516884] [tf_help]: Data time: 24s 500000000ns, Transform time: 4s 340000000ns
[component_container_isolated-2] [ERROR] [1789770453.559115714] [tf_help]: Transform data too old when converting from map to odom
[component_container_isolated-2] [ERROR] [1789770453.559147252] [tf_help]: Data time: 24s 500000000ns, Transform time: 4s 340000000ns
[component_container_isolated-2] [ERROR] [1789770453.609047322] [tf_help]: Transform data too old when converting from map to odom
[component_container_isolated-2] [ERROR] [1789770453.609084386] [tf_help]: Data time: 24s 500000000ns, Transform time: 4s 340000000ns
[component_container_isolated-2] [ERROR] [1789770453.659642646] [tf_help]: Transform data too old when converting from map to odom
[component_container_isolated-2] [ERROR] [1789770453.659681098] [tf_help]: Data time: 24s 500000000ns, Transform time: 4s 340000000ns
[component_container_isolated-2] [ERROR] [1789770453.709168437] [tf_help]: Transform data too old when converting from map to odom
[component_container_isolated-2] [ERROR] [1789770453.709202047] [tf_help]: Data time: 24s 500000000ns, Transform time: 4s 340000000ns
[component_container_isolated-2] [ERROR] [1789770453.759824021] [tf_help]: Transform data too old when converting from map to odom
[component_container_isolated-2] [ERROR] [1789770453.759860725] [tf_help]: Data time: 24s 500000000ns, Transform time: 4s 340000000ns
[component_container_isolated-2] [ERROR] [1789770453.809191580] [tf_help]: Transform data too old when converting from map to odom
[component_container_isolated-2] [ERROR] [1789770453.809227926] [tf_help]: Data time: 24s 500000000ns, Transform time: 4s 340000000ns
[component_container_isolated-2] [ERROR] [1789770453.859401762] [tf_help]: Transform data too old when converting from map to odom
[component_container_isolated-2] [ERROR] [1789770453.859435216] [tf_help]: Data time: 24s 500000000ns, Transform time: 4s 340000000ns
[component_container_isolated-2] [ERROR] [1789770453.909168232] [tf_help]: Transform data too old when converting from map to odom
[component_container_isolated-2] [ERROR] [1789770453.909194251] [tf_help]: Data time: 24s 500000000ns, Transform time: 4s 340000000ns
[component_container_isolated-2] [ERROR] [1789770453.959842359] [tf_help]: Transform data too old when converting from map to odom
[component_container_isolated-2] [ERROR] [1789770453.959873891] [tf_help]: Data time: 24s 500000000ns, Transform time: 4s 340000000ns
[component_container_isolated-2] [ERROR] [1789770454.009133544] [tf_help]: Transform data too old when converting from map to odom
[component_container_isolated-2] [ERROR] [1789770454.009169993] [tf_help]: Data time: 24s 500000000ns, Transform time: 4s 340000000ns
[component_container_isolated-2] [ERROR] [1789770454.063318715] [tf_help]: Transform data too old when converting from map to odom
[component_container_isolated-2] [ERROR] [1789770454.063360949] [tf_help]: Data time: 24s 500000000ns, Transform time: 4s 340000000ns
[component_container_isolated-2] [ERROR] [1789770454.112305560] [tf_help]: Transform data too old when converting from map to odom
[component_container_isolated-2] [ERROR] [1789770454.112339183] [tf_help]: Data time: 24s 500000000ns, Transform time: 4s 340000000ns
[component_container_isolated-2] [ERROR] [1789770454.161082670] [tf_help]: Transform data too old when converting from map to odom
[component_container_isolated-2] [ERROR] [1789770454.161121551] [tf_help]: Data time: 24s 500000000ns, Transform time: 4s 340000000ns
[component_container_isolated-2] [ERROR] [1789770454.209404301] [tf_help]: Transform data too old when converting from map to odom
[component_container_isolated-2] [ERROR] [1789770454.209444671] [tf_help]: Data time: 24s 500000000ns, Transform time: 4s 340000000ns
[component_container_isolated-2] [ERROR] [1789770454.258840702] [tf_help]: Transform data too old when converting from map to odom
[component_container_isolated-2] [ERROR] [1789770454.258892084] [tf_help]: Data time: 24s 500000000ns, Transform time: 4s 340000000ns
[component_container_isolated-2] [ERROR] [1789770454.308930330] [tf_help]: Transform data too old when converting from map to odom
[component_container_isolated-2] [ERROR] [1789770454.308977451] [tf_help]: Data time: 24s 500000000ns, Transform time: 4s 340000000ns
[component_container_isolated-2] [ERROR] [1789770454.359204614] [tf_help]: Transform data too old when converting from map to odom
[component_container_isolated-2] [ERROR] [1789770454.359236662] [tf_help]: Data time: 24s 500000000ns, Transform time: 4s 340000000ns
[component_container_isolated-2] [ERROR] [1789770454.409586496] [tf_help]: Transform data too old when converting from map to odom
[component_container_isolated-2] [ERROR] [1789770454.409618025] [tf_help]: Data time: 24s 500000000ns, Transform time: 4s 340000000ns
[component_container_isolated-2] [ERROR] [1789770454.461440760] [tf_help]: Transform data too old when converting from map to odom
[component_container_isolated-2] [ERROR] [1789770454.461505366] [tf_help]: Data time: 24s 500000000ns, Transform time: 4s 340000000ns
[component_container_isolated-2] [INFO] [1789770454.503684227] [controller_server]: Passing new path to controller.
[component_container_isolated-2] [ERROR] [1789770454.509118126] [tf_help]: Transform data too old when converting from map to odom
[component_container_isolated-2] [ERROR] [1789770454.509140207] [tf_help]: Data time: 25s 400000000ns, Transform time: 4s 340000000ns
[component_container_isolated-2] [ERROR] [1789770454.559039501] [tf_help]: Transform data too old when converting from map to odom
[component_container_isolated-2] [ERROR] [1789770454.559071867] [tf_help]: Data time: 25s 400000000ns, Transform time: 4s 340000000ns
[component_container_isolated-2] [ERROR] [1789770454.608852647] [tf_help]: Transform data too old when converting from map to odom
[component_container_isolated-2] [ERROR] [1789770454.608887515] [tf_help]: Data time: 25s 400000000ns, Transform time: 4s 340000000ns
[component_container_isolated-2] [ERROR] [1789770454.659532754] [tf_help]: Transform data too old when converting from map to odom
[component_container_isolated-2] [ERROR] [1789770454.659569023] [tf_help]: Data time: 25s 400000000ns, Transform time: 4s 340000000ns
[component_container_isolated-2] [ERROR] [1789770454.709319780] [tf_help]: Transform data too old when converting from map to odom
[component_container_isolated-2] [ERROR] [1789770454.709370224] [tf_help]: Data time: 25s 400000000ns, Transform time: 4s 340000000ns
[component_container_isolated-2] [ERROR] [1789770454.759060850] [tf_help]: Transform data too old when converting from map to odom
[component_container_isolated-2] [ERROR] [1789770454.759095093] [tf_help]: Data time: 25s 400000000ns, Transform time: 4s 340000000ns
[component_container_isolated-2] [ERROR] [1789770454.809679684] [tf_help]: Transform data too old when converting from map to odom
[component_container_isolated-2] [ERROR] [1789770454.809724913] [tf_help]: Data time: 25s 400000000ns, Transform time: 4s 340000000ns
[component_container_isolated-2] [ERROR] [1789770454.859542857] [tf_help]: Transform data too old when converting from map to odom
[component_container_isolated-2] [ERROR] [1789770454.859579788] [tf_help]: Data time: 25s 400000000ns, Transform time: 4s 340000000ns
[component_container_isolated-2] [ERROR] [1789770454.913409447] [tf_help]: Transform data too old when converting from map to odom
[component_container_isolated-2] [ERROR] [1789770454.913444945] [tf_help]: Data time: 25s 400000000ns, Transform time: 4s 340000000ns
[component_container_isolated-2] [ERROR] [1789770454.960689087] [tf_help]: Transform data too old when converting from map to odom
[component_container_isolated-2] [ERROR] [1789770454.960732534] [tf_help]: Data time: 25s 400000000ns, Transform time: 4s 340000000ns
[component_container_isolated-2] [ERROR] [1789770455.008939749] [tf_help]: Transform data too old when converting from map to odom
[component_container_isolated-2] [ERROR] [1789770455.008972152] [tf_help]: Data time: 25s 400000000ns, Transform time: 4s 340000000ns
[component_container_isolated-2] [ERROR] [1789770455.059204105] [tf_help]: Transform data too old when converting from map to odom
[component_container_isolated-2] [ERROR] [1789770455.059251028] [tf_help]: Data time: 25s 400000000ns, Transform time: 4s 340000000ns
[component_container_isolated-2] [ERROR] [1789770455.109455923] [tf_help]: Transform data too old when converting from map to odom
[component_container_isolated-2] [ERROR] [1789770455.109497309] [tf_help]: Data time: 25s 400000000ns, Transform time: 4s 340000000ns
[component_container_isolated-2] [ERROR] [1789770455.159883383] [tf_help]: Transform data too old when converting from map to odom
[component_container_isolated-2] [ERROR] [1789770455.159927457] [tf_help]: Data time: 25s 400000000ns, Transform time: 4s 340000000ns
[component_container_isolated-2] [ERROR] [1789770455.211011044] [tf_help]: Transform data too old when converting from map to odom
[component_container_isolated-2] [ERROR] [1789770455.211051361] [tf_help]: Data time: 25s 400000000ns, Transform time: 4s 340000000ns
[component_container_isolated-2] [ERROR] [1789770455.261283640] [tf_help]: Transform data too old when converting from map to odom
[component_container_isolated-2] [ERROR] [1789770455.261331494] [tf_help]: Data time: 25s 400000000ns, Transform time: 4s 340000000ns
[component_container_isolated-2] [INFO] [1789770455.309172024] [controller_server]: [TG-MPPI] cycle time (compute_backend=cpu): 5.774 ms/cycle avg over 50 cycles
[component_container_isolated-2] [ERROR] [1789770455.309346116] [tf_help]: Transform data too old when converting from map to odom
[component_container_isolated-2] [ERROR] [1789770455.309365284] [tf_help]: Data time: 25s 400000000ns, Transform time: 4s 340000000ns
[component_container_isolated-2] [ERROR] [1789770455.359354593] [tf_help]: Transform data too old when converting from map to odom
[component_container_isolated-2] [ERROR] [1789770455.359396621] [tf_help]: Data time: 25s 400000000ns, Transform time: 4s 340000000ns
[component_container_isolated-2] [ERROR] [1789770455.410063835] [tf_help]: Transform data too old when converting from map to odom
[component_container_isolated-2] [ERROR] [1789770455.410097201] [tf_help]: Data time: 25s 400000000ns, Transform time: 4s 340000000ns
[component_container_isolated-2] [ERROR] [1789770455.459629253] [tf_help]: Transform data too old when converting from map to odom
[component_container_isolated-2] [ERROR] [1789770455.459685771] [tf_help]: Data time: 25s 400000000ns, Transform time: 4s 340000000ns
[component_container_isolated-2] [INFO] [1789770455.503680313] [controller_server]: Passing new path to controller.
[component_container_isolated-2] [ERROR] [1789770455.509214487] [tf_help]: Transform data too old when converting from map to odom
[component_container_isolated-2] [ERROR] [1789770455.509234482] [tf_help]: Data time: 26s 500000000ns, Transform time: 4s 340000000ns
[component_container_isolated-2] [ERROR] [1789770455.558865609] [tf_help]: Transform data too old when converting from map to odom
[component_container_isolated-2] [ERROR] [1789770455.558896702] [tf_help]: Data time: 26s 500000000ns, Transform time: 4s 340000000ns
[component_container_isolated-2] [ERROR] [1789770455.609024345] [tf_help]: Transform data too old when converting from map to odom
[component_container_isolated-2] [ERROR] [1789770455.609055043] [tf_help]: Data time: 26s 500000000ns, Transform time: 4s 340000000ns
[component_container_isolated-2] [ERROR] [1789770455.658807935] [tf_help]: Transform data too old when converting from map to odom
[component_container_isolated-2] [ERROR] [1789770455.658840724] [tf_help]: Data time: 26s 500000000ns, Transform time: 4s 340000000ns
[component_container_isolated-2] [ERROR] [1789770455.710959683] [tf_help]: Transform data too old when converting from map to odom
[component_container_isolated-2] [ERROR] [1789770455.710998939] [tf_help]: Data time: 26s 500000000ns, Transform time: 4s 340000000ns
[component_container_isolated-2] [ERROR] [1789770455.759155480] [tf_help]: Transform data too old when converting from map to odom
[component_container_isolated-2] [ERROR] [1789770455.759186510] [tf_help]: Data time: 26s 500000000ns, Transform time: 4s 340000000ns
[component_container_isolated-2] [ERROR] [1789770455.813772841] [tf_help]: Transform data too old when converting from map to odom
[component_container_isolated-2] [ERROR] [1789770455.813802565] [tf_help]: Data time: 26s 500000000ns, Transform time: 4s 340000000ns
[component_container_isolated-2] [ERROR] [1789770455.863819605] [tf_help]: Transform data too old when converting from map to odom
[component_container_isolated-2] [ERROR] [1789770455.863864085] [tf_help]: Data time: 26s 500000000ns, Transform time: 4s 340000000ns
[component_container_isolated-2] [ERROR] [1789770455.903804889] [controller_server]: Failed to make progress
[component_container_isolated-2] [WARN] [1789770455.903914487] [controller_server]: [follow_path] [ActionServer] Aborting handle.
[component_container_isolated-2] [INFO] [1789770455.922090422] [local_costmap.local_costmap]: Received request to clear entirely the local_costmap
[component_container_isolated-2] [INFO] [1789770455.922337946] [global_costmap.global_costmap]: Received request to clear entirely the global_costmap
[component_container_isolated-2] [WARN] [1789770456.542986179] [planner_server]: Planner loop missed its desired rate of 20.0000 Hz. Current loop rate is 1.6667 Hz
[component_container_isolated-2] [INFO] [1789770456.562203996] [controller_server]: Received a goal, begin computing control effort.
[component_container_isolated-2] [ERROR] [1789770456.570377192] [tf_help]: Transform data too old when converting from map to odom
[component_container_isolated-2] [ERROR] [1789770456.570456623] [tf_help]: Data time: 27s 500000000ns, Transform time: 4s 340000000ns
[component_container_isolated-2] [ERROR] [1789770456.617651876] [tf_help]: Transform data too old when converting from map to odom
[component_container_isolated-2] [ERROR] [1789770456.617681111] [tf_help]: Data time: 27s 500000000ns, Transform time: 4s 340000000ns
[component_container_isolated-2] [ERROR] [1789770456.668989986] [tf_help]: Transform data too old when converting from map to odom
[component_container_isolated-2] [ERROR] [1789770456.669021340] [tf_help]: Data time: 27s 500000000ns, Transform time: 4s 340000000ns
[component_container_isolated-2] [ERROR] [1789770456.717824062] [tf_help]: Transform data too old when converting from map to odom
[component_container_isolated-2] [ERROR] [1789770456.717853629] [tf_help]: Data time: 27s 500000000ns, Transform time: 4s 340000000ns
[component_container_isolated-2] [ERROR] [1789770456.767651686] [tf_help]: Transform data too old when converting from map to odom
[component_container_isolated-2] [ERROR] [1789770456.767682425] [tf_help]: Data time: 27s 500000000ns, Transform time: 4s 340000000ns
[component_container_isolated-2] [ERROR] [1789770456.818649114] [tf_help]: Transform data too old when converting from map to odom
[component_container_isolated-2] [ERROR] [1789770456.818710230] [tf_help]: Data time: 27s 500000000ns, Transform time: 4s 340000000ns
[component_container_isolated-2] [ERROR] [1789770456.867979793] [tf_help]: Transform data too old when converting from map to odom
[component_container_isolated-2] [ERROR] [1789770456.868016373] [tf_help]: Data time: 27s 500000000ns, Transform time: 4s 340000000ns
[component_container_isolated-2] [ERROR] [1789770456.918206175] [tf_help]: Transform data too old when converting from map to odom
[component_container_isolated-2] [ERROR] [1789770456.918245422] [tf_help]: Data time: 27s 500000000ns, Transform time: 4s 340000000ns
[component_container_isolated-2] [ERROR] [1789770456.968155364] [tf_help]: Transform data too old when converting from map to odom
[component_container_isolated-2] [ERROR] [1789770456.968190065] [tf_help]: Data time: 27s 500000000ns, Transform time: 4s 340000000ns
[component_container_isolated-2] [ERROR] [1789770457.017669641] [tf_help]: Transform data too old when converting from map to odom
[component_container_isolated-2] [ERROR] [1789770457.017715116] [tf_help]: Data time: 27s 500000000ns, Transform time: 4s 340000000ns
[component_container_isolated-2] [ERROR] [1789770457.067556894] [tf_help]: Transform data too old when converting from map to odom
[component_container_isolated-2] [ERROR] [1789770457.067596004] [tf_help]: Data time: 27s 500000000ns, Transform time: 4s 340000000ns
[component_container_isolated-2] [ERROR] [1789770457.117813309] [tf_help]: Transform data too old when converting from map to odom
[component_container_isolated-2] [ERROR] [1789770457.117844028] [tf_help]: Data time: 27s 500000000ns, Transform time: 4s 340000000ns
[component_container_isolated-2] [ERROR] [1789770457.169859405] [tf_help]: Transform data too old when converting from map to odom
[component_container_isolated-2] [ERROR] [1789770457.169890032] [tf_help]: Data time: 27s 500000000ns, Transform time: 4s 340000000ns
[component_container_isolated-2] [ERROR] [1789770457.217946784] [tf_help]: Transform data too old when converting from map to odom
[component_container_isolated-2] [ERROR] [1789770457.217980442] [tf_help]: Data time: 27s 500000000ns, Transform time: 4s 340000000ns
[component_container_isolated-2] [ERROR] [1789770457.267640173] [tf_help]: Transform data too old when converting from map to odom
[component_container_isolated-2] [ERROR] [1789770457.267673383] [tf_help]: Data time: 27s 500000000ns, Transform time: 4s 340000000ns
[component_container_isolated-2] [ERROR] [1789770457.318044411] [tf_help]: Transform data too old when converting from map to odom
[component_container_isolated-2] [ERROR] [1789770457.318079918] [tf_help]: Data time: 27s 500000000ns, Transform time: 4s 340000000ns
[component_container_isolated-2] [ERROR] [1789770457.368061593] [tf_help]: Transform data too old when converting from map to odom
[component_container_isolated-2] [ERROR] [1789770457.368096160] [tf_help]: Data time: 27s 500000000ns, Transform time: 4s 340000000ns
[component_container_isolated-2] [ERROR] [1789770457.418627285] [tf_help]: Transform data too old when converting from map to odom
[component_container_isolated-2] [ERROR] [1789770457.418666356] [tf_help]: Data time: 27s 500000000ns, Transform time: 4s 340000000ns
[component_container_isolated-2] [ERROR] [1789770457.468116970] [tf_help]: Transform data too old when converting from map to odom
[component_container_isolated-2] [ERROR] [1789770457.468151067] [tf_help]: Data time: 27s 500000000ns, Transform time: 4s 340000000ns
[component_container_isolated-2] [ERROR] [1789770457.517857861] [tf_help]: Transform data too old when converting from map to odom
[component_container_isolated-2] [ERROR] [1789770457.517890661] [tf_help]: Data time: 27s 500000000ns, Transform time: 4s 340000000ns
[component_container_isolated-2] [ERROR] [1789770457.568845199] [tf_help]: Transform data too old when converting from map to odom
[component_container_isolated-2] [ERROR] [1789770457.568878835] [tf_help]: Data time: 27s 500000000ns, Transform time: 4s 340000000ns
[component_container_isolated-2] [INFO] [1789770457.612353259] [controller_server]: Passing new path to controller.
[component_container_isolated-2] [ERROR] [1789770457.618338296] [tf_help]: Transform data too old when converting from map to odom
[component_container_isolated-2] [ERROR] [1789770457.618367011] [tf_help]: Data time: 28s 500000000ns, Transform time: 4s 340000000ns
[component_container_isolated-2] [ERROR] [1789770457.668325853] [tf_help]: Transform data too old when converting from map to odom
[component_container_isolated-2] [ERROR] [1789770457.668363465] [tf_help]: Data time: 28s 500000000ns, Transform time: 4s 340000000ns
[component_container_isolated-2] [ERROR] [1789770457.717616431] [tf_help]: Transform data too old when converting from map to odom
[component_container_isolated-2] [ERROR] [1789770457.717648972] [tf_help]: Data time: 28s 500000000ns, Transform time: 4s 340000000ns
[component_container_isolated-2] [ERROR] [1789770457.767637242] [tf_help]: Transform data too old when converting from map to odom
[component_container_isolated-2] [ERROR] [1789770457.767676234] [tf_help]: Data time: 28s 500000000ns, Transform time: 4s 340000000ns
[component_container_isolated-2] [ERROR] [1789770457.817851131] [tf_help]: Transform data too old when converting from map to odom
[component_container_isolated-2] [ERROR] [1789770457.817899570] [tf_help]: Data time: 28s 500000000ns, Transform time: 4s 340000000ns
[component_container_isolated-2] [ERROR] [1789770457.868065227] [tf_help]: Transform data too old when converting from map to odom
[component_container_isolated-2] [ERROR] [1789770457.868097931] [tf_help]: Data time: 28s 500000000ns, Transform time: 4s 340000000ns
[component_container_isolated-2] [ERROR] [1789770457.917955745] [tf_help]: Transform data too old when converting from map to odom
[component_container_isolated-2] [ERROR] [1789770457.917988973] [tf_help]: Data time: 28s 500000000ns, Transform time: 4s 340000000ns
[component_container_isolated-2] [ERROR] [1789770457.967656661] [tf_help]: Transform data too old when converting from map to odom
[component_container_isolated-2] [ERROR] [1789770457.967706161] [tf_help]: Data time: 28s 500000000ns, Transform time: 4s 340000000ns
[component_container_isolated-2] [ERROR] [1789770458.017737985] [tf_help]: Transform data too old when converting from map to odom
[component_container_isolated-2] [ERROR] [1789770458.017776746] [tf_help]: Data time: 28s 500000000ns, Transform time: 4s 340000000ns
[component_container_isolated-2] [ERROR] [1789770458.067657143] [tf_help]: Transform data too old when converting from map to odom
[component_container_isolated-2] [ERROR] [1789770458.067689527] [tf_help]: Data time: 28s 500000000ns, Transform time: 4s 340000000ns
[component_container_isolated-2] [ERROR] [1789770458.117550180] [tf_help]: Transform data too old when converting from map to odom
[component_container_isolated-2] [ERROR] [1789770458.117591282] [tf_help]: Data time: 28s 500000000ns, Transform time: 4s 340000000ns
[component_container_isolated-2] [ERROR] [1789770458.167521964] [tf_help]: Transform data too old when converting from map to odom
[component_container_isolated-2] [ERROR] [1789770458.167553439] [tf_help]: Data time: 28s 500000000ns, Transform time: 4s 340000000ns
[component_container_isolated-2] [ERROR] [1789770458.217563194] [tf_help]: Transform data too old when converting from map to odom
[component_container_isolated-2] [ERROR] [1789770458.217598240] [tf_help]: Data time: 28s 500000000ns, Transform time: 4s 340000000ns
[component_container_isolated-2] [ERROR] [1789770458.267867654] [tf_help]: Transform data too old when converting from map to odom
[component_container_isolated-2] [ERROR] [1789770458.267900773] [tf_help]: Data time: 28s 500000000ns, Transform time: 4s 340000000ns
[component_container_isolated-2] [ERROR] [1789770458.317917353] [tf_help]: Transform data too old when converting from map to odom
[component_container_isolated-2] [ERROR] [1789770458.317951156] [tf_help]: Data time: 28s 500000000ns, Transform time: 4s 340000000ns
[component_container_isolated-2] [ERROR] [1789770458.367469738] [tf_help]: Transform data too old when converting from map to odom
[component_container_isolated-2] [ERROR] [1789770458.367502451] [tf_help]: Data time: 28s 500000000ns, Transform time: 4s 340000000ns
[component_container_isolated-2] [ERROR] [1789770458.417710024] [tf_help]: Transform data too old when converting from map to odom
[component_container_isolated-2] [ERROR] [1789770458.417742813] [tf_help]: Data time: 28s 500000000ns, Transform time: 4s 340000000ns
[component_container_isolated-2] [INFO] [1789770458.467509169] [controller_server]: [TG-MPPI] cycle time (compute_backend=cpu): 5.626 ms/cycle avg over 50 cycles
[component_container_isolated-2] [ERROR] [1789770458.467693971] [tf_help]: Transform data too old when converting from map to odom
[component_container_isolated-2] [ERROR] [1789770458.467718199] [tf_help]: Data time: 28s 500000000ns, Transform time: 4s 340000000ns
[component_container_isolated-2] [ERROR] [1789770458.517519236] [tf_help]: Transform data too old when converting from map to odom
[component_container_isolated-2] [ERROR] [1789770458.517550222] [tf_help]: Data time: 28s 500000000ns, Transform time: 4s 340000000ns
[component_container_isolated-2] [ERROR] [1789770458.567686465] [tf_help]: Transform data too old when converting from map to odom
[component_container_isolated-2] [ERROR] [1789770458.567723495] [tf_help]: Data time: 28s 500000000ns, Transform time: 4s 340000000ns
[component_container_isolated-2] [ERROR] [1789770458.617814614] [tf_help]: Transform data too old when converting from map to odom
[component_container_isolated-2] [ERROR] [1789770458.617846934] [tf_help]: Data time: 28s 500000000ns, Transform time: 4s 340000000ns
[component_container_isolated-2] [INFO] [1789770458.662347925] [controller_server]: Passing new path to controller.
[component_container_isolated-2] [ERROR] [1789770458.667780349] [tf_help]: Transform data too old when converting from map to odom
[component_container_isolated-2] [ERROR] [1789770458.667813231] [tf_help]: Data time: 29s 300000000ns, Transform time: 4s 340000000ns
[component_container_isolated-2] [ERROR] [1789770458.717550167] [tf_help]: Transform data too old when converting from map to odom
[component_container_isolated-2] [ERROR] [1789770458.717586514] [tf_help]: Data time: 29s 300000000ns, Transform time: 4s 340000000ns
[component_container_isolated-2] [ERROR] [1789770458.767962130] [tf_help]: Transform data too old when converting from map to odom
[component_container_isolated-2] [ERROR] [1789770458.767996881] [tf_help]: Data time: 29s 300000000ns, Transform time: 4s 340000000ns
[component_container_isolated-2] [ERROR] [1789770458.817834439] [tf_help]: Transform data too old when converting from map to odom
[component_container_isolated-2] [ERROR] [1789770458.817865774] [tf_help]: Data time: 29s 300000000ns, Transform time: 4s 340000000ns
[component_container_isolated-2] [ERROR] [1789770458.867673054] [tf_help]: Transform data too old when converting from map to odom
[component_container_isolated-2] [ERROR] [1789770458.867708758] [tf_help]: Data time: 29s 300000000ns, Transform time: 4s 340000000ns
[component_container_isolated-2] [ERROR] [1789770458.918562959] [tf_help]: Transform data too old when converting from map to odom
[component_container_isolated-2] [ERROR] [1789770458.918594280] [tf_help]: Data time: 29s 300000000ns, Transform time: 4s 340000000ns
[component_container_isolated-2] [ERROR] [1789770458.967413407] [tf_help]: Transform data too old when converting from map to odom
[component_container_isolated-2] [ERROR] [1789770458.967452494] [tf_help]: Data time: 29s 300000000ns, Transform time: 4s 340000000ns
[component_container_isolated-2] [ERROR] [1789770459.017852227] [tf_help]: Transform data too old when converting from map to odom
[component_container_isolated-2] [ERROR] [1789770459.017887144] [tf_help]: Data time: 29s 300000000ns, Transform time: 4s 340000000ns
[component_container_isolated-2] [ERROR] [1789770459.067802806] [tf_help]: Transform data too old when converting from map to odom
[component_container_isolated-2] [ERROR] [1789770459.067835031] [tf_help]: Data time: 29s 300000000ns, Transform time: 4s 340000000ns
[component_container_isolated-2] [ERROR] [1789770459.117566099] [tf_help]: Transform data too old when converting from map to odom
[component_container_isolated-2] [ERROR] [1789770459.117597123] [tf_help]: Data time: 29s 300000000ns, Transform time: 4s 340000000ns
[ground_truth_localizer-1] [INFO] [1789770459.164253947] [ground_truth_localizer]: last 10 s: ground truth msgs 295, map->odom published 295 (290 via latest odom TF)
[component_container_isolated-2] [ERROR] [1789770459.167394944] [tf_help]: Transform data too old when converting from map to odom
[component_container_isolated-2] [ERROR] [1789770459.167422198] [tf_help]: Data time: 29s 300000000ns, Transform time: 4s 340000000ns
[component_container_isolated-2] [ERROR] [1789770459.217478490] [tf_help]: Transform data too old when converting from map to odom
[component_container_isolated-2] [ERROR] [1789770459.217521521] [tf_help]: Data time: 29s 300000000ns, Transform time: 4s 340000000ns
[component_container_isolated-2] [ERROR] [1789770459.267644395] [tf_help]: Transform data too old when converting from map to odom
[component_container_isolated-2] [ERROR] [1789770459.267676995] [tf_help]: Data time: 29s 300000000ns, Transform time: 4s 340000000ns
[component_container_isolated-2] [ERROR] [1789770459.318270649] [tf_help]: Transform data too old when converting from map to odom
[component_container_isolated-2] [ERROR] [1789770459.318310934] [tf_help]: Data time: 29s 300000000ns, Transform time: 4s 340000000ns
[component_container_isolated-2] [ERROR] [1789770459.367885285] [tf_help]: Transform data too old when converting from map to odom
[component_container_isolated-2] [ERROR] [1789770459.367918236] [tf_help]: Data time: 29s 300000000ns, Transform time: 4s 340000000ns
[component_container_isolated-2] [ERROR] [1789770459.418017152] [tf_help]: Transform data too old when converting from map to odom
[component_container_isolated-2] [ERROR] [1789770459.418053129] [tf_help]: Data time: 29s 300000000ns, Transform time: 4s 340000000ns
[component_container_isolated-2] [ERROR] [1789770459.467598344] [tf_help]: Transform data too old when converting from map to odom
[component_container_isolated-2] [ERROR] [1789770459.467629395] [tf_help]: Data time: 29s 300000000ns, Transform time: 4s 340000000ns
[component_container_isolated-2] [ERROR] [1789770459.518954576] [tf_help]: Transform data too old when converting from map to odom
[component_container_isolated-2] [ERROR] [1789770459.518985172] [tf_help]: Data time: 29s 300000000ns, Transform time: 4s 340000000ns
[component_container_isolated-2] [ERROR] [1789770459.567825167] [tf_help]: Transform data too old when converting from map to odom
[component_container_isolated-2] [ERROR] [1789770459.567859262] [tf_help]: Data time: 29s 300000000ns, Transform time: 4s 340000000ns
[component_container_isolated-2] [ERROR] [1789770459.618122659] [tf_help]: Transform data too old when converting from map to odom
[component_container_isolated-2] [ERROR] [1789770459.618159825] [tf_help]: Data time: 29s 300000000ns, Transform time: 4s 340000000ns
[component_container_isolated-2] [INFO] [1789770459.662343296] [controller_server]: Passing new path to controller.
[component_container_isolated-2] [ERROR] [1789770459.667888912] [tf_help]: Transform data too old when converting from map to odom
[component_container_isolated-2] [ERROR] [1789770459.667919120] [tf_help]: Data time: 30s 400000000ns, Transform time: 4s 340000000ns
[component_container_isolated-2] [ERROR] [1789770459.721294344] [tf_help]: Transform data too old when converting from map to odom
[component_container_isolated-2] [ERROR] [1789770459.721333212] [tf_help]: Data time: 30s 400000000ns, Transform time: 4s 340000000ns
[component_container_isolated-2] [ERROR] [1789770459.767976986] [tf_help]: Transform data too old when converting from map to odom
[component_container_isolated-2] [ERROR] [1789770459.768011161] [tf_help]: Data time: 30s 400000000ns, Transform time: 4s 340000000ns
[component_container_isolated-2] [ERROR] [1789770459.817924676] [tf_help]: Transform data too old when converting from map to odom
[component_container_isolated-2] [ERROR] [1789770459.817958266] [tf_help]: Data time: 30s 400000000ns, Transform time: 4s 340000000ns
[component_container_isolated-2] [ERROR] [1789770459.867859652] [tf_help]: Transform data too old when converting from map to odom
[component_container_isolated-2] [ERROR] [1789770459.867895087] [tf_help]: Data time: 30s 400000000ns, Transform time: 4s 340000000ns
[component_container_isolated-2] [ERROR] [1789770459.917745118] [tf_help]: Transform data too old when converting from map to odom
[component_container_isolated-2] [ERROR] [1789770459.917777506] [tf_help]: Data time: 30s 400000000ns, Transform time: 4s 340000000ns
[component_container_isolated-2] [ERROR] [1789770459.968361634] [tf_help]: Transform data too old when converting from map to odom
[component_container_isolated-2] [ERROR] [1789770459.968406884] [tf_help]: Data time: 30s 400000000ns, Transform time: 4s 340000000ns
[component_container_isolated-2] [ERROR] [1789770460.017513845] [tf_help]: Transform data too old when converting from map to odom
[component_container_isolated-2] [ERROR] [1789770460.017551949] [tf_help]: Data time: 30s 400000000ns, Transform time: 4s 340000000ns
[component_container_isolated-2] [ERROR] [1789770460.069152278] [tf_help]: Transform data too old when converting from map to odom
[component_container_isolated-2] [ERROR] [1789770460.069187886] [tf_help]: Data time: 30s 400000000ns, Transform time: 4s 340000000ns
[component_container_isolated-2] [ERROR] [1789770460.117495510] [tf_help]: Transform data too old when converting from map to odom
[component_container_isolated-2] [ERROR] [1789770460.117529447] [tf_help]: Data time: 30s 400000000ns, Transform time: 4s 340000000ns
[component_container_isolated-2] [ERROR] [1789770460.167630322] [tf_help]: Transform data too old when converting from map to odom
[component_container_isolated-2] [ERROR] [1789770460.167660634] [tf_help]: Data time: 30s 400000000ns, Transform time: 4s 340000000ns
[component_container_isolated-2] [ERROR] [1789770460.217995215] [tf_help]: Transform data too old when converting from map to odom
[component_container_isolated-2] [ERROR] [1789770460.218028947] [tf_help]: Data time: 30s 400000000ns, Transform time: 4s 340000000ns
[component_container_isolated-2] [ERROR] [1789770460.267782403] [tf_help]: Transform data too old when converting from map to odom
[component_container_isolated-2] [ERROR] [1789770460.267814340] [tf_help]: Data time: 30s 400000000ns, Transform time: 4s 340000000ns
[component_container_isolated-2] [ERROR] [1789770460.317503572] [tf_help]: Transform data too old when converting from map to odom
[component_container_isolated-2] [ERROR] [1789770460.317551012] [tf_help]: Data time: 30s 400000000ns, Transform time: 4s 340000000ns
[component_container_isolated-2] [ERROR] [1789770460.367622522] [tf_help]: Transform data too old when converting from map to odom
[component_container_isolated-2] [ERROR] [1789770460.367654823] [tf_help]: Data time: 30s 400000000ns, Transform time: 4s 340000000ns
[component_container_isolated-2] [ERROR] [1789770460.417755040] [tf_help]: Transform data too old when converting from map to odom
[component_container_isolated-2] [ERROR] [1789770460.417790753] [tf_help]: Data time: 30s 400000000ns, Transform time: 4s 340000000ns
[component_container_isolated-2] [ERROR] [1789770460.467410564] [tf_help]: Transform data too old when converting from map to odom
[component_container_isolated-2] [ERROR] [1789770460.467443260] [tf_help]: Data time: 30s 400000000ns, Transform time: 4s 340000000ns
[component_container_isolated-2] [ERROR] [1789770460.518814976] [tf_help]: Transform data too old when converting from map to odom
[component_container_isolated-2] [ERROR] [1789770460.518847844] [tf_help]: Data time: 30s 400000000ns, Transform time: 4s 340000000ns
[component_container_isolated-2] [ERROR] [1789770460.568422345] [tf_help]: Transform data too old when converting from map to odom
[component_container_isolated-2] [ERROR] [1789770460.568462096] [tf_help]: Data time: 30s 400000000ns, Transform time: 4s 340000000ns
[component_container_isolated-2] [ERROR] [1789770460.618099015] [tf_help]: Transform data too old when converting from map to odom
[component_container_isolated-2] [ERROR] [1789770460.618138793] [tf_help]: Data time: 30s 400000000ns, Transform time: 4s 340000000ns
[component_container_isolated-2] [ERROR] [1789770460.667598197] [tf_help]: Transform data too old when converting from map to odom
[component_container_isolated-2] [ERROR] [1789770460.667630952] [tf_help]: Data time: 30s 400000000ns, Transform time: 4s 340000000ns
[component_container_isolated-2] [INFO] [1789770460.712458510] [controller_server]: Passing new path to controller.
[component_container_isolated-2] [ERROR] [1789770460.718013680] [tf_help]: Transform data too old when converting from map to odom
[component_container_isolated-2] [ERROR] [1789770460.718050167] [tf_help]: Data time: 31s 300000000ns, Transform time: 4s 340000000ns
[component_container_isolated-2] [ERROR] [1789770460.767880729] [tf_help]: Transform data too old when converting from map to odom
[component_container_isolated-2] [ERROR] [1789770460.767914581] [tf_help]: Data time: 31s 300000000ns, Transform time: 4s 340000000ns
[component_container_isolated-2] [ERROR] [1789770460.817841360] [tf_help]: Transform data too old when converting from map to odom
[component_container_isolated-2] [ERROR] [1789770460.817877259] [tf_help]: Data time: 31s 300000000ns, Transform time: 4s 340000000ns
[component_container_isolated-2] [ERROR] [1789770460.867620608] [tf_help]: Transform data too old when converting from map to odom
[component_container_isolated-2] [ERROR] [1789770460.867660810] [tf_help]: Data time: 31s 300000000ns, Transform time: 4s 340000000ns
[component_container_isolated-2] [ERROR] [1789770460.917720370] [tf_help]: Transform data too old when converting from map to odom
[component_container_isolated-2] [ERROR] [1789770460.917753081] [tf_help]: Data time: 31s 300000000ns, Transform time: 4s 340000000ns
[component_container_isolated-2] [INFO] [1789770460.967323936] [controller_server]: [TG-MPPI] cycle time (compute_backend=cpu): 5.341 ms/cycle avg over 50 cycles
[component_container_isolated-2] [ERROR] [1789770460.967454710] [tf_help]: Transform data too old when converting from map to odom
[component_container_isolated-2] [ERROR] [1789770460.967472236] [tf_help]: Data time: 31s 300000000ns, Transform time: 4s 340000000ns
[component_container_isolated-2] [ERROR] [1789770461.018002705] [tf_help]: Transform data too old when converting from map to odom
[component_container_isolated-2] [ERROR] [1789770461.018037299] [tf_help]: Data time: 31s 300000000ns, Transform time: 4s 340000000ns
[component_container_isolated-2] [ERROR] [1789770461.067949184] [tf_help]: Transform data too old when converting from map to odom
[component_container_isolated-2] [ERROR] [1789770461.067981485] [tf_help]: Data time: 31s 300000000ns, Transform time: 4s 340000000ns
[component_container_isolated-2] [ERROR] [1789770461.117590215] [tf_help]: Transform data too old when converting from map to odom
[component_container_isolated-2] [ERROR] [1789770461.117624173] [tf_help]: Data time: 31s 300000000ns, Transform time: 4s 340000000ns
[component_container_isolated-2] [ERROR] [1789770461.168252619] [tf_help]: Transform data too old when converting from map to odom
[component_container_isolated-2] [ERROR] [1789770461.168299265] [tf_help]: Data time: 31s 300000000ns, Transform time: 4s 340000000ns
[component_container_isolated-2] [ERROR] [1789770461.217697100] [tf_help]: Transform data too old when converting from map to odom
[component_container_isolated-2] [ERROR] [1789770461.217731280] [tf_help]: Data time: 31s 300000000ns, Transform time: 4s 340000000ns
[component_container_isolated-2] [ERROR] [1789770461.269071400] [tf_help]: Transform data too old when converting from map to odom
[component_container_isolated-2] [ERROR] [1789770461.269106174] [tf_help]: Data time: 31s 300000000ns, Transform time: 4s 340000000ns
[component_container_isolated-2] [ERROR] [1789770461.317850169] [tf_help]: Transform data too old when converting from map to odom
[component_container_isolated-2] [ERROR] [1789770461.317882944] [tf_help]: Data time: 31s 300000000ns, Transform time: 4s 340000000ns
[component_container_isolated-2] [ERROR] [1789770461.367933277] [tf_help]: Transform data too old when converting from map to odom
[component_container_isolated-2] [ERROR] [1789770461.367969974] [tf_help]: Data time: 31s 300000000ns, Transform time: 4s 340000000ns
[component_container_isolated-2] [ERROR] [1789770461.418129956] [tf_help]: Transform data too old when converting from map to odom
[component_container_isolated-2] [ERROR] [1789770461.418163267] [tf_help]: Data time: 31s 300000000ns, Transform time: 4s 340000000ns
[component_container_isolated-2] [ERROR] [1789770461.467491537] [tf_help]: Transform data too old when converting from map to odom
[component_container_isolated-2] [ERROR] [1789770461.467541663] [tf_help]: Data time: 31s 300000000ns, Transform time: 4s 340000000ns
[component_container_isolated-2] [ERROR] [1789770461.517796468] [tf_help]: Transform data too old when converting from map to odom
[component_container_isolated-2] [ERROR] [1789770461.517849940] [tf_help]: Data time: 31s 300000000ns, Transform time: 4s 340000000ns
[component_container_isolated-2] [ERROR] [1789770461.567888334] [tf_help]: Transform data too old when converting from map to odom
[component_container_isolated-2] [ERROR] [1789770461.567930460] [tf_help]: Data time: 31s 300000000ns, Transform time: 4s 340000000ns
[component_container_isolated-2] [ERROR] [1789770461.617553994] [tf_help]: Transform data too old when converting from map to odom
[component_container_isolated-2] [ERROR] [1789770461.617586280] [tf_help]: Data time: 31s 300000000ns, Transform time: 4s 340000000ns
[component_container_isolated-2] [ERROR] [1789770461.668394399] [tf_help]: Transform data too old when converting from map to odom
[component_container_isolated-2] [ERROR] [1789770461.668426132] [tf_help]: Data time: 31s 300000000ns, Transform time: 4s 340000000ns
[component_container_isolated-2] [INFO] [1789770461.712369918] [controller_server]: Passing new path to controller.
[component_container_isolated-2] [ERROR] [1789770461.718025896] [tf_help]: Transform data too old when converting from map to odom
[component_container_isolated-2] [ERROR] [1789770461.718052050] [tf_help]: Data time: 32s 200000000ns, Transform time: 4s 340000000ns
[component_container_isolated-2] [ERROR] [1789770461.767601140] [tf_help]: Transform data too old when converting from map to odom
[component_container_isolated-2] [ERROR] [1789770461.767637513] [tf_help]: Data time: 32s 200000000ns, Transform time: 4s 340000000ns
[component_container_isolated-2] [ERROR] [1789770461.818081505] [tf_help]: Transform data too old when converting from map to odom
[component_container_isolated-2] [ERROR] [1789770461.818116848] [tf_help]: Data time: 32s 200000000ns, Transform time: 4s 340000000ns
[component_container_isolated-2] [ERROR] [1789770461.867808145] [tf_help]: Transform data too old when converting from map to odom
[component_container_isolated-2] [ERROR] [1789770461.867843240] [tf_help]: Data time: 32s 200000000ns, Transform time: 4s 340000000ns
[component_container_isolated-2] [ERROR] [1789770461.918868104] [tf_help]: Transform data too old when converting from map to odom
[component_container_isolated-2] [ERROR] [1789770461.918900901] [tf_help]: Data time: 32s 200000000ns, Transform time: 4s 340000000ns
[component_container_isolated-2] [ERROR] [1789770461.968071891] [tf_help]: Transform data too old when converting from map to odom
[component_container_isolated-2] [ERROR] [1789770461.968104310] [tf_help]: Data time: 32s 200000000ns, Transform time: 4s 340000000ns
[component_container_isolated-2] [ERROR] [1789770462.018436190] [tf_help]: Transform data too old when converting from map to odom
[component_container_isolated-2] [ERROR] [1789770462.018475066] [tf_help]: Data time: 32s 200000000ns, Transform time: 4s 340000000ns
[component_container_isolated-2] [ERROR] [1789770462.068245842] [tf_help]: Transform data too old when converting from map to odom
[component_container_isolated-2] [ERROR] [1789770462.068283151] [tf_help]: Data time: 32s 200000000ns, Transform time: 4s 340000000ns
[component_container_isolated-2] [ERROR] [1789770462.117742186] [tf_help]: Transform data too old when converting from map to odom
[component_container_isolated-2] [ERROR] [1789770462.117773639] [tf_help]: Data time: 32s 200000000ns, Transform time: 4s 340000000ns
[component_container_isolated-2] [ERROR] [1789770462.167719601] [tf_help]: Transform data too old when converting from map to odom
[component_container_isolated-2] [ERROR] [1789770462.167749671] [tf_help]: Data time: 32s 200000000ns, Transform time: 4s 340000000ns
[component_container_isolated-2] [ERROR] [1789770462.217989127] [tf_help]: Transform data too old when converting from map to odom
[component_container_isolated-2] [ERROR] [1789770462.218021743] [tf_help]: Data time: 32s 200000000ns, Transform time: 4s 340000000ns
[component_container_isolated-2] [ERROR] [1789770462.267526665] [tf_help]: Transform data too old when converting from map to odom
[component_container_isolated-2] [ERROR] [1789770462.267559387] [tf_help]: Data time: 32s 200000000ns, Transform time: 4s 340000000ns
[component_container_isolated-2] [ERROR] [1789770462.317593814] [tf_help]: Transform data too old when converting from map to odom
[component_container_isolated-2] [ERROR] [1789770462.317628618] [tf_help]: Data time: 32s 200000000ns, Transform time: 4s 340000000ns
[component_container_isolated-2] [ERROR] [1789770462.368022814] [tf_help]: Transform data too old when converting from map to odom
[component_container_isolated-2] [ERROR] [1789770462.368061142] [tf_help]: Data time: 32s 200000000ns, Transform time: 4s 340000000ns
[component_container_isolated-2] [ERROR] [1789770462.417777371] [tf_help]: Transform data too old when converting from map to odom
[component_container_isolated-2] [ERROR] [1789770462.417810823] [tf_help]: Data time: 32s 200000000ns, Transform time: 4s 340000000ns
[component_container_isolated-2] [ERROR] [1789770462.467599726] [tf_help]: Transform data too old when converting from map to odom
[component_container_isolated-2] [ERROR] [1789770462.467634345] [tf_help]: Data time: 32s 200000000ns, Transform time: 4s 340000000ns
[component_container_isolated-2] [ERROR] [1789770462.517475340] [tf_help]: Transform data too old when converting from map to odom
[component_container_isolated-2] [ERROR] [1789770462.517514236] [tf_help]: Data time: 32s 200000000ns, Transform time: 4s 340000000ns
[component_container_isolated-2] [ERROR] [1789770462.567988575] [tf_help]: Transform data too old when converting from map to odom
[component_container_isolated-2] [ERROR] [1789770462.568021311] [tf_help]: Data time: 32s 200000000ns, Transform time: 4s 340000000ns
[component_container_isolated-2] [ERROR] [1789770462.618005061] [tf_help]: Transform data too old when converting from map to odom
[component_container_isolated-2] [ERROR] [1789770462.618036228] [tf_help]: Data time: 32s 200000000ns, Transform time: 4s 340000000ns
[component_container_isolated-2] [ERROR] [1789770462.668073536] [tf_help]: Transform data too old when converting from map to odom
[component_container_isolated-2] [ERROR] [1789770462.668108742] [tf_help]: Data time: 32s 200000000ns, Transform time: 4s 340000000ns
[component_container_isolated-2] [ERROR] [1789770462.717599765] [tf_help]: Transform data too old when converting from map to odom
[component_container_isolated-2] [ERROR] [1789770462.717635142] [tf_help]: Data time: 32s 200000000ns, Transform time: 4s 340000000ns
[component_container_isolated-2] [INFO] [1789770462.762342651] [controller_server]: Passing new path to controller.
[component_container_isolated-2] [ERROR] [1789770462.767848108] [tf_help]: Transform data too old when converting from map to odom
[component_container_isolated-2] [ERROR] [1789770462.767879880] [tf_help]: Data time: 33s 200000000ns, Transform time: 4s 340000000ns
[component_container_isolated-2] [ERROR] [1789770462.818273409] [tf_help]: Transform data too old when converting from map to odom
[component_container_isolated-2] [ERROR] [1789770462.818309921] [tf_help]: Data time: 33s 200000000ns, Transform time: 4s 340000000ns
[component_container_isolated-2] [ERROR] [1789770462.867708355] [tf_help]: Transform data too old when converting from map to odom
[component_container_isolated-2] [ERROR] [1789770462.867743773] [tf_help]: Data time: 33s 200000000ns, Transform time: 4s 340000000ns
[component_container_isolated-2] [ERROR] [1789770462.917800999] [tf_help]: Transform data too old when converting from map to odom
[component_container_isolated-2] [ERROR] [1789770462.917832065] [tf_help]: Data time: 33s 200000000ns, Transform time: 4s 340000000ns
[component_container_isolated-2] [ERROR] [1789770462.967526549] [tf_help]: Transform data too old when converting from map to odom
[component_container_isolated-2] [ERROR] [1789770462.967553169] [tf_help]: Data time: 33s 200000000ns, Transform time: 4s 340000000ns
[component_container_isolated-2] [ERROR] [1789770463.017826397] [tf_help]: Transform data too old when converting from map to odom
[component_container_isolated-2] [ERROR] [1789770463.017863343] [tf_help]: Data time: 33s 200000000ns, Transform time: 4s 340000000ns
[component_container_isolated-2] [ERROR] [1789770463.068174795] [tf_help]: Transform data too old when converting from map to odom
[component_container_isolated-2] [ERROR] [1789770463.068226697] [tf_help]: Data time: 33s 200000000ns, Transform time: 4s 340000000ns
[component_container_isolated-2] [ERROR] [1789770463.120805293] [tf_help]: Transform data too old when converting from map to odom
[component_container_isolated-2] [ERROR] [1789770463.120844125] [tf_help]: Data time: 33s 200000000ns, Transform time: 4s 340000000ns
[component_container_isolated-2] [ERROR] [1789770463.167926240] [tf_help]: Transform data too old when converting from map to odom
[component_container_isolated-2] [ERROR] [1789770463.167958638] [tf_help]: Data time: 33s 200000000ns, Transform time: 4s 340000000ns
[component_container_isolated-2] [ERROR] [1789770463.218796357] [tf_help]: Transform data too old when converting from map to odom
[component_container_isolated-2] [ERROR] [1789770463.218860550] [tf_help]: Data time: 33s 200000000ns, Transform time: 4s 340000000ns
[component_container_isolated-2] [ERROR] [1789770463.268579350] [tf_help]: Transform data too old when converting from map to odom
[component_container_isolated-2] [ERROR] [1789770463.268617730] [tf_help]: Data time: 33s 200000000ns, Transform time: 4s 340000000ns
[component_container_isolated-2] [ERROR] [1789770463.318115228] [tf_help]: Transform data too old when converting from map to odom
[component_container_isolated-2] [ERROR] [1789770463.318149194] [tf_help]: Data time: 33s 200000000ns, Transform time: 4s 340000000ns
[component_container_isolated-2] [ERROR] [1789770463.368853966] [tf_help]: Transform data too old when converting from map to odom
[component_container_isolated-2] [ERROR] [1789770463.368890336] [tf_help]: Data time: 33s 200000000ns, Transform time: 4s 340000000ns
[component_container_isolated-2] [ERROR] [1789770463.420090309] [tf_help]: Transform data too old when converting from map to odom
[component_container_isolated-2] [ERROR] [1789770463.420134101] [tf_help]: Data time: 33s 200000000ns, Transform time: 4s 340000000ns
[component_container_isolated-2] [INFO] [1789770463.467832773] [controller_server]: [TG-MPPI] cycle time (compute_backend=cpu): 5.459 ms/cycle avg over 50 cycles
[component_container_isolated-2] [ERROR] [1789770463.467963888] [tf_help]: Transform data too old when converting from map to odom
[component_container_isolated-2] [ERROR] [1789770463.467981122] [tf_help]: Data time: 33s 200000000ns, Transform time: 4s 340000000ns
[component_container_isolated-2] [ERROR] [1789770463.517821534] [tf_help]: Transform data too old when converting from map to odom
[component_container_isolated-2] [ERROR] [1789770463.517853589] [tf_help]: Data time: 33s 200000000ns, Transform time: 4s 340000000ns
[component_container_isolated-2] [ERROR] [1789770463.567885487] [tf_help]: Transform data too old when converting from map to odom
[component_container_isolated-2] [ERROR] [1789770463.567917446] [tf_help]: Data time: 33s 200000000ns, Transform time: 4s 340000000ns
[component_container_isolated-2] [ERROR] [1789770463.617912243] [tf_help]: Transform data too old when converting from map to odom
[component_container_isolated-2] [ERROR] [1789770463.617944502] [tf_help]: Data time: 33s 200000000ns, Transform time: 4s 340000000ns
[component_container_isolated-2] [ERROR] [1789770463.667566113] [tf_help]: Transform data too old when converting from map to odom
[component_container_isolated-2] [ERROR] [1789770463.667602002] [tf_help]: Data time: 33s 200000000ns, Transform time: 4s 340000000ns
[component_container_isolated-2] [ERROR] [1789770463.717708207] [tf_help]: Transform data too old when converting from map to odom
[component_container_isolated-2] [ERROR] [1789770463.717748023] [tf_help]: Data time: 33s 200000000ns, Transform time: 4s 340000000ns
[component_container_isolated-2] [ERROR] [1789770463.767751623] [tf_help]: Transform data too old when converting from map to odom
[component_container_isolated-2] [ERROR] [1789770463.767787443] [tf_help]: Data time: 33s 200000000ns, Transform time: 4s 340000000ns
[component_container_isolated-2] [INFO] [1789770463.812462606] [controller_server]: Passing new path to controller.
[component_container_isolated-2] [ERROR] [1789770463.818336922] [tf_help]: Transform data too old when converting from map to odom
[component_container_isolated-2] [ERROR] [1789770463.818363764] [tf_help]: Data time: 34s 100000000ns, Transform time: 4s 340000000ns
[component_container_isolated-2] [ERROR] [1789770463.872657119] [tf_help]: Transform data too old when converting from map to odom
[component_container_isolated-2] [ERROR] [1789770463.872706334] [tf_help]: Data time: 34s 100000000ns, Transform time: 4s 340000000ns
[component_container_isolated-2] [ERROR] [1789770463.917592422] [tf_help]: Transform data too old when converting from map to odom
[component_container_isolated-2] [ERROR] [1789770463.917636134] [tf_help]: Data time: 34s 100000000ns, Transform time: 4s 340000000ns
[component_container_isolated-2] [ERROR] [1789770463.971219641] [tf_help]: Transform data too old when converting from map to odom
[component_container_isolated-2] [ERROR] [1789770463.971249215] [tf_help]: Data time: 34s 100000000ns, Transform time: 4s 340000000ns
[component_container_isolated-2] [ERROR] [1789770464.017740890] [tf_help]: Transform data too old when converting from map to odom
[component_container_isolated-2] [ERROR] [1789770464.017773823] [tf_help]: Data time: 34s 100000000ns, Transform time: 4s 340000000ns
[component_container_isolated-2] [ERROR] [1789770464.067883167] [tf_help]: Transform data too old when converting from map to odom
[component_container_isolated-2] [ERROR] [1789770464.067916581] [tf_help]: Data time: 34s 100000000ns, Transform time: 4s 340000000ns
[component_container_isolated-2] [ERROR] [1789770464.117767088] [tf_help]: Transform data too old when converting from map to odom
[component_container_isolated-2] [ERROR] [1789770464.117802030] [tf_help]: Data time: 34s 100000000ns, Transform time: 4s 340000000ns
[component_container_isolated-2] [ERROR] [1789770464.167861888] [tf_help]: Transform data too old when converting from map to odom
[component_container_isolated-2] [ERROR] [1789770464.167905204] [tf_help]: Data time: 34s 100000000ns, Transform time: 4s 340000000ns
[component_container_isolated-2] [ERROR] [1789770464.218512475] [tf_help]: Transform data too old when converting from map to odom
[component_container_isolated-2] [ERROR] [1789770464.218545097] [tf_help]: Data time: 34s 100000000ns, Transform time: 4s 340000000ns
[component_container_isolated-2] [ERROR] [1789770464.267426223] [tf_help]: Transform data too old when converting from map to odom
[component_container_isolated-2] [ERROR] [1789770464.267464054] [tf_help]: Data time: 34s 100000000ns, Transform time: 4s 340000000ns
[component_container_isolated-2] [ERROR] [1789770464.317713505] [tf_help]: Transform data too old when converting from map to odom
[component_container_isolated-2] [ERROR] [1789770464.317743920] [tf_help]: Data time: 34s 100000000ns, Transform time: 4s 340000000ns
[component_container_isolated-2] [ERROR] [1789770464.367752733] [tf_help]: Transform data too old when converting from map to odom
[component_container_isolated-2] [ERROR] [1789770464.367783763] [tf_help]: Data time: 34s 100000000ns, Transform time: 4s 340000000ns
[component_container_isolated-2] [ERROR] [1789770464.417866675] [tf_help]: Transform data too old when converting from map to odom
[component_container_isolated-2] [ERROR] [1789770464.417899829] [tf_help]: Data time: 34s 100000000ns, Transform time: 4s 340000000ns
[component_container_isolated-2] [ERROR] [1789770464.467477146] [tf_help]: Transform data too old when converting from map to odom
[component_container_isolated-2] [ERROR] [1789770464.467519828] [tf_help]: Data time: 34s 100000000ns, Transform time: 4s 340000000ns
[component_container_isolated-2] [ERROR] [1789770464.518389832] [tf_help]: Transform data too old when converting from map to odom
[component_container_isolated-2] [ERROR] [1789770464.518427007] [tf_help]: Data time: 34s 100000000ns, Transform time: 4s 340000000ns
[component_container_isolated-2] [ERROR] [1789770464.567879042] [tf_help]: Transform data too old when converting from map to odom
[component_container_isolated-2] [ERROR] [1789770464.567915587] [tf_help]: Data time: 34s 100000000ns, Transform time: 4s 340000000ns
[component_container_isolated-2] [ERROR] [1789770464.617544955] [tf_help]: Transform data too old when converting from map to odom
[component_container_isolated-2] [ERROR] [1789770464.617578129] [tf_help]: Data time: 34s 100000000ns, Transform time: 4s 340000000ns
[component_container_isolated-2] [ERROR] [1789770464.669059327] [tf_help]: Transform data too old when converting from map to odom
[component_container_isolated-2] [ERROR] [1789770464.669090758] [tf_help]: Data time: 34s 100000000ns, Transform time: 4s 340000000ns
[component_container_isolated-2] [ERROR] [1789770464.717560834] [tf_help]: Transform data too old when converting from map to odom
[component_container_isolated-2] [ERROR] [1789770464.717591974] [tf_help]: Data time: 34s 100000000ns, Transform time: 4s 340000000ns
[component_container_isolated-2] [ERROR] [1789770464.767796370] [tf_help]: Transform data too old when converting from map to odom
[component_container_isolated-2] [ERROR] [1789770464.767828456] [tf_help]: Data time: 34s 100000000ns, Transform time: 4s 340000000ns
[component_container_isolated-2] [INFO] [1789770464.812360079] [controller_server]: Passing new path to controller.
[component_container_isolated-2] [ERROR] [1789770464.817960907] [tf_help]: Transform data too old when converting from map to odom
[component_container_isolated-2] [ERROR] [1789770464.817987494] [tf_help]: Data time: 35s 0ns, Transform time: 4s 340000000ns
[component_container_isolated-2] [ERROR] [1789770464.868210453] [tf_help]: Transform data too old when converting from map to odom
[component_container_isolated-2] [ERROR] [1789770464.868239896] [tf_help]: Data time: 35s 0ns, Transform time: 4s 340000000ns
[component_container_isolated-2] [ERROR] [1789770464.917891766] [tf_help]: Transform data too old when converting from map to odom
[component_container_isolated-2] [ERROR] [1789770464.917942513] [tf_help]: Data time: 35s 0ns, Transform time: 4s 340000000ns
[component_container_isolated-2] [ERROR] [1789770464.967815223] [tf_help]: Transform data too old when converting from map to odom
[component_container_isolated-2] [ERROR] [1789770464.967845157] [tf_help]: Data time: 35s 0ns, Transform time: 4s 340000000ns
[component_container_isolated-2] [ERROR] [1789770465.017777743] [tf_help]: Transform data too old when converting from map to odom
[component_container_isolated-2] [ERROR] [1789770465.017811895] [tf_help]: Data time: 35s 0ns, Transform time: 4s 340000000ns
[component_container_isolated-2] [ERROR] [1789770465.068548813] [tf_help]: Transform data too old when converting from map to odom
[component_container_isolated-2] [ERROR] [1789770465.068594907] [tf_help]: Data time: 35s 0ns, Transform time: 4s 340000000ns
[component_container_isolated-2] [ERROR] [1789770465.118717218] [tf_help]: Transform data too old when converting from map to odom
[component_container_isolated-2] [ERROR] [1789770465.118754845] [tf_help]: Data time: 35s 0ns, Transform time: 4s 340000000ns
[component_container_isolated-2] [ERROR] [1789770465.168413810] [tf_help]: Transform data too old when converting from map to odom
[component_container_isolated-2] [ERROR] [1789770465.168465262] [tf_help]: Data time: 35s 0ns, Transform time: 4s 340000000ns
[component_container_isolated-2] [ERROR] [1789770465.217940558] [tf_help]: Transform data too old when converting from map to odom
[component_container_isolated-2] [ERROR] [1789770465.217975833] [tf_help]: Data time: 35s 0ns, Transform time: 4s 340000000ns
[component_container_isolated-2] [ERROR] [1789770465.268013365] [tf_help]: Transform data too old when converting from map to odom
[component_container_isolated-2] [ERROR] [1789770465.268048204] [tf_help]: Data time: 35s 0ns, Transform time: 4s 340000000ns
[component_container_isolated-2] [ERROR] [1789770465.321353971] [tf_help]: Transform data too old when converting from map to odom
[component_container_isolated-2] [ERROR] [1789770465.321399277] [tf_help]: Data time: 35s 0ns, Transform time: 4s 340000000ns
[component_container_isolated-2] [ERROR] [1789770465.369006926] [tf_help]: Transform data too old when converting from map to odom
[component_container_isolated-2] [ERROR] [1789770465.369063170] [tf_help]: Data time: 35s 0ns, Transform time: 4s 340000000ns
[component_container_isolated-2] [ERROR] [1789770465.418594555] [tf_help]: Transform data too old when converting from map to odom
[component_container_isolated-2] [ERROR] [1789770465.418649094] [tf_help]: Data time: 35s 0ns, Transform time: 4s 340000000ns
[component_container_isolated-2] [ERROR] [1789770465.470017150] [tf_help]: Transform data too old when converting from map to odom
[component_container_isolated-2] [ERROR] [1789770465.470053285] [tf_help]: Data time: 35s 0ns, Transform time: 4s 340000000ns
[component_container_isolated-2] [ERROR] [1789770465.524682329] [tf_help]: Transform data too old when converting from map to odom
[component_container_isolated-2] [ERROR] [1789770465.524747293] [tf_help]: Data time: 35s 0ns, Transform time: 4s 340000000ns
[component_container_isolated-2] [ERROR] [1789770465.572569362] [tf_help]: Transform data too old when converting from map to odom
[component_container_isolated-2] [ERROR] [1789770465.572612663] [tf_help]: Data time: 35s 0ns, Transform time: 4s 340000000ns
[component_container_isolated-2] [ERROR] [1789770465.619834333] [tf_help]: Transform data too old when converting from map to odom
[component_container_isolated-2] [ERROR] [1789770465.619897922] [tf_help]: Data time: 35s 0ns, Transform time: 4s 340000000ns
[component_container_isolated-2] [ERROR] [1789770465.671424102] [tf_help]: Transform data too old when converting from map to odom
[component_container_isolated-2] [ERROR] [1789770465.671495400] [tf_help]: Data time: 35s 0ns, Transform time: 4s 340000000ns
[component_container_isolated-2] [ERROR] [1789770465.719659123] [tf_help]: Transform data too old when converting from map to odom
[component_container_isolated-2] [ERROR] [1789770465.719714407] [tf_help]: Data time: 35s 0ns, Transform time: 4s 340000000ns
[component_container_isolated-2] [ERROR] [1789770465.770200539] [tf_help]: Transform data too old when converting from map to odom
[component_container_isolated-2] [ERROR] [1789770465.770258741] [tf_help]: Data time: 35s 0ns, Transform time: 4s 340000000ns
[component_container_isolated-2] [ERROR] [1789770465.821116486] [tf_help]: Transform data too old when converting from map to odom
[component_container_isolated-2] [ERROR] [1789770465.821208521] [tf_help]: Data time: 35s 0ns, Transform time: 4s 340000000ns
[component_container_isolated-2] [INFO] [1789770465.862382364] [controller_server]: Passing new path to controller.
[component_container_isolated-2] [ERROR] [1789770465.869295266] [tf_help]: Transform data too old when converting from map to odom
[component_container_isolated-2] [ERROR] [1789770465.869368871] [tf_help]: Data time: 35s 900000000ns, Transform time: 4s 340000000ns
[component_container_isolated-2] [ERROR] [1789770465.919578123] [tf_help]: Transform data too old when converting from map to odom
[component_container_isolated-2] [ERROR] [1789770465.919614976] [tf_help]: Data time: 35s 900000000ns, Transform time: 4s 340000000ns
[component_container_isolated-2] [INFO] [1789770465.973231032] [controller_server]: [TG-MPPI] cycle time (compute_backend=cpu): 6.225 ms/cycle avg over 50 cycles
[component_container_isolated-2] [ERROR] [1789770465.973519484] [tf_help]: Transform data too old when converting from map to odom
[component_container_isolated-2] [ERROR] [1789770465.973568901] [tf_help]: Data time: 35s 900000000ns, Transform time: 4s 340000000ns
[component_container_isolated-2] [ERROR] [1789770466.018184191] [tf_help]: Transform data too old when converting from map to odom
[component_container_isolated-2] [ERROR] [1789770466.018227006] [tf_help]: Data time: 35s 900000000ns, Transform time: 4s 340000000ns
[component_container_isolated-2] [ERROR] [1789770466.067867251] [tf_help]: Transform data too old when converting from map to odom
[component_container_isolated-2] [ERROR] [1789770466.067901479] [tf_help]: Data time: 35s 900000000ns, Transform time: 4s 340000000ns
[component_container_isolated-2] [ERROR] [1789770466.117908912] [tf_help]: Transform data too old when converting from map to odom
[component_container_isolated-2] [ERROR] [1789770466.117941799] [tf_help]: Data time: 35s 900000000ns, Transform time: 4s 340000000ns
[component_container_isolated-2] [ERROR] [1789770466.167878866] [tf_help]: Transform data too old when converting from map to odom
[component_container_isolated-2] [ERROR] [1789770466.167911931] [tf_help]: Data time: 35s 900000000ns, Transform time: 4s 340000000ns
[component_container_isolated-2] [ERROR] [1789770466.218579211] [tf_help]: Transform data too old when converting from map to odom
[component_container_isolated-2] [ERROR] [1789770466.218628888] [tf_help]: Data time: 35s 900000000ns, Transform time: 4s 340000000ns
[component_container_isolated-2] [ERROR] [1789770466.267844209] [tf_help]: Transform data too old when converting from map to odom
[component_container_isolated-2] [ERROR] [1789770466.267880793] [tf_help]: Data time: 35s 900000000ns, Transform time: 4s 340000000ns
[component_container_isolated-2] [ERROR] [1789770466.317898402] [tf_help]: Transform data too old when converting from map to odom
[component_container_isolated-2] [ERROR] [1789770466.317940927] [tf_help]: Data time: 35s 900000000ns, Transform time: 4s 340000000ns
[component_container_isolated-2] [ERROR] [1789770466.367436477] [tf_help]: Transform data too old when converting from map to odom
[component_container_isolated-2] [ERROR] [1789770466.367470739] [tf_help]: Data time: 35s 900000000ns, Transform time: 4s 340000000ns
[component_container_isolated-2] [ERROR] [1789770466.417577241] [tf_help]: Transform data too old when converting from map to odom
[component_container_isolated-2] [ERROR] [1789770466.417610411] [tf_help]: Data time: 35s 900000000ns, Transform time: 4s 340000000ns
[component_container_isolated-2] [ERROR] [1789770466.467429026] [tf_help]: Transform data too old when converting from map to odom
[component_container_isolated-2] [ERROR] [1789770466.467469839] [tf_help]: Data time: 35s 900000000ns, Transform time: 4s 340000000ns
[component_container_isolated-2] [ERROR] [1789770466.517743250] [tf_help]: Transform data too old when converting from map to odom
[component_container_isolated-2] [ERROR] [1789770466.517778117] [tf_help]: Data time: 35s 900000000ns, Transform time: 4s 340000000ns
[component_container_isolated-2] [ERROR] [1789770466.568302073] [tf_help]: Transform data too old when converting from map to odom
[component_container_isolated-2] [ERROR] [1789770466.568366963] [tf_help]: Data time: 35s 900000000ns, Transform time: 4s 340000000ns
[component_container_isolated-2] [ERROR] [1789770466.617869259] [tf_help]: Transform data too old when converting from map to odom
[component_container_isolated-2] [ERROR] [1789770466.617900999] [tf_help]: Data time: 35s 900000000ns, Transform time: 4s 340000000ns
[component_container_isolated-2] [ERROR] [1789770466.667752393] [tf_help]: Transform data too old when converting from map to odom
[component_container_isolated-2] [ERROR] [1789770466.667783696] [tf_help]: Data time: 35s 900000000ns, Transform time: 4s 340000000ns
[component_container_isolated-2] [ERROR] [1789770466.717903327] [tf_help]: Transform data too old when converting from map to odom
[component_container_isolated-2] [ERROR] [1789770466.717937786] [tf_help]: Data time: 35s 900000000ns, Transform time: 4s 340000000ns
[component_container_isolated-2] [ERROR] [1789770466.767998589] [tf_help]: Transform data too old when converting from map to odom
[component_container_isolated-2] [ERROR] [1789770466.768036110] [tf_help]: Data time: 35s 900000000ns, Transform time: 4s 340000000ns
[component_container_isolated-2] [ERROR] [1789770466.820372170] [tf_help]: Transform data too old when converting from map to odom
[component_container_isolated-2] [ERROR] [1789770466.820409956] [tf_help]: Data time: 35s 900000000ns, Transform time: 4s 340000000ns
[component_container_isolated-2] [INFO] [1789770466.862375800] [controller_server]: Passing new path to controller.
[component_container_isolated-2] [ERROR] [1789770466.867853273] [tf_help]: Transform data too old when converting from map to odom
[component_container_isolated-2] [ERROR] [1789770466.867876428] [tf_help]: Data time: 36s 800000000ns, Transform time: 4s 340000000ns
[component_container_isolated-2] [ERROR] [1789770466.917789303] [tf_help]: Transform data too old when converting from map to odom
[component_container_isolated-2] [ERROR] [1789770466.917821558] [tf_help]: Data time: 36s 800000000ns, Transform time: 4s 340000000ns
[component_container_isolated-2] [ERROR] [1789770466.967773211] [tf_help]: Transform data too old when converting from map to odom
[component_container_isolated-2] [ERROR] [1789770466.967806036] [tf_help]: Data time: 36s 800000000ns, Transform time: 4s 340000000ns
[component_container_isolated-2] [ERROR] [1789770467.017976127] [tf_help]: Transform data too old when converting from map to odom
[component_container_isolated-2] [ERROR] [1789770467.018023633] [tf_help]: Data time: 36s 800000000ns, Transform time: 4s 340000000ns
[component_container_isolated-2] [ERROR] [1789770467.068001700] [tf_help]: Transform data too old when converting from map to odom
[component_container_isolated-2] [ERROR] [1789770467.068034995] [tf_help]: Data time: 36s 800000000ns, Transform time: 4s 340000000ns
[component_container_isolated-2] [ERROR] [1789770467.118846915] [tf_help]: Transform data too old when converting from map to odom
[component_container_isolated-2] [ERROR] [1789770467.118894641] [tf_help]: Data time: 36s 800000000ns, Transform time: 4s 340000000ns
[component_container_isolated-2] [ERROR] [1789770467.167640549] [tf_help]: Transform data too old when converting from map to odom
[component_container_isolated-2] [ERROR] [1789770467.167673463] [tf_help]: Data time: 36s 800000000ns, Transform time: 4s 340000000ns
[component_container_isolated-2] [ERROR] [1789770467.217453693] [tf_help]: Transform data too old when converting from map to odom
[component_container_isolated-2] [ERROR] [1789770467.217487780] [tf_help]: Data time: 36s 800000000ns, Transform time: 4s 340000000ns
[component_container_isolated-2] [ERROR] [1789770467.267613761] [tf_help]: Transform data too old when converting from map to odom
[component_container_isolated-2] [ERROR] [1789770467.267648335] [tf_help]: Data time: 36s 800000000ns, Transform time: 4s 340000000ns
[component_container_isolated-2] [ERROR] [1789770467.317908921] [tf_help]: Transform data too old when converting from map to odom
[component_container_isolated-2] [ERROR] [1789770467.317949411] [tf_help]: Data time: 36s 800000000ns, Transform time: 4s 340000000ns
[component_container_isolated-2] [ERROR] [1789770467.367933433] [tf_help]: Transform data too old when converting from map to odom
[component_container_isolated-2] [ERROR] [1789770467.367968577] [tf_help]: Data time: 36s 800000000ns, Transform time: 4s 340000000ns
[component_container_isolated-2] [ERROR] [1789770467.417982579] [tf_help]: Transform data too old when converting from map to odom
[component_container_isolated-2] [ERROR] [1789770467.418015947] [tf_help]: Data time: 36s 800000000ns, Transform time: 4s 340000000ns
[component_container_isolated-2] [ERROR] [1789770467.467515049] [tf_help]: Transform data too old when converting from map to odom
[component_container_isolated-2] [ERROR] [1789770467.467548552] [tf_help]: Data time: 36s 800000000ns, Transform time: 4s 340000000ns
[component_container_isolated-2] [ERROR] [1789770467.517917482] [tf_help]: Transform data too old when converting from map to odom
[component_container_isolated-2] [ERROR] [1789770467.517956034] [tf_help]: Data time: 36s 800000000ns, Transform time: 4s 340000000ns
[component_container_isolated-2] [ERROR] [1789770467.568038809] [tf_help]: Transform data too old when converting from map to odom
[component_container_isolated-2] [ERROR] [1789770467.568073031] [tf_help]: Data time: 36s 800000000ns, Transform time: 4s 340000000ns
[component_container_isolated-2] [ERROR] [1789770467.617756953] [tf_help]: Transform data too old when converting from map to odom
[component_container_isolated-2] [ERROR] [1789770467.617796891] [tf_help]: Data time: 36s 800000000ns, Transform time: 4s 340000000ns
[component_container_isolated-2] [ERROR] [1789770467.667626138] [tf_help]: Transform data too old when converting from map to odom
[component_container_isolated-2] [ERROR] [1789770467.667657659] [tf_help]: Data time: 36s 800000000ns, Transform time: 4s 340000000ns
[component_container_isolated-2] [ERROR] [1789770467.717673072] [tf_help]: Transform data too old when converting from map to odom
[component_container_isolated-2] [ERROR] [1789770467.717708928] [tf_help]: Data time: 36s 800000000ns, Transform time: 4s 340000000ns
[component_container_isolated-2] [ERROR] [1789770467.767494377] [tf_help]: Transform data too old when converting from map to odom
[component_container_isolated-2] [ERROR] [1789770467.767525725] [tf_help]: Data time: 36s 800000000ns, Transform time: 4s 340000000ns
[component_container_isolated-2] [ERROR] [1789770467.812375980] [controller_server]: Failed to make progress
[component_container_isolated-2] [WARN] [1789770467.812436118] [controller_server]: [follow_path] [ActionServer] Aborting handle.
[component_container_isolated-2] [INFO] [1789770467.832049066] [local_costmap.local_costmap]: Received request to clear entirely the local_costmap
[component_container_isolated-2] [INFO] [1789770467.832574313] [controller_server]: Received a goal, begin computing control effort.
[component_container_isolated-2] [ERROR] [1789770467.882565863] [tf_help]: Transform data too old when converting from map to odom
[component_container_isolated-2] [ERROR] [1789770467.882610052] [tf_help]: Data time: 36s 800000000ns, Transform time: 4s 340000000ns
[component_container_isolated-2] [ERROR] [1789770467.887910954] [tf_help]: Transform data too old when converting from map to odom
[component_container_isolated-2] [ERROR] [1789770467.887927971] [tf_help]: Data time: 36s 800000000ns, Transform time: 4s 340000000ns
[component_container_isolated-2] [INFO] [1789770467.932699655] [controller_server]: Passing new path to controller.
[component_container_isolated-2] [ERROR] [1789770467.941909705] [tf_help]: Transform data too old when converting from map to odom
[component_container_isolated-2] [ERROR] [1789770467.941935206] [tf_help]: Data time: 37s 700000000ns, Transform time: 4s 340000000ns
[component_container_isolated-2] [ERROR] [1789770467.988142454] [tf_help]: Transform data too old when converting from map to odom
[component_container_isolated-2] [ERROR] [1789770467.988175487] [tf_help]: Data time: 37s 700000000ns, Transform time: 4s 340000000ns
[component_container_isolated-2] [ERROR] [1789770468.038052526] [tf_help]: Transform data too old when converting from map to odom
[component_container_isolated-2] [ERROR] [1789770468.038094150] [tf_help]: Data time: 37s 700000000ns, Transform time: 4s 340000000ns
[component_container_isolated-2] [ERROR] [1789770468.088188704] [tf_help]: Transform data too old when converting from map to odom
[component_container_isolated-2] [ERROR] [1789770468.088222655] [tf_help]: Data time: 37s 700000000ns, Transform time: 4s 340000000ns
[component_container_isolated-2] [ERROR] [1789770468.137947985] [tf_help]: Transform data too old when converting from map to odom
[component_container_isolated-2] [ERROR] [1789770468.137980670] [tf_help]: Data time: 37s 700000000ns, Transform time: 4s 340000000ns
[component_container_isolated-2] [ERROR] [1789770468.187786517] [tf_help]: Transform data too old when converting from map to odom
[component_container_isolated-2] [ERROR] [1789770468.187819804] [tf_help]: Data time: 37s 700000000ns, Transform time: 4s 340000000ns
[component_container_isolated-2] [ERROR] [1789770468.238322885] [tf_help]: Transform data too old when converting from map to odom
[component_container_isolated-2] [ERROR] [1789770468.238370648] [tf_help]: Data time: 37s 700000000ns, Transform time: 4s 340000000ns
[component_container_isolated-2] [ERROR] [1789770468.288191316] [tf_help]: Transform data too old when converting from map to odom
[component_container_isolated-2] [ERROR] [1789770468.288224027] [tf_help]: Data time: 37s 700000000ns, Transform time: 4s 340000000ns
[component_container_isolated-2] [ERROR] [1789770468.338481940] [tf_help]: Transform data too old when converting from map to odom
[component_container_isolated-2] [ERROR] [1789770468.338528176] [tf_help]: Data time: 37s 700000000ns, Transform time: 4s 340000000ns
[component_container_isolated-2] [ERROR] [1789770468.390343144] [tf_help]: Transform data too old when converting from map to odom
[component_container_isolated-2] [ERROR] [1789770468.390390715] [tf_help]: Data time: 37s 700000000ns, Transform time: 4s 340000000ns
[component_container_isolated-2] [ERROR] [1789770468.438797779] [tf_help]: Transform data too old when converting from map to odom
[component_container_isolated-2] [ERROR] [1789770468.438858559] [tf_help]: Data time: 37s 700000000ns, Transform time: 4s 340000000ns
[component_container_isolated-2] [INFO] [1789770468.488296230] [controller_server]: [TG-MPPI] cycle time (compute_backend=cpu): 5.490 ms/cycle avg over 50 cycles
[component_container_isolated-2] [ERROR] [1789770468.488509083] [tf_help]: Transform data too old when converting from map to odom
[component_container_isolated-2] [ERROR] [1789770468.488536199] [tf_help]: Data time: 37s 700000000ns, Transform time: 4s 340000000ns
[component_container_isolated-2] [ERROR] [1789770468.539428811] [tf_help]: Transform data too old when converting from map to odom
[component_container_isolated-2] [ERROR] [1789770468.539502370] [tf_help]: Data time: 37s 700000000ns, Transform time: 4s 340000000ns
[component_container_isolated-2] [ERROR] [1789770468.591455986] [tf_help]: Transform data too old when converting from map to odom
[component_container_isolated-2] [ERROR] [1789770468.591522005] [tf_help]: Data time: 37s 700000000ns, Transform time: 4s 340000000ns
[component_container_isolated-2] [ERROR] [1789770468.639466531] [tf_help]: Transform data too old when converting from map to odom
[component_container_isolated-2] [ERROR] [1789770468.639509382] [tf_help]: Data time: 37s 700000000ns, Transform time: 4s 340000000ns
[component_container_isolated-2] [ERROR] [1789770468.688988998] [tf_help]: Transform data too old when converting from map to odom
[component_container_isolated-2] [ERROR] [1789770468.689055707] [tf_help]: Data time: 37s 700000000ns, Transform time: 4s 340000000ns
[component_container_isolated-2] [ERROR] [1789770468.742225988] [tf_help]: Transform data too old when converting from map to odom
[component_container_isolated-2] [ERROR] [1789770468.742273206] [tf_help]: Data time: 37s 700000000ns, Transform time: 4s 340000000ns
[component_container_isolated-2] [ERROR] [1789770468.788602215] [tf_help]: Transform data too old when converting from map to odom
[component_container_isolated-2] [ERROR] [1789770468.788641388] [tf_help]: Data time: 37s 700000000ns, Transform time: 4s 340000000ns
[component_container_isolated-2] [ERROR] [1789770468.838158533] [tf_help]: Transform data too old when converting from map to odom
[component_container_isolated-2] [ERROR] [1789770468.838190680] [tf_help]: Data time: 37s 700000000ns, Transform time: 4s 340000000ns
[component_container_isolated-2] [ERROR] [1789770468.888131103] [tf_help]: Transform data too old when converting from map to odom
[component_container_isolated-2] [ERROR] [1789770468.888177364] [tf_help]: Data time: 37s 700000000ns, Transform time: 4s 340000000ns
[component_container_isolated-2] [INFO] [1789770468.932694433] [controller_server]: Passing new path to controller.
[component_container_isolated-2] [ERROR] [1789770468.937843656] [tf_help]: Transform data too old when converting from map to odom
[component_container_isolated-2] [ERROR] [1789770468.937868568] [tf_help]: Data time: 38s 700000000ns, Transform time: 4s 340000000ns
[component_container_isolated-2] [ERROR] [1789770468.988238277] [tf_help]: Transform data too old when converting from map to odom
[component_container_isolated-2] [ERROR] [1789770468.988278501] [tf_help]: Data time: 38s 700000000ns, Transform time: 4s 340000000ns
[component_container_isolated-2] [ERROR] [1789770469.039167232] [tf_help]: Transform data too old when converting from map to odom
[component_container_isolated-2] [ERROR] [1789770469.039203519] [tf_help]: Data time: 38s 700000000ns, Transform time: 4s 340000000ns
[component_container_isolated-2] [ERROR] [1789770469.089133856] [tf_help]: Transform data too old when converting from map to odom
[component_container_isolated-2] [ERROR] [1789770469.089167486] [tf_help]: Data time: 38s 700000000ns, Transform time: 4s 340000000ns
[component_container_isolated-2] [ERROR] [1789770469.137761968] [tf_help]: Transform data too old when converting from map to odom
[component_container_isolated-2] [ERROR] [1789770469.137796862] [tf_help]: Data time: 38s 700000000ns, Transform time: 4s 340000000ns
[component_container_isolated-2] [ERROR] [1789770469.187729491] [tf_help]: Transform data too old when converting from map to odom
[component_container_isolated-2] [ERROR] [1789770469.187760854] [tf_help]: Data time: 38s 700000000ns, Transform time: 4s 340000000ns
[component_container_isolated-2] [ERROR] [1789770469.239612651] [tf_help]: Transform data too old when converting from map to odom
[component_container_isolated-2] [ERROR] [1789770469.239646606] [tf_help]: Data time: 38s 700000000ns, Transform time: 4s 340000000ns
[component_container_isolated-2] [ERROR] [1789770469.288272480] [tf_help]: Transform data too old when converting from map to odom
[component_container_isolated-2] [ERROR] [1789770469.288304200] [tf_help]: Data time: 38s 700000000ns, Transform time: 4s 340000000ns
[component_container_isolated-2] [ERROR] [1789770469.338178922] [tf_help]: Transform data too old when converting from map to odom
[component_container_isolated-2] [ERROR] [1789770469.338211724] [tf_help]: Data time: 38s 700000000ns, Transform time: 4s 340000000ns
[component_container_isolated-2] [ERROR] [1789770469.387976793] [tf_help]: Transform data too old when converting from map to odom
[component_container_isolated-2] [ERROR] [1789770469.388011551] [tf_help]: Data time: 38s 700000000ns, Transform time: 4s 340000000ns
[component_container_isolated-2] [ERROR] [1789770469.437813454] [tf_help]: Transform data too old when converting from map to odom
[component_container_isolated-2] [ERROR] [1789770469.437843008] [tf_help]: Data time: 38s 700000000ns, Transform time: 4s 340000000ns
[component_container_isolated-2] [ERROR] [1789770469.487837181] [tf_help]: Transform data too old when converting from map to odom
[component_container_isolated-2] [ERROR] [1789770469.487881523] [tf_help]: Data time: 38s 700000000ns, Transform time: 4s 340000000ns
[component_container_isolated-2] [ERROR] [1789770469.538305690] [tf_help]: Transform data too old when converting from map to odom
[component_container_isolated-2] [ERROR] [1789770469.538341490] [tf_help]: Data time: 38s 700000000ns, Transform time: 4s 340000000ns
[component_container_isolated-2] [ERROR] [1789770469.588333437] [tf_help]: Transform data too old when converting from map to odom
[component_container_isolated-2] [ERROR] [1789770469.588365258] [tf_help]: Data time: 38s 700000000ns, Transform time: 4s 340000000ns
[component_container_isolated-2] [ERROR] [1789770469.638026671] [tf_help]: Transform data too old when converting from map to odom
[component_container_isolated-2] [ERROR] [1789770469.638059774] [tf_help]: Data time: 38s 700000000ns, Transform time: 4s 340000000ns
[component_container_isolated-2] [ERROR] [1789770469.687962697] [tf_help]: Transform data too old when converting from map to odom
[component_container_isolated-2] [ERROR] [1789770469.687992614] [tf_help]: Data time: 38s 700000000ns, Transform time: 4s 340000000ns
[component_container_isolated-2] [ERROR] [1789770469.737973306] [tf_help]: Transform data too old when converting from map to odom
[component_container_isolated-2] [ERROR] [1789770469.738007890] [tf_help]: Data time: 38s 700000000ns, Transform time: 4s 340000000ns
[component_container_isolated-2] [ERROR] [1789770469.788629669] [tf_help]: Transform data too old when converting from map to odom
[component_container_isolated-2] [ERROR] [1789770469.788680485] [tf_help]: Data time: 38s 700000000ns, Transform time: 4s 340000000ns
[component_container_isolated-2] [ERROR] [1789770469.837928078] [tf_help]: Transform data too old when converting from map to odom
[component_container_isolated-2] [ERROR] [1789770469.837960696] [tf_help]: Data time: 38s 700000000ns, Transform time: 4s 340000000ns
[component_container_isolated-2] [ERROR] [1789770469.888419009] [tf_help]: Transform data too old when converting from map to odom
[component_container_isolated-2] [ERROR] [1789770469.888464255] [tf_help]: Data time: 38s 700000000ns, Transform time: 4s 340000000ns
[component_container_isolated-2] [ERROR] [1789770469.938105719] [tf_help]: Transform data too old when converting from map to odom
[component_container_isolated-2] [ERROR] [1789770469.938135910] [tf_help]: Data time: 38s 700000000ns, Transform time: 4s 340000000ns
[component_container_isolated-2] [INFO] [1789770469.982704197] [controller_server]: Passing new path to controller.
[component_container_isolated-2] [ERROR] [1789770469.988350436] [tf_help]: Transform data too old when converting from map to odom
[component_container_isolated-2] [ERROR] [1789770469.988380982] [tf_help]: Data time: 39s 600000000ns, Transform time: 4s 340000000ns
[component_container_isolated-2] [ERROR] [1789770470.037944460] [tf_help]: Transform data too old when converting from map to odom
[component_container_isolated-2] [ERROR] [1789770470.037979695] [tf_help]: Data time: 39s 600000000ns, Transform time: 4s 340000000ns
[component_container_isolated-2] [ERROR] [1789770470.087929521] [tf_help]: Transform data too old when converting from map to odom
[component_container_isolated-2] [ERROR] [1789770470.087967771] [tf_help]: Data time: 39s 600000000ns, Transform time: 4s 340000000ns
[component_container_isolated-2] [ERROR] [1789770470.138591445] [tf_help]: Transform data too old when converting from map to odom
[component_container_isolated-2] [ERROR] [1789770470.138626760] [tf_help]: Data time: 39s 600000000ns, Transform time: 4s 340000000ns
[component_container_isolated-2] [ERROR] [1789770470.189502820] [tf_help]: Transform data too old when converting from map to odom
[component_container_isolated-2] [ERROR] [1789770470.189543784] [tf_help]: Data time: 39s 600000000ns, Transform time: 4s 340000000ns
[component_container_isolated-2] [ERROR] [1789770470.238051303] [tf_help]: Transform data too old when converting from map to odom
[component_container_isolated-2] [ERROR] [1789770470.238085945] [tf_help]: Data time: 39s 600000000ns, Transform time: 4s 340000000ns
[ground_truth_localizer-1] [INFO] [1789770470.258160821] [ground_truth_localizer]: last 10 s: ground truth msgs 294, map->odom published 294 (287 via latest odom TF)
[component_container_isolated-2] [ERROR] [1789770470.289013333] [tf_help]: Transform data too old when converting from map to odom
[component_container_isolated-2] [ERROR] [1789770470.289043156] [tf_help]: Data time: 39s 600000000ns, Transform time: 4s 340000000ns
[component_container_isolated-2] [ERROR] [1789770470.340244331] [tf_help]: Transform data too old when converting from map to odom
[component_container_isolated-2] [ERROR] [1789770470.340276239] [tf_help]: Data time: 39s 600000000ns, Transform time: 4s 340000000ns
[component_container_isolated-2] [ERROR] [1789770470.388506280] [tf_help]: Transform data too old when converting from map to odom
[component_container_isolated-2] [ERROR] [1789770470.388545198] [tf_help]: Data time: 39s 600000000ns, Transform time: 4s 340000000ns
[component_container_isolated-2] [ERROR] [1789770470.438382658] [tf_help]: Transform data too old when converting from map to odom
[component_container_isolated-2] [ERROR] [1789770470.438414986] [tf_help]: Data time: 39s 600000000ns, Transform time: 4s 340000000ns
[component_container_isolated-2] [ERROR] [1789770470.489040410] [tf_help]: Transform data too old when converting from map to odom
[component_container_isolated-2] [ERROR] [1789770470.489076394] [tf_help]: Data time: 39s 600000000ns, Transform time: 4s 340000000ns
[component_container_isolated-2] [ERROR] [1789770470.538694401] [tf_help]: Transform data too old when converting from map to odom
[component_container_isolated-2] [ERROR] [1789770470.538743727] [tf_help]: Data time: 39s 600000000ns, Transform time: 4s 340000000ns
[component_container_isolated-2] [ERROR] [1789770470.588541803] [tf_help]: Transform data too old when converting from map to odom
[component_container_isolated-2] [ERROR] [1789770470.588590041] [tf_help]: Data time: 39s 600000000ns, Transform time: 4s 340000000ns
[component_container_isolated-2] [ERROR] [1789770470.638625611] [tf_help]: Transform data too old when converting from map to odom
[component_container_isolated-2] [ERROR] [1789770470.638658351] [tf_help]: Data time: 39s 600000000ns, Transform time: 4s 340000000ns
[component_container_isolated-2] [ERROR] [1789770470.689715971] [tf_help]: Transform data too old when converting from map to odom
[component_container_isolated-2] [ERROR] [1789770470.689768167] [tf_help]: Data time: 39s 600000000ns, Transform time: 4s 340000000ns
[component_container_isolated-2] [ERROR] [1789770470.739349752] [tf_help]: Transform data too old when converting from map to odom
[component_container_isolated-2] [ERROR] [1789770470.739389222] [tf_help]: Data time: 39s 600000000ns, Transform time: 4s 340000000ns
[component_container_isolated-2] [ERROR] [1789770470.788239172] [tf_help]: Transform data too old when converting from map to odom
[component_container_isolated-2] [ERROR] [1789770470.788278613] [tf_help]: Data time: 39s 600000000ns, Transform time: 4s 340000000ns
[component_container_isolated-2] [ERROR] [1789770470.838314418] [tf_help]: Transform data too old when converting from map to odom
[component_container_isolated-2] [ERROR] [1789770470.838360768] [tf_help]: Data time: 39s 600000000ns, Transform time: 4s 340000000ns
[component_container_isolated-2] [ERROR] [1789770470.890496473] [tf_help]: Transform data too old when converting from map to odom
[component_container_isolated-2] [ERROR] [1789770470.890555397] [tf_help]: Data time: 39s 600000000ns, Transform time: 4s 340000000ns
[component_container_isolated-2] [ERROR] [1789770470.940515141] [tf_help]: Transform data too old when converting from map to odom
[component_container_isolated-2] [ERROR] [1789770470.940594729] [tf_help]: Data time: 39s 600000000ns, Transform time: 4s 340000000ns
[component_container_isolated-2] [INFO] [1789770470.982874051] [controller_server]: Passing new path to controller.
[component_container_isolated-2] [INFO] [1789770470.989974811] [controller_server]: [TG-MPPI] cycle time (compute_backend=cpu): 5.784 ms/cycle avg over 50 cycles
[component_container_isolated-2] [ERROR] [1789770470.990108723] [tf_help]: Transform data too old when converting from map to odom
[component_container_isolated-2] [ERROR] [1789770470.990126563] [tf_help]: Data time: 40s 600000000ns, Transform time: 4s 340000000ns
[component_container_isolated-2] [ERROR] [1789770471.042423962] [tf_help]: Transform data too old when converting from map to odom
[component_container_isolated-2] [ERROR] [1789770471.042465628] [tf_help]: Data time: 40s 600000000ns, Transform time: 4s 340000000ns
[component_container_isolated-2] [ERROR] [1789770471.088207005] [tf_help]: Transform data too old when converting from map to odom
[component_container_isolated-2] [ERROR] [1789770471.088237138] [tf_help]: Data time: 40s 600000000ns, Transform time: 4s 340000000ns
[component_container_isolated-2] [ERROR] [1789770471.143511684] [tf_help]: Transform data too old when converting from map to odom
[component_container_isolated-2] [ERROR] [1789770471.143594895] [tf_help]: Data time: 40s 600000000ns, Transform time: 4s 340000000ns
[component_container_isolated-2] [ERROR] [1789770471.194142653] [tf_help]: Transform data too old when converting from map to odom
[component_container_isolated-2] [ERROR] [1789770471.194190439] [tf_help]: Data time: 40s 600000000ns, Transform time: 4s 340000000ns
[component_container_isolated-2] [ERROR] [1789770471.244315243] [tf_help]: Transform data too old when converting from map to odom
[component_container_isolated-2] [ERROR] [1789770471.244367621] [tf_help]: Data time: 40s 600000000ns, Transform time: 4s 340000000ns
[component_container_isolated-2] [ERROR] [1789770471.290716624] [tf_help]: Transform data too old when converting from map to odom
[component_container_isolated-2] [ERROR] [1789770471.290777720] [tf_help]: Data time: 40s 600000000ns, Transform time: 4s 340000000ns
[component_container_isolated-2] [ERROR] [1789770471.340405630] [tf_help]: Transform data too old when converting from map to odom
[component_container_isolated-2] [ERROR] [1789770471.340447996] [tf_help]: Data time: 40s 600000000ns, Transform time: 4s 340000000ns
[component_container_isolated-2] [ERROR] [1789770471.390676659] [tf_help]: Transform data too old when converting from map to odom
[component_container_isolated-2] [ERROR] [1789770471.390706029] [tf_help]: Data time: 40s 600000000ns, Transform time: 4s 340000000ns
[component_container_isolated-2] [ERROR] [1789770471.441138498] [tf_help]: Transform data too old when converting from map to odom
[component_container_isolated-2] [ERROR] [1789770471.441208174] [tf_help]: Data time: 40s 600000000ns, Transform time: 4s 340000000ns
[component_container_isolated-2] [ERROR] [1789770471.490928745] [tf_help]: Transform data too old when converting from map to odom
[component_container_isolated-2] [ERROR] [1789770471.491013603] [tf_help]: Data time: 40s 600000000ns, Transform time: 4s 340000000ns
[component_container_isolated-2] [ERROR] [1789770471.541595560] [tf_help]: Transform data too old when converting from map to odom
[component_container_isolated-2] [ERROR] [1789770471.541653474] [tf_help]: Data time: 40s 600000000ns, Transform time: 4s 340000000ns
[component_container_isolated-2] [ERROR] [1789770471.588605645] [tf_help]: Transform data too old when converting from map to odom
[component_container_isolated-2] [ERROR] [1789770471.588640598] [tf_help]: Data time: 40s 600000000ns, Transform time: 4s 340000000ns
[component_container_isolated-2] [ERROR] [1789770471.639841867] [tf_help]: Transform data too old when converting from map to odom
[component_container_isolated-2] [ERROR] [1789770471.639889187] [tf_help]: Data time: 40s 600000000ns, Transform time: 4s 340000000ns
[component_container_isolated-2] [ERROR] [1789770471.688595843] [tf_help]: Transform data too old when converting from map to odom
[component_container_isolated-2] [ERROR] [1789770471.688626557] [tf_help]: Data time: 40s 600000000ns, Transform time: 4s 340000000ns
[component_container_isolated-2] [ERROR] [1789770471.737833655] [tf_help]: Transform data too old when converting from map to odom
[component_container_isolated-2] [ERROR] [1789770471.737874268] [tf_help]: Data time: 40s 600000000ns, Transform time: 4s 340000000ns
[component_container_isolated-2] [ERROR] [1789770471.788336266] [tf_help]: Transform data too old when converting from map to odom
[component_container_isolated-2] [ERROR] [1789770471.788372356] [tf_help]: Data time: 40s 600000000ns, Transform time: 4s 340000000ns
[component_container_isolated-2] [ERROR] [1789770471.838843501] [tf_help]: Transform data too old when converting from map to odom
[component_container_isolated-2] [ERROR] [1789770471.838874770] [tf_help]: Data time: 40s 600000000ns, Transform time: 4s 340000000ns
[component_container_isolated-2] [ERROR] [1789770471.889473837] [tf_help]: Transform data too old when converting from map to odom
[component_container_isolated-2] [ERROR] [1789770471.889510486] [tf_help]: Data time: 40s 600000000ns, Transform time: 4s 340000000ns
[component_container_isolated-2] [ERROR] [1789770471.938762253] [tf_help]: Transform data too old when converting from map to odom
[component_container_isolated-2] [ERROR] [1789770471.938792085] [tf_help]: Data time: 40s 600000000ns, Transform time: 4s 340000000ns
[component_container_isolated-2] [ERROR] [1789770471.989929365] [tf_help]: Transform data too old when converting from map to odom
[component_container_isolated-2] [ERROR] [1789770471.989955972] [tf_help]: Data time: 40s 600000000ns, Transform time: 4s 340000000ns
[component_container_isolated-2] [INFO] [1789770472.032699697] [controller_server]: Passing new path to controller.
[component_container_isolated-2] [ERROR] [1789770472.038242356] [tf_help]: Transform data too old when converting from map to odom
[component_container_isolated-2] [ERROR] [1789770472.038275504] [tf_help]: Data time: 41s 600000000ns, Transform time: 4s 340000000ns
[component_container_isolated-2] [ERROR] [1789770472.090022872] [tf_help]: Transform data too old when converting from map to odom
[component_container_isolated-2] [ERROR] [1789770472.090095649] [tf_help]: Data time: 41s 600000000ns, Transform time: 4s 340000000ns
[component_container_isolated-2] [ERROR] [1789770472.140381484] [tf_help]: Transform data too old when converting from map to odom
[component_container_isolated-2] [ERROR] [1789770472.140458328] [tf_help]: Data time: 41s 600000000ns, Transform time: 4s 340000000ns
[component_container_isolated-2] [ERROR] [1789770472.191123744] [tf_help]: Transform data too old when converting from map to odom
[component_container_isolated-2] [ERROR] [1789770472.191195114] [tf_help]: Data time: 41s 600000000ns, Transform time: 4s 340000000ns
[component_container_isolated-2] [ERROR] [1789770472.243688939] [tf_help]: Transform data too old when converting from map to odom
[component_container_isolated-2] [ERROR] [1789770472.243726966] [tf_help]: Data time: 41s 600000000ns, Transform time: 4s 340000000ns
[component_container_isolated-2] [ERROR] [1789770472.290151280] [tf_help]: Transform data too old when converting from map to odom
[component_container_isolated-2] [ERROR] [1789770472.290197721] [tf_help]: Data time: 41s 600000000ns, Transform time: 4s 340000000ns
[component_container_isolated-2] [ERROR] [1789770472.339824543] [tf_help]: Transform data too old when converting from map to odom
[component_container_isolated-2] [ERROR] [1789770472.339871906] [tf_help]: Data time: 41s 600000000ns, Transform time: 4s 340000000ns
[component_container_isolated-2] [ERROR] [1789770472.390019576] [tf_help]: Transform data too old when converting from map to odom
[component_container_isolated-2] [ERROR] [1789770472.390053125] [tf_help]: Data time: 41s 600000000ns, Transform time: 4s 340000000ns
[component_container_isolated-2] [ERROR] [1789770472.439429142] [tf_help]: Transform data too old when converting from map to odom
[component_container_isolated-2] [ERROR] [1789770472.439477620] [tf_help]: Data time: 41s 600000000ns, Transform time: 4s 340000000ns
[component_container_isolated-2] [ERROR] [1789770472.488100919] [tf_help]: Transform data too old when converting from map to odom
[component_container_isolated-2] [ERROR] [1789770472.488138889] [tf_help]: Data time: 41s 600000000ns, Transform time: 4s 340000000ns
[component_container_isolated-2] [ERROR] [1789770472.538160793] [tf_help]: Transform data too old when converting from map to odom
[component_container_isolated-2] [ERROR] [1789770472.538201383] [tf_help]: Data time: 41s 600000000ns, Transform time: 4s 340000000ns
[component_container_isolated-2] [ERROR] [1789770472.588698369] [tf_help]: Transform data too old when converting from map to odom
[component_container_isolated-2] [ERROR] [1789770472.588742205] [tf_help]: Data time: 41s 600000000ns, Transform time: 4s 340000000ns
[component_container_isolated-2] [ERROR] [1789770472.638739928] [tf_help]: Transform data too old when converting from map to odom
[component_container_isolated-2] [ERROR] [1789770472.638773817] [tf_help]: Data time: 41s 600000000ns, Transform time: 4s 340000000ns
[component_container_isolated-2] [ERROR] [1789770472.688832788] [tf_help]: Transform data too old when converting from map to odom
[component_container_isolated-2] [ERROR] [1789770472.688868456] [tf_help]: Data time: 41s 600000000ns, Transform time: 4s 340000000ns
[component_container_isolated-2] [ERROR] [1789770472.739697906] [tf_help]: Transform data too old when converting from map to odom
[component_container_isolated-2] [ERROR] [1789770472.739729260] [tf_help]: Data time: 41s 600000000ns, Transform time: 4s 340000000ns
[component_container_isolated-2] [ERROR] [1789770472.788223905] [tf_help]: Transform data too old when converting from map to odom
[component_container_isolated-2] [ERROR] [1789770472.788254669] [tf_help]: Data time: 41s 600000000ns, Transform time: 4s 340000000ns
[component_container_isolated-2] [ERROR] [1789770472.838327796] [tf_help]: Transform data too old when converting from map to odom
[component_container_isolated-2] [ERROR] [1789770472.838358443] [tf_help]: Data time: 41s 600000000ns, Transform time: 4s 340000000ns
[component_container_isolated-2] [ERROR] [1789770472.887972340] [tf_help]: Transform data too old when converting from map to odom
[component_container_isolated-2] [ERROR] [1789770472.888010069] [tf_help]: Data time: 41s 600000000ns, Transform time: 4s 340000000ns
[component_container_isolated-2] [ERROR] [1789770472.938531477] [tf_help]: Transform data too old when converting from map to odom
[component_container_isolated-2] [ERROR] [1789770472.938582629] [tf_help]: Data time: 41s 600000000ns, Transform time: 4s 340000000ns
[component_container_isolated-2] [ERROR] [1789770472.988629658] [tf_help]: Transform data too old when converting from map to odom
[component_container_isolated-2] [ERROR] [1789770472.988671432] [tf_help]: Data time: 41s 600000000ns, Transform time: 4s 340000000ns
[component_container_isolated-2] [ERROR] [1789770473.038122841] [tf_help]: Transform data too old when converting from map to odom
[component_container_isolated-2] [ERROR] [1789770473.038156724] [tf_help]: Data time: 41s 600000000ns, Transform time: 4s 340000000ns
[component_container_isolated-2] [INFO] [1789770473.082809036] [controller_server]: Passing new path to controller.
[component_container_isolated-2] [ERROR] [1789770473.088620427] [tf_help]: Transform data too old when converting from map to odom
[component_container_isolated-2] [ERROR] [1789770473.088645085] [tf_help]: Data time: 42s 500000000ns, Transform time: 4s 340000000ns
[component_container_isolated-2] [ERROR] [1789770473.138025913] [tf_help]: Transform data too old when converting from map to odom
[component_container_isolated-2] [ERROR] [1789770473.138065816] [tf_help]: Data time: 42s 500000000ns, Transform time: 4s 340000000ns
[component_container_isolated-2] [ERROR] [1789770473.188513455] [tf_help]: Transform data too old when converting from map to odom
[component_container_isolated-2] [ERROR] [1789770473.188544092] [tf_help]: Data time: 42s 500000000ns, Transform time: 4s 340000000ns
[component_container_isolated-2] [ERROR] [1789770473.238325346] [tf_help]: Transform data too old when converting from map to odom
[component_container_isolated-2] [ERROR] [1789770473.238369100] [tf_help]: Data time: 42s 500000000ns, Transform time: 4s 340000000ns
[component_container_isolated-2] [ERROR] [1789770473.290402552] [tf_help]: Transform data too old when converting from map to odom
[component_container_isolated-2] [ERROR] [1789770473.290442519] [tf_help]: Data time: 42s 500000000ns, Transform time: 4s 340000000ns
[component_container_isolated-2] [ERROR] [1789770473.338638086] [tf_help]: Transform data too old when converting from map to odom
[component_container_isolated-2] [ERROR] [1789770473.338670158] [tf_help]: Data time: 42s 500000000ns, Transform time: 4s 340000000ns
[component_container_isolated-2] [ERROR] [1789770473.389989335] [tf_help]: Transform data too old when converting from map to odom
[component_container_isolated-2] [ERROR] [1789770473.390022502] [tf_help]: Data time: 42s 500000000ns, Transform time: 4s 340000000ns
[component_container_isolated-2] [ERROR] [1789770473.438358787] [tf_help]: Transform data too old when converting from map to odom
[component_container_isolated-2] [ERROR] [1789770473.438394071] [tf_help]: Data time: 42s 500000000ns, Transform time: 4s 340000000ns
[component_container_isolated-2] [INFO] [1789770473.487919798] [controller_server]: [TG-MPPI] cycle time (compute_backend=cpu): 6.633 ms/cycle avg over 50 cycles
[component_container_isolated-2] [ERROR] [1789770473.488042052] [tf_help]: Transform data too old when converting from map to odom
[component_container_isolated-2] [ERROR] [1789770473.488061002] [tf_help]: Data time: 42s 500000000ns, Transform time: 4s 340000000ns
[component_container_isolated-2] [ERROR] [1789770473.538645828] [tf_help]: Transform data too old when converting from map to odom
[component_container_isolated-2] [ERROR] [1789770473.538685478] [tf_help]: Data time: 42s 500000000ns, Transform time: 4s 340000000ns
[component_container_isolated-2] [ERROR] [1789770473.590720612] [tf_help]: Transform data too old when converting from map to odom
[component_container_isolated-2] [ERROR] [1789770473.590771183] [tf_help]: Data time: 42s 500000000ns, Transform time: 4s 340000000ns
[component_container_isolated-2] [ERROR] [1789770473.643782310] [tf_help]: Transform data too old when converting from map to odom
[component_container_isolated-2] [ERROR] [1789770473.643866322] [tf_help]: Data time: 42s 500000000ns, Transform time: 4s 340000000ns
[component_container_isolated-2] [ERROR] [1789770473.691359632] [tf_help]: Transform data too old when converting from map to odom
[component_container_isolated-2] [ERROR] [1789770473.691460404] [tf_help]: Data time: 42s 500000000ns, Transform time: 4s 340000000ns
[component_container_isolated-2] [ERROR] [1789770473.747969261] [tf_help]: Transform data too old when converting from map to odom
[component_container_isolated-2] [ERROR] [1789770473.748060928] [tf_help]: Data time: 42s 500000000ns, Transform time: 4s 340000000ns
[component_container_isolated-2] [ERROR] [1789770473.794894583] [tf_help]: Transform data too old when converting from map to odom
[component_container_isolated-2] [ERROR] [1789770473.794948438] [tf_help]: Data time: 42s 500000000ns, Transform time: 4s 340000000ns
[component_container_isolated-2] [ERROR] [1789770473.843693534] [tf_help]: Transform data too old when converting from map to odom
[component_container_isolated-2] [ERROR] [1789770473.843738702] [tf_help]: Data time: 42s 500000000ns, Transform time: 4s 340000000ns
[component_container_isolated-2] [ERROR] [1789770473.892659174] [tf_help]: Transform data too old when converting from map to odom
[component_container_isolated-2] [ERROR] [1789770473.892693431] [tf_help]: Data time: 42s 500000000ns, Transform time: 4s 340000000ns
[component_container_isolated-2] [ERROR] [1789770473.938051251] [tf_help]: Transform data too old when converting from map to odom
[component_container_isolated-2] [ERROR] [1789770473.938081514] [tf_help]: Data time: 42s 500000000ns, Transform time: 4s 340000000ns
[component_container_isolated-2] [ERROR] [1789770473.988513204] [tf_help]: Transform data too old when converting from map to odom
[component_container_isolated-2] [ERROR] [1789770473.988545077] [tf_help]: Data time: 42s 500000000ns, Transform time: 4s 340000000ns
[component_container_isolated-2] [ERROR] [1789770474.039413701] [tf_help]: Transform data too old when converting from map to odom
[component_container_isolated-2] [ERROR] [1789770474.039470620] [tf_help]: Data time: 42s 500000000ns, Transform time: 4s 340000000ns
[component_container_isolated-2] [INFO] [1789770474.082696384] [controller_server]: Passing new path to controller.
[component_container_isolated-2] [ERROR] [1789770474.088025864] [tf_help]: Transform data too old when converting from map to odom
[component_container_isolated-2] [ERROR] [1789770474.088049072] [tf_help]: Data time: 43s 500000000ns, Transform time: 4s 340000000ns
[component_container_isolated-2] [ERROR] [1789770474.137858506] [tf_help]: Transform data too old when converting from map to odom
[component_container_isolated-2] [ERROR] [1789770474.137892273] [tf_help]: Data time: 43s 500000000ns, Transform time: 4s 340000000ns
[component_container_isolated-2] [ERROR] [1789770474.190159611] [tf_help]: Transform data too old when converting from map to odom
[component_container_isolated-2] [ERROR] [1789770474.190195254] [tf_help]: Data time: 43s 500000000ns, Transform time: 4s 340000000ns
[component_container_isolated-2] [ERROR] [1789770474.238244690] [tf_help]: Transform data too old when converting from map to odom
[component_container_isolated-2] [ERROR] [1789770474.238288285] [tf_help]: Data time: 43s 500000000ns, Transform time: 4s 340000000ns
[component_container_isolated-2] [ERROR] [1789770474.287855077] [tf_help]: Transform data too old when converting from map to odom
[component_container_isolated-2] [ERROR] [1789770474.287887019] [tf_help]: Data time: 43s 500000000ns, Transform time: 4s 340000000ns
[component_container_isolated-2] [ERROR] [1789770474.340318822] [tf_help]: Transform data too old when converting from map to odom
[component_container_isolated-2] [ERROR] [1789770474.340362229] [tf_help]: Data time: 43s 500000000ns, Transform time: 4s 340000000ns
[component_container_isolated-2] [ERROR] [1789770474.390712602] [tf_help]: Transform data too old when converting from map to odom
[component_container_isolated-2] [ERROR] [1789770474.390748776] [tf_help]: Data time: 43s 500000000ns, Transform time: 4s 340000000ns
[component_container_isolated-2] [ERROR] [1789770474.438018126] [tf_help]: Transform data too old when converting from map to odom
[component_container_isolated-2] [ERROR] [1789770474.438052145] [tf_help]: Data time: 43s 500000000ns, Transform time: 4s 340000000ns
[component_container_isolated-2] [ERROR] [1789770474.488387173] [tf_help]: Transform data too old when converting from map to odom
[component_container_isolated-2] [ERROR] [1789770474.488419174] [tf_help]: Data time: 43s 500000000ns, Transform time: 4s 340000000ns
[component_container_isolated-2] [ERROR] [1789770474.538108380] [tf_help]: Transform data too old when converting from map to odom
[component_container_isolated-2] [ERROR] [1789770474.538141836] [tf_help]: Data time: 43s 500000000ns, Transform time: 4s 340000000ns
[component_container_isolated-2] [ERROR] [1789770474.588079076] [tf_help]: Transform data too old when converting from map to odom
[component_container_isolated-2] [ERROR] [1789770474.588141726] [tf_help]: Data time: 43s 500000000ns, Transform time: 4s 340000000ns
[component_container_isolated-2] [ERROR] [1789770474.638767651] [tf_help]: Transform data too old when converting from map to odom
[component_container_isolated-2] [ERROR] [1789770474.638817482] [tf_help]: Data time: 43s 500000000ns, Transform time: 4s 340000000ns
[component_container_isolated-2] [ERROR] [1789770474.688683693] [tf_help]: Transform data too old when converting from map to odom
[component_container_isolated-2] [ERROR] [1789770474.688719373] [tf_help]: Data time: 43s 500000000ns, Transform time: 4s 340000000ns
[component_container_isolated-2] [ERROR] [1789770474.738511405] [tf_help]: Transform data too old when converting from map to odom
[component_container_isolated-2] [ERROR] [1789770474.738549449] [tf_help]: Data time: 43s 500000000ns, Transform time: 4s 340000000ns
[component_container_isolated-2] [ERROR] [1789770474.789124609] [tf_help]: Transform data too old when converting from map to odom
[component_container_isolated-2] [ERROR] [1789770474.789164984] [tf_help]: Data time: 43s 500000000ns, Transform time: 4s 340000000ns
[component_container_isolated-2] [ERROR] [1789770474.837922769] [tf_help]: Transform data too old when converting from map to odom
[component_container_isolated-2] [ERROR] [1789770474.837958338] [tf_help]: Data time: 43s 500000000ns, Transform time: 4s 340000000ns
[component_container_isolated-2] [ERROR] [1789770474.888504612] [tf_help]: Transform data too old when converting from map to odom
[component_container_isolated-2] [ERROR] [1789770474.888539676] [tf_help]: Data time: 43s 500000000ns, Transform time: 4s 340000000ns
[component_container_isolated-2] [ERROR] [1789770474.938170609] [tf_help]: Transform data too old when converting from map to odom
[component_container_isolated-2] [ERROR] [1789770474.938205717] [tf_help]: Data time: 43s 500000000ns, Transform time: 4s 340000000ns
[component_container_isolated-2] [ERROR] [1789770474.988719958] [tf_help]: Transform data too old when converting from map to odom
[component_container_isolated-2] [ERROR] [1789770474.988801921] [tf_help]: Data time: 43s 500000000ns, Transform time: 4s 340000000ns
[component_container_isolated-2] [ERROR] [1789770475.038306294] [tf_help]: Transform data too old when converting from map to odom
[component_container_isolated-2] [ERROR] [1789770475.038351631] [tf_help]: Data time: 43s 500000000ns, Transform time: 4s 340000000ns
[component_container_isolated-2] [ERROR] [1789770475.088511058] [tf_help]: Transform data too old when converting from map to odom
[component_container_isolated-2] [ERROR] [1789770475.088554928] [tf_help]: Data time: 43s 500000000ns, Transform time: 4s 340000000ns
[component_container_isolated-2] [INFO] [1789770475.132699708] [controller_server]: Passing new path to controller.
[component_container_isolated-2] [ERROR] [1789770475.139532960] [tf_help]: Transform data too old when converting from map to odom
[component_container_isolated-2] [ERROR] [1789770475.139573115] [tf_help]: Data time: 44s 400000000ns, Transform time: 4s 340000000ns
[component_container_isolated-2] [ERROR] [1789770475.188326024] [tf_help]: Transform data too old when converting from map to odom
[component_container_isolated-2] [ERROR] [1789770475.188357412] [tf_help]: Data time: 44s 400000000ns, Transform time: 4s 340000000ns
[component_container_isolated-2] [ERROR] [1789770475.240090966] [tf_help]: Transform data too old when converting from map to odom
[component_container_isolated-2] [ERROR] [1789770475.240119832] [tf_help]: Data time: 44s 400000000ns, Transform time: 4s 340000000ns
[component_container_isolated-2] [ERROR] [1789770475.291932876] [tf_help]: Transform data too old when converting from map to odom
[component_container_isolated-2] [ERROR] [1789770475.292014678] [tf_help]: Data time: 44s 400000000ns, Transform time: 4s 340000000ns
[component_container_isolated-2] [ERROR] [1789770475.343519848] [tf_help]: Transform data too old when converting from map to odom
[component_container_isolated-2] [ERROR] [1789770475.343559907] [tf_help]: Data time: 44s 400000000ns, Transform time: 4s 340000000ns
[component_container_isolated-2] [ERROR] [1789770475.388561240] [tf_help]: Transform data too old when converting from map to odom
[component_container_isolated-2] [ERROR] [1789770475.388635333] [tf_help]: Data time: 44s 400000000ns, Transform time: 4s 340000000ns
[component_container_isolated-2] [ERROR] [1789770475.438437112] [tf_help]: Transform data too old when converting from map to odom
[component_container_isolated-2] [ERROR] [1789770475.438482771] [tf_help]: Data time: 44s 400000000ns, Transform time: 4s 340000000ns
[component_container_isolated-2] [ERROR] [1789770475.487954226] [tf_help]: Transform data too old when converting from map to odom
[component_container_isolated-2] [ERROR] [1789770475.487989356] [tf_help]: Data time: 44s 400000000ns, Transform time: 4s 340000000ns
[component_container_isolated-2] [ERROR] [1789770475.540746040] [tf_help]: Transform data too old when converting from map to odom
[component_container_isolated-2] [ERROR] [1789770475.540788470] [tf_help]: Data time: 44s 400000000ns, Transform time: 4s 340000000ns
[component_container_isolated-2] [ERROR] [1789770475.589014081] [tf_help]: Transform data too old when converting from map to odom
[component_container_isolated-2] [ERROR] [1789770475.589054567] [tf_help]: Data time: 44s 400000000ns, Transform time: 4s 340000000ns
[component_container_isolated-2] [ERROR] [1789770475.638095934] [tf_help]: Transform data too old when converting from map to odom
[component_container_isolated-2] [ERROR] [1789770475.638128095] [tf_help]: Data time: 44s 400000000ns, Transform time: 4s 340000000ns
[component_container_isolated-2] [ERROR] [1789770475.689878933] [tf_help]: Transform data too old when converting from map to odom
[component_container_isolated-2] [ERROR] [1789770475.689934061] [tf_help]: Data time: 44s 400000000ns, Transform time: 4s 340000000ns
[component_container_isolated-2] [ERROR] [1789770475.739954746] [tf_help]: Transform data too old when converting from map to odom
[component_container_isolated-2] [ERROR] [1789770475.740012625] [tf_help]: Data time: 44s 400000000ns, Transform time: 4s 340000000ns
[component_container_isolated-2] [ERROR] [1789770475.790086934] [tf_help]: Transform data too old when converting from map to odom
[component_container_isolated-2] [ERROR] [1789770475.790130071] [tf_help]: Data time: 44s 400000000ns, Transform time: 4s 340000000ns
[component_container_isolated-2] [ERROR] [1789770475.839611107] [tf_help]: Transform data too old when converting from map to odom
[component_container_isolated-2] [ERROR] [1789770475.839666230] [tf_help]: Data time: 44s 400000000ns, Transform time: 4s 340000000ns
[component_container_isolated-2] [ERROR] [1789770475.890451449] [tf_help]: Transform data too old when converting from map to odom
[component_container_isolated-2] [ERROR] [1789770475.890496130] [tf_help]: Data time: 44s 400000000ns, Transform time: 4s 340000000ns
[component_container_isolated-2] [ERROR] [1789770475.942203891] [tf_help]: Transform data too old when converting from map to odom
[component_container_isolated-2] [ERROR] [1789770475.942276898] [tf_help]: Data time: 44s 400000000ns, Transform time: 4s 340000000ns
[component_container_isolated-2] [INFO] [1789770475.990123401] [controller_server]: [TG-MPPI] cycle time (compute_backend=cpu): 6.781 ms/cycle avg over 50 cycles
[component_container_isolated-2] [ERROR] [1789770475.990428835] [tf_help]: Transform data too old when converting from map to odom
[component_container_isolated-2] [ERROR] [1789770475.990463062] [tf_help]: Data time: 44s 400000000ns, Transform time: 4s 340000000ns
[component_container_isolated-2] [ERROR] [1789770476.042158123] [tf_help]: Transform data too old when converting from map to odom
[component_container_isolated-2] [ERROR] [1789770476.042211415] [tf_help]: Data time: 44s 400000000ns, Transform time: 4s 340000000ns
[component_container_isolated-2] [ERROR] [1789770476.090777500] [tf_help]: Transform data too old when converting from map to odom
[component_container_isolated-2] [ERROR] [1789770476.090878361] [tf_help]: Data time: 44s 400000000ns, Transform time: 4s 340000000ns
[component_container_isolated-2] [INFO] [1789770476.132698908] [controller_server]: Passing new path to controller.
[component_container_isolated-2] [ERROR] [1789770476.139599698] [tf_help]: Transform data too old when converting from map to odom
[component_container_isolated-2] [ERROR] [1789770476.139660641] [tf_help]: Data time: 45s 300000000ns, Transform time: 4s 340000000ns
[component_container_isolated-2] [ERROR] [1789770476.187921180] [tf_help]: Transform data too old when converting from map to odom
[component_container_isolated-2] [ERROR] [1789770476.187951277] [tf_help]: Data time: 45s 300000000ns, Transform time: 4s 340000000ns
[component_container_isolated-2] [ERROR] [1789770476.238088437] [tf_help]: Transform data too old when converting from map to odom
[component_container_isolated-2] [ERROR] [1789770476.238122204] [tf_help]: Data time: 45s 300000000ns, Transform time: 4s 340000000ns
[component_container_isolated-2] [ERROR] [1789770476.290037850] [tf_help]: Transform data too old when converting from map to odom
[component_container_isolated-2] [ERROR] [1789770476.290076130] [tf_help]: Data time: 45s 300000000ns, Transform time: 4s 340000000ns
[component_container_isolated-2] [ERROR] [1789770476.341532668] [tf_help]: Transform data too old when converting from map to odom
[component_container_isolated-2] [ERROR] [1789770476.341598050] [tf_help]: Data time: 45s 300000000ns, Transform time: 4s 340000000ns
[component_container_isolated-2] [ERROR] [1789770476.389441369] [tf_help]: Transform data too old when converting from map to odom
[component_container_isolated-2] [ERROR] [1789770476.389505960] [tf_help]: Data time: 45s 300000000ns, Transform time: 4s 340000000ns
[component_container_isolated-2] [ERROR] [1789770476.439457597] [tf_help]: Transform data too old when converting from map to odom
[component_container_isolated-2] [ERROR] [1789770476.439534682] [tf_help]: Data time: 45s 300000000ns, Transform time: 4s 340000000ns
[component_container_isolated-2] [ERROR] [1789770476.489382128] [tf_help]: Transform data too old when converting from map to odom
[component_container_isolated-2] [ERROR] [1789770476.489428406] [tf_help]: Data time: 45s 300000000ns, Transform time: 4s 340000000ns
[component_container_isolated-2] [ERROR] [1789770476.538399099] [tf_help]: Transform data too old when converting from map to odom
[component_container_isolated-2] [ERROR] [1789770476.538428717] [tf_help]: Data time: 45s 300000000ns, Transform time: 4s 340000000ns
[component_container_isolated-2] [ERROR] [1789770476.587869838] [tf_help]: Transform data too old when converting from map to odom
[component_container_isolated-2] [ERROR] [1789770476.587901871] [tf_help]: Data time: 45s 300000000ns, Transform time: 4s 340000000ns
[component_container_isolated-2] [ERROR] [1789770476.638077891] [tf_help]: Transform data too old when converting from map to odom
[component_container_isolated-2] [ERROR] [1789770476.638111646] [tf_help]: Data time: 45s 300000000ns, Transform time: 4s 340000000ns
[component_container_isolated-2] [ERROR] [1789770476.688012145] [tf_help]: Transform data too old when converting from map to odom
[component_container_isolated-2] [ERROR] [1789770476.688045595] [tf_help]: Data time: 45s 300000000ns, Transform time: 4s 340000000ns
[component_container_isolated-2] [ERROR] [1789770476.738546192] [tf_help]: Transform data too old when converting from map to odom
[component_container_isolated-2] [ERROR] [1789770476.738581921] [tf_help]: Data time: 45s 300000000ns, Transform time: 4s 340000000ns
[component_container_isolated-2] [ERROR] [1789770476.787900809] [tf_help]: Transform data too old when converting from map to odom
[component_container_isolated-2] [ERROR] [1789770476.787934990] [tf_help]: Data time: 45s 300000000ns, Transform time: 4s 340000000ns
[component_container_isolated-2] [ERROR] [1789770476.837961296] [tf_help]: Transform data too old when converting from map to odom
[component_container_isolated-2] [ERROR] [1789770476.838005819] [tf_help]: Data time: 45s 300000000ns, Transform time: 4s 340000000ns
[component_container_isolated-2] [ERROR] [1789770476.888071886] [tf_help]: Transform data too old when converting from map to odom
[component_container_isolated-2] [ERROR] [1789770476.888105604] [tf_help]: Data time: 45s 300000000ns, Transform time: 4s 340000000ns
[component_container_isolated-2] [ERROR] [1789770476.938000464] [tf_help]: Transform data too old when converting from map to odom
[component_container_isolated-2] [ERROR] [1789770476.938033920] [tf_help]: Data time: 45s 300000000ns, Transform time: 4s 340000000ns
[component_container_isolated-2] [ERROR] [1789770476.988780484] [tf_help]: Transform data too old when converting from map to odom
[component_container_isolated-2] [ERROR] [1789770476.988815742] [tf_help]: Data time: 45s 300000000ns, Transform time: 4s 340000000ns
[component_container_isolated-2] [ERROR] [1789770477.039348725] [tf_help]: Transform data too old when converting from map to odom
[component_container_isolated-2] [ERROR] [1789770477.039385178] [tf_help]: Data time: 45s 300000000ns, Transform time: 4s 340000000ns
[component_container_isolated-2] [ERROR] [1789770477.088123598] [tf_help]: Transform data too old when converting from map to odom
[component_container_isolated-2] [ERROR] [1789770477.088155238] [tf_help]: Data time: 45s 300000000ns, Transform time: 4s 340000000ns
[component_container_isolated-2] [ERROR] [1789770477.139258549] [tf_help]: Transform data too old when converting from map to odom
[component_container_isolated-2] [ERROR] [1789770477.139289025] [tf_help]: Data time: 45s 300000000ns, Transform time: 4s 340000000ns
[component_container_isolated-2] [INFO] [1789770477.182736139] [controller_server]: Passing new path to controller.
[component_container_isolated-2] [ERROR] [1789770477.188338221] [tf_help]: Transform data too old when converting from map to odom
[component_container_isolated-2] [ERROR] [1789770477.188358441] [tf_help]: Data time: 46s 300000000ns, Transform time: 4s 340000000ns
[component_container_isolated-2] [ERROR] [1789770477.238690576] [tf_help]: Transform data too old when converting from map to odom
[component_container_isolated-2] [ERROR] [1789770477.238719394] [tf_help]: Data time: 46s 300000000ns, Transform time: 4s 340000000ns
[component_container_isolated-2] [ERROR] [1789770477.287889446] [tf_help]: Transform data too old when converting from map to odom
[component_container_isolated-2] [ERROR] [1789770477.287923368] [tf_help]: Data time: 46s 300000000ns, Transform time: 4s 340000000ns
[component_container_isolated-2] [ERROR] [1789770477.338720660] [tf_help]: Transform data too old when converting from map to odom
[component_container_isolated-2] [ERROR] [1789770477.338775184] [tf_help]: Data time: 46s 300000000ns, Transform time: 4s 340000000ns
[component_container_isolated-2] [ERROR] [1789770477.388196402] [tf_help]: Transform data too old when converting from map to odom
[component_container_isolated-2] [ERROR] [1789770477.388229176] [tf_help]: Data time: 46s 300000000ns, Transform time: 4s 340000000ns
[component_container_isolated-2] [ERROR] [1789770477.438411198] [tf_help]: Transform data too old when converting from map to odom
[component_container_isolated-2] [ERROR] [1789770477.438467797] [tf_help]: Data time: 46s 300000000ns, Transform time: 4s 340000000ns
[component_container_isolated-2] [ERROR] [1789770477.492358056] [tf_help]: Transform data too old when converting from map to odom
[component_container_isolated-2] [ERROR] [1789770477.492404189] [tf_help]: Data time: 46s 300000000ns, Transform time: 4s 340000000ns
[component_container_isolated-2] [ERROR] [1789770477.539615368] [tf_help]: Transform data too old when converting from map to odom
[component_container_isolated-2] [ERROR] [1789770477.539646235] [tf_help]: Data time: 46s 300000000ns, Transform time: 4s 340000000ns
[component_container_isolated-2] [ERROR] [1789770477.588405046] [tf_help]: Transform data too old when converting from map to odom
[component_container_isolated-2] [ERROR] [1789770477.588447367] [tf_help]: Data time: 46s 300000000ns, Transform time: 4s 340000000ns
[component_container_isolated-2] [ERROR] [1789770477.638376994] [tf_help]: Transform data too old when converting from map to odom
[component_container_isolated-2] [ERROR] [1789770477.638417775] [tf_help]: Data time: 46s 300000000ns, Transform time: 4s 340000000ns
[component_container_isolated-2] [ERROR] [1789770477.688618636] [tf_help]: Transform data too old when converting from map to odom
[component_container_isolated-2] [ERROR] [1789770477.688655519] [tf_help]: Data time: 46s 300000000ns, Transform time: 4s 340000000ns
[component_container_isolated-2] [ERROR] [1789770477.738045694] [tf_help]: Transform data too old when converting from map to odom
[component_container_isolated-2] [ERROR] [1789770477.738080563] [tf_help]: Data time: 46s 300000000ns, Transform time: 4s 340000000ns
[component_container_isolated-2] [ERROR] [1789770477.788329074] [tf_help]: Transform data too old when converting from map to odom
[component_container_isolated-2] [ERROR] [1789770477.788364126] [tf_help]: Data time: 46s 300000000ns, Transform time: 4s 340000000ns
[component_container_isolated-2] [ERROR] [1789770477.839615324] [tf_help]: Transform data too old when converting from map to odom
[component_container_isolated-2] [ERROR] [1789770477.839652772] [tf_help]: Data time: 46s 300000000ns, Transform time: 4s 340000000ns
[component_container_isolated-2] [ERROR] [1789770477.888706913] [tf_help]: Transform data too old when converting from map to odom
[component_container_isolated-2] [ERROR] [1789770477.888740697] [tf_help]: Data time: 46s 300000000ns, Transform time: 4s 340000000ns
[component_container_isolated-2] [ERROR] [1789770477.938427017] [tf_help]: Transform data too old when converting from map to odom
[component_container_isolated-2] [ERROR] [1789770477.938462056] [tf_help]: Data time: 46s 300000000ns, Transform time: 4s 340000000ns
[component_container_isolated-2] [ERROR] [1789770477.988077401] [tf_help]: Transform data too old when converting from map to odom
[component_container_isolated-2] [ERROR] [1789770477.988110647] [tf_help]: Data time: 46s 300000000ns, Transform time: 4s 340000000ns
[component_container_isolated-2] [ERROR] [1789770478.037971746] [tf_help]: Transform data too old when converting from map to odom
[component_container_isolated-2] [ERROR] [1789770478.038003178] [tf_help]: Data time: 46s 300000000ns, Transform time: 4s 340000000ns
[component_container_isolated-2] [ERROR] [1789770478.087850381] [tf_help]: Transform data too old when converting from map to odom
[component_container_isolated-2] [ERROR] [1789770478.087885042] [tf_help]: Data time: 46s 300000000ns, Transform time: 4s 340000000ns
[component_container_isolated-2] [ERROR] [1789770478.139935044] [tf_help]: Transform data too old when converting from map to odom
[component_container_isolated-2] [ERROR] [1789770478.139970755] [tf_help]: Data time: 46s 300000000ns, Transform time: 4s 340000000ns
[component_container_isolated-2] [ERROR] [1789770478.188624309] [tf_help]: Transform data too old when converting from map to odom
[component_container_isolated-2] [ERROR] [1789770478.188655729] [tf_help]: Data time: 46s 300000000ns, Transform time: 4s 340000000ns
[component_container_isolated-2] [INFO] [1789770478.232694220] [controller_server]: Passing new path to controller.
[component_container_isolated-2] [ERROR] [1789770478.238067022] [tf_help]: Transform data too old when converting from map to odom
[component_container_isolated-2] [ERROR] [1789770478.238092406] [tf_help]: Data time: 47s 300000000ns, Transform time: 4s 340000000ns
[component_container_isolated-2] [ERROR] [1789770478.288582199] [tf_help]: Transform data too old when converting from map to odom
[component_container_isolated-2] [ERROR] [1789770478.288615157] [tf_help]: Data time: 47s 300000000ns, Transform time: 4s 340000000ns
[component_container_isolated-2] [ERROR] [1789770478.338036703] [tf_help]: Transform data too old when converting from map to odom
[component_container_isolated-2] [ERROR] [1789770478.338085496] [tf_help]: Data time: 47s 300000000ns, Transform time: 4s 340000000ns
[component_container_isolated-2] [ERROR] [1789770478.387994796] [tf_help]: Transform data too old when converting from map to odom
[component_container_isolated-2] [ERROR] [1789770478.388028872] [tf_help]: Data time: 47s 300000000ns, Transform time: 4s 340000000ns
[component_container_isolated-2] [ERROR] [1789770478.437968192] [tf_help]: Transform data too old when converting from map to odom
[component_container_isolated-2] [ERROR] [1789770478.438001757] [tf_help]: Data time: 47s 300000000ns, Transform time: 4s 340000000ns
[component_container_isolated-2] [INFO] [1789770478.487733837] [controller_server]: [TG-MPPI] cycle time (compute_backend=cpu): 5.800 ms/cycle avg over 50 cycles
[component_container_isolated-2] [ERROR] [1789770478.487869555] [tf_help]: Transform data too old when converting from map to odom
[component_container_isolated-2] [ERROR] [1789770478.487888898] [tf_help]: Data time: 47s 300000000ns, Transform time: 4s 340000000ns
[component_container_isolated-2] [ERROR] [1789770478.537972275] [tf_help]: Transform data too old when converting from map to odom
[component_container_isolated-2] [ERROR] [1789770478.538003490] [tf_help]: Data time: 47s 300000000ns, Transform time: 4s 340000000ns
[component_container_isolated-2] [ERROR] [1789770478.588421864] [tf_help]: Transform data too old when converting from map to odom
[component_container_isolated-2] [ERROR] [1789770478.588457944] [tf_help]: Data time: 47s 300000000ns, Transform time: 4s 340000000ns
[component_container_isolated-2] [ERROR] [1789770478.637903380] [tf_help]: Transform data too old when converting from map to odom
[component_container_isolated-2] [ERROR] [1789770478.637935442] [tf_help]: Data time: 47s 300000000ns, Transform time: 4s 340000000ns
[component_container_isolated-2] [ERROR] [1789770478.687910025] [tf_help]: Transform data too old when converting from map to odom
[component_container_isolated-2] [ERROR] [1789770478.687945338] [tf_help]: Data time: 47s 300000000ns, Transform time: 4s 340000000ns
[component_container_isolated-2] [ERROR] [1789770478.732741672] [controller_server]: Failed to make progress
[component_container_isolated-2] [WARN] [1789770478.732811722] [controller_server]: [follow_path] [ActionServer] Aborting handle.
[component_container_isolated-2] [INFO] [1789770478.752235795] [behavior_server]: Running spin
[component_container_isolated-2] [INFO] [1789770478.752323784] [behavior_server]: Turning 1.57 for spin behavior.
[component_container_isolated-2] [ERROR] [1789770478.852623530] [behavior_server]: Pose Goes Off Grid.
[component_container_isolated-2] [WARN] [1789770478.852711090] [behavior_server]: Collision Ahead - Exiting Spin
[component_container_isolated-2] [WARN] [1789770478.852726271] [behavior_server]: spin failed
[component_container_isolated-2] [WARN] [1789770478.852740888] [behavior_server]: [spin] [ActionServer] Aborting handle.
[component_container_isolated-2] [INFO] [1789770478.882208764] [behavior_server]: Running wait
[ground_truth_localizer-1] [INFO] [1789770481.124835070] [ground_truth_localizer]: last 10 s: ground truth msgs 294, map->odom published 294 (287 via latest odom TF)
[component_container_isolated-2] [INFO] [1789770483.882394871] [behavior_server]: wait completed successfully
[component_container_isolated-2] [INFO] [1789770483.932198599] [controller_server]: Received a goal, begin computing control effort.
[component_container_isolated-2] [INFO] [1789770483.936117141] [controller_server]: Optimizer reset (compute_backend=cpu)
[component_container_isolated-2] [ERROR] [1789770483.943064090] [tf_help]: Transform data too old when converting from map to odom
[component_container_isolated-2] [ERROR] [1789770483.943092887] [tf_help]: Data time: 52s 500000000ns, Transform time: 4s 340000000ns
[component_container_isolated-2] [ERROR] [1789770483.987966563] [tf_help]: Transform data too old when converting from map to odom
[component_container_isolated-2] [ERROR] [1789770483.987998928] [tf_help]: Data time: 52s 500000000ns, Transform time: 4s 340000000ns
[component_container_isolated-2] [ERROR] [1789770484.038063570] [tf_help]: Transform data too old when converting from map to odom
[component_container_isolated-2] [ERROR] [1789770484.038094817] [tf_help]: Data time: 52s 500000000ns, Transform time: 4s 340000000ns
[component_container_isolated-2] [ERROR] [1789770484.088008758] [tf_help]: Transform data too old when converting from map to odom
[component_container_isolated-2] [ERROR] [1789770484.088041876] [tf_help]: Data time: 52s 500000000ns, Transform time: 4s 340000000ns
[component_container_isolated-2] [ERROR] [1789770484.138620533] [tf_help]: Transform data too old when converting from map to odom
[component_container_isolated-2] [ERROR] [1789770484.138651231] [tf_help]: Data time: 52s 500000000ns, Transform time: 4s 340000000ns
[component_container_isolated-2] [ERROR] [1789770484.187626740] [tf_help]: Transform data too old when converting from map to odom
[component_container_isolated-2] [ERROR] [1789770484.187658889] [tf_help]: Data time: 52s 500000000ns, Transform time: 4s 340000000ns
[component_container_isolated-2] [ERROR] [1789770484.238010345] [tf_help]: Transform data too old when converting from map to odom
[component_container_isolated-2] [ERROR] [1789770484.238044995] [tf_help]: Data time: 52s 500000000ns, Transform time: 4s 340000000ns
[component_container_isolated-2] [ERROR] [1789770484.289824401] [tf_help]: Transform data too old when converting from map to odom
[component_container_isolated-2] [ERROR] [1789770484.289861170] [tf_help]: Data time: 52s 500000000ns, Transform time: 4s 340000000ns
[component_container_isolated-2] [ERROR] [1789770484.339112526] [tf_help]: Transform data too old when converting from map to odom
[component_container_isolated-2] [ERROR] [1789770484.339145993] [tf_help]: Data time: 52s 500000000ns, Transform time: 4s 340000000ns
[component_container_isolated-2] [ERROR] [1789770484.388917514] [tf_help]: Transform data too old when converting from map to odom
[component_container_isolated-2] [ERROR] [1789770484.388956537] [tf_help]: Data time: 52s 500000000ns, Transform time: 4s 340000000ns
[component_container_isolated-2] [ERROR] [1789770484.438730022] [tf_help]: Transform data too old when converting from map to odom
[component_container_isolated-2] [ERROR] [1789770484.438761968] [tf_help]: Data time: 52s 500000000ns, Transform time: 4s 340000000ns
[component_container_isolated-2] [ERROR] [1789770484.488681391] [tf_help]: Transform data too old when converting from map to odom
[component_container_isolated-2] [ERROR] [1789770484.488719437] [tf_help]: Data time: 52s 500000000ns, Transform time: 4s 340000000ns
[component_container_isolated-2] [ERROR] [1789770484.539037545] [tf_help]: Transform data too old when converting from map to odom
[component_container_isolated-2] [ERROR] [1789770484.539077049] [tf_help]: Data time: 52s 500000000ns, Transform time: 4s 340000000ns
[component_container_isolated-2] [ERROR] [1789770484.590876214] [tf_help]: Transform data too old when converting from map to odom
[component_container_isolated-2] [ERROR] [1789770484.590924970] [tf_help]: Data time: 52s 500000000ns, Transform time: 4s 340000000ns
[component_container_isolated-2] [ERROR] [1789770484.642110044] [tf_help]: Transform data too old when converting from map to odom
[component_container_isolated-2] [ERROR] [1789770484.642158551] [tf_help]: Data time: 52s 500000000ns, Transform time: 4s 340000000ns
[component_container_isolated-2] [ERROR] [1789770484.687709476] [tf_help]: Transform data too old when converting from map to odom
[component_container_isolated-2] [ERROR] [1789770484.687742210] [tf_help]: Data time: 52s 500000000ns, Transform time: 4s 340000000ns
[component_container_isolated-2] [ERROR] [1789770484.741988311] [tf_help]: Transform data too old when converting from map to odom
[component_container_isolated-2] [ERROR] [1789770484.742034263] [tf_help]: Data time: 52s 500000000ns, Transform time: 4s 340000000ns
[component_container_isolated-2] [ERROR] [1789770484.792125628] [tf_help]: Transform data too old when converting from map to odom
[component_container_isolated-2] [ERROR] [1789770484.792167972] [tf_help]: Data time: 52s 500000000ns, Transform time: 4s 340000000ns
[component_container_isolated-2] [ERROR] [1789770484.840085490] [tf_help]: Transform data too old when converting from map to odom
[component_container_isolated-2] [ERROR] [1789770484.840118430] [tf_help]: Data time: 52s 500000000ns, Transform time: 4s 340000000ns
[component_container_isolated-2] [ERROR] [1789770484.887563157] [tf_help]: Transform data too old when converting from map to odom
[component_container_isolated-2] [ERROR] [1789770484.887596942] [tf_help]: Data time: 52s 500000000ns, Transform time: 4s 340000000ns
[component_container_isolated-2] [ERROR] [1789770484.937772694] [tf_help]: Transform data too old when converting from map to odom
[component_container_isolated-2] [ERROR] [1789770484.937809353] [tf_help]: Data time: 52s 500000000ns, Transform time: 4s 340000000ns
[component_container_isolated-2] [INFO] [1789770484.982354037] [controller_server]: Passing new path to controller.
[component_container_isolated-2] [ERROR] [1789770484.987798704] [tf_help]: Transform data too old when converting from map to odom
[component_container_isolated-2] [ERROR] [1789770484.987824008] [tf_help]: Data time: 53s 400000000ns, Transform time: 4s 340000000ns
[component_container_isolated-2] [ERROR] [1789770485.037554037] [tf_help]: Transform data too old when converting from map to odom
[component_container_isolated-2] [ERROR] [1789770485.037586272] [tf_help]: Data time: 53s 400000000ns, Transform time: 4s 340000000ns
[component_container_isolated-2] [ERROR] [1789770485.087710926] [tf_help]: Transform data too old when converting from map to odom
[component_container_isolated-2] [ERROR] [1789770485.087749205] [tf_help]: Data time: 53s 400000000ns, Transform time: 4s 340000000ns
[component_container_isolated-2] [ERROR] [1789770485.137802678] [tf_help]: Transform data too old when converting from map to odom
[component_container_isolated-2] [ERROR] [1789770485.137840363] [tf_help]: Data time: 53s 400000000ns, Transform time: 4s 340000000ns
[component_container_isolated-2] [ERROR] [1789770485.187885324] [tf_help]: Transform data too old when converting from map to odom
[component_container_isolated-2] [ERROR] [1789770485.187916723] [tf_help]: Data time: 53s 400000000ns, Transform time: 4s 340000000ns
[component_container_isolated-2] [ERROR] [1789770485.237758303] [tf_help]: Transform data too old when converting from map to odom
[component_container_isolated-2] [ERROR] [1789770485.237788504] [tf_help]: Data time: 53s 400000000ns, Transform time: 4s 340000000ns
[component_container_isolated-2] [ERROR] [1789770485.287842310] [tf_help]: Transform data too old when converting from map to odom
[component_container_isolated-2] [ERROR] [1789770485.287881045] [tf_help]: Data time: 53s 400000000ns, Transform time: 4s 340000000ns
[component_container_isolated-2] [ERROR] [1789770485.337677512] [tf_help]: Transform data too old when converting from map to odom
[component_container_isolated-2] [ERROR] [1789770485.337709142] [tf_help]: Data time: 53s 400000000ns, Transform time: 4s 340000000ns
[component_container_isolated-2] [ERROR] [1789770485.388167024] [tf_help]: Transform data too old when converting from map to odom
[component_container_isolated-2] [ERROR] [1789770485.388198208] [tf_help]: Data time: 53s 400000000ns, Transform time: 4s 340000000ns
[component_container_isolated-2] [ERROR] [1789770485.438199697] [tf_help]: Transform data too old when converting from map to odom
[component_container_isolated-2] [ERROR] [1789770485.438230443] [tf_help]: Data time: 53s 400000000ns, Transform time: 4s 340000000ns
[component_container_isolated-2] [ERROR] [1789770485.488573060] [tf_help]: Transform data too old when converting from map to odom
[component_container_isolated-2] [ERROR] [1789770485.488609598] [tf_help]: Data time: 53s 400000000ns, Transform time: 4s 340000000ns
[component_container_isolated-2] [ERROR] [1789770485.538350628] [tf_help]: Transform data too old when converting from map to odom
[component_container_isolated-2] [ERROR] [1789770485.538379835] [tf_help]: Data time: 53s 400000000ns, Transform time: 4s 340000000ns
[component_container_isolated-2] [ERROR] [1789770485.587496264] [tf_help]: Transform data too old when converting from map to odom
[component_container_isolated-2] [ERROR] [1789770485.587529127] [tf_help]: Data time: 53s 400000000ns, Transform time: 4s 340000000ns
[component_container_isolated-2] [ERROR] [1789770485.638232105] [tf_help]: Transform data too old when converting from map to odom
[component_container_isolated-2] [ERROR] [1789770485.638274798] [tf_help]: Data time: 53s 400000000ns, Transform time: 4s 340000000ns
[component_container_isolated-2] [ERROR] [1789770485.689218046] [tf_help]: Transform data too old when converting from map to odom
[component_container_isolated-2] [ERROR] [1789770485.689267538] [tf_help]: Data time: 53s 400000000ns, Transform time: 4s 340000000ns
[component_container_isolated-2] [ERROR] [1789770485.737555469] [tf_help]: Transform data too old when converting from map to odom
[component_container_isolated-2] [ERROR] [1789770485.737587015] [tf_help]: Data time: 53s 400000000ns, Transform time: 4s 340000000ns
[component_container_isolated-2] [ERROR] [1789770485.788672988] [tf_help]: Transform data too old when converting from map to odom
[component_container_isolated-2] [ERROR] [1789770485.788731896] [tf_help]: Data time: 53s 400000000ns, Transform time: 4s 340000000ns
[component_container_isolated-2] [ERROR] [1789770485.838505236] [tf_help]: Transform data too old when converting from map to odom
[component_container_isolated-2] [ERROR] [1789770485.838563372] [tf_help]: Data time: 53s 400000000ns, Transform time: 4s 340000000ns
[component_container_isolated-2] [ERROR] [1789770485.888087416] [tf_help]: Transform data too old when converting from map to odom
[component_container_isolated-2] [ERROR] [1789770485.888116237] [tf_help]: Data time: 53s 400000000ns, Transform time: 4s 340000000ns
[component_container_isolated-2] [ERROR] [1789770485.937724978] [tf_help]: Transform data too old when converting from map to odom
[component_container_isolated-2] [ERROR] [1789770485.937767465] [tf_help]: Data time: 53s 400000000ns, Transform time: 4s 340000000ns
[component_container_isolated-2] [ERROR] [1789770485.988335461] [tf_help]: Transform data too old when converting from map to odom
[component_container_isolated-2] [ERROR] [1789770485.988370159] [tf_help]: Data time: 53s 400000000ns, Transform time: 4s 340000000ns
[component_container_isolated-2] [INFO] [1789770486.032353122] [controller_server]: Passing new path to controller.
[component_container_isolated-2] [ERROR] [1789770486.039573537] [tf_help]: Transform data too old when converting from map to odom
[component_container_isolated-2] [ERROR] [1789770486.039604188] [tf_help]: Data time: 54s 300000000ns, Transform time: 4s 340000000ns
[component_container_isolated-2] [ERROR] [1789770486.088377491] [tf_help]: Transform data too old when converting from map to odom
[component_container_isolated-2] [ERROR] [1789770486.088420774] [tf_help]: Data time: 54s 300000000ns, Transform time: 4s 340000000ns
[component_container_isolated-2] [ERROR] [1789770486.137975267] [tf_help]: Transform data too old when converting from map to odom
[component_container_isolated-2] [ERROR] [1789770486.138011844] [tf_help]: Data time: 54s 300000000ns, Transform time: 4s 340000000ns
[component_container_isolated-2] [INFO] [1789770486.189863838] [controller_server]: [TG-MPPI] cycle time (compute_backend=cpu): 5.933 ms/cycle avg over 50 cycles
[component_container_isolated-2] [ERROR] [1789770486.190064811] [tf_help]: Transform data too old when converting from map to odom
[component_container_isolated-2] [ERROR] [1789770486.190087285] [tf_help]: Data time: 54s 300000000ns, Transform time: 4s 340000000ns
[component_container_isolated-2] [ERROR] [1789770486.245909990] [tf_help]: Transform data too old when converting from map to odom
[component_container_isolated-2] [ERROR] [1789770486.246010546] [tf_help]: Data time: 54s 300000000ns, Transform time: 4s 340000000ns
[component_container_isolated-2] [ERROR] [1789770486.290376272] [tf_help]: Transform data too old when converting from map to odom
[component_container_isolated-2] [ERROR] [1789770486.290420013] [tf_help]: Data time: 54s 300000000ns, Transform time: 4s 340000000ns
[component_container_isolated-2] [ERROR] [1789770486.342125290] [tf_help]: Transform data too old when converting from map to odom
[component_container_isolated-2] [ERROR] [1789770486.342199118] [tf_help]: Data time: 54s 300000000ns, Transform time: 4s 340000000ns
[component_container_isolated-2] [ERROR] [1789770486.389986095] [tf_help]: Transform data too old when converting from map to odom
[component_container_isolated-2] [ERROR] [1789770486.390068489] [tf_help]: Data time: 54s 300000000ns, Transform time: 4s 340000000ns
[component_container_isolated-2] [ERROR] [1789770486.440818789] [tf_help]: Transform data too old when converting from map to odom
[component_container_isolated-2] [ERROR] [1789770486.440881883] [tf_help]: Data time: 54s 300000000ns, Transform time: 4s 340000000ns
[component_container_isolated-2] [ERROR] [1789770486.494256188] [tf_help]: Transform data too old when converting from map to odom
[component_container_isolated-2] [ERROR] [1789770486.494296854] [tf_help]: Data time: 54s 300000000ns, Transform time: 4s 340000000ns
[component_container_isolated-2] [ERROR] [1789770486.539549891] [tf_help]: Transform data too old when converting from map to odom
[component_container_isolated-2] [ERROR] [1789770486.539592622] [tf_help]: Data time: 54s 300000000ns, Transform time: 4s 340000000ns
[component_container_isolated-2] [ERROR] [1789770486.591051849] [tf_help]: Transform data too old when converting from map to odom
[component_container_isolated-2] [ERROR] [1789770486.591111374] [tf_help]: Data time: 54s 300000000ns, Transform time: 4s 340000000ns
[component_container_isolated-2] [ERROR] [1789770486.641742717] [tf_help]: Transform data too old when converting from map to odom
[component_container_isolated-2] [ERROR] [1789770486.641812552] [tf_help]: Data time: 54s 300000000ns, Transform time: 4s 340000000ns
[component_container_isolated-2] [ERROR] [1789770486.690794393] [tf_help]: Transform data too old when converting from map to odom
[component_container_isolated-2] [ERROR] [1789770486.690844149] [tf_help]: Data time: 54s 300000000ns, Transform time: 4s 340000000ns
[component_container_isolated-2] [ERROR] [1789770486.739894406] [tf_help]: Transform data too old when converting from map to odom
[component_container_isolated-2] [ERROR] [1789770486.739954175] [tf_help]: Data time: 54s 300000000ns, Transform time: 4s 340000000ns
[component_container_isolated-2] [ERROR] [1789770486.790827829] [tf_help]: Transform data too old when converting from map to odom
[component_container_isolated-2] [ERROR] [1789770486.790863534] [tf_help]: Data time: 54s 300000000ns, Transform time: 4s 340000000ns
[component_container_isolated-2] [ERROR] [1789770486.840439536] [tf_help]: Transform data too old when converting from map to odom
[component_container_isolated-2] [ERROR] [1789770486.840496624] [tf_help]: Data time: 54s 300000000ns, Transform time: 4s 340000000ns
[component_container_isolated-2] [ERROR] [1789770486.888512747] [tf_help]: Transform data too old when converting from map to odom
[component_container_isolated-2] [ERROR] [1789770486.888553266] [tf_help]: Data time: 54s 300000000ns, Transform time: 4s 340000000ns
[component_container_isolated-2] [ERROR] [1789770486.937672049] [tf_help]: Transform data too old when converting from map to odom
[component_container_isolated-2] [ERROR] [1789770486.937711384] [tf_help]: Data time: 54s 300000000ns, Transform time: 4s 340000000ns
[component_container_isolated-2] [ERROR] [1789770486.988082703] [tf_help]: Transform data too old when converting from map to odom
[component_container_isolated-2] [ERROR] [1789770486.988170854] [tf_help]: Data time: 54s 300000000ns, Transform time: 4s 340000000ns
[component_container_isolated-2] [INFO] [1789770487.032347407] [controller_server]: Passing new path to controller.
[component_container_isolated-2] [ERROR] [1789770487.037941915] [tf_help]: Transform data too old when converting from map to odom
[component_container_isolated-2] [ERROR] [1789770487.037973122] [tf_help]: Data time: 55s 300000000ns, Transform time: 4s 340000000ns
[component_container_isolated-2] [ERROR] [1789770487.092099730] [tf_help]: Transform data too old when converting from map to odom
[component_container_isolated-2] [ERROR] [1789770487.092186485] [tf_help]: Data time: 55s 300000000ns, Transform time: 4s 340000000ns
[component_container_isolated-2] [ERROR] [1789770487.137641503] [tf_help]: Transform data too old when converting from map to odom
[component_container_isolated-2] [ERROR] [1789770487.137675423] [tf_help]: Data time: 55s 300000000ns, Transform time: 4s 340000000ns
[component_container_isolated-2] [ERROR] [1789770487.188551591] [tf_help]: Transform data too old when converting from map to odom
[component_container_isolated-2] [ERROR] [1789770487.188581510] [tf_help]: Data time: 55s 300000000ns, Transform time: 4s 340000000ns
[component_container_isolated-2] [ERROR] [1789770487.238648513] [tf_help]: Transform data too old when converting from map to odom
[component_container_isolated-2] [ERROR] [1789770487.238694814] [tf_help]: Data time: 55s 300000000ns, Transform time: 4s 340000000ns
[component_container_isolated-2] [ERROR] [1789770487.288373272] [tf_help]: Transform data too old when converting from map to odom
[component_container_isolated-2] [ERROR] [1789770487.288449123] [tf_help]: Data time: 55s 300000000ns, Transform time: 4s 340000000ns
[component_container_isolated-2] [ERROR] [1789770487.338458689] [tf_help]: Transform data too old when converting from map to odom
[component_container_isolated-2] [ERROR] [1789770487.338494817] [tf_help]: Data time: 55s 300000000ns, Transform time: 4s 340000000ns
[component_container_isolated-2] [ERROR] [1789770487.389138012] [tf_help]: Transform data too old when converting from map to odom
[component_container_isolated-2] [ERROR] [1789770487.389174154] [tf_help]: Data time: 55s 300000000ns, Transform time: 4s 340000000ns
[component_container_isolated-2] [ERROR] [1789770487.438724963] [tf_help]: Transform data too old when converting from map to odom
[component_container_isolated-2] [ERROR] [1789770487.438754691] [tf_help]: Data time: 55s 300000000ns, Transform time: 4s 340000000ns
[component_container_isolated-2] [ERROR] [1789770487.488943098] [tf_help]: Transform data too old when converting from map to odom
[component_container_isolated-2] [ERROR] [1789770487.488989889] [tf_help]: Data time: 55s 300000000ns, Transform time: 4s 340000000ns
[component_container_isolated-2] [ERROR] [1789770487.537708449] [tf_help]: Transform data too old when converting from map to odom
[component_container_isolated-2] [ERROR] [1789770487.537749692] [tf_help]: Data time: 55s 300000000ns, Transform time: 4s 340000000ns
[component_container_isolated-2] [ERROR] [1789770487.596507610] [tf_help]: Transform data too old when converting from map to odom
[component_container_isolated-2] [ERROR] [1789770487.596583709] [tf_help]: Data time: 55s 300000000ns, Transform time: 4s 340000000ns
[component_container_isolated-2] [ERROR] [1789770487.639980622] [tf_help]: Transform data too old when converting from map to odom
[component_container_isolated-2] [ERROR] [1789770487.640048395] [tf_help]: Data time: 55s 300000000ns, Transform time: 4s 340000000ns
[component_container_isolated-2] [ERROR] [1789770487.689761397] [tf_help]: Transform data too old when converting from map to odom
[component_container_isolated-2] [ERROR] [1789770487.689803454] [tf_help]: Data time: 55s 300000000ns, Transform time: 4s 340000000ns
[component_container_isolated-2] [ERROR] [1789770487.742401521] [tf_help]: Transform data too old when converting from map to odom
[component_container_isolated-2] [ERROR] [1789770487.742472706] [tf_help]: Data time: 55s 300000000ns, Transform time: 4s 340000000ns
[component_container_isolated-2] [ERROR] [1789770487.790334772] [tf_help]: Transform data too old when converting from map to odom
[component_container_isolated-2] [ERROR] [1789770487.790408518] [tf_help]: Data time: 55s 300000000ns, Transform time: 4s 340000000ns
[component_container_isolated-2] [ERROR] [1789770487.840734363] [tf_help]: Transform data too old when converting from map to odom
[component_container_isolated-2] [ERROR] [1789770487.840776317] [tf_help]: Data time: 55s 300000000ns, Transform time: 4s 340000000ns
[component_container_isolated-2] [ERROR] [1789770487.892659532] [tf_help]: Transform data too old when converting from map to odom
[component_container_isolated-2] [ERROR] [1789770487.892698094] [tf_help]: Data time: 55s 300000000ns, Transform time: 4s 340000000ns
[component_container_isolated-2] [ERROR] [1789770487.941833531] [tf_help]: Transform data too old when converting from map to odom
[component_container_isolated-2] [ERROR] [1789770487.941928673] [tf_help]: Data time: 55s 300000000ns, Transform time: 4s 340000000ns
[component_container_isolated-2] [ERROR] [1789770487.991535906] [tf_help]: Transform data too old when converting from map to odom
[component_container_isolated-2] [ERROR] [1789770487.991580419] [tf_help]: Data time: 55s 300000000ns, Transform time: 4s 340000000ns
[component_container_isolated-2] [ERROR] [1789770488.040695388] [tf_help]: Transform data too old when converting from map to odom
[component_container_isolated-2] [ERROR] [1789770488.040760025] [tf_help]: Data time: 55s 300000000ns, Transform time: 4s 340000000ns
[component_container_isolated-2] [INFO] [1789770488.082358774] [controller_server]: Passing new path to controller.
[component_container_isolated-2] [ERROR] [1789770488.090847340] [tf_help]: Transform data too old when converting from map to odom
[component_container_isolated-2] [ERROR] [1789770488.090917920] [tf_help]: Data time: 56s 200000000ns, Transform time: 4s 340000000ns
[component_container_isolated-2] [ERROR] [1789770488.144815900] [tf_help]: Transform data too old when converting from map to odom
[component_container_isolated-2] [ERROR] [1789770488.144852926] [tf_help]: Data time: 56s 200000000ns, Transform time: 4s 340000000ns
[component_container_isolated-2] [ERROR] [1789770488.197854557] [tf_help]: Transform data too old when converting from map to odom
[component_container_isolated-2] [ERROR] [1789770488.197896498] [tf_help]: Data time: 56s 200000000ns, Transform time: 4s 340000000ns
[component_container_isolated-2] [ERROR] [1789770488.243248590] [tf_help]: Transform data too old when converting from map to odom
[component_container_isolated-2] [ERROR] [1789770488.243287163] [tf_help]: Data time: 56s 200000000ns, Transform time: 4s 340000000ns
[component_container_isolated-2] [ERROR] [1789770488.289935226] [tf_help]: Transform data too old when converting from map to odom
[component_container_isolated-2] [ERROR] [1789770488.290004196] [tf_help]: Data time: 56s 200000000ns, Transform time: 4s 340000000ns
[component_container_isolated-2] [ERROR] [1789770488.341206445] [tf_help]: Transform data too old when converting from map to odom
[component_container_isolated-2] [ERROR] [1789770488.341266333] [tf_help]: Data time: 56s 200000000ns, Transform time: 4s 340000000ns
[component_container_isolated-2] [ERROR] [1789770488.390157338] [tf_help]: Transform data too old when converting from map to odom
[component_container_isolated-2] [ERROR] [1789770488.390225996] [tf_help]: Data time: 56s 200000000ns, Transform time: 4s 340000000ns
[component_container_isolated-2] [ERROR] [1789770488.440114188] [tf_help]: Transform data too old when converting from map to odom
[component_container_isolated-2] [ERROR] [1789770488.440190724] [tf_help]: Data time: 56s 200000000ns, Transform time: 4s 340000000ns
[component_container_isolated-2] [ERROR] [1789770488.487820064] [tf_help]: Transform data too old when converting from map to odom
[component_container_isolated-2] [ERROR] [1789770488.487853518] [tf_help]: Data time: 56s 200000000ns, Transform time: 4s 340000000ns
[component_container_isolated-2] [ERROR] [1789770488.537659172] [tf_help]: Transform data too old when converting from map to odom
[component_container_isolated-2] [ERROR] [1789770488.537693721] [tf_help]: Data time: 56s 200000000ns, Transform time: 4s 340000000ns
[component_container_isolated-2] [ERROR] [1789770488.589039962] [tf_help]: Transform data too old when converting from map to odom
[component_container_isolated-2] [ERROR] [1789770488.589083449] [tf_help]: Data time: 56s 200000000ns, Transform time: 4s 340000000ns
[component_container_isolated-2] [ERROR] [1789770488.637626791] [tf_help]: Transform data too old when converting from map to odom
[component_container_isolated-2] [ERROR] [1789770488.637658328] [tf_help]: Data time: 56s 200000000ns, Transform time: 4s 340000000ns
[component_container_isolated-2] [INFO] [1789770488.688941064] [controller_server]: [TG-MPPI] cycle time (compute_backend=cpu): 7.734 ms/cycle avg over 50 cycles
[component_container_isolated-2] [ERROR] [1789770488.689177292] [tf_help]: Transform data too old when converting from map to odom
[component_container_isolated-2] [ERROR] [1789770488.689206981] [tf_help]: Data time: 56s 200000000ns, Transform time: 4s 340000000ns
[component_container_isolated-2] [ERROR] [1789770488.737554626] [tf_help]: Transform data too old when converting from map to odom
[component_container_isolated-2] [ERROR] [1789770488.737580940] [tf_help]: Data time: 56s 200000000ns, Transform time: 4s 340000000ns
[component_container_isolated-2] [ERROR] [1789770488.787685406] [tf_help]: Transform data too old when converting from map to odom
[component_container_isolated-2] [ERROR] [1789770488.787735523] [tf_help]: Data time: 56s 200000000ns, Transform time: 4s 340000000ns
[component_container_isolated-2] [ERROR] [1789770488.837993902] [tf_help]: Transform data too old when converting from map to odom
[component_container_isolated-2] [ERROR] [1789770488.838025386] [tf_help]: Data time: 56s 200000000ns, Transform time: 4s 340000000ns
[component_container_isolated-2] [ERROR] [1789770488.887511535] [tf_help]: Transform data too old when converting from map to odom
[component_container_isolated-2] [ERROR] [1789770488.887543776] [tf_help]: Data time: 56s 200000000ns, Transform time: 4s 340000000ns
[component_container_isolated-2] [ERROR] [1789770488.939982367] [tf_help]: Transform data too old when converting from map to odom
[component_container_isolated-2] [ERROR] [1789770488.940024349] [tf_help]: Data time: 56s 200000000ns, Transform time: 4s 340000000ns
[component_container_isolated-2] [ERROR] [1789770488.988755813] [tf_help]: Transform data too old when converting from map to odom
[component_container_isolated-2] [ERROR] [1789770488.988791888] [tf_help]: Data time: 56s 200000000ns, Transform time: 4s 340000000ns
[component_container_isolated-2] [ERROR] [1789770489.038825633] [tf_help]: Transform data too old when converting from map to odom
[component_container_isolated-2] [ERROR] [1789770489.038859767] [tf_help]: Data time: 56s 200000000ns, Transform time: 4s 340000000ns
[component_container_isolated-2] [ERROR] [1789770489.090328037] [tf_help]: Transform data too old when converting from map to odom
[component_container_isolated-2] [ERROR] [1789770489.090405700] [tf_help]: Data time: 56s 200000000ns, Transform time: 4s 340000000ns
[component_container_isolated-2] [INFO] [1789770489.132357009] [controller_server]: Passing new path to controller.
[component_container_isolated-2] [ERROR] [1789770489.139045090] [tf_help]: Transform data too old when converting from map to odom
[component_container_isolated-2] [ERROR] [1789770489.139080259] [tf_help]: Data time: 57s 100000000ns, Transform time: 4s 340000000ns
[component_container_isolated-2] [ERROR] [1789770489.188620107] [tf_help]: Transform data too old when converting from map to odom
[component_container_isolated-2] [ERROR] [1789770489.188651520] [tf_help]: Data time: 57s 100000000ns, Transform time: 4s 340000000ns
[component_container_isolated-2] [ERROR] [1789770489.238260526] [tf_help]: Transform data too old when converting from map to odom
[component_container_isolated-2] [ERROR] [1789770489.238316881] [tf_help]: Data time: 57s 100000000ns, Transform time: 4s 340000000ns
[component_container_isolated-2] [ERROR] [1789770489.287808354] [tf_help]: Transform data too old when converting from map to odom
[component_container_isolated-2] [ERROR] [1789770489.287841354] [tf_help]: Data time: 57s 100000000ns, Transform time: 4s 340000000ns
[component_container_isolated-2] [ERROR] [1789770489.339041884] [tf_help]: Transform data too old when converting from map to odom
[component_container_isolated-2] [ERROR] [1789770489.339076915] [tf_help]: Data time: 57s 100000000ns, Transform time: 4s 340000000ns
[component_container_isolated-2] [ERROR] [1789770489.388645120] [tf_help]: Transform data too old when converting from map to odom
[component_container_isolated-2] [ERROR] [1789770489.388677711] [tf_help]: Data time: 57s 100000000ns, Transform time: 4s 340000000ns
[component_container_isolated-2] [ERROR] [1789770489.437708941] [tf_help]: Transform data too old when converting from map to odom
[component_container_isolated-2] [ERROR] [1789770489.437741197] [tf_help]: Data time: 57s 100000000ns, Transform time: 4s 340000000ns
[component_container_isolated-2] [ERROR] [1789770489.489468746] [tf_help]: Transform data too old when converting from map to odom
[component_container_isolated-2] [ERROR] [1789770489.489508491] [tf_help]: Data time: 57s 100000000ns, Transform time: 4s 340000000ns
[component_container_isolated-2] [ERROR] [1789770489.537942880] [tf_help]: Transform data too old when converting from map to odom
[component_container_isolated-2] [ERROR] [1789770489.537974127] [tf_help]: Data time: 57s 100000000ns, Transform time: 4s 340000000ns
[component_container_isolated-2] [ERROR] [1789770489.588257439] [tf_help]: Transform data too old when converting from map to odom
[component_container_isolated-2] [ERROR] [1789770489.588295649] [tf_help]: Data time: 57s 100000000ns, Transform time: 4s 340000000ns
[component_container_isolated-2] [ERROR] [1789770489.637768990] [tf_help]: Transform data too old when converting from map to odom
[component_container_isolated-2] [ERROR] [1789770489.637801609] [tf_help]: Data time: 57s 100000000ns, Transform time: 4s 340000000ns
[component_container_isolated-2] [ERROR] [1789770489.687568078] [tf_help]: Transform data too old when converting from map to odom
[component_container_isolated-2] [ERROR] [1789770489.687597324] [tf_help]: Data time: 57s 100000000ns, Transform time: 4s 340000000ns
[component_container_isolated-2] [ERROR] [1789770489.739307433] [tf_help]: Transform data too old when converting from map to odom
[component_container_isolated-2] [ERROR] [1789770489.739352195] [tf_help]: Data time: 57s 100000000ns, Transform time: 4s 340000000ns
[component_container_isolated-2] [ERROR] [1789770489.791785353] [tf_help]: Transform data too old when converting from map to odom
[component_container_isolated-2] [ERROR] [1789770489.791835201] [tf_help]: Data time: 57s 100000000ns, Transform time: 4s 340000000ns
[component_container_isolated-2] [ERROR] [1789770489.837865496] [tf_help]: Transform data too old when converting from map to odom
[component_container_isolated-2] [ERROR] [1789770489.837896379] [tf_help]: Data time: 57s 100000000ns, Transform time: 4s 340000000ns
[component_container_isolated-2] [ERROR] [1789770489.887708928] [tf_help]: Transform data too old when converting from map to odom
[component_container_isolated-2] [ERROR] [1789770489.887741718] [tf_help]: Data time: 57s 100000000ns, Transform time: 4s 340000000ns
[component_container_isolated-2] [ERROR] [1789770489.938032006] [tf_help]: Transform data too old when converting from map to odom
[component_container_isolated-2] [ERROR] [1789770489.938059371] [tf_help]: Data time: 57s 100000000ns, Transform time: 4s 340000000ns
[component_container_isolated-2] [ERROR] [1789770489.987903056] [tf_help]: Transform data too old when converting from map to odom
[component_container_isolated-2] [ERROR] [1789770489.987929730] [tf_help]: Data time: 57s 100000000ns, Transform time: 4s 340000000ns
[component_container_isolated-2] [ERROR] [1789770490.037735839] [tf_help]: Transform data too old when converting from map to odom
[component_container_isolated-2] [ERROR] [1789770490.037767933] [tf_help]: Data time: 57s 100000000ns, Transform time: 4s 340000000ns
[component_container_isolated-2] [ERROR] [1789770490.087717440] [tf_help]: Transform data too old when converting from map to odom
[component_container_isolated-2] [ERROR] [1789770490.087747588] [tf_help]: Data time: 57s 100000000ns, Transform time: 4s 340000000ns
[component_container_isolated-2] [INFO] [1789770490.132371698] [controller_server]: Passing new path to controller.
[component_container_isolated-2] [ERROR] [1789770490.138506115] [tf_help]: Transform data too old when converting from map to odom
[component_container_isolated-2] [ERROR] [1789770490.138544898] [tf_help]: Data time: 58s 0ns, Transform time: 4s 340000000ns
[component_container_isolated-2] [ERROR] [1789770490.187859495] [tf_help]: Transform data too old when converting from map to odom
[component_container_isolated-2] [ERROR] [1789770490.187891916] [tf_help]: Data time: 58s 0ns, Transform time: 4s 340000000ns
[component_container_isolated-2] [ERROR] [1789770490.237518726] [tf_help]: Transform data too old when converting from map to odom
[component_container_isolated-2] [ERROR] [1789770490.237548462] [tf_help]: Data time: 58s 0ns, Transform time: 4s 340000000ns
[component_container_isolated-2] [ERROR] [1789770490.287537659] [tf_help]: Transform data too old when converting from map to odom
[component_container_isolated-2] [ERROR] [1789770490.287567650] [tf_help]: Data time: 58s 0ns, Transform time: 4s 340000000ns
[component_container_isolated-2] [ERROR] [1789770490.337802305] [tf_help]: Transform data too old when converting from map to odom
[component_container_isolated-2] [ERROR] [1789770490.337851808] [tf_help]: Data time: 58s 0ns, Transform time: 4s 340000000ns
[component_container_isolated-2] [ERROR] [1789770490.387906411] [tf_help]: Transform data too old when converting from map to odom
[component_container_isolated-2] [ERROR] [1789770490.387945282] [tf_help]: Data time: 58s 0ns, Transform time: 4s 340000000ns
[component_container_isolated-2] [ERROR] [1789770490.437748965] [tf_help]: Transform data too old when converting from map to odom
[component_container_isolated-2] [ERROR] [1789770490.437780595] [tf_help]: Data time: 58s 0ns, Transform time: 4s 340000000ns
[component_container_isolated-2] [ERROR] [1789770490.487683463] [tf_help]: Transform data too old when converting from map to odom
[component_container_isolated-2] [ERROR] [1789770490.487714385] [tf_help]: Data time: 58s 0ns, Transform time: 4s 340000000ns
[component_container_isolated-2] [ERROR] [1789770490.537666047] [tf_help]: Transform data too old when converting from map to odom
[component_container_isolated-2] [ERROR] [1789770490.537700513] [tf_help]: Data time: 58s 0ns, Transform time: 4s 340000000ns
[component_container_isolated-2] [ERROR] [1789770490.588278460] [tf_help]: Transform data too old when converting from map to odom
[component_container_isolated-2] [ERROR] [1789770490.588312204] [tf_help]: Data time: 58s 0ns, Transform time: 4s 340000000ns
[component_container_isolated-2] [ERROR] [1789770490.641230227] [tf_help]: Transform data too old when converting from map to odom
[component_container_isolated-2] [ERROR] [1789770490.641261489] [tf_help]: Data time: 58s 0ns, Transform time: 4s 340000000ns
[component_container_isolated-2] [ERROR] [1789770490.688611825] [tf_help]: Transform data too old when converting from map to odom
[component_container_isolated-2] [ERROR] [1789770490.688664381] [tf_help]: Data time: 58s 0ns, Transform time: 4s 340000000ns
[component_container_isolated-2] [ERROR] [1789770490.738093760] [tf_help]: Transform data too old when converting from map to odom
[component_container_isolated-2] [ERROR] [1789770490.738128305] [tf_help]: Data time: 58s 0ns, Transform time: 4s 340000000ns
[component_container_isolated-2] [ERROR] [1789770490.787885521] [tf_help]: Transform data too old when converting from map to odom
[component_container_isolated-2] [ERROR] [1789770490.787918519] [tf_help]: Data time: 58s 0ns, Transform time: 4s 340000000ns
[component_container_isolated-2] [ERROR] [1789770490.838692013] [tf_help]: Transform data too old when converting from map to odom
[component_container_isolated-2] [ERROR] [1789770490.838775807] [tf_help]: Data time: 58s 0ns, Transform time: 4s 340000000ns
[component_container_isolated-2] [ERROR] [1789770490.887965668] [tf_help]: Transform data too old when converting from map to odom
[component_container_isolated-2] [ERROR] [1789770490.888008427] [tf_help]: Data time: 58s 0ns, Transform time: 4s 340000000ns
[component_container_isolated-2] [ERROR] [1789770490.938492142] [tf_help]: Transform data too old when converting from map to odom
[component_container_isolated-2] [ERROR] [1789770490.938531204] [tf_help]: Data time: 58s 0ns, Transform time: 4s 340000000ns
[component_container_isolated-2] [ERROR] [1789770490.988336854] [tf_help]: Transform data too old when converting from map to odom
[component_container_isolated-2] [ERROR] [1789770490.988367822] [tf_help]: Data time: 58s 0ns, Transform time: 4s 340000000ns
[component_container_isolated-2] [ERROR] [1789770491.038660364] [tf_help]: Transform data too old when converting from map to odom
[component_container_isolated-2] [ERROR] [1789770491.038704482] [tf_help]: Data time: 58s 0ns, Transform time: 4s 340000000ns
[component_container_isolated-2] [ERROR] [1789770491.088971715] [tf_help]: Transform data too old when converting from map to odom
[component_container_isolated-2] [ERROR] [1789770491.089037082] [tf_help]: Data time: 58s 0ns, Transform time: 4s 340000000ns
[component_container_isolated-2] [ERROR] [1789770491.139257466] [tf_help]: Transform data too old when converting from map to odom
[component_container_isolated-2] [ERROR] [1789770491.139293181] [tf_help]: Data time: 58s 0ns, Transform time: 4s 340000000ns
[component_container_isolated-2] [INFO] [1789770491.182348379] [controller_server]: Passing new path to controller.
[component_container_isolated-2] [INFO] [1789770491.188166630] [controller_server]: [TG-MPPI] cycle time (compute_backend=cpu): 5.764 ms/cycle avg over 50 cycles
[component_container_isolated-2] [ERROR] [1789770491.188309434] [tf_help]: Transform data too old when converting from map to odom
[component_container_isolated-2] [ERROR] [1789770491.188326904] [tf_help]: Data time: 59s 0ns, Transform time: 4s 340000000ns
[component_container_isolated-2] [ERROR] [1789770491.238791952] [tf_help]: Transform data too old when converting from map to odom
[component_container_isolated-2] [ERROR] [1789770491.238853049] [tf_help]: Data time: 59s 0ns, Transform time: 4s 340000000ns
[component_container_isolated-2] [ERROR] [1789770491.288650405] [tf_help]: Transform data too old when converting from map to odom
[component_container_isolated-2] [ERROR] [1789770491.288697249] [tf_help]: Data time: 59s 0ns, Transform time: 4s 340000000ns
[component_container_isolated-2] [ERROR] [1789770491.339027217] [tf_help]: Transform data too old when converting from map to odom
[component_container_isolated-2] [ERROR] [1789770491.339066238] [tf_help]: Data time: 59s 0ns, Transform time: 4s 340000000ns
[component_container_isolated-2] [ERROR] [1789770491.388029732] [tf_help]: Transform data too old when converting from map to odom
[component_container_isolated-2] [ERROR] [1789770491.388064346] [tf_help]: Data time: 59s 0ns, Transform time: 4s 340000000ns
[component_container_isolated-2] [ERROR] [1789770491.439107155] [tf_help]: Transform data too old when converting from map to odom
[component_container_isolated-2] [ERROR] [1789770491.439188245] [tf_help]: Data time: 59s 0ns, Transform time: 4s 340000000ns
[component_container_isolated-2] [ERROR] [1789770491.488989735] [tf_help]: Transform data too old when converting from map to odom
[component_container_isolated-2] [ERROR] [1789770491.489031564] [tf_help]: Data time: 59s 0ns, Transform time: 4s 340000000ns
[component_container_isolated-2] [ERROR] [1789770491.542702627] [tf_help]: Transform data too old when converting from map to odom
[component_container_isolated-2] [ERROR] [1789770491.542752221] [tf_help]: Data time: 59s 0ns, Transform time: 4s 340000000ns
[component_container_isolated-2] [ERROR] [1789770491.591536174] [tf_help]: Transform data too old when converting from map to odom
[component_container_isolated-2] [ERROR] [1789770491.591599793] [tf_help]: Data time: 59s 0ns, Transform time: 4s 340000000ns
[component_container_isolated-2] [ERROR] [1789770491.641509398] [tf_help]: Transform data too old when converting from map to odom
[component_container_isolated-2] [ERROR] [1789770491.641554164] [tf_help]: Data time: 59s 0ns, Transform time: 4s 340000000ns
[component_container_isolated-2] [ERROR] [1789770491.687764560] [tf_help]: Transform data too old when converting from map to odom
[component_container_isolated-2] [ERROR] [1789770491.687804493] [tf_help]: Data time: 59s 0ns, Transform time: 4s 340000000ns
[component_container_isolated-2] [ERROR] [1789770491.737639485] [tf_help]: Transform data too old when converting from map to odom
[component_container_isolated-2] [ERROR] [1789770491.737670920] [tf_help]: Data time: 59s 0ns, Transform time: 4s 340000000ns
[component_container_isolated-2] [ERROR] [1789770491.787650267] [tf_help]: Transform data too old when converting from map to odom
[component_container_isolated-2] [ERROR] [1789770491.787682198] [tf_help]: Data time: 59s 0ns, Transform time: 4s 340000000ns
[component_container_isolated-2] [ERROR] [1789770491.837600819] [tf_help]: Transform data too old when converting from map to odom
[component_container_isolated-2] [ERROR] [1789770491.837643683] [tf_help]: Data time: 59s 0ns, Transform time: 4s 340000000ns
[component_container_isolated-2] [ERROR] [1789770491.888062242] [tf_help]: Transform data too old when converting from map to odom
[component_container_isolated-2] [ERROR] [1789770491.888101724] [tf_help]: Data time: 59s 0ns, Transform time: 4s 340000000ns
[component_container_isolated-2] [ERROR] [1789770491.937940693] [tf_help]: Transform data too old when converting from map to odom
[component_container_isolated-2] [ERROR] [1789770491.937972399] [tf_help]: Data time: 59s 0ns, Transform time: 4s 340000000ns
[component_container_isolated-2] [ERROR] [1789770491.988336559] [tf_help]: Transform data too old when converting from map to odom
[component_container_isolated-2] [ERROR] [1789770491.988403234] [tf_help]: Data time: 59s 0ns, Transform time: 4s 340000000ns
[component_container_isolated-2] [ERROR] [1789770492.037731750] [tf_help]: Transform data too old when converting from map to odom
[component_container_isolated-2] [ERROR] [1789770492.037767542] [tf_help]: Data time: 59s 0ns, Transform time: 4s 340000000ns
[component_container_isolated-2] [ERROR] [1789770492.089312622] [tf_help]: Transform data too old when converting from map to odom
[component_container_isolated-2] [ERROR] [1789770492.089345457] [tf_help]: Data time: 59s 0ns, Transform time: 4s 340000000ns
[component_container_isolated-2] [ERROR] [1789770492.140011583] [tf_help]: Transform data too old when converting from map to odom
[component_container_isolated-2] [ERROR] [1789770492.140048319] [tf_help]: Data time: 59s 0ns, Transform time: 4s 340000000ns
[component_container_isolated-2] [INFO] [1789770492.182352486] [controller_server]: Passing new path to controller.
[component_container_isolated-2] [ERROR] [1789770492.188550356] [tf_help]: Transform data too old when converting from map to odom
[component_container_isolated-2] [ERROR] [1789770492.188582933] [tf_help]: Data time: 59s 900000000ns, Transform time: 4s 340000000ns
[ground_truth_localizer-1] [INFO] [1789770492.223137126] [ground_truth_localizer]: last 10 s: ground truth msgs 294, map->odom published 294 (279 via latest odom TF)
[component_container_isolated-2] [ERROR] [1789770492.237449334] [tf_help]: Transform data too old when converting from map to odom
[component_container_isolated-2] [ERROR] [1789770492.237475379] [tf_help]: Data time: 59s 900000000ns, Transform time: 4s 340000000ns
[component_container_isolated-2] [ERROR] [1789770492.287660818] [tf_help]: Transform data too old when converting from map to odom
[component_container_isolated-2] [ERROR] [1789770492.287689441] [tf_help]: Data time: 59s 900000000ns, Transform time: 4s 340000000ns
[component_container_isolated-2] [ERROR] [1789770492.337439539] [tf_help]: Transform data too old when converting from map to odom
[component_container_isolated-2] [ERROR] [1789770492.337472835] [tf_help]: Data time: 59s 900000000ns, Transform time: 4s 340000000ns
[component_container_isolated-2] [ERROR] [1789770492.388353751] [tf_help]: Transform data too old when converting from map to odom
[component_container_isolated-2] [ERROR] [1789770492.388389020] [tf_help]: Data time: 59s 900000000ns, Transform time: 4s 340000000ns
[component_container_isolated-2] [ERROR] [1789770492.437488973] [tf_help]: Transform data too old when converting from map to odom
[component_container_isolated-2] [ERROR] [1789770492.437521046] [tf_help]: Data time: 59s 900000000ns, Transform time: 4s 340000000ns
[component_container_isolated-2] [ERROR] [1789770492.487779772] [tf_help]: Transform data too old when converting from map to odom
[component_container_isolated-2] [ERROR] [1789770492.487810659] [tf_help]: Data time: 59s 900000000ns, Transform time: 4s 340000000ns
[component_container_isolated-2] [ERROR] [1789770492.537713253] [tf_help]: Transform data too old when converting from map to odom
[component_container_isolated-2] [ERROR] [1789770492.537762546] [tf_help]: Data time: 59s 900000000ns, Transform time: 4s 340000000ns
[component_container_isolated-2] [ERROR] [1789770492.590223244] [tf_help]: Transform data too old when converting from map to odom
[component_container_isolated-2] [ERROR] [1789770492.590265275] [tf_help]: Data time: 59s 900000000ns, Transform time: 4s 340000000ns
[component_container_isolated-2] [ERROR] [1789770492.638902929] [tf_help]: Transform data too old when converting from map to odom
[component_container_isolated-2] [ERROR] [1789770492.638940962] [tf_help]: Data time: 59s 900000000ns, Transform time: 4s 340000000ns
[component_container_isolated-2] [ERROR] [1789770492.687689148] [tf_help]: Transform data too old when converting from map to odom
[component_container_isolated-2] [ERROR] [1789770492.687724009] [tf_help]: Data time: 59s 900000000ns, Transform time: 4s 340000000ns
[component_container_isolated-2] [ERROR] [1789770492.738420519] [tf_help]: Transform data too old when converting from map to odom
[component_container_isolated-2] [ERROR] [1789770492.738467022] [tf_help]: Data time: 59s 900000000ns, Transform time: 4s 340000000ns
[component_container_isolated-2] [ERROR] [1789770492.787734382] [tf_help]: Transform data too old when converting from map to odom
[component_container_isolated-2] [ERROR] [1789770492.787764769] [tf_help]: Data time: 59s 900000000ns, Transform time: 4s 340000000ns
[component_container_isolated-2] [ERROR] [1789770492.837603738] [tf_help]: Transform data too old when converting from map to odom
[component_container_isolated-2] [ERROR] [1789770492.837633898] [tf_help]: Data time: 59s 900000000ns, Transform time: 4s 340000000ns
[component_container_isolated-2] [ERROR] [1789770492.887869234] [tf_help]: Transform data too old when converting from map to odom
[component_container_isolated-2] [ERROR] [1789770492.887902798] [tf_help]: Data time: 59s 900000000ns, Transform time: 4s 340000000ns
[component_container_isolated-2] [ERROR] [1789770492.937989620] [tf_help]: Transform data too old when converting from map to odom
[component_container_isolated-2] [ERROR] [1789770492.938028591] [tf_help]: Data time: 59s 900000000ns, Transform time: 4s 340000000ns
[component_container_isolated-2] [ERROR] [1789770492.987639793] [tf_help]: Transform data too old when converting from map to odom
[component_container_isolated-2] [ERROR] [1789770492.987669475] [tf_help]: Data time: 59s 900000000ns, Transform time: 4s 340000000ns
[component_container_isolated-2] [ERROR] [1789770493.037922729] [tf_help]: Transform data too old when converting from map to odom
[component_container_isolated-2] [ERROR] [1789770493.037954797] [tf_help]: Data time: 59s 900000000ns, Transform time: 4s 340000000ns
[component_container_isolated-2] [ERROR] [1789770493.088492506] [tf_help]: Transform data too old when converting from map to odom
[component_container_isolated-2] [ERROR] [1789770493.088525817] [tf_help]: Data time: 59s 900000000ns, Transform time: 4s 340000000ns
[component_container_isolated-2] [ERROR] [1789770493.139671388] [tf_help]: Transform data too old when converting from map to odom
[component_container_isolated-2] [ERROR] [1789770493.139701954] [tf_help]: Data time: 59s 900000000ns, Transform time: 4s 340000000ns
[component_container_isolated-2] [ERROR] [1789770493.190754191] [tf_help]: Transform data too old when converting from map to odom
[component_container_isolated-2] [ERROR] [1789770493.190801027] [tf_help]: Data time: 59s 900000000ns, Transform time: 4s 340000000ns
[component_container_isolated-2] [INFO] [1789770493.232351316] [controller_server]: Passing new path to controller.
[component_container_isolated-2] [ERROR] [1789770493.238885706] [tf_help]: Transform data too old when converting from map to odom
[component_container_isolated-2] [ERROR] [1789770493.238918668] [tf_help]: Data time: 60s 800000000ns, Transform time: 4s 340000000ns
[component_container_isolated-2] [ERROR] [1789770493.288161942] [tf_help]: Transform data too old when converting from map to odom
[component_container_isolated-2] [ERROR] [1789770493.288201941] [tf_help]: Data time: 60s 800000000ns, Transform time: 4s 340000000ns
[component_container_isolated-2] [ERROR] [1789770493.337875243] [tf_help]: Transform data too old when converting from map to odom
[component_container_isolated-2] [ERROR] [1789770493.337908971] [tf_help]: Data time: 60s 800000000ns, Transform time: 4s 340000000ns
[component_container_isolated-2] [ERROR] [1789770493.387720295] [tf_help]: Transform data too old when converting from map to odom
[component_container_isolated-2] [ERROR] [1789770493.387754357] [tf_help]: Data time: 60s 800000000ns, Transform time: 4s 340000000ns
[component_container_isolated-2] [ERROR] [1789770493.437637788] [tf_help]: Transform data too old when converting from map to odom
[component_container_isolated-2] [ERROR] [1789770493.437670381] [tf_help]: Data time: 60s 800000000ns, Transform time: 4s 340000000ns
[component_container_isolated-2] [ERROR] [1789770493.487907445] [tf_help]: Transform data too old when converting from map to odom
[component_container_isolated-2] [ERROR] [1789770493.487939182] [tf_help]: Data time: 60s 800000000ns, Transform time: 4s 340000000ns
[component_container_isolated-2] [ERROR] [1789770493.539581239] [tf_help]: Transform data too old when converting from map to odom
[component_container_isolated-2] [ERROR] [1789770493.539633611] [tf_help]: Data time: 60s 800000000ns, Transform time: 4s 340000000ns
[component_container_isolated-2] [ERROR] [1789770493.588016420] [tf_help]: Transform data too old when converting from map to odom
[component_container_isolated-2] [ERROR] [1789770493.588055766] [tf_help]: Data time: 60s 800000000ns, Transform time: 4s 340000000ns
[component_container_isolated-2] [ERROR] [1789770493.637557307] [tf_help]: Transform data too old when converting from map to odom
[component_container_isolated-2] [ERROR] [1789770493.637590052] [tf_help]: Data time: 60s 800000000ns, Transform time: 4s 340000000ns
[component_container_isolated-2] [INFO] [1789770493.687775678] [controller_server]: [TG-MPPI] cycle time (compute_backend=cpu): 5.859 ms/cycle avg over 50 cycles
[component_container_isolated-2] [ERROR] [1789770493.687997852] [tf_help]: Transform data too old when converting from map to odom
[component_container_isolated-2] [ERROR] [1789770493.688020987] [tf_help]: Data time: 60s 800000000ns, Transform time: 4s 340000000ns
[component_container_isolated-2] [ERROR] [1789770493.738695363] [tf_help]: Transform data too old when converting from map to odom
[component_container_isolated-2] [ERROR] [1789770493.738735367] [tf_help]: Data time: 60s 800000000ns, Transform time: 4s 340000000ns
[component_container_isolated-2] [ERROR] [1789770493.788164369] [tf_help]: Transform data too old when converting from map to odom
[component_container_isolated-2] [ERROR] [1789770493.788211014] [tf_help]: Data time: 60s 800000000ns, Transform time: 4s 340000000ns
[component_container_isolated-2] [ERROR] [1789770493.837520416] [tf_help]: Transform data too old when converting from map to odom
[component_container_isolated-2] [ERROR] [1789770493.837567079] [tf_help]: Data time: 60s 800000000ns, Transform time: 4s 340000000ns
[component_container_isolated-2] [ERROR] [1789770493.887790486] [tf_help]: Transform data too old when converting from map to odom
[component_container_isolated-2] [ERROR] [1789770493.887832166] [tf_help]: Data time: 60s 800000000ns, Transform time: 4s 340000000ns
[component_container_isolated-2] [ERROR] [1789770493.937657993] [tf_help]: Transform data too old when converting from map to odom
[component_container_isolated-2] [ERROR] [1789770493.937693014] [tf_help]: Data time: 60s 800000000ns, Transform time: 4s 340000000ns
[component_container_isolated-2] [ERROR] [1789770493.987685172] [tf_help]: Transform data too old when converting from map to odom
[component_container_isolated-2] [ERROR] [1789770493.987715555] [tf_help]: Data time: 60s 800000000ns, Transform time: 4s 340000000ns
[component_container_isolated-2] [ERROR] [1789770494.042751451] [tf_help]: Transform data too old when converting from map to odom
[component_container_isolated-2] [ERROR] [1789770494.042799392] [tf_help]: Data time: 60s 800000000ns, Transform time: 4s 340000000ns
[component_container_isolated-2] [ERROR] [1789770494.092695605] [tf_help]: Transform data too old when converting from map to odom
[component_container_isolated-2] [ERROR] [1789770494.092742428] [tf_help]: Data time: 60s 800000000ns, Transform time: 4s 340000000ns
[component_container_isolated-2] [ERROR] [1789770494.142833404] [tf_help]: Transform data too old when converting from map to odom
[component_container_isolated-2] [ERROR] [1789770494.142881711] [tf_help]: Data time: 60s 800000000ns, Transform time: 4s 340000000ns
[component_container_isolated-2] [ERROR] [1789770494.187934517] [tf_help]: Transform data too old when converting from map to odom
[component_container_isolated-2] [ERROR] [1789770494.187967887] [tf_help]: Data time: 60s 800000000ns, Transform time: 4s 340000000ns
[component_container_isolated-2] [INFO] [1789770494.232351298] [controller_server]: Passing new path to controller.
[component_container_isolated-2] [ERROR] [1789770494.238023555] [tf_help]: Transform data too old when converting from map to odom
[component_container_isolated-2] [ERROR] [1789770494.238056582] [tf_help]: Data time: 61s 700000000ns, Transform time: 4s 340000000ns
[component_container_isolated-2] [ERROR] [1789770494.287630088] [tf_help]: Transform data too old when converting from map to odom
[component_container_isolated-2] [ERROR] [1789770494.287662465] [tf_help]: Data time: 61s 700000000ns, Transform time: 4s 340000000ns
[component_container_isolated-2] [ERROR] [1789770494.341358069] [tf_help]: Transform data too old when converting from map to odom
[component_container_isolated-2] [ERROR] [1789770494.341390082] [tf_help]: Data time: 61s 700000000ns, Transform time: 4s 340000000ns
[component_container_isolated-2] [ERROR] [1789770494.388280047] [tf_help]: Transform data too old when converting from map to odom
[component_container_isolated-2] [ERROR] [1789770494.388326836] [tf_help]: Data time: 61s 700000000ns, Transform time: 4s 340000000ns
[component_container_isolated-2] [ERROR] [1789770494.437690780] [tf_help]: Transform data too old when converting from map to odom
[component_container_isolated-2] [ERROR] [1789770494.437728290] [tf_help]: Data time: 61s 700000000ns, Transform time: 4s 340000000ns
[component_container_isolated-2] [ERROR] [1789770494.492885418] [tf_help]: Transform data too old when converting from map to odom
[component_container_isolated-2] [ERROR] [1789770494.492924206] [tf_help]: Data time: 61s 700000000ns, Transform time: 4s 340000000ns
[component_container_isolated-2] [ERROR] [1789770494.538221155] [tf_help]: Transform data too old when converting from map to odom
[component_container_isolated-2] [ERROR] [1789770494.538271496] [tf_help]: Data time: 61s 700000000ns, Transform time: 4s 340000000ns
[component_container_isolated-2] [ERROR] [1789770494.588272753] [tf_help]: Transform data too old when converting from map to odom
[component_container_isolated-2] [ERROR] [1789770494.588321888] [tf_help]: Data time: 61s 700000000ns, Transform time: 4s 340000000ns
[component_container_isolated-2] [ERROR] [1789770494.637550432] [tf_help]: Transform data too old when converting from map to odom
[component_container_isolated-2] [ERROR] [1789770494.637580685] [tf_help]: Data time: 61s 700000000ns, Transform time: 4s 340000000ns
[component_container_isolated-2] [ERROR] [1789770494.687656909] [tf_help]: Transform data too old when converting from map to odom
[component_container_isolated-2] [ERROR] [1789770494.687689294] [tf_help]: Data time: 61s 700000000ns, Transform time: 4s 340000000ns
[component_container_isolated-2] [ERROR] [1789770494.743508886] [tf_help]: Transform data too old when converting from map to odom
[component_container_isolated-2] [ERROR] [1789770494.743554584] [tf_help]: Data time: 61s 700000000ns, Transform time: 4s 340000000ns
[component_container_isolated-2] [ERROR] [1789770494.793513604] [tf_help]: Transform data too old when converting from map to odom
[component_container_isolated-2] [ERROR] [1789770494.793571589] [tf_help]: Data time: 61s 700000000ns, Transform time: 4s 340000000ns
[component_container_isolated-2] [ERROR] [1789770494.840617182] [tf_help]: Transform data too old when converting from map to odom
[component_container_isolated-2] [ERROR] [1789770494.840667541] [tf_help]: Data time: 61s 700000000ns, Transform time: 4s 340000000ns
[component_container_isolated-2] [ERROR] [1789770494.887601840] [tf_help]: Transform data too old when converting from map to odom
[component_container_isolated-2] [ERROR] [1789770494.887632340] [tf_help]: Data time: 61s 700000000ns, Transform time: 4s 340000000ns
[component_container_isolated-2] [ERROR] [1789770494.937610865] [tf_help]: Transform data too old when converting from map to odom
[component_container_isolated-2] [ERROR] [1789770494.937645433] [tf_help]: Data time: 61s 700000000ns, Transform time: 4s 340000000ns
[component_container_isolated-2] [ERROR] [1789770494.988246752] [tf_help]: Transform data too old when converting from map to odom
[component_container_isolated-2] [ERROR] [1789770494.988291946] [tf_help]: Data time: 61s 700000000ns, Transform time: 4s 340000000ns
[component_container_isolated-2] [ERROR] [1789770495.037829508] [tf_help]: Transform data too old when converting from map to odom
[component_container_isolated-2] [ERROR] [1789770495.037870033] [tf_help]: Data time: 61s 700000000ns, Transform time: 4s 340000000ns
[component_container_isolated-2] [ERROR] [1789770495.087943454] [tf_help]: Transform data too old when converting from map to odom
[component_container_isolated-2] [ERROR] [1789770495.087973157] [tf_help]: Data time: 61s 700000000ns, Transform time: 4s 340000000ns
[component_container_isolated-2] [ERROR] [1789770495.137699560] [tf_help]: Transform data too old when converting from map to odom
[component_container_isolated-2] [ERROR] [1789770495.137732753] [tf_help]: Data time: 61s 700000000ns, Transform time: 4s 340000000ns
[component_container_isolated-2] [ERROR] [1789770495.182417046] [controller_server]: Failed to make progress
[component_container_isolated-2] [WARN] [1789770495.182491609] [controller_server]: [follow_path] [ActionServer] Aborting handle.
[component_container_isolated-2] [INFO] [1789770495.202057463] [local_costmap.local_costmap]: Received request to clear entirely the local_costmap
[component_container_isolated-2] [INFO] [1789770495.202489149] [controller_server]: Received a goal, begin computing control effort.
[component_container_isolated-2] [INFO] [1789770495.272620475] [controller_server]: Passing new path to controller.
[component_container_isolated-2] [ERROR] [1789770495.282924218] [tf_help]: Transform data too old when converting from map to odom
[component_container_isolated-2] [ERROR] [1789770495.282967106] [tf_help]: Data time: 62s 600000000ns, Transform time: 4s 340000000ns
[component_container_isolated-2] [WARN] [1789770495.282979246] [controller_server]: Control loop missed its desired rate of 20.0000Hz
[component_container_isolated-2] [ERROR] [1789770495.288727115] [tf_help]: Transform data too old when converting from map to odom
[component_container_isolated-2] [ERROR] [1789770495.288762293] [tf_help]: Data time: 62s 600000000ns, Transform time: 4s 340000000ns
[component_container_isolated-2] [ERROR] [1789770495.307977732] [tf_help]: Transform data too old when converting from map to odom
[component_container_isolated-2] [ERROR] [1789770495.308007555] [tf_help]: Data time: 62s 600000000ns, Transform time: 4s 340000000ns
[component_container_isolated-2] [ERROR] [1789770495.357978351] [tf_help]: Transform data too old when converting from map to odom
[component_container_isolated-2] [ERROR] [1789770495.358010152] [tf_help]: Data time: 62s 600000000ns, Transform time: 4s 340000000ns
[component_container_isolated-2] [ERROR] [1789770495.408297425] [tf_help]: Transform data too old when converting from map to odom
[component_container_isolated-2] [ERROR] [1789770495.408339779] [tf_help]: Data time: 62s 600000000ns, Transform time: 4s 340000000ns
[component_container_isolated-2] [ERROR] [1789770495.457900782] [tf_help]: Transform data too old when converting from map to odom
[component_container_isolated-2] [ERROR] [1789770495.457932745] [tf_help]: Data time: 62s 600000000ns, Transform time: 4s 340000000ns
[component_container_isolated-2] [ERROR] [1789770495.509167865] [tf_help]: Transform data too old when converting from map to odom
[component_container_isolated-2] [ERROR] [1789770495.509202356] [tf_help]: Data time: 62s 600000000ns, Transform time: 4s 340000000ns
[component_container_isolated-2] [ERROR] [1789770495.558060861] [tf_help]: Transform data too old when converting from map to odom
[component_container_isolated-2] [ERROR] [1789770495.558092498] [tf_help]: Data time: 62s 600000000ns, Transform time: 4s 340000000ns
[component_container_isolated-2] [ERROR] [1789770495.608659053] [tf_help]: Transform data too old when converting from map to odom
[component_container_isolated-2] [ERROR] [1789770495.608695709] [tf_help]: Data time: 62s 600000000ns, Transform time: 4s 340000000ns
[component_container_isolated-2] [ERROR] [1789770495.657700573] [tf_help]: Transform data too old when converting from map to odom
[component_container_isolated-2] [ERROR] [1789770495.657733428] [tf_help]: Data time: 62s 600000000ns, Transform time: 4s 340000000ns
[component_container_isolated-2] [ERROR] [1789770495.707920561] [tf_help]: Transform data too old when converting from map to odom
[component_container_isolated-2] [ERROR] [1789770495.707955005] [tf_help]: Data time: 62s 600000000ns, Transform time: 4s 340000000ns
[component_container_isolated-2] [ERROR] [1789770495.759207854] [tf_help]: Transform data too old when converting from map to odom
[component_container_isolated-2] [ERROR] [1789770495.759260234] [tf_help]: Data time: 62s 600000000ns, Transform time: 4s 340000000ns
[component_container_isolated-2] [ERROR] [1789770495.807916127] [tf_help]: Transform data too old when converting from map to odom
[component_container_isolated-2] [ERROR] [1789770495.807952196] [tf_help]: Data time: 62s 600000000ns, Transform time: 4s 340000000ns
[component_container_isolated-2] [ERROR] [1789770495.863127329] [tf_help]: Transform data too old when converting from map to odom
[component_container_isolated-2] [ERROR] [1789770495.863173597] [tf_help]: Data time: 62s 600000000ns, Transform time: 4s 340000000ns
[component_container_isolated-2] [ERROR] [1789770495.908515637] [tf_help]: Transform data too old when converting from map to odom
[component_container_isolated-2] [ERROR] [1789770495.908558470] [tf_help]: Data time: 62s 600000000ns, Transform time: 4s 340000000ns
[component_container_isolated-2] [ERROR] [1789770495.957841268] [tf_help]: Transform data too old when converting from map to odom
[component_container_isolated-2] [ERROR] [1789770495.957866777] [tf_help]: Data time: 62s 600000000ns, Transform time: 4s 340000000ns
[component_container_isolated-2] [ERROR] [1789770496.007837956] [tf_help]: Transform data too old when converting from map to odom
[component_container_isolated-2] [ERROR] [1789770496.007869960] [tf_help]: Data time: 62s 600000000ns, Transform time: 4s 340000000ns
[component_container_isolated-2] [ERROR] [1789770496.058643499] [tf_help]: Transform data too old when converting from map to odom
[component_container_isolated-2] [ERROR] [1789770496.058681911] [tf_help]: Data time: 62s 600000000ns, Transform time: 4s 340000000ns
[component_container_isolated-2] [ERROR] [1789770496.108151912] [tf_help]: Transform data too old when converting from map to odom
[component_container_isolated-2] [ERROR] [1789770496.108185119] [tf_help]: Data time: 62s 600000000ns, Transform time: 4s 340000000ns
[component_container_isolated-2] [ERROR] [1789770496.161822957] [tf_help]: Transform data too old when converting from map to odom
[component_container_isolated-2] [ERROR] [1789770496.161872395] [tf_help]: Data time: 62s 600000000ns, Transform time: 4s 340000000ns
[component_container_isolated-2] [INFO] [1789770496.208969654] [controller_server]: [TG-MPPI] cycle time (compute_backend=cpu): 6.299 ms/cycle avg over 50 cycles
[component_container_isolated-2] [ERROR] [1789770496.209152881] [tf_help]: Transform data too old when converting from map to odom
[component_container_isolated-2] [ERROR] [1789770496.209175492] [tf_help]: Data time: 62s 600000000ns, Transform time: 4s 340000000ns
[component_container_isolated-2] [ERROR] [1789770496.260823164] [tf_help]: Transform data too old when converting from map to odom
[component_container_isolated-2] [ERROR] [1789770496.260856703] [tf_help]: Data time: 62s 600000000ns, Transform time: 4s 340000000ns
[component_container_isolated-2] [INFO] [1789770496.302621878] [controller_server]: Passing new path to controller.
[component_container_isolated-2] [ERROR] [1789770496.310057660] [tf_help]: Transform data too old when converting from map to odom
[component_container_isolated-2] [ERROR] [1789770496.310083140] [tf_help]: Data time: 63s 600000000ns, Transform time: 4s 340000000ns
[component_container_isolated-2] [ERROR] [1789770496.357795602] [tf_help]: Transform data too old when converting from map to odom
[component_container_isolated-2] [ERROR] [1789770496.357828151] [tf_help]: Data time: 63s 600000000ns, Transform time: 4s 340000000ns
[component_container_isolated-2] [ERROR] [1789770496.408260069] [tf_help]: Transform data too old when converting from map to odom
[component_container_isolated-2] [ERROR] [1789770496.408292223] [tf_help]: Data time: 63s 600000000ns, Transform time: 4s 340000000ns
[component_container_isolated-2] [ERROR] [1789770496.457909040] [tf_help]: Transform data too old when converting from map to odom
[component_container_isolated-2] [ERROR] [1789770496.457943562] [tf_help]: Data time: 63s 600000000ns, Transform time: 4s 340000000ns
[component_container_isolated-2] [ERROR] [1789770496.507908995] [tf_help]: Transform data too old when converting from map to odom
[component_container_isolated-2] [ERROR] [1789770496.507942530] [tf_help]: Data time: 63s 600000000ns, Transform time: 4s 340000000ns
[component_container_isolated-2] [ERROR] [1789770496.558600835] [tf_help]: Transform data too old when converting from map to odom
[component_container_isolated-2] [ERROR] [1789770496.558635193] [tf_help]: Data time: 63s 600000000ns, Transform time: 4s 340000000ns
[component_container_isolated-2] [ERROR] [1789770496.608572936] [tf_help]: Transform data too old when converting from map to odom
[component_container_isolated-2] [ERROR] [1789770496.608604852] [tf_help]: Data time: 63s 600000000ns, Transform time: 4s 340000000ns
[component_container_isolated-2] [ERROR] [1789770496.658086716] [tf_help]: Transform data too old when converting from map to odom
[component_container_isolated-2] [ERROR] [1789770496.658123983] [tf_help]: Data time: 63s 600000000ns, Transform time: 4s 340000000ns
[component_container_isolated-2] [ERROR] [1789770496.711108040] [tf_help]: Transform data too old when converting from map to odom
[component_container_isolated-2] [ERROR] [1789770496.711148306] [tf_help]: Data time: 63s 600000000ns, Transform time: 4s 340000000ns
[component_container_isolated-2] [ERROR] [1789770496.758987552] [tf_help]: Transform data too old when converting from map to odom
[component_container_isolated-2] [ERROR] [1789770496.759018993] [tf_help]: Data time: 63s 600000000ns, Transform time: 4s 340000000ns
[component_container_isolated-2] [ERROR] [1789770496.809902374] [tf_help]: Transform data too old when converting from map to odom
[component_container_isolated-2] [ERROR] [1789770496.809942408] [tf_help]: Data time: 63s 600000000ns, Transform time: 4s 340000000ns
[component_container_isolated-2] [ERROR] [1789770496.858360380] [tf_help]: Transform data too old when converting from map to odom
[component_container_isolated-2] [ERROR] [1789770496.858395720] [tf_help]: Data time: 63s 600000000ns, Transform time: 4s 340000000ns
[component_container_isolated-2] [ERROR] [1789770496.908762507] [tf_help]: Transform data too old when converting from map to odom
[component_container_isolated-2] [ERROR] [1789770496.908798370] [tf_help]: Data time: 63s 600000000ns, Transform time: 4s 340000000ns
[component_container_isolated-2] [ERROR] [1789770496.957757496] [tf_help]: Transform data too old when converting from map to odom
[component_container_isolated-2] [ERROR] [1789770496.957791093] [tf_help]: Data time: 63s 600000000ns, Transform time: 4s 340000000ns
[component_container_isolated-2] [ERROR] [1789770497.008017720] [tf_help]: Transform data too old when converting from map to odom
[component_container_isolated-2] [ERROR] [1789770497.008049377] [tf_help]: Data time: 63s 600000000ns, Transform time: 4s 340000000ns
[component_container_isolated-2] [ERROR] [1789770497.057747869] [tf_help]: Transform data too old when converting from map to odom
[component_container_isolated-2] [ERROR] [1789770497.057780339] [tf_help]: Data time: 63s 600000000ns, Transform time: 4s 340000000ns
[component_container_isolated-2] [ERROR] [1789770497.107783844] [tf_help]: Transform data too old when converting from map to odom
[component_container_isolated-2] [ERROR] [1789770497.107820080] [tf_help]: Data time: 63s 600000000ns, Transform time: 4s 340000000ns
[component_container_isolated-2] [ERROR] [1789770497.157728989] [tf_help]: Transform data too old when converting from map to odom
[component_container_isolated-2] [ERROR] [1789770497.157759836] [tf_help]: Data time: 63s 600000000ns, Transform time: 4s 340000000ns
[component_container_isolated-2] [ERROR] [1789770497.208012077] [tf_help]: Transform data too old when converting from map to odom
[component_container_isolated-2] [ERROR] [1789770497.208051147] [tf_help]: Data time: 63s 600000000ns, Transform time: 4s 340000000ns
[component_container_isolated-2] [ERROR] [1789770497.257893545] [tf_help]: Transform data too old when converting from map to odom
[component_container_isolated-2] [ERROR] [1789770497.257926674] [tf_help]: Data time: 63s 600000000ns, Transform time: 4s 340000000ns
[component_container_isolated-2] [ERROR] [1789770497.309127364] [tf_help]: Transform data too old when converting from map to odom
[component_container_isolated-2] [ERROR] [1789770497.309183900] [tf_help]: Data time: 63s 600000000ns, Transform time: 4s 340000000ns
[component_container_isolated-2] [INFO] [1789770497.352622781] [controller_server]: Passing new path to controller.
[component_container_isolated-2] [ERROR] [1789770497.357949249] [tf_help]: Transform data too old when converting from map to odom
[component_container_isolated-2] [ERROR] [1789770497.357975325] [tf_help]: Data time: 64s 500000000ns, Transform time: 4s 340000000ns
[component_container_isolated-2] [ERROR] [1789770497.407924166] [tf_help]: Transform data too old when converting from map to odom
[component_container_isolated-2] [ERROR] [1789770497.407959885] [tf_help]: Data time: 64s 500000000ns, Transform time: 4s 340000000ns
[component_container_isolated-2] [ERROR] [1789770497.459975538] [tf_help]: Transform data too old when converting from map to odom
[component_container_isolated-2] [ERROR] [1789770497.460008543] [tf_help]: Data time: 64s 500000000ns, Transform time: 4s 340000000ns
[component_container_isolated-2] [ERROR] [1789770497.508379782] [tf_help]: Transform data too old when converting from map to odom
[component_container_isolated-2] [ERROR] [1789770497.508417008] [tf_help]: Data time: 64s 500000000ns, Transform time: 4s 340000000ns
[component_container_isolated-2] [ERROR] [1789770497.558018947] [tf_help]: Transform data too old when converting from map to odom
[component_container_isolated-2] [ERROR] [1789770497.558052293] [tf_help]: Data time: 64s 500000000ns, Transform time: 4s 340000000ns
[component_container_isolated-2] [ERROR] [1789770497.608306734] [tf_help]: Transform data too old when converting from map to odom
[component_container_isolated-2] [ERROR] [1789770497.608340458] [tf_help]: Data time: 64s 500000000ns, Transform time: 4s 340000000ns
[component_container_isolated-2] [ERROR] [1789770497.658623042] [tf_help]: Transform data too old when converting from map to odom
[component_container_isolated-2] [ERROR] [1789770497.658659236] [tf_help]: Data time: 64s 500000000ns, Transform time: 4s 340000000ns
[component_container_isolated-2] [ERROR] [1789770497.707854224] [tf_help]: Transform data too old when converting from map to odom
[component_container_isolated-2] [ERROR] [1789770497.707887150] [tf_help]: Data time: 64s 500000000ns, Transform time: 4s 340000000ns
[component_container_isolated-2] [ERROR] [1789770497.763484136] [tf_help]: Transform data too old when converting from map to odom
[component_container_isolated-2] [ERROR] [1789770497.763554130] [tf_help]: Data time: 64s 500000000ns, Transform time: 4s 340000000ns
[component_container_isolated-2] [ERROR] [1789770497.813717715] [tf_help]: Transform data too old when converting from map to odom
[component_container_isolated-2] [ERROR] [1789770497.813783058] [tf_help]: Data time: 64s 500000000ns, Transform time: 4s 340000000ns
[component_container_isolated-2] [ERROR] [1789770497.859165207] [tf_help]: Transform data too old when converting from map to odom
[component_container_isolated-2] [ERROR] [1789770497.859198596] [tf_help]: Data time: 64s 500000000ns, Transform time: 4s 340000000ns
[component_container_isolated-2] [ERROR] [1789770497.907981544] [tf_help]: Transform data too old when converting from map to odom
[component_container_isolated-2] [ERROR] [1789770497.908020319] [tf_help]: Data time: 64s 500000000ns, Transform time: 4s 340000000ns
[component_container_isolated-2] [ERROR] [1789770497.958006173] [tf_help]: Transform data too old when converting from map to odom
[component_container_isolated-2] [ERROR] [1789770497.958040298] [tf_help]: Data time: 64s 500000000ns, Transform time: 4s 340000000ns
[component_container_isolated-2] [ERROR] [1789770498.008653653] [tf_help]: Transform data too old when converting from map to odom
[component_container_isolated-2] [ERROR] [1789770498.008705277] [tf_help]: Data time: 64s 500000000ns, Transform time: 4s 340000000ns
[component_container_isolated-2] [ERROR] [1789770498.058193339] [tf_help]: Transform data too old when converting from map to odom
[component_container_isolated-2] [ERROR] [1789770498.058226811] [tf_help]: Data time: 64s 500000000ns, Transform time: 4s 340000000ns
[component_container_isolated-2] [ERROR] [1789770498.108384778] [tf_help]: Transform data too old when converting from map to odom
[component_container_isolated-2] [ERROR] [1789770498.108423076] [tf_help]: Data time: 64s 500000000ns, Transform time: 4s 340000000ns
[component_container_isolated-2] [ERROR] [1789770498.159126002] [tf_help]: Transform data too old when converting from map to odom
[component_container_isolated-2] [ERROR] [1789770498.159157971] [tf_help]: Data time: 64s 500000000ns, Transform time: 4s 340000000ns
[component_container_isolated-2] [ERROR] [1789770498.208096658] [tf_help]: Transform data too old when converting from map to odom
[component_container_isolated-2] [ERROR] [1789770498.208128782] [tf_help]: Data time: 64s 500000000ns, Transform time: 4s 340000000ns
[component_container_isolated-2] [ERROR] [1789770498.257731269] [tf_help]: Transform data too old when converting from map to odom
[component_container_isolated-2] [ERROR] [1789770498.257763567] [tf_help]: Data time: 64s 500000000ns, Transform time: 4s 340000000ns
[component_container_isolated-2] [ERROR] [1789770498.307904046] [tf_help]: Transform data too old when converting from map to odom
[component_container_isolated-2] [ERROR] [1789770498.307939658] [tf_help]: Data time: 64s 500000000ns, Transform time: 4s 340000000ns
[component_container_isolated-2] [INFO] [1789770498.352661036] [controller_server]: Passing new path to controller.
[component_container_isolated-2] [ERROR] [1789770498.359244259] [tf_help]: Transform data too old when converting from map to odom
[component_container_isolated-2] [ERROR] [1789770498.359275889] [tf_help]: Data time: 65s 500000000ns, Transform time: 4s 340000000ns
[component_container_isolated-2] [ERROR] [1789770498.409879816] [tf_help]: Transform data too old when converting from map to odom
[component_container_isolated-2] [ERROR] [1789770498.409931062] [tf_help]: Data time: 65s 500000000ns, Transform time: 4s 340000000ns
[component_container_isolated-2] [ERROR] [1789770498.460995717] [tf_help]: Transform data too old when converting from map to odom
[component_container_isolated-2] [ERROR] [1789770498.461076930] [tf_help]: Data time: 65s 500000000ns, Transform time: 4s 340000000ns
[component_container_isolated-2] [ERROR] [1789770498.507918591] [tf_help]: Transform data too old when converting from map to odom
[component_container_isolated-2] [ERROR] [1789770498.507949441] [tf_help]: Data time: 65s 500000000ns, Transform time: 4s 340000000ns
[component_container_isolated-2] [ERROR] [1789770498.557917836] [tf_help]: Transform data too old when converting from map to odom
[component_container_isolated-2] [ERROR] [1789770498.557958858] [tf_help]: Data time: 65s 500000000ns, Transform time: 4s 340000000ns
[component_container_isolated-2] [ERROR] [1789770498.608044161] [tf_help]: Transform data too old when converting from map to odom
[component_container_isolated-2] [ERROR] [1789770498.608078999] [tf_help]: Data time: 65s 500000000ns, Transform time: 4s 340000000ns
[component_container_isolated-2] [ERROR] [1789770498.658117810] [tf_help]: Transform data too old when converting from map to odom
[component_container_isolated-2] [ERROR] [1789770498.658155029] [tf_help]: Data time: 65s 500000000ns, Transform time: 4s 340000000ns
[component_container_isolated-2] [INFO] [1789770498.712930531] [controller_server]: [TG-MPPI] cycle time (compute_backend=cpu): 5.940 ms/cycle avg over 50 cycles
[component_container_isolated-2] [ERROR] [1789770498.713157269] [tf_help]: Transform data too old when converting from map to odom
[component_container_isolated-2] [ERROR] [1789770498.713187432] [tf_help]: Data time: 65s 500000000ns, Transform time: 4s 340000000ns
[component_container_isolated-2] [ERROR] [1789770498.759735134] [tf_help]: Transform data too old when converting from map to odom
[component_container_isolated-2] [ERROR] [1789770498.759774758] [tf_help]: Data time: 65s 500000000ns, Transform time: 4s 340000000ns
[component_container_isolated-2] [ERROR] [1789770498.808152996] [tf_help]: Transform data too old when converting from map to odom
[component_container_isolated-2] [ERROR] [1789770498.808187045] [tf_help]: Data time: 65s 500000000ns, Transform time: 4s 340000000ns
[component_container_isolated-2] [ERROR] [1789770498.858088813] [tf_help]: Transform data too old when converting from map to odom
[component_container_isolated-2] [ERROR] [1789770498.858119377] [tf_help]: Data time: 65s 500000000ns, Transform time: 4s 340000000ns
[component_container_isolated-2] [ERROR] [1789770498.908395378] [tf_help]: Transform data too old when converting from map to odom
[component_container_isolated-2] [ERROR] [1789770498.908425485] [tf_help]: Data time: 65s 500000000ns, Transform time: 4s 340000000ns
[component_container_isolated-2] [ERROR] [1789770498.958074039] [tf_help]: Transform data too old when converting from map to odom
[component_container_isolated-2] [ERROR] [1789770498.958107801] [tf_help]: Data time: 65s 500000000ns, Transform time: 4s 340000000ns
[component_container_isolated-2] [ERROR] [1789770499.008143611] [tf_help]: Transform data too old when converting from map to odom
[component_container_isolated-2] [ERROR] [1789770499.008189334] [tf_help]: Data time: 65s 500000000ns, Transform time: 4s 340000000ns
[component_container_isolated-2] [ERROR] [1789770499.058266016] [tf_help]: Transform data too old when converting from map to odom
[component_container_isolated-2] [ERROR] [1789770499.058308238] [tf_help]: Data time: 65s 500000000ns, Transform time: 4s 340000000ns
[component_container_isolated-2] [ERROR] [1789770499.107941341] [tf_help]: Transform data too old when converting from map to odom
[component_container_isolated-2] [ERROR] [1789770499.107979756] [tf_help]: Data time: 65s 500000000ns, Transform time: 4s 340000000ns
[component_container_isolated-2] [ERROR] [1789770499.157782087] [tf_help]: Transform data too old when converting from map to odom
[component_container_isolated-2] [ERROR] [1789770499.157813599] [tf_help]: Data time: 65s 500000000ns, Transform time: 4s 340000000ns
[component_container_isolated-2] [ERROR] [1789770499.207918551] [tf_help]: Transform data too old when converting from map to odom
[component_container_isolated-2] [ERROR] [1789770499.207951811] [tf_help]: Data time: 65s 500000000ns, Transform time: 4s 340000000ns
[component_container_isolated-2] [ERROR] [1789770499.258272280] [tf_help]: Transform data too old when converting from map to odom
[component_container_isolated-2] [ERROR] [1789770499.258311874] [tf_help]: Data time: 65s 500000000ns, Transform time: 4s 340000000ns
[component_container_isolated-2] [ERROR] [1789770499.308255177] [tf_help]: Transform data too old when converting from map to odom
[component_container_isolated-2] [ERROR] [1789770499.308291113] [tf_help]: Data time: 65s 500000000ns, Transform time: 4s 340000000ns
[component_container_isolated-2] [ERROR] [1789770499.358779749] [tf_help]: Transform data too old when converting from map to odom
[component_container_isolated-2] [ERROR] [1789770499.358816584] [tf_help]: Data time: 65s 500000000ns, Transform time: 4s 340000000ns
[component_container_isolated-2] [INFO] [1789770499.402622119] [controller_server]: Passing new path to controller.
[component_container_isolated-2] [ERROR] [1789770499.407939430] [tf_help]: Transform data too old when converting from map to odom
[component_container_isolated-2] [ERROR] [1789770499.407963621] [tf_help]: Data time: 66s 400000000ns, Transform time: 4s 340000000ns
[component_container_isolated-2] [ERROR] [1789770499.458328943] [tf_help]: Transform data too old when converting from map to odom
[component_container_isolated-2] [ERROR] [1789770499.458367022] [tf_help]: Data time: 66s 400000000ns, Transform time: 4s 340000000ns
[component_container_isolated-2] [ERROR] [1789770499.507835238] [tf_help]: Transform data too old when converting from map to odom
[component_container_isolated-2] [ERROR] [1789770499.507873416] [tf_help]: Data time: 66s 400000000ns, Transform time: 4s 340000000ns
[component_container_isolated-2] [ERROR] [1789770499.558612761] [tf_help]: Transform data too old when converting from map to odom
[component_container_isolated-2] [ERROR] [1789770499.558648631] [tf_help]: Data time: 66s 400000000ns, Transform time: 4s 340000000ns
[component_container_isolated-2] [ERROR] [1789770499.607804542] [tf_help]: Transform data too old when converting from map to odom
[component_container_isolated-2] [ERROR] [1789770499.607836308] [tf_help]: Data time: 66s 400000000ns, Transform time: 4s 340000000ns
[component_container_isolated-2] [ERROR] [1789770499.658454763] [tf_help]: Transform data too old when converting from map to odom
[component_container_isolated-2] [ERROR] [1789770499.658514914] [tf_help]: Data time: 66s 400000000ns, Transform time: 4s 340000000ns
[component_container_isolated-2] [ERROR] [1789770499.707999456] [tf_help]: Transform data too old when converting from map to odom
[component_container_isolated-2] [ERROR] [1789770499.708038132] [tf_help]: Data time: 66s 400000000ns, Transform time: 4s 340000000ns
[component_container_isolated-2] [ERROR] [1789770499.757901793] [tf_help]: Transform data too old when converting from map to odom
[component_container_isolated-2] [ERROR] [1789770499.757936709] [tf_help]: Data time: 66s 400000000ns, Transform time: 4s 340000000ns
[component_container_isolated-2] [ERROR] [1789770499.808163740] [tf_help]: Transform data too old when converting from map to odom
[component_container_isolated-2] [ERROR] [1789770499.808202131] [tf_help]: Data time: 66s 400000000ns, Transform time: 4s 340000000ns
[component_container_isolated-2] [ERROR] [1789770499.860561620] [tf_help]: Transform data too old when converting from map to odom
[component_container_isolated-2] [ERROR] [1789770499.860626850] [tf_help]: Data time: 66s 400000000ns, Transform time: 4s 340000000ns
[component_container_isolated-2] [ERROR] [1789770499.909222700] [tf_help]: Transform data too old when converting from map to odom
[component_container_isolated-2] [ERROR] [1789770499.909259896] [tf_help]: Data time: 66s 400000000ns, Transform time: 4s 340000000ns
[component_container_isolated-2] [ERROR] [1789770499.958021061] [tf_help]: Transform data too old when converting from map to odom
[component_container_isolated-2] [ERROR] [1789770499.958058771] [tf_help]: Data time: 66s 400000000ns, Transform time: 4s 340000000ns
[component_container_isolated-2] [ERROR] [1789770500.008176969] [tf_help]: Transform data too old when converting from map to odom
[component_container_isolated-2] [ERROR] [1789770500.008216437] [tf_help]: Data time: 66s 400000000ns, Transform time: 4s 340000000ns
[component_container_isolated-2] [ERROR] [1789770500.057895150] [tf_help]: Transform data too old when converting from map to odom
[component_container_isolated-2] [ERROR] [1789770500.057936264] [tf_help]: Data time: 66s 400000000ns, Transform time: 4s 340000000ns
[component_container_isolated-2] [ERROR] [1789770500.113201925] [tf_help]: Transform data too old when converting from map to odom
[component_container_isolated-2] [ERROR] [1789770500.113250218] [tf_help]: Data time: 66s 400000000ns, Transform time: 4s 340000000ns
[component_container_isolated-2] [ERROR] [1789770500.159108136] [tf_help]: Transform data too old when converting from map to odom
[component_container_isolated-2] [ERROR] [1789770500.159144162] [tf_help]: Data time: 66s 400000000ns, Transform time: 4s 340000000ns
[component_container_isolated-2] [ERROR] [1789770500.212915198] [tf_help]: Transform data too old when converting from map to odom
[component_container_isolated-2] [ERROR] [1789770500.212961964] [tf_help]: Data time: 66s 400000000ns, Transform time: 4s 340000000ns
[component_container_isolated-2] [ERROR] [1789770500.259331996] [tf_help]: Transform data too old when converting from map to odom
[component_container_isolated-2] [ERROR] [1789770500.259366776] [tf_help]: Data time: 66s 400000000ns, Transform time: 4s 340000000ns
[component_container_isolated-2] [ERROR] [1789770500.312580528] [tf_help]: Transform data too old when converting from map to odom
[component_container_isolated-2] [ERROR] [1789770500.312626499] [tf_help]: Data time: 66s 400000000ns, Transform time: 4s 340000000ns
[component_container_isolated-2] [ERROR] [1789770500.360789784] [tf_help]: Transform data too old when converting from map to odom
[component_container_isolated-2] [ERROR] [1789770500.360820679] [tf_help]: Data time: 66s 400000000ns, Transform time: 4s 340000000ns
[component_container_isolated-2] [INFO] [1789770500.402639664] [controller_server]: Passing new path to controller.
[component_container_isolated-2] [ERROR] [1789770500.408465707] [tf_help]: Transform data too old when converting from map to odom
[component_container_isolated-2] [ERROR] [1789770500.408503188] [tf_help]: Data time: 67s 400000000ns, Transform time: 4s 340000000ns
[component_container_isolated-2] [ERROR] [1789770500.458017307] [tf_help]: Transform data too old when converting from map to odom
[component_container_isolated-2] [ERROR] [1789770500.458048326] [tf_help]: Data time: 67s 400000000ns, Transform time: 4s 340000000ns
[component_container_isolated-2] [ERROR] [1789770500.508307608] [tf_help]: Transform data too old when converting from map to odom
[component_container_isolated-2] [ERROR] [1789770500.508344259] [tf_help]: Data time: 67s 400000000ns, Transform time: 4s 340000000ns
[component_container_isolated-2] [ERROR] [1789770500.557907464] [tf_help]: Transform data too old when converting from map to odom
[component_container_isolated-2] [ERROR] [1789770500.557945411] [tf_help]: Data time: 67s 400000000ns, Transform time: 4s 340000000ns
[component_container_isolated-2] [ERROR] [1789770500.610358685] [tf_help]: Transform data too old when converting from map to odom
[component_container_isolated-2] [ERROR] [1789770500.610401283] [tf_help]: Data time: 67s 400000000ns, Transform time: 4s 340000000ns
[component_container_isolated-2] [ERROR] [1789770500.657850453] [tf_help]: Transform data too old when converting from map to odom
[component_container_isolated-2] [ERROR] [1789770500.657883684] [tf_help]: Data time: 67s 400000000ns, Transform time: 4s 340000000ns
[component_container_isolated-2] [ERROR] [1789770500.708381640] [tf_help]: Transform data too old when converting from map to odom
[component_container_isolated-2] [ERROR] [1789770500.708419222] [tf_help]: Data time: 67s 400000000ns, Transform time: 4s 340000000ns
[component_container_isolated-2] [ERROR] [1789770500.758410241] [tf_help]: Transform data too old when converting from map to odom
[component_container_isolated-2] [ERROR] [1789770500.758444460] [tf_help]: Data time: 67s 400000000ns, Transform time: 4s 340000000ns
[component_container_isolated-2] [ERROR] [1789770500.808759753] [tf_help]: Transform data too old when converting from map to odom
[component_container_isolated-2] [ERROR] [1789770500.808800365] [tf_help]: Data time: 67s 400000000ns, Transform time: 4s 340000000ns
[component_container_isolated-2] [ERROR] [1789770500.858760489] [tf_help]: Transform data too old when converting from map to odom
[component_container_isolated-2] [ERROR] [1789770500.858795889] [tf_help]: Data time: 67s 400000000ns, Transform time: 4s 340000000ns
[component_container_isolated-2] [ERROR] [1789770500.908244708] [tf_help]: Transform data too old when converting from map to odom
[component_container_isolated-2] [ERROR] [1789770500.908272777] [tf_help]: Data time: 67s 400000000ns, Transform time: 4s 340000000ns
[component_container_isolated-2] [ERROR] [1789770500.961008471] [tf_help]: Transform data too old when converting from map to odom
[component_container_isolated-2] [ERROR] [1789770500.961054941] [tf_help]: Data time: 67s 400000000ns, Transform time: 4s 340000000ns
[component_container_isolated-2] [ERROR] [1789770501.022099360] [tf_help]: Transform data too old when converting from map to odom
[component_container_isolated-2] [ERROR] [1789770501.022145179] [tf_help]: Data time: 67s 400000000ns, Transform time: 4s 340000000ns
[component_container_isolated-2] [ERROR] [1789770501.057963925] [tf_help]: Transform data too old when converting from map to odom
[component_container_isolated-2] [ERROR] [1789770501.057994589] [tf_help]: Data time: 67s 400000000ns, Transform time: 4s 340000000ns
[component_container_isolated-2] [ERROR] [1789770501.109244730] [tf_help]: Transform data too old when converting from map to odom
[component_container_isolated-2] [ERROR] [1789770501.109301194] [tf_help]: Data time: 67s 400000000ns, Transform time: 4s 340000000ns
[component_container_isolated-2] [ERROR] [1789770501.157715179] [tf_help]: Transform data too old when converting from map to odom
[component_container_isolated-2] [ERROR] [1789770501.157747780] [tf_help]: Data time: 67s 400000000ns, Transform time: 4s 340000000ns
[component_container_isolated-2] [INFO] [1789770501.208575428] [controller_server]: [TG-MPPI] cycle time (compute_backend=cpu): 6.152 ms/cycle avg over 50 cycles
[component_container_isolated-2] [ERROR] [1789770501.208712892] [tf_help]: Transform data too old when converting from map to odom
[component_container_isolated-2] [ERROR] [1789770501.208731451] [tf_help]: Data time: 67s 400000000ns, Transform time: 4s 340000000ns
[component_container_isolated-2] [ERROR] [1789770501.258302316] [tf_help]: Transform data too old when converting from map to odom
[component_container_isolated-2] [ERROR] [1789770501.258338321] [tf_help]: Data time: 67s 400000000ns, Transform time: 4s 340000000ns
[component_container_isolated-2] [ERROR] [1789770501.308971138] [tf_help]: Transform data too old when converting from map to odom
[component_container_isolated-2] [ERROR] [1789770501.309003035] [tf_help]: Data time: 67s 400000000ns, Transform time: 4s 340000000ns
[component_container_isolated-2] [ERROR] [1789770501.358025909] [tf_help]: Transform data too old when converting from map to odom
[component_container_isolated-2] [ERROR] [1789770501.358057741] [tf_help]: Data time: 67s 400000000ns, Transform time: 4s 340000000ns
[component_container_isolated-2] [ERROR] [1789770501.407975094] [tf_help]: Transform data too old when converting from map to odom
[component_container_isolated-2] [ERROR] [1789770501.408013868] [tf_help]: Data time: 67s 400000000ns, Transform time: 4s 340000000ns
[component_container_isolated-2] [INFO] [1789770501.452666924] [controller_server]: Passing new path to controller.
[component_container_isolated-2] [ERROR] [1789770501.458049715] [tf_help]: Transform data too old when converting from map to odom
[component_container_isolated-2] [ERROR] [1789770501.458082144] [tf_help]: Data time: 68s 300000000ns, Transform time: 4s 340000000ns
[component_container_isolated-2] [ERROR] [1789770501.509785339] [tf_help]: Transform data too old when converting from map to odom
[component_container_isolated-2] [ERROR] [1789770501.509820310] [tf_help]: Data time: 68s 300000000ns, Transform time: 4s 340000000ns
[component_container_isolated-2] [ERROR] [1789770501.557866598] [tf_help]: Transform data too old when converting from map to odom
[component_container_isolated-2] [ERROR] [1789770501.557901874] [tf_help]: Data time: 68s 300000000ns, Transform time: 4s 340000000ns
[component_container_isolated-2] [ERROR] [1789770501.612204814] [tf_help]: Transform data too old when converting from map to odom
[component_container_isolated-2] [ERROR] [1789770501.612251555] [tf_help]: Data time: 68s 300000000ns, Transform time: 4s 340000000ns
[component_container_isolated-2] [ERROR] [1789770501.663150160] [tf_help]: Transform data too old when converting from map to odom
[component_container_isolated-2] [ERROR] [1789770501.663208037] [tf_help]: Data time: 68s 300000000ns, Transform time: 4s 340000000ns
[component_container_isolated-2] [ERROR] [1789770501.711561657] [tf_help]: Transform data too old when converting from map to odom
[component_container_isolated-2] [ERROR] [1789770501.711605830] [tf_help]: Data time: 68s 300000000ns, Transform time: 4s 340000000ns
[component_container_isolated-2] [ERROR] [1789770501.757901018] [tf_help]: Transform data too old when converting from map to odom
[component_container_isolated-2] [ERROR] [1789770501.757934830] [tf_help]: Data time: 68s 300000000ns, Transform time: 4s 340000000ns
[component_container_isolated-2] [ERROR] [1789770501.807797609] [tf_help]: Transform data too old when converting from map to odom
[component_container_isolated-2] [ERROR] [1789770501.807832293] [tf_help]: Data time: 68s 300000000ns, Transform time: 4s 340000000ns
[component_container_isolated-2] [ERROR] [1789770501.859468669] [tf_help]: Transform data too old when converting from map to odom
[component_container_isolated-2] [ERROR] [1789770501.859502011] [tf_help]: Data time: 68s 300000000ns, Transform time: 4s 340000000ns
[component_container_isolated-2] [ERROR] [1789770501.908190187] [tf_help]: Transform data too old when converting from map to odom
[component_container_isolated-2] [ERROR] [1789770501.908223335] [tf_help]: Data time: 68s 300000000ns, Transform time: 4s 340000000ns
[component_container_isolated-2] [ERROR] [1789770501.958641778] [tf_help]: Transform data too old when converting from map to odom
[component_container_isolated-2] [ERROR] [1789770501.958675503] [tf_help]: Data time: 68s 300000000ns, Transform time: 4s 340000000ns
[component_container_isolated-2] [ERROR] [1789770502.007876744] [tf_help]: Transform data too old when converting from map to odom
[component_container_isolated-2] [ERROR] [1789770502.007913258] [tf_help]: Data time: 68s 300000000ns, Transform time: 4s 340000000ns
[component_container_isolated-2] [ERROR] [1789770502.058321380] [tf_help]: Transform data too old when converting from map to odom
[component_container_isolated-2] [ERROR] [1789770502.058360437] [tf_help]: Data time: 68s 300000000ns, Transform time: 4s 340000000ns
[component_container_isolated-2] [ERROR] [1789770502.108236388] [tf_help]: Transform data too old when converting from map to odom
[component_container_isolated-2] [ERROR] [1789770502.108275954] [tf_help]: Data time: 68s 300000000ns, Transform time: 4s 340000000ns
[component_container_isolated-2] [ERROR] [1789770502.167328629] [tf_help]: Transform data too old when converting from map to odom
[component_container_isolated-2] [ERROR] [1789770502.167389084] [tf_help]: Data time: 68s 300000000ns, Transform time: 4s 340000000ns
[component_container_isolated-2] [ERROR] [1789770502.212085956] [tf_help]: Transform data too old when converting from map to odom
[component_container_isolated-2] [ERROR] [1789770502.212127672] [tf_help]: Data time: 68s 300000000ns, Transform time: 4s 340000000ns
[component_container_isolated-2] [ERROR] [1789770502.257834195] [tf_help]: Transform data too old when converting from map to odom
[component_container_isolated-2] [ERROR] [1789770502.257871962] [tf_help]: Data time: 68s 300000000ns, Transform time: 4s 340000000ns
[component_container_isolated-2] [ERROR] [1789770502.312846774] [tf_help]: Transform data too old when converting from map to odom
[component_container_isolated-2] [ERROR] [1789770502.312891932] [tf_help]: Data time: 68s 300000000ns, Transform time: 4s 340000000ns
[component_container_isolated-2] [ERROR] [1789770502.361505407] [tf_help]: Transform data too old when converting from map to odom
[component_container_isolated-2] [ERROR] [1789770502.361541078] [tf_help]: Data time: 68s 300000000ns, Transform time: 4s 340000000ns
[component_container_isolated-2] [ERROR] [1789770502.408561013] [tf_help]: Transform data too old when converting from map to odom
[component_container_isolated-2] [ERROR] [1789770502.408593830] [tf_help]: Data time: 68s 300000000ns, Transform time: 4s 340000000ns
[component_container_isolated-2] [ERROR] [1789770502.458141209] [tf_help]: Transform data too old when converting from map to odom
[component_container_isolated-2] [ERROR] [1789770502.458174147] [tf_help]: Data time: 68s 300000000ns, Transform time: 4s 340000000ns
[component_container_isolated-2] [INFO] [1789770502.502668543] [controller_server]: Passing new path to controller.
[component_container_isolated-2] [ERROR] [1789770502.508730808] [tf_help]: Transform data too old when converting from map to odom
[component_container_isolated-2] [ERROR] [1789770502.508755125] [tf_help]: Data time: 69s 300000000ns, Transform time: 4s 340000000ns
[component_container_isolated-2] [ERROR] [1789770502.558336086] [tf_help]: Transform data too old when converting from map to odom
[component_container_isolated-2] [ERROR] [1789770502.558386123] [tf_help]: Data time: 69s 300000000ns, Transform time: 4s 340000000ns
[component_container_isolated-2] [ERROR] [1789770502.612775538] [tf_help]: Transform data too old when converting from map to odom
[component_container_isolated-2] [ERROR] [1789770502.612820955] [tf_help]: Data time: 69s 300000000ns, Transform time: 4s 340000000ns
[component_container_isolated-2] [ERROR] [1789770502.661271267] [tf_help]: Transform data too old when converting from map to odom
[component_container_isolated-2] [ERROR] [1789770502.661308927] [tf_help]: Data time: 69s 300000000ns, Transform time: 4s 340000000ns
[component_container_isolated-2] [ERROR] [1789770502.708010223] [tf_help]: Transform data too old when converting from map to odom
[component_container_isolated-2] [ERROR] [1789770502.708055003] [tf_help]: Data time: 69s 300000000ns, Transform time: 4s 340000000ns
[component_container_isolated-2] [ERROR] [1789770502.759653049] [tf_help]: Transform data too old when converting from map to odom
[component_container_isolated-2] [ERROR] [1789770502.759686897] [tf_help]: Data time: 69s 300000000ns, Transform time: 4s 340000000ns
[component_container_isolated-2] [ERROR] [1789770502.809045944] [tf_help]: Transform data too old when converting from map to odom
[component_container_isolated-2] [ERROR] [1789770502.809081312] [tf_help]: Data time: 69s 300000000ns, Transform time: 4s 340000000ns
[component_container_isolated-2] [ERROR] [1789770502.857936357] [tf_help]: Transform data too old when converting from map to odom
[component_container_isolated-2] [ERROR] [1789770502.857965291] [tf_help]: Data time: 69s 300000000ns, Transform time: 4s 340000000ns
[component_container_isolated-2] [ERROR] [1789770502.907833640] [tf_help]: Transform data too old when converting from map to odom
[component_container_isolated-2] [ERROR] [1789770502.907866346] [tf_help]: Data time: 69s 300000000ns, Transform time: 4s 340000000ns
[component_container_isolated-2] [ERROR] [1789770502.957864708] [tf_help]: Transform data too old when converting from map to odom
[component_container_isolated-2] [ERROR] [1789770502.957895090] [tf_help]: Data time: 69s 300000000ns, Transform time: 4s 340000000ns
[component_container_isolated-2] [ERROR] [1789770503.008624444] [tf_help]: Transform data too old when converting from map to odom
[component_container_isolated-2] [ERROR] [1789770503.008664141] [tf_help]: Data time: 69s 300000000ns, Transform time: 4s 340000000ns
[component_container_isolated-2] [ERROR] [1789770503.058134640] [tf_help]: Transform data too old when converting from map to odom
[component_container_isolated-2] [ERROR] [1789770503.058177991] [tf_help]: Data time: 69s 300000000ns, Transform time: 4s 340000000ns
[component_container_isolated-2] [ERROR] [1789770503.108008502] [tf_help]: Transform data too old when converting from map to odom
[component_container_isolated-2] [ERROR] [1789770503.108047024] [tf_help]: Data time: 69s 300000000ns, Transform time: 4s 340000000ns
[component_container_isolated-2] [ERROR] [1789770503.157982801] [tf_help]: Transform data too old when converting from map to odom
[component_container_isolated-2] [ERROR] [1789770503.158017774] [tf_help]: Data time: 69s 300000000ns, Transform time: 4s 340000000ns
[ground_truth_localizer-1] [INFO] [1789770503.180838075] [ground_truth_localizer]: last 10 s: ground truth msgs 294, map->odom published 294 (284 via latest odom TF)
[component_container_isolated-2] [ERROR] [1789770503.209284042] [tf_help]: Transform data too old when converting from map to odom
[component_container_isolated-2] [ERROR] [1789770503.209323061] [tf_help]: Data time: 69s 300000000ns, Transform time: 4s 340000000ns
[component_container_isolated-2] [ERROR] [1789770503.258092890] [tf_help]: Transform data too old when converting from map to odom
[component_container_isolated-2] [ERROR] [1789770503.258124291] [tf_help]: Data time: 69s 300000000ns, Transform time: 4s 340000000ns
[component_container_isolated-2] [ERROR] [1789770503.308982659] [tf_help]: Transform data too old when converting from map to odom
[component_container_isolated-2] [ERROR] [1789770503.309015804] [tf_help]: Data time: 69s 300000000ns, Transform time: 4s 340000000ns
[component_container_isolated-2] [ERROR] [1789770503.362007504] [tf_help]: Transform data too old when converting from map to odom
[component_container_isolated-2] [ERROR] [1789770503.362059408] [tf_help]: Data time: 69s 300000000ns, Transform time: 4s 340000000ns
[component_container_isolated-2] [ERROR] [1789770503.408456957] [tf_help]: Transform data too old when converting from map to odom
[component_container_isolated-2] [ERROR] [1789770503.408492000] [tf_help]: Data time: 69s 300000000ns, Transform time: 4s 340000000ns
[component_container_isolated-2] [ERROR] [1789770503.459308713] [tf_help]: Transform data too old when converting from map to odom
[component_container_isolated-2] [ERROR] [1789770503.459348719] [tf_help]: Data time: 69s 300000000ns, Transform time: 4s 340000000ns
[component_container_isolated-2] [INFO] [1789770503.502661641] [controller_server]: Passing new path to controller.
[component_container_isolated-2] [ERROR] [1789770503.513678584] [tf_help]: Transform data too old when converting from map to odom
[component_container_isolated-2] [ERROR] [1789770503.513741632] [tf_help]: Data time: 70s 200000000ns, Transform time: 4s 340000000ns
[component_container_isolated-2] [ERROR] [1789770503.564200553] [tf_help]: Transform data too old when converting from map to odom
[component_container_isolated-2] [ERROR] [1789770503.564246663] [tf_help]: Data time: 70s 200000000ns, Transform time: 4s 340000000ns
[component_container_isolated-2] [ERROR] [1789770503.608921971] [tf_help]: Transform data too old when converting from map to odom
[component_container_isolated-2] [ERROR] [1789770503.608969323] [tf_help]: Data time: 70s 200000000ns, Transform time: 4s 340000000ns
[component_container_isolated-2] [ERROR] [1789770503.658392238] [tf_help]: Transform data too old when converting from map to odom
[component_container_isolated-2] [ERROR] [1789770503.658442136] [tf_help]: Data time: 70s 200000000ns, Transform time: 4s 340000000ns
[component_container_isolated-2] [INFO] [1789770503.707897571] [controller_server]: [TG-MPPI] cycle time (compute_backend=cpu): 6.587 ms/cycle avg over 50 cycles
[component_container_isolated-2] [ERROR] [1789770503.708060677] [tf_help]: Transform data too old when converting from map to odom
[component_container_isolated-2] [ERROR] [1789770503.708095046] [tf_help]: Data time: 70s 200000000ns, Transform time: 4s 340000000ns
[component_container_isolated-2] [ERROR] [1789770503.757931017] [tf_help]: Transform data too old when converting from map to odom
[component_container_isolated-2] [ERROR] [1789770503.757964686] [tf_help]: Data time: 70s 200000000ns, Transform time: 4s 340000000ns
[component_container_isolated-2] [ERROR] [1789770503.808307126] [tf_help]: Transform data too old when converting from map to odom
[component_container_isolated-2] [ERROR] [1789770503.808340653] [tf_help]: Data time: 70s 200000000ns, Transform time: 4s 340000000ns
[component_container_isolated-2] [ERROR] [1789770503.861759678] [tf_help]: Transform data too old when converting from map to odom
[component_container_isolated-2] [ERROR] [1789770503.861791908] [tf_help]: Data time: 70s 200000000ns, Transform time: 4s 340000000ns
[component_container_isolated-2] [ERROR] [1789770503.908363137] [tf_help]: Transform data too old when converting from map to odom
[component_container_isolated-2] [ERROR] [1789770503.908397587] [tf_help]: Data time: 70s 200000000ns, Transform time: 4s 340000000ns
[component_container_isolated-2] [ERROR] [1789770503.957955155] [tf_help]: Transform data too old when converting from map to odom
[component_container_isolated-2] [ERROR] [1789770503.957987059] [tf_help]: Data time: 70s 200000000ns, Transform time: 4s 340000000ns
[component_container_isolated-2] [ERROR] [1789770504.007748141] [tf_help]: Transform data too old when converting from map to odom
[component_container_isolated-2] [ERROR] [1789770504.007780228] [tf_help]: Data time: 70s 200000000ns, Transform time: 4s 340000000ns
[component_container_isolated-2] [ERROR] [1789770504.059193505] [tf_help]: Transform data too old when converting from map to odom
[component_container_isolated-2] [ERROR] [1789770504.059224886] [tf_help]: Data time: 70s 200000000ns, Transform time: 4s 340000000ns
[component_container_isolated-2] [ERROR] [1789770504.108096257] [tf_help]: Transform data too old when converting from map to odom
[component_container_isolated-2] [ERROR] [1789770504.108128181] [tf_help]: Data time: 70s 200000000ns, Transform time: 4s 340000000ns
[component_container_isolated-2] [ERROR] [1789770504.158742600] [tf_help]: Transform data too old when converting from map to odom
[component_container_isolated-2] [ERROR] [1789770504.158797875] [tf_help]: Data time: 70s 200000000ns, Transform time: 4s 340000000ns
[component_container_isolated-2] [ERROR] [1789770504.207791776] [tf_help]: Transform data too old when converting from map to odom
[component_container_isolated-2] [ERROR] [1789770504.207823347] [tf_help]: Data time: 70s 200000000ns, Transform time: 4s 340000000ns
[component_container_isolated-2] [ERROR] [1789770504.257952291] [tf_help]: Transform data too old when converting from map to odom
[component_container_isolated-2] [ERROR] [1789770504.257989376] [tf_help]: Data time: 70s 200000000ns, Transform time: 4s 340000000ns
[component_container_isolated-2] [ERROR] [1789770504.308022411] [tf_help]: Transform data too old when converting from map to odom
[component_container_isolated-2] [ERROR] [1789770504.308055113] [tf_help]: Data time: 70s 200000000ns, Transform time: 4s 340000000ns
[component_container_isolated-2] [ERROR] [1789770504.361604692] [tf_help]: Transform data too old when converting from map to odom
[component_container_isolated-2] [ERROR] [1789770504.361656238] [tf_help]: Data time: 70s 200000000ns, Transform time: 4s 340000000ns
[component_container_isolated-2] [ERROR] [1789770504.409275879] [tf_help]: Transform data too old when converting from map to odom
[component_container_isolated-2] [ERROR] [1789770504.409310533] [tf_help]: Data time: 70s 200000000ns, Transform time: 4s 340000000ns
[component_container_isolated-2] [ERROR] [1789770504.458780826] [tf_help]: Transform data too old when converting from map to odom
[component_container_isolated-2] [ERROR] [1789770504.458817197] [tf_help]: Data time: 70s 200000000ns, Transform time: 4s 340000000ns
[component_container_isolated-2] [ERROR] [1789770504.512835494] [tf_help]: Transform data too old when converting from map to odom
[component_container_isolated-2] [ERROR] [1789770504.512884933] [tf_help]: Data time: 70s 200000000ns, Transform time: 4s 340000000ns
[component_container_isolated-2] [INFO] [1789770504.552629374] [controller_server]: Passing new path to controller.
[component_container_isolated-2] [ERROR] [1789770504.560248466] [tf_help]: Transform data too old when converting from map to odom
[component_container_isolated-2] [ERROR] [1789770504.560283136] [tf_help]: Data time: 71s 200000000ns, Transform time: 4s 340000000ns
[component_container_isolated-2] [ERROR] [1789770504.608527565] [tf_help]: Transform data too old when converting from map to odom
[component_container_isolated-2] [ERROR] [1789770504.608559293] [tf_help]: Data time: 71s 200000000ns, Transform time: 4s 340000000ns
[component_container_isolated-2] [ERROR] [1789770504.658464287] [tf_help]: Transform data too old when converting from map to odom
[component_container_isolated-2] [ERROR] [1789770504.658510823] [tf_help]: Data time: 71s 200000000ns, Transform time: 4s 340000000ns
[component_container_isolated-2] [ERROR] [1789770504.710046730] [tf_help]: Transform data too old when converting from map to odom
[component_container_isolated-2] [ERROR] [1789770504.710107719] [tf_help]: Data time: 71s 200000000ns, Transform time: 4s 340000000ns
[component_container_isolated-2] [ERROR] [1789770504.760802053] [tf_help]: Transform data too old when converting from map to odom
[component_container_isolated-2] [ERROR] [1789770504.760838540] [tf_help]: Data time: 71s 200000000ns, Transform time: 4s 340000000ns
[component_container_isolated-2] [ERROR] [1789770504.808375058] [tf_help]: Transform data too old when converting from map to odom
[component_container_isolated-2] [ERROR] [1789770504.808422081] [tf_help]: Data time: 71s 200000000ns, Transform time: 4s 340000000ns
[component_container_isolated-2] [ERROR] [1789770504.863597604] [tf_help]: Transform data too old when converting from map to odom
[component_container_isolated-2] [ERROR] [1789770504.863644508] [tf_help]: Data time: 71s 200000000ns, Transform time: 4s 340000000ns
[component_container_isolated-2] [ERROR] [1789770504.913412057] [tf_help]: Transform data too old when converting from map to odom
[component_container_isolated-2] [ERROR] [1789770504.913459598] [tf_help]: Data time: 71s 200000000ns, Transform time: 4s 340000000ns
[component_container_isolated-2] [ERROR] [1789770504.963075947] [tf_help]: Transform data too old when converting from map to odom
[component_container_isolated-2] [ERROR] [1789770504.963114412] [tf_help]: Data time: 71s 200000000ns, Transform time: 4s 340000000ns
[component_container_isolated-2] [ERROR] [1789770505.010799843] [tf_help]: Transform data too old when converting from map to odom
[component_container_isolated-2] [ERROR] [1789770505.010834890] [tf_help]: Data time: 71s 200000000ns, Transform time: 4s 340000000ns
[component_container_isolated-2] [ERROR] [1789770505.057833929] [tf_help]: Transform data too old when converting from map to odom
[component_container_isolated-2] [ERROR] [1789770505.057866642] [tf_help]: Data time: 71s 200000000ns, Transform time: 4s 340000000ns
[component_container_isolated-2] [ERROR] [1789770505.108362095] [tf_help]: Transform data too old when converting from map to odom
[component_container_isolated-2] [ERROR] [1789770505.108407334] [tf_help]: Data time: 71s 200000000ns, Transform time: 4s 340000000ns
[component_container_isolated-2] [ERROR] [1789770505.162652913] [tf_help]: Transform data too old when converting from map to odom
[component_container_isolated-2] [ERROR] [1789770505.162699356] [tf_help]: Data time: 71s 200000000ns, Transform time: 4s 340000000ns
[component_container_isolated-2] [ERROR] [1789770505.207835530] [tf_help]: Transform data too old when converting from map to odom
[component_container_isolated-2] [ERROR] [1789770505.207868951] [tf_help]: Data time: 71s 200000000ns, Transform time: 4s 340000000ns
[component_container_isolated-2] [ERROR] [1789770505.258391963] [tf_help]: Transform data too old when converting from map to odom
[component_container_isolated-2] [ERROR] [1789770505.258429506] [tf_help]: Data time: 71s 200000000ns, Transform time: 4s 340000000ns
[component_container_isolated-2] [ERROR] [1789770505.308237401] [tf_help]: Transform data too old when converting from map to odom
[component_container_isolated-2] [ERROR] [1789770505.308275021] [tf_help]: Data time: 71s 200000000ns, Transform time: 4s 340000000ns
[component_container_isolated-2] [ERROR] [1789770505.359365709] [tf_help]: Transform data too old when converting from map to odom
[component_container_isolated-2] [ERROR] [1789770505.359404906] [tf_help]: Data time: 71s 200000000ns, Transform time: 4s 340000000ns
[component_container_isolated-2] [ERROR] [1789770505.408427669] [tf_help]: Transform data too old when converting from map to odom
[component_container_isolated-2] [ERROR] [1789770505.408464134] [tf_help]: Data time: 71s 200000000ns, Transform time: 4s 340000000ns
[component_container_isolated-2] [ERROR] [1789770505.460121300] [tf_help]: Transform data too old when converting from map to odom
[component_container_isolated-2] [ERROR] [1789770505.460154348] [tf_help]: Data time: 71s 200000000ns, Transform time: 4s 340000000ns
[component_container_isolated-2] [ERROR] [1789770505.508765104] [tf_help]: Transform data too old when converting from map to odom
[component_container_isolated-2] [ERROR] [1789770505.508795942] [tf_help]: Data time: 71s 200000000ns, Transform time: 4s 340000000ns
[component_container_isolated-2] [INFO] [1789770505.552622719] [controller_server]: Passing new path to controller.
[component_container_isolated-2] [ERROR] [1789770505.557946768] [tf_help]: Transform data too old when converting from map to odom
[component_container_isolated-2] [ERROR] [1789770505.557972537] [tf_help]: Data time: 72s 100000000ns, Transform time: 4s 340000000ns
[component_container_isolated-2] [ERROR] [1789770505.608125998] [tf_help]: Transform data too old when converting from map to odom
[component_container_isolated-2] [ERROR] [1789770505.608172490] [tf_help]: Data time: 72s 100000000ns, Transform time: 4s 340000000ns
[component_container_isolated-2] [ERROR] [1789770505.658506598] [tf_help]: Transform data too old when converting from map to odom
[component_container_isolated-2] [ERROR] [1789770505.658551699] [tf_help]: Data time: 72s 100000000ns, Transform time: 4s 340000000ns
[component_container_isolated-2] [ERROR] [1789770505.708722660] [tf_help]: Transform data too old when converting from map to odom
[component_container_isolated-2] [ERROR] [1789770505.708807657] [tf_help]: Data time: 72s 100000000ns, Transform time: 4s 340000000ns
[component_container_isolated-2] [ERROR] [1789770505.758328153] [tf_help]: Transform data too old when converting from map to odom
[component_container_isolated-2] [ERROR] [1789770505.758366210] [tf_help]: Data time: 72s 100000000ns, Transform time: 4s 340000000ns
[component_container_isolated-2] [ERROR] [1789770505.809292523] [tf_help]: Transform data too old when converting from map to odom
[component_container_isolated-2] [ERROR] [1789770505.809343765] [tf_help]: Data time: 72s 100000000ns, Transform time: 4s 340000000ns
[component_container_isolated-2] [ERROR] [1789770505.858580458] [tf_help]: Transform data too old when converting from map to odom
[component_container_isolated-2] [ERROR] [1789770505.858684279] [tf_help]: Data time: 72s 100000000ns, Transform time: 4s 340000000ns
[component_container_isolated-2] [ERROR] [1789770505.908903354] [tf_help]: Transform data too old when converting from map to odom
[component_container_isolated-2] [ERROR] [1789770505.908939140] [tf_help]: Data time: 72s 100000000ns, Transform time: 4s 340000000ns
[component_container_isolated-2] [ERROR] [1789770505.958515397] [tf_help]: Transform data too old when converting from map to odom
[component_container_isolated-2] [ERROR] [1789770505.958555193] [tf_help]: Data time: 72s 100000000ns, Transform time: 4s 340000000ns
[component_container_isolated-2] [ERROR] [1789770506.008629832] [tf_help]: Transform data too old when converting from map to odom
[component_container_isolated-2] [ERROR] [1789770506.008662950] [tf_help]: Data time: 72s 100000000ns, Transform time: 4s 340000000ns
[component_container_isolated-2] [ERROR] [1789770506.059533623] [tf_help]: Transform data too old when converting from map to odom
[component_container_isolated-2] [ERROR] [1789770506.059577982] [tf_help]: Data time: 72s 100000000ns, Transform time: 4s 340000000ns
[component_container_isolated-2] [ERROR] [1789770506.107735925] [tf_help]: Transform data too old when converting from map to odom
[component_container_isolated-2] [ERROR] [1789770506.107769312] [tf_help]: Data time: 72s 100000000ns, Transform time: 4s 340000000ns
[component_container_isolated-2] [ERROR] [1789770506.159920623] [tf_help]: Transform data too old when converting from map to odom
[component_container_isolated-2] [ERROR] [1789770506.159956251] [tf_help]: Data time: 72s 100000000ns, Transform time: 4s 340000000ns
[component_container_isolated-2] [INFO] [1789770506.212267747] [controller_server]: [TG-MPPI] cycle time (compute_backend=cpu): 6.429 ms/cycle avg over 50 cycles
[component_container_isolated-2] [ERROR] [1789770506.212578630] [tf_help]: Transform data too old when converting from map to odom
[component_container_isolated-2] [ERROR] [1789770506.212616502] [tf_help]: Data time: 72s 100000000ns, Transform time: 4s 340000000ns
[component_container_isolated-2] [ERROR] [1789770506.257958746] [tf_help]: Transform data too old when converting from map to odom
[component_container_isolated-2] [ERROR] [1789770506.257989201] [tf_help]: Data time: 72s 100000000ns, Transform time: 4s 340000000ns
[component_container_isolated-2] [ERROR] [1789770506.302659295] [controller_server]: Failed to make progress
[component_container_isolated-2] [WARN] [1789770506.302721184] [controller_server]: [follow_path] [ActionServer] Aborting handle.
[component_container_isolated-2] [INFO] [1789770506.322329040] [behavior_server]: Running backup
[component_container_isolated-2] [INFO] [1789770506.322496944] [behavior_server]: DriveOnHeading: no acceleration or deceleration limits set
[component_container_isolated-2] [ERROR] [1789770506.322583259] [behavior_server]: Pose Goes Off Grid.
[component_container_isolated-2] [WARN] [1789770506.322642072] [behavior_server]: Collision Ahead - Exiting DriveOnHeading
[component_container_isolated-2] [WARN] [1789770506.322656510] [behavior_server]: backup failed
[component_container_isolated-2] [WARN] [1789770506.322670220] [behavior_server]: [backup] [ActionServer] Aborting handle.
[component_container_isolated-2] [INFO] [1789770506.352127571] [local_costmap.local_costmap]: Received request to clear entirely the local_costmap
[component_container_isolated-2] [INFO] [1789770506.352504924] [global_costmap.global_costmap]: Received request to clear entirely the global_costmap
[component_container_isolated-2] [WARN] [1789770506.542963961] [planner_server]: Planner loop missed its desired rate of 20.0000 Hz. Current loop rate is 5.0000 Hz
[component_container_isolated-2] [INFO] [1789770506.562124012] [controller_server]: Received a goal, begin computing control effort.
[component_container_isolated-2] [ERROR] [1789770506.568264225] [tf_help]: Transform data too old when converting from map to odom
[component_container_isolated-2] [ERROR] [1789770506.568294571] [tf_help]: Data time: 73s 0ns, Transform time: 4s 340000000ns
[component_container_isolated-2] [ERROR] [1789770506.620028320] [tf_help]: Transform data too old when converting from map to odom
[component_container_isolated-2] [ERROR] [1789770506.620077583] [tf_help]: Data time: 73s 0ns, Transform time: 4s 340000000ns
[component_container_isolated-2] [ERROR] [1789770506.669281731] [tf_help]: Transform data too old when converting from map to odom
[component_container_isolated-2] [ERROR] [1789770506.669323730] [tf_help]: Data time: 73s 0ns, Transform time: 4s 340000000ns
[component_container_isolated-2] [ERROR] [1789770506.717969180] [tf_help]: Transform data too old when converting from map to odom
[component_container_isolated-2] [ERROR] [1789770506.718001414] [tf_help]: Data time: 73s 0ns, Transform time: 4s 340000000ns
[component_container_isolated-2] [ERROR] [1789770506.767476347] [tf_help]: Transform data too old when converting from map to odom
[component_container_isolated-2] [ERROR] [1789770506.767508535] [tf_help]: Data time: 73s 0ns, Transform time: 4s 340000000ns
[component_container_isolated-2] [ERROR] [1789770506.818188414] [tf_help]: Transform data too old when converting from map to odom
[component_container_isolated-2] [ERROR] [1789770506.818221839] [tf_help]: Data time: 73s 0ns, Transform time: 4s 340000000ns
[component_container_isolated-2] [ERROR] [1789770506.867585187] [tf_help]: Transform data too old when converting from map to odom
[component_container_isolated-2] [ERROR] [1789770506.867615330] [tf_help]: Data time: 73s 0ns, Transform time: 4s 340000000ns
[component_container_isolated-2] [ERROR] [1789770506.918835861] [tf_help]: Transform data too old when converting from map to odom
[component_container_isolated-2] [ERROR] [1789770506.918917349] [tf_help]: Data time: 73s 0ns, Transform time: 4s 340000000ns
[component_container_isolated-2] [ERROR] [1789770506.967593455] [tf_help]: Transform data too old when converting from map to odom
[component_container_isolated-2] [ERROR] [1789770506.967637744] [tf_help]: Data time: 73s 0ns, Transform time: 4s 340000000ns
[component_container_isolated-2] [ERROR] [1789770507.017852716] [tf_help]: Transform data too old when converting from map to odom
[component_container_isolated-2] [ERROR] [1789770507.017889048] [tf_help]: Data time: 73s 0ns, Transform time: 4s 340000000ns
[component_container_isolated-2] [ERROR] [1789770507.067943519] [tf_help]: Transform data too old when converting from map to odom
[component_container_isolated-2] [ERROR] [1789770507.067983247] [tf_help]: Data time: 73s 0ns, Transform time: 4s 340000000ns
[component_container_isolated-2] [ERROR] [1789770507.117918039] [tf_help]: Transform data too old when converting from map to odom
[component_container_isolated-2] [ERROR] [1789770507.117957237] [tf_help]: Data time: 73s 0ns, Transform time: 4s 340000000ns
[component_container_isolated-2] [ERROR] [1789770507.167571131] [tf_help]: Transform data too old when converting from map to odom
[component_container_isolated-2] [ERROR] [1789770507.167603733] [tf_help]: Data time: 73s 0ns, Transform time: 4s 340000000ns
[component_container_isolated-2] [ERROR] [1789770507.224406520] [tf_help]: Transform data too old when converting from map to odom
[component_container_isolated-2] [ERROR] [1789770507.224466491] [tf_help]: Data time: 73s 0ns, Transform time: 4s 340000000ns
[component_container_isolated-2] [ERROR] [1789770507.267574253] [tf_help]: Transform data too old when converting from map to odom
[component_container_isolated-2] [ERROR] [1789770507.267607652] [tf_help]: Data time: 73s 0ns, Transform time: 4s 340000000ns
[component_container_isolated-2] [ERROR] [1789770507.317702558] [tf_help]: Transform data too old when converting from map to odom
[component_container_isolated-2] [ERROR] [1789770507.317742575] [tf_help]: Data time: 73s 0ns, Transform time: 4s 340000000ns
[component_container_isolated-2] [ERROR] [1789770507.367939748] [tf_help]: Transform data too old when converting from map to odom
[component_container_isolated-2] [ERROR] [1789770507.367971731] [tf_help]: Data time: 73s 0ns, Transform time: 4s 340000000ns
[component_container_isolated-2] [ERROR] [1789770507.419404292] [tf_help]: Transform data too old when converting from map to odom
[component_container_isolated-2] [ERROR] [1789770507.419442913] [tf_help]: Data time: 73s 0ns, Transform time: 4s 340000000ns
[component_container_isolated-2] [ERROR] [1789770507.468314335] [tf_help]: Transform data too old when converting from map to odom
[component_container_isolated-2] [ERROR] [1789770507.468347600] [tf_help]: Data time: 73s 0ns, Transform time: 4s 340000000ns
[component_container_isolated-2] [ERROR] [1789770507.518506307] [tf_help]: Transform data too old when converting from map to odom
[component_container_isolated-2] [ERROR] [1789770507.518539976] [tf_help]: Data time: 73s 0ns, Transform time: 4s 340000000ns
[component_container_isolated-2] [ERROR] [1789770507.569026693] [tf_help]: Transform data too old when converting from map to odom
[component_container_isolated-2] [ERROR] [1789770507.569109220] [tf_help]: Data time: 73s 0ns, Transform time: 4s 340000000ns
[component_container_isolated-2] [INFO] [1789770507.612300785] [controller_server]: Passing new path to controller.
[component_container_isolated-2] [ERROR] [1789770507.619059359] [tf_help]: Transform data too old when converting from map to odom
[component_container_isolated-2] [ERROR] [1789770507.619095535] [tf_help]: Data time: 73s 800000000ns, Transform time: 4s 340000000ns
[component_container_isolated-2] [ERROR] [1789770507.667825334] [tf_help]: Transform data too old when converting from map to odom
[component_container_isolated-2] [ERROR] [1789770507.667870089] [tf_help]: Data time: 73s 800000000ns, Transform time: 4s 340000000ns
[component_container_isolated-2] [ERROR] [1789770507.718897205] [tf_help]: Transform data too old when converting from map to odom
[component_container_isolated-2] [ERROR] [1789770507.718974247] [tf_help]: Data time: 73s 800000000ns, Transform time: 4s 340000000ns
[component_container_isolated-2] [ERROR] [1789770507.767562205] [tf_help]: Transform data too old when converting from map to odom
[component_container_isolated-2] [ERROR] [1789770507.767602653] [tf_help]: Data time: 73s 800000000ns, Transform time: 4s 340000000ns
[component_container_isolated-2] [ERROR] [1789770507.822869410] [tf_help]: Transform data too old when converting from map to odom
[component_container_isolated-2] [ERROR] [1789770507.822918160] [tf_help]: Data time: 73s 800000000ns, Transform time: 4s 340000000ns
[component_container_isolated-2] [ERROR] [1789770507.870161685] [tf_help]: Transform data too old when converting from map to odom
[component_container_isolated-2] [ERROR] [1789770507.870214029] [tf_help]: Data time: 73s 800000000ns, Transform time: 4s 340000000ns
[component_container_isolated-2] [ERROR] [1789770507.919174948] [tf_help]: Transform data too old when converting from map to odom
[component_container_isolated-2] [ERROR] [1789770507.919231300] [tf_help]: Data time: 73s 800000000ns, Transform time: 4s 340000000ns
[component_container_isolated-2] [ERROR] [1789770507.967648662] [tf_help]: Transform data too old when converting from map to odom
[component_container_isolated-2] [ERROR] [1789770507.967698151] [tf_help]: Data time: 73s 800000000ns, Transform time: 4s 340000000ns
[component_container_isolated-2] [ERROR] [1789770508.018092114] [tf_help]: Transform data too old when converting from map to odom
[component_container_isolated-2] [ERROR] [1789770508.018135341] [tf_help]: Data time: 73s 800000000ns, Transform time: 4s 340000000ns
[component_container_isolated-2] [ERROR] [1789770508.067668312] [tf_help]: Transform data too old when converting from map to odom
[component_container_isolated-2] [ERROR] [1789770508.067702007] [tf_help]: Data time: 73s 800000000ns, Transform time: 4s 340000000ns
[component_container_isolated-2] [ERROR] [1789770508.117874215] [tf_help]: Transform data too old when converting from map to odom
[component_container_isolated-2] [ERROR] [1789770508.117907449] [tf_help]: Data time: 73s 800000000ns, Transform time: 4s 340000000ns
[component_container_isolated-2] [ERROR] [1789770508.168222950] [tf_help]: Transform data too old when converting from map to odom
[component_container_isolated-2] [ERROR] [1789770508.168253026] [tf_help]: Data time: 73s 800000000ns, Transform time: 4s 340000000ns
[component_container_isolated-2] [ERROR] [1789770508.217638500] [tf_help]: Transform data too old when converting from map to odom
[component_container_isolated-2] [ERROR] [1789770508.217669727] [tf_help]: Data time: 73s 800000000ns, Transform time: 4s 340000000ns
[component_container_isolated-2] [ERROR] [1789770508.268362827] [tf_help]: Transform data too old when converting from map to odom
[component_container_isolated-2] [ERROR] [1789770508.268400501] [tf_help]: Data time: 73s 800000000ns, Transform time: 4s 340000000ns
[component_container_isolated-2] [ERROR] [1789770508.317859785] [tf_help]: Transform data too old when converting from map to odom
[component_container_isolated-2] [ERROR] [1789770508.317891284] [tf_help]: Data time: 73s 800000000ns, Transform time: 4s 340000000ns
[component_container_isolated-2] [ERROR] [1789770508.367698079] [tf_help]: Transform data too old when converting from map to odom
[component_container_isolated-2] [ERROR] [1789770508.367736665] [tf_help]: Data time: 73s 800000000ns, Transform time: 4s 340000000ns
[component_container_isolated-2] [ERROR] [1789770508.418371053] [tf_help]: Transform data too old when converting from map to odom
[component_container_isolated-2] [ERROR] [1789770508.418406126] [tf_help]: Data time: 73s 800000000ns, Transform time: 4s 340000000ns
[component_container_isolated-2] [ERROR] [1789770508.467511523] [tf_help]: Transform data too old when converting from map to odom
[component_container_isolated-2] [ERROR] [1789770508.467549091] [tf_help]: Data time: 73s 800000000ns, Transform time: 4s 340000000ns
[component_container_isolated-2] [ERROR] [1789770508.518589018] [tf_help]: Transform data too old when converting from map to odom
[component_container_isolated-2] [ERROR] [1789770508.518636340] [tf_help]: Data time: 73s 800000000ns, Transform time: 4s 340000000ns
[component_container_isolated-2] [ERROR] [1789770508.567900131] [tf_help]: Transform data too old when converting from map to odom
[component_container_isolated-2] [ERROR] [1789770508.567930481] [tf_help]: Data time: 73s 800000000ns, Transform time: 4s 340000000ns
[component_container_isolated-2] [ERROR] [1789770508.618011242] [tf_help]: Transform data too old when converting from map to odom
[component_container_isolated-2] [ERROR] [1789770508.618047934] [tf_help]: Data time: 73s 800000000ns, Transform time: 4s 340000000ns
[component_container_isolated-2] [INFO] [1789770508.662335623] [controller_server]: Passing new path to controller.
[component_container_isolated-2] [ERROR] [1789770508.668303093] [tf_help]: Transform data too old when converting from map to odom
[component_container_isolated-2] [ERROR] [1789770508.668328564] [tf_help]: Data time: 74s 800000000ns, Transform time: 4s 340000000ns
[component_container_isolated-2] [ERROR] [1789770508.718961240] [tf_help]: Transform data too old when converting from map to odom
[component_container_isolated-2] [ERROR] [1789770508.719011275] [tf_help]: Data time: 74s 800000000ns, Transform time: 4s 340000000ns
[component_container_isolated-2] [ERROR] [1789770508.767955646] [tf_help]: Transform data too old when converting from map to odom
[component_container_isolated-2] [ERROR] [1789770508.767987122] [tf_help]: Data time: 74s 800000000ns, Transform time: 4s 340000000ns
[component_container_isolated-2] [ERROR] [1789770508.819535177] [tf_help]: Transform data too old when converting from map to odom
[component_container_isolated-2] [ERROR] [1789770508.819580118] [tf_help]: Data time: 74s 800000000ns, Transform time: 4s 340000000ns
[component_container_isolated-2] [ERROR] [1789770508.868099207] [tf_help]: Transform data too old when converting from map to odom
[component_container_isolated-2] [ERROR] [1789770508.868135582] [tf_help]: Data time: 74s 800000000ns, Transform time: 4s 340000000ns
[component_container_isolated-2] [ERROR] [1789770508.918294355] [tf_help]: Transform data too old when converting from map to odom
[component_container_isolated-2] [ERROR] [1789770508.918336799] [tf_help]: Data time: 74s 800000000ns, Transform time: 4s 340000000ns
[component_container_isolated-2] [INFO] [1789770508.967412635] [controller_server]: [TG-MPPI] cycle time (compute_backend=cpu): 5.855 ms/cycle avg over 50 cycles
[component_container_isolated-2] [ERROR] [1789770508.967605934] [tf_help]: Transform data too old when converting from map to odom
[component_container_isolated-2] [ERROR] [1789770508.967630570] [tf_help]: Data time: 74s 800000000ns, Transform time: 4s 340000000ns
[component_container_isolated-2] [ERROR] [1789770509.017904611] [tf_help]: Transform data too old when converting from map to odom
[component_container_isolated-2] [ERROR] [1789770509.017940665] [tf_help]: Data time: 74s 800000000ns, Transform time: 4s 340000000ns
[component_container_isolated-2] [ERROR] [1789770509.067941318] [tf_help]: Transform data too old when converting from map to odom
[component_container_isolated-2] [ERROR] [1789770509.067979590] [tf_help]: Data time: 74s 800000000ns, Transform time: 4s 340000000ns
[component_container_isolated-2] [ERROR] [1789770509.117749031] [tf_help]: Transform data too old when converting from map to odom
[component_container_isolated-2] [ERROR] [1789770509.117781323] [tf_help]: Data time: 74s 800000000ns, Transform time: 4s 340000000ns
[component_container_isolated-2] [ERROR] [1789770509.168524369] [tf_help]: Transform data too old when converting from map to odom
[component_container_isolated-2] [ERROR] [1789770509.168569918] [tf_help]: Data time: 74s 800000000ns, Transform time: 4s 340000000ns
[component_container_isolated-2] [ERROR] [1789770509.217932305] [tf_help]: Transform data too old when converting from map to odom
[component_container_isolated-2] [ERROR] [1789770509.217966353] [tf_help]: Data time: 74s 800000000ns, Transform time: 4s 340000000ns
[component_container_isolated-2] [ERROR] [1789770509.267559529] [tf_help]: Transform data too old when converting from map to odom
[component_container_isolated-2] [ERROR] [1789770509.267598135] [tf_help]: Data time: 74s 800000000ns, Transform time: 4s 340000000ns
[component_container_isolated-2] [ERROR] [1789770509.317960331] [tf_help]: Transform data too old when converting from map to odom
[component_container_isolated-2] [ERROR] [1789770509.317991230] [tf_help]: Data time: 74s 800000000ns, Transform time: 4s 340000000ns
[component_container_isolated-2] [ERROR] [1789770509.367583484] [tf_help]: Transform data too old when converting from map to odom
[component_container_isolated-2] [ERROR] [1789770509.367618079] [tf_help]: Data time: 74s 800000000ns, Transform time: 4s 340000000ns
[component_container_isolated-2] [ERROR] [1789770509.418491084] [tf_help]: Transform data too old when converting from map to odom
[component_container_isolated-2] [ERROR] [1789770509.418538412] [tf_help]: Data time: 74s 800000000ns, Transform time: 4s 340000000ns
[component_container_isolated-2] [ERROR] [1789770509.467954310] [tf_help]: Transform data too old when converting from map to odom
[component_container_isolated-2] [ERROR] [1789770509.467988920] [tf_help]: Data time: 74s 800000000ns, Transform time: 4s 340000000ns
[component_container_isolated-2] [ERROR] [1789770509.517770436] [tf_help]: Transform data too old when converting from map to odom
[component_container_isolated-2] [ERROR] [1789770509.517808417] [tf_help]: Data time: 74s 800000000ns, Transform time: 4s 340000000ns
[component_container_isolated-2] [ERROR] [1789770509.568225968] [tf_help]: Transform data too old when converting from map to odom
[component_container_isolated-2] [ERROR] [1789770509.568263838] [tf_help]: Data time: 74s 800000000ns, Transform time: 4s 340000000ns
[component_container_isolated-2] [ERROR] [1789770509.618102798] [tf_help]: Transform data too old when converting from map to odom
[component_container_isolated-2] [ERROR] [1789770509.618140970] [tf_help]: Data time: 74s 800000000ns, Transform time: 4s 340000000ns
[component_container_isolated-2] [INFO] [1789770509.662340047] [controller_server]: Passing new path to controller.
[component_container_isolated-2] [ERROR] [1789770509.668912597] [tf_help]: Transform data too old when converting from map to odom
[component_container_isolated-2] [ERROR] [1789770509.668957387] [tf_help]: Data time: 75s 800000000ns, Transform time: 4s 340000000ns
[component_container_isolated-2] [ERROR] [1789770509.719466454] [tf_help]: Transform data too old when converting from map to odom
[component_container_isolated-2] [ERROR] [1789770509.719511500] [tf_help]: Data time: 75s 800000000ns, Transform time: 4s 340000000ns
[component_container_isolated-2] [ERROR] [1789770509.767512930] [tf_help]: Transform data too old when converting from map to odom
[component_container_isolated-2] [ERROR] [1789770509.767560043] [tf_help]: Data time: 75s 800000000ns, Transform time: 4s 340000000ns
[component_container_isolated-2] [ERROR] [1789770509.817477741] [tf_help]: Transform data too old when converting from map to odom
[component_container_isolated-2] [ERROR] [1789770509.817508367] [tf_help]: Data time: 75s 800000000ns, Transform time: 4s 340000000ns
[component_container_isolated-2] [ERROR] [1789770509.867870719] [tf_help]: Transform data too old when converting from map to odom
[component_container_isolated-2] [ERROR] [1789770509.867903001] [tf_help]: Data time: 75s 800000000ns, Transform time: 4s 340000000ns
[component_container_isolated-2] [ERROR] [1789770509.919389354] [tf_help]: Transform data too old when converting from map to odom
[component_container_isolated-2] [ERROR] [1789770509.919446901] [tf_help]: Data time: 75s 800000000ns, Transform time: 4s 340000000ns
[component_container_isolated-2] [ERROR] [1789770509.968357974] [tf_help]: Transform data too old when converting from map to odom
[component_container_isolated-2] [ERROR] [1789770509.968399615] [tf_help]: Data time: 75s 800000000ns, Transform time: 4s 340000000ns
[component_container_isolated-2] [ERROR] [1789770510.017643888] [tf_help]: Transform data too old when converting from map to odom
[component_container_isolated-2] [ERROR] [1789770510.017678658] [tf_help]: Data time: 75s 800000000ns, Transform time: 4s 340000000ns
[component_container_isolated-2] [ERROR] [1789770510.068488531] [tf_help]: Transform data too old when converting from map to odom
[component_container_isolated-2] [ERROR] [1789770510.068558219] [tf_help]: Data time: 75s 800000000ns, Transform time: 4s 340000000ns
[component_container_isolated-2] [ERROR] [1789770510.117766912] [tf_help]: Transform data too old when converting from map to odom
[component_container_isolated-2] [ERROR] [1789770510.117801151] [tf_help]: Data time: 75s 800000000ns, Transform time: 4s 340000000ns
[component_container_isolated-2] [ERROR] [1789770510.168414533] [tf_help]: Transform data too old when converting from map to odom
[component_container_isolated-2] [ERROR] [1789770510.168467861] [tf_help]: Data time: 75s 800000000ns, Transform time: 4s 340000000ns
[component_container_isolated-2] [ERROR] [1789770510.220328826] [tf_help]: Transform data too old when converting from map to odom
[component_container_isolated-2] [ERROR] [1789770510.220363579] [tf_help]: Data time: 75s 800000000ns, Transform time: 4s 340000000ns
[component_container_isolated-2] [ERROR] [1789770510.270830573] [tf_help]: Transform data too old when converting from map to odom
[component_container_isolated-2] [ERROR] [1789770510.271006475] [tf_help]: Data time: 75s 800000000ns, Transform time: 4s 340000000ns
[component_container_isolated-2] [ERROR] [1789770510.323063150] [tf_help]: Transform data too old when converting from map to odom
[component_container_isolated-2] [ERROR] [1789770510.323100544] [tf_help]: Data time: 75s 800000000ns, Transform time: 4s 340000000ns
[component_container_isolated-2] [ERROR] [1789770510.367473434] [tf_help]: Transform data too old when converting from map to odom
[component_container_isolated-2] [ERROR] [1789770510.367505733] [tf_help]: Data time: 75s 800000000ns, Transform time: 4s 340000000ns
[component_container_isolated-2] [ERROR] [1789770510.419894089] [tf_help]: Transform data too old when converting from map to odom
[component_container_isolated-2] [ERROR] [1789770510.419949048] [tf_help]: Data time: 75s 800000000ns, Transform time: 4s 340000000ns
[component_container_isolated-2] [ERROR] [1789770510.467691098] [tf_help]: Transform data too old when converting from map to odom
[component_container_isolated-2] [ERROR] [1789770510.467727486] [tf_help]: Data time: 75s 800000000ns, Transform time: 4s 340000000ns
[component_container_isolated-2] [ERROR] [1789770510.518124027] [tf_help]: Transform data too old when converting from map to odom
[component_container_isolated-2] [ERROR] [1789770510.518159457] [tf_help]: Data time: 75s 800000000ns, Transform time: 4s 340000000ns
[component_container_isolated-2] [ERROR] [1789770510.567694653] [tf_help]: Transform data too old when converting from map to odom
[component_container_isolated-2] [ERROR] [1789770510.567727746] [tf_help]: Data time: 75s 800000000ns, Transform time: 4s 340000000ns
[component_container_isolated-2] [ERROR] [1789770510.619079826] [tf_help]: Transform data too old when converting from map to odom
[component_container_isolated-2] [ERROR] [1789770510.619110629] [tf_help]: Data time: 75s 800000000ns, Transform time: 4s 340000000ns
[component_container_isolated-2] [ERROR] [1789770510.667460709] [tf_help]: Transform data too old when converting from map to odom
[component_container_isolated-2] [ERROR] [1789770510.667495258] [tf_help]: Data time: 75s 800000000ns, Transform time: 4s 340000000ns
[component_container_isolated-2] [INFO] [1789770510.712296430] [controller_server]: Passing new path to controller.
[component_container_isolated-2] [ERROR] [1789770510.717995648] [tf_help]: Transform data too old when converting from map to odom
[component_container_isolated-2] [ERROR] [1789770510.718026360] [tf_help]: Data time: 76s 700000000ns, Transform time: 4s 340000000ns
[component_container_isolated-2] [ERROR] [1789770510.767749338] [tf_help]: Transform data too old when converting from map to odom
[component_container_isolated-2] [ERROR] [1789770510.767791860] [tf_help]: Data time: 76s 700000000ns, Transform time: 4s 340000000ns
[component_container_isolated-2] [ERROR] [1789770510.817914185] [tf_help]: Transform data too old when converting from map to odom
[component_container_isolated-2] [ERROR] [1789770510.817946799] [tf_help]: Data time: 76s 700000000ns, Transform time: 4s 340000000ns
[component_container_isolated-2] [ERROR] [1789770510.867959242] [tf_help]: Transform data too old when converting from map to odom
[component_container_isolated-2] [ERROR] [1789770510.867995791] [tf_help]: Data time: 76s 700000000ns, Transform time: 4s 340000000ns
[component_container_isolated-2] [ERROR] [1789770510.918576249] [tf_help]: Transform data too old when converting from map to odom
[component_container_isolated-2] [ERROR] [1789770510.918627270] [tf_help]: Data time: 76s 700000000ns, Transform time: 4s 340000000ns
[component_container_isolated-2] [ERROR] [1789770510.971576541] [tf_help]: Transform data too old when converting from map to odom
[component_container_isolated-2] [ERROR] [1789770510.971619768] [tf_help]: Data time: 76s 700000000ns, Transform time: 4s 340000000ns
[component_container_isolated-2] [ERROR] [1789770511.022601088] [tf_help]: Transform data too old when converting from map to odom
[component_container_isolated-2] [ERROR] [1789770511.022643694] [tf_help]: Data time: 76s 700000000ns, Transform time: 4s 340000000ns
[component_container_isolated-2] [ERROR] [1789770511.070173026] [tf_help]: Transform data too old when converting from map to odom
[component_container_isolated-2] [ERROR] [1789770511.070208328] [tf_help]: Data time: 76s 700000000ns, Transform time: 4s 340000000ns
[component_container_isolated-2] [ERROR] [1789770511.117553930] [tf_help]: Transform data too old when converting from map to odom
[component_container_isolated-2] [ERROR] [1789770511.117587802] [tf_help]: Data time: 76s 700000000ns, Transform time: 4s 340000000ns
[component_container_isolated-2] [ERROR] [1789770511.168012527] [tf_help]: Transform data too old when converting from map to odom
[component_container_isolated-2] [ERROR] [1789770511.168069001] [tf_help]: Data time: 76s 700000000ns, Transform time: 4s 340000000ns
[component_container_isolated-2] [ERROR] [1789770511.218087406] [tf_help]: Transform data too old when converting from map to odom
[component_container_isolated-2] [ERROR] [1789770511.218124534] [tf_help]: Data time: 76s 700000000ns, Transform time: 4s 340000000ns
[component_container_isolated-2] [ERROR] [1789770511.267596022] [tf_help]: Transform data too old when converting from map to odom
[component_container_isolated-2] [ERROR] [1789770511.267629702] [tf_help]: Data time: 76s 700000000ns, Transform time: 4s 340000000ns
[component_container_isolated-2] [ERROR] [1789770511.318689258] [tf_help]: Transform data too old when converting from map to odom
[component_container_isolated-2] [ERROR] [1789770511.318724797] [tf_help]: Data time: 76s 700000000ns, Transform time: 4s 340000000ns
[component_container_isolated-2] [ERROR] [1789770511.367446986] [tf_help]: Transform data too old when converting from map to odom
[component_container_isolated-2] [ERROR] [1789770511.367482981] [tf_help]: Data time: 76s 700000000ns, Transform time: 4s 340000000ns
[component_container_isolated-2] [ERROR] [1789770511.420549717] [tf_help]: Transform data too old when converting from map to odom
[component_container_isolated-2] [ERROR] [1789770511.420623957] [tf_help]: Data time: 76s 700000000ns, Transform time: 4s 340000000ns
[component_container_isolated-2] [INFO] [1789770511.467588025] [controller_server]: [TG-MPPI] cycle time (compute_backend=cpu): 5.954 ms/cycle avg over 50 cycles
[component_container_isolated-2] [ERROR] [1789770511.467722486] [tf_help]: Transform data too old when converting from map to odom
[component_container_isolated-2] [ERROR] [1789770511.467741349] [tf_help]: Data time: 76s 700000000ns, Transform time: 4s 340000000ns
[component_container_isolated-2] [ERROR] [1789770511.519385998] [tf_help]: Transform data too old when converting from map to odom
[component_container_isolated-2] [ERROR] [1789770511.519463313] [tf_help]: Data time: 76s 700000000ns, Transform time: 4s 340000000ns
[component_container_isolated-2] [ERROR] [1789770511.567535479] [tf_help]: Transform data too old when converting from map to odom
[component_container_isolated-2] [ERROR] [1789770511.567569133] [tf_help]: Data time: 76s 700000000ns, Transform time: 4s 340000000ns
[component_container_isolated-2] [ERROR] [1789770511.617863712] [tf_help]: Transform data too old when converting from map to odom
[component_container_isolated-2] [ERROR] [1789770511.617896502] [tf_help]: Data time: 76s 700000000ns, Transform time: 4s 340000000ns
[component_container_isolated-2] [ERROR] [1789770511.668556166] [tf_help]: Transform data too old when converting from map to odom
[component_container_isolated-2] [ERROR] [1789770511.668603719] [tf_help]: Data time: 76s 700000000ns, Transform time: 4s 340000000ns
[component_container_isolated-2] [INFO] [1789770511.712297901] [controller_server]: Passing new path to controller.
[component_container_isolated-2] [ERROR] [1789770511.718904854] [tf_help]: Transform data too old when converting from map to odom
[component_container_isolated-2] [ERROR] [1789770511.718944199] [tf_help]: Data time: 77s 600000000ns, Transform time: 4s 340000000ns
[component_container_isolated-2] [ERROR] [1789770511.769962748] [tf_help]: Transform data too old when converting from map to odom
[component_container_isolated-2] [ERROR] [1789770511.769995835] [tf_help]: Data time: 77s 600000000ns, Transform time: 4s 340000000ns
[component_container_isolated-2] [ERROR] [1789770511.819103899] [tf_help]: Transform data too old when converting from map to odom
[component_container_isolated-2] [ERROR] [1789770511.819134065] [tf_help]: Data time: 77s 600000000ns, Transform time: 4s 340000000ns
[component_container_isolated-2] [ERROR] [1789770511.869505264] [tf_help]: Transform data too old when converting from map to odom
[component_container_isolated-2] [ERROR] [1789770511.869543057] [tf_help]: Data time: 77s 600000000ns, Transform time: 4s 340000000ns
[component_container_isolated-2] [ERROR] [1789770511.917988505] [tf_help]: Transform data too old when converting from map to odom
[component_container_isolated-2] [ERROR] [1789770511.918043935] [tf_help]: Data time: 77s 600000000ns, Transform time: 4s 340000000ns
[component_container_isolated-2] [ERROR] [1789770511.968058806] [tf_help]: Transform data too old when converting from map to odom
[component_container_isolated-2] [ERROR] [1789770511.968088318] [tf_help]: Data time: 77s 600000000ns, Transform time: 4s 340000000ns
[component_container_isolated-2] [ERROR] [1789770512.019693658] [tf_help]: Transform data too old when converting from map to odom
[component_container_isolated-2] [ERROR] [1789770512.019773237] [tf_help]: Data time: 77s 600000000ns, Transform time: 4s 340000000ns
[component_container_isolated-2] [ERROR] [1789770512.069421154] [tf_help]: Transform data too old when converting from map to odom
[component_container_isolated-2] [ERROR] [1789770512.069529909] [tf_help]: Data time: 77s 600000000ns, Transform time: 4s 340000000ns
[component_container_isolated-2] [ERROR] [1789770512.117813090] [tf_help]: Transform data too old when converting from map to odom
[component_container_isolated-2] [ERROR] [1789770512.117850627] [tf_help]: Data time: 77s 600000000ns, Transform time: 4s 340000000ns
[component_container_isolated-2] [ERROR] [1789770512.167913806] [tf_help]: Transform data too old when converting from map to odom
[component_container_isolated-2] [ERROR] [1789770512.167978517] [tf_help]: Data time: 77s 600000000ns, Transform time: 4s 340000000ns
[component_container_isolated-2] [ERROR] [1789770512.217710610] [tf_help]: Transform data too old when converting from map to odom
[component_container_isolated-2] [ERROR] [1789770512.217754440] [tf_help]: Data time: 77s 600000000ns, Transform time: 4s 340000000ns
[component_container_isolated-2] [ERROR] [1789770512.267802307] [tf_help]: Transform data too old when converting from map to odom
[component_container_isolated-2] [ERROR] [1789770512.267848251] [tf_help]: Data time: 77s 600000000ns, Transform time: 4s 340000000ns
[component_container_isolated-2] [ERROR] [1789770512.317640449] [tf_help]: Transform data too old when converting from map to odom
[component_container_isolated-2] [ERROR] [1789770512.317671647] [tf_help]: Data time: 77s 600000000ns, Transform time: 4s 340000000ns
[component_container_isolated-2] [ERROR] [1789770512.367450377] [tf_help]: Transform data too old when converting from map to odom
[component_container_isolated-2] [ERROR] [1789770512.367492927] [tf_help]: Data time: 77s 600000000ns, Transform time: 4s 340000000ns
[component_container_isolated-2] [ERROR] [1789770512.418581895] [tf_help]: Transform data too old when converting from map to odom
[component_container_isolated-2] [ERROR] [1789770512.418616892] [tf_help]: Data time: 77s 600000000ns, Transform time: 4s 340000000ns
[component_container_isolated-2] [ERROR] [1789770512.468896441] [tf_help]: Transform data too old when converting from map to odom
[component_container_isolated-2] [ERROR] [1789770512.468958133] [tf_help]: Data time: 77s 600000000ns, Transform time: 4s 340000000ns
[component_container_isolated-2] [ERROR] [1789770512.518338182] [tf_help]: Transform data too old when converting from map to odom
[component_container_isolated-2] [ERROR] [1789770512.518379174] [tf_help]: Data time: 77s 600000000ns, Transform time: 4s 340000000ns
[component_container_isolated-2] [ERROR] [1789770512.567670614] [tf_help]: Transform data too old when converting from map to odom
[component_container_isolated-2] [ERROR] [1789770512.567699732] [tf_help]: Data time: 77s 600000000ns, Transform time: 4s 340000000ns
[component_container_isolated-2] [ERROR] [1789770512.620861870] [tf_help]: Transform data too old when converting from map to odom
[component_container_isolated-2] [ERROR] [1789770512.620889736] [tf_help]: Data time: 77s 600000000ns, Transform time: 4s 340000000ns
[component_container_isolated-2] [ERROR] [1789770512.667996353] [tf_help]: Transform data too old when converting from map to odom
[component_container_isolated-2] [ERROR] [1789770512.668027200] [tf_help]: Data time: 77s 600000000ns, Transform time: 4s 340000000ns
[component_container_isolated-2] [ERROR] [1789770512.719529156] [tf_help]: Transform data too old when converting from map to odom
[component_container_isolated-2] [ERROR] [1789770512.719579733] [tf_help]: Data time: 77s 600000000ns, Transform time: 4s 340000000ns
[component_container_isolated-2] [INFO] [1789770512.762295246] [controller_server]: Passing new path to controller.
[component_container_isolated-2] [ERROR] [1789770512.767588154] [tf_help]: Transform data too old when converting from map to odom
[component_container_isolated-2] [ERROR] [1789770512.767622231] [tf_help]: Data time: 78s 500000000ns, Transform time: 4s 340000000ns
[component_container_isolated-2] [ERROR] [1789770512.824594107] [tf_help]: Transform data too old when converting from map to odom
[component_container_isolated-2] [ERROR] [1789770512.824636533] [tf_help]: Data time: 78s 500000000ns, Transform time: 4s 340000000ns
[component_container_isolated-2] [ERROR] [1789770512.870700010] [tf_help]: Transform data too old when converting from map to odom
[component_container_isolated-2] [ERROR] [1789770512.870797353] [tf_help]: Data time: 78s 500000000ns, Transform time: 4s 340000000ns
[component_container_isolated-2] [ERROR] [1789770512.918007611] [tf_help]: Transform data too old when converting from map to odom
[component_container_isolated-2] [ERROR] [1789770512.918036001] [tf_help]: Data time: 78s 500000000ns, Transform time: 4s 340000000ns
[component_container_isolated-2] [ERROR] [1789770512.969918488] [tf_help]: Transform data too old when converting from map to odom
[component_container_isolated-2] [ERROR] [1789770512.969970479] [tf_help]: Data time: 78s 500000000ns, Transform time: 4s 340000000ns
[component_container_isolated-2] [ERROR] [1789770513.018573818] [tf_help]: Transform data too old when converting from map to odom
[component_container_isolated-2] [ERROR] [1789770513.018612979] [tf_help]: Data time: 78s 500000000ns, Transform time: 4s 340000000ns
[component_container_isolated-2] [ERROR] [1789770513.069690958] [tf_help]: Transform data too old when converting from map to odom
[component_container_isolated-2] [ERROR] [1789770513.069727068] [tf_help]: Data time: 78s 500000000ns, Transform time: 4s 340000000ns
[component_container_isolated-2] [ERROR] [1789770513.118639936] [tf_help]: Transform data too old when converting from map to odom
[component_container_isolated-2] [ERROR] [1789770513.118672862] [tf_help]: Data time: 78s 500000000ns, Transform time: 4s 340000000ns
[component_container_isolated-2] [ERROR] [1789770513.168215323] [tf_help]: Transform data too old when converting from map to odom
[component_container_isolated-2] [ERROR] [1789770513.168251091] [tf_help]: Data time: 78s 500000000ns, Transform time: 4s 340000000ns
[component_container_isolated-2] [ERROR] [1789770513.219198951] [tf_help]: Transform data too old when converting from map to odom
[component_container_isolated-2] [ERROR] [1789770513.219259214] [tf_help]: Data time: 78s 500000000ns, Transform time: 4s 340000000ns
[component_container_isolated-2] [ERROR] [1789770513.268201424] [tf_help]: Transform data too old when converting from map to odom
[component_container_isolated-2] [ERROR] [1789770513.268236831] [tf_help]: Data time: 78s 500000000ns, Transform time: 4s 340000000ns
[component_container_isolated-2] [ERROR] [1789770513.319069624] [tf_help]: Transform data too old when converting from map to odom
[component_container_isolated-2] [ERROR] [1789770513.319106066] [tf_help]: Data time: 78s 500000000ns, Transform time: 4s 340000000ns
[component_container_isolated-2] [ERROR] [1789770513.368756900] [tf_help]: Transform data too old when converting from map to odom
[component_container_isolated-2] [ERROR] [1789770513.368790798] [tf_help]: Data time: 78s 500000000ns, Transform time: 4s 340000000ns
[component_container_isolated-2] [ERROR] [1789770513.419455441] [tf_help]: Transform data too old when converting from map to odom
[component_container_isolated-2] [ERROR] [1789770513.419490743] [tf_help]: Data time: 78s 500000000ns, Transform time: 4s 340000000ns
[component_container_isolated-2] [ERROR] [1789770513.467759247] [tf_help]: Transform data too old when converting from map to odom
[component_container_isolated-2] [ERROR] [1789770513.467794412] [tf_help]: Data time: 78s 500000000ns, Transform time: 4s 340000000ns
[component_container_isolated-2] [ERROR] [1789770513.518206767] [tf_help]: Transform data too old when converting from map to odom
[component_container_isolated-2] [ERROR] [1789770513.518254726] [tf_help]: Data time: 78s 500000000ns, Transform time: 4s 340000000ns
[component_container_isolated-2] [ERROR] [1789770513.567698824] [tf_help]: Transform data too old when converting from map to odom
[component_container_isolated-2] [ERROR] [1789770513.567736057] [tf_help]: Data time: 78s 500000000ns, Transform time: 4s 340000000ns
[component_container_isolated-2] [ERROR] [1789770513.618915495] [tf_help]: Transform data too old when converting from map to odom
[component_container_isolated-2] [ERROR] [1789770513.618955164] [tf_help]: Data time: 78s 500000000ns, Transform time: 4s 340000000ns
[component_container_isolated-2] [ERROR] [1789770513.669765652] [tf_help]: Transform data too old when converting from map to odom
[component_container_isolated-2] [ERROR] [1789770513.669827490] [tf_help]: Data time: 78s 500000000ns, Transform time: 4s 340000000ns
[component_container_isolated-2] [ERROR] [1789770513.718100509] [tf_help]: Transform data too old when converting from map to odom
[component_container_isolated-2] [ERROR] [1789770513.718136518] [tf_help]: Data time: 78s 500000000ns, Transform time: 4s 340000000ns
[component_container_isolated-2] [ERROR] [1789770513.772925542] [tf_help]: Transform data too old when converting from map to odom
[component_container_isolated-2] [ERROR] [1789770513.772999757] [tf_help]: Data time: 78s 500000000ns, Transform time: 4s 340000000ns
[component_container_isolated-2] [INFO] [1789770513.812470420] [controller_server]: Passing new path to controller.
[component_container_isolated-2] [ERROR] [1789770513.821271079] [tf_help]: Transform data too old when converting from map to odom
[component_container_isolated-2] [ERROR] [1789770513.821330085] [tf_help]: Data time: 79s 400000000ns, Transform time: 4s 340000000ns
[component_container_isolated-2] [ERROR] [1789770513.870443591] [tf_help]: Transform data too old when converting from map to odom
[component_container_isolated-2] [ERROR] [1789770513.870484180] [tf_help]: Data time: 79s 400000000ns, Transform time: 4s 340000000ns
[component_container_isolated-2] [ERROR] [1789770513.918220027] [tf_help]: Transform data too old when converting from map to odom
[component_container_isolated-2] [ERROR] [1789770513.918252428] [tf_help]: Data time: 79s 400000000ns, Transform time: 4s 340000000ns
[component_container_isolated-2] [INFO] [1789770513.967729882] [controller_server]: [TG-MPPI] cycle time (compute_backend=cpu): 6.272 ms/cycle avg over 50 cycles
[component_container_isolated-2] [ERROR] [1789770513.967871682] [tf_help]: Transform data too old when converting from map to odom
[component_container_isolated-2] [ERROR] [1789770513.967890989] [tf_help]: Data time: 79s 400000000ns, Transform time: 4s 340000000ns
[component_container_isolated-2] [ERROR] [1789770514.019255913] [tf_help]: Transform data too old when converting from map to odom
[component_container_isolated-2] [ERROR] [1789770514.019290800] [tf_help]: Data time: 79s 400000000ns, Transform time: 4s 340000000ns
[component_container_isolated-2] [ERROR] [1789770514.067384911] [tf_help]: Transform data too old when converting from map to odom
[component_container_isolated-2] [ERROR] [1789770514.067424535] [tf_help]: Data time: 79s 400000000ns, Transform time: 4s 340000000ns
[component_container_isolated-2] [ERROR] [1789770514.117936517] [tf_help]: Transform data too old when converting from map to odom
[component_container_isolated-2] [ERROR] [1789770514.117974741] [tf_help]: Data time: 79s 400000000ns, Transform time: 4s 340000000ns
[component_container_isolated-2] [ERROR] [1789770514.168696870] [tf_help]: Transform data too old when converting from map to odom
[component_container_isolated-2] [ERROR] [1789770514.168739463] [tf_help]: Data time: 79s 400000000ns, Transform time: 4s 340000000ns
[component_container_isolated-2] [ERROR] [1789770514.218659260] [tf_help]: Transform data too old when converting from map to odom
[component_container_isolated-2] [ERROR] [1789770514.218709233] [tf_help]: Data time: 79s 400000000ns, Transform time: 4s 340000000ns
[component_container_isolated-2] [ERROR] [1789770514.268450691] [tf_help]: Transform data too old when converting from map to odom
[component_container_isolated-2] [ERROR] [1789770514.268498359] [tf_help]: Data time: 79s 400000000ns, Transform time: 4s 340000000ns
[component_container_isolated-2] [ERROR] [1789770514.323236233] [tf_help]: Transform data too old when converting from map to odom
[component_container_isolated-2] [ERROR] [1789770514.323272448] [tf_help]: Data time: 79s 400000000ns, Transform time: 4s 340000000ns
[ground_truth_localizer-1] [INFO] [1789770514.332938517] [ground_truth_localizer]: last 10 s: ground truth msgs 294, map->odom published 294 (284 via latest odom TF)
[component_container_isolated-2] [ERROR] [1789770514.367501931] [tf_help]: Transform data too old when converting from map to odom
[component_container_isolated-2] [ERROR] [1789770514.367536623] [tf_help]: Data time: 79s 400000000ns, Transform time: 4s 340000000ns
[component_container_isolated-2] [ERROR] [1789770514.418771701] [tf_help]: Transform data too old when converting from map to odom
[component_container_isolated-2] [ERROR] [1789770514.418815536] [tf_help]: Data time: 79s 400000000ns, Transform time: 4s 340000000ns
[component_container_isolated-2] [ERROR] [1789770514.468354638] [tf_help]: Transform data too old when converting from map to odom
[component_container_isolated-2] [ERROR] [1789770514.468393307] [tf_help]: Data time: 79s 400000000ns, Transform time: 4s 340000000ns
[component_container_isolated-2] [ERROR] [1789770514.518068714] [tf_help]: Transform data too old when converting from map to odom
[component_container_isolated-2] [ERROR] [1789770514.518106689] [tf_help]: Data time: 79s 400000000ns, Transform time: 4s 340000000ns
[component_container_isolated-2] [ERROR] [1789770514.568177741] [tf_help]: Transform data too old when converting from map to odom
[component_container_isolated-2] [ERROR] [1789770514.568214659] [tf_help]: Data time: 79s 400000000ns, Transform time: 4s 340000000ns
[component_container_isolated-2] [ERROR] [1789770514.620782514] [tf_help]: Transform data too old when converting from map to odom
[component_container_isolated-2] [ERROR] [1789770514.620817568] [tf_help]: Data time: 79s 400000000ns, Transform time: 4s 340000000ns
[component_container_isolated-2] [ERROR] [1789770514.673268280] [tf_help]: Transform data too old when converting from map to odom
[component_container_isolated-2] [ERROR] [1789770514.673316705] [tf_help]: Data time: 79s 400000000ns, Transform time: 4s 340000000ns
[component_container_isolated-2] [ERROR] [1789770514.723555329] [tf_help]: Transform data too old when converting from map to odom
[component_container_isolated-2] [ERROR] [1789770514.723620202] [tf_help]: Data time: 79s 400000000ns, Transform time: 4s 340000000ns
[component_container_isolated-2] [ERROR] [1789770514.775588942] [tf_help]: Transform data too old when converting from map to odom
[component_container_isolated-2] [ERROR] [1789770514.775651703] [tf_help]: Data time: 79s 400000000ns, Transform time: 4s 340000000ns
[component_container_isolated-2] [INFO] [1789770514.812332429] [controller_server]: Passing new path to controller.
[component_container_isolated-2] [ERROR] [1789770514.820257017] [tf_help]: Transform data too old when converting from map to odom
[component_container_isolated-2] [ERROR] [1789770514.820296276] [tf_help]: Data time: 80s 400000000ns, Transform time: 4s 340000000ns
[component_container_isolated-2] [ERROR] [1789770514.873871342] [tf_help]: Transform data too old when converting from map to odom
[component_container_isolated-2] [ERROR] [1789770514.873971038] [tf_help]: Data time: 80s 400000000ns, Transform time: 4s 340000000ns
[component_container_isolated-2] [ERROR] [1789770514.920770124] [tf_help]: Transform data too old when converting from map to odom
[component_container_isolated-2] [ERROR] [1789770514.920804224] [tf_help]: Data time: 80s 400000000ns, Transform time: 4s 340000000ns
[component_container_isolated-2] [ERROR] [1789770514.967395542] [tf_help]: Transform data too old when converting from map to odom
[component_container_isolated-2] [ERROR] [1789770514.967425507] [tf_help]: Data time: 80s 400000000ns, Transform time: 4s 340000000ns
[component_container_isolated-2] [ERROR] [1789770515.019403370] [tf_help]: Transform data too old when converting from map to odom
[component_container_isolated-2] [ERROR] [1789770515.019440622] [tf_help]: Data time: 80s 400000000ns, Transform time: 4s 340000000ns
[component_container_isolated-2] [ERROR] [1789770515.068174503] [tf_help]: Transform data too old when converting from map to odom
[component_container_isolated-2] [ERROR] [1789770515.068216358] [tf_help]: Data time: 80s 400000000ns, Transform time: 4s 340000000ns
[component_container_isolated-2] [ERROR] [1789770515.118268399] [tf_help]: Transform data too old when converting from map to odom
[component_container_isolated-2] [ERROR] [1789770515.118300333] [tf_help]: Data time: 80s 400000000ns, Transform time: 4s 340000000ns
[component_container_isolated-2] [ERROR] [1789770515.167955792] [tf_help]: Transform data too old when converting from map to odom
[component_container_isolated-2] [ERROR] [1789770515.167992878] [tf_help]: Data time: 80s 400000000ns, Transform time: 4s 340000000ns
[component_container_isolated-2] [ERROR] [1789770515.218718428] [tf_help]: Transform data too old when converting from map to odom
[component_container_isolated-2] [ERROR] [1789770515.218762719] [tf_help]: Data time: 80s 400000000ns, Transform time: 4s 340000000ns
[component_container_isolated-2] [ERROR] [1789770515.272915514] [tf_help]: Transform data too old when converting from map to odom
[component_container_isolated-2] [ERROR] [1789770515.272961341] [tf_help]: Data time: 80s 400000000ns, Transform time: 4s 340000000ns
[component_container_isolated-2] [ERROR] [1789770515.323448423] [tf_help]: Transform data too old when converting from map to odom
[component_container_isolated-2] [ERROR] [1789770515.323517743] [tf_help]: Data time: 80s 400000000ns, Transform time: 4s 340000000ns
[component_container_isolated-2] [ERROR] [1789770515.367775013] [tf_help]: Transform data too old when converting from map to odom
[component_container_isolated-2] [ERROR] [1789770515.367810392] [tf_help]: Data time: 80s 400000000ns, Transform time: 4s 340000000ns
[component_container_isolated-2] [ERROR] [1789770515.421331936] [tf_help]: Transform data too old when converting from map to odom
[component_container_isolated-2] [ERROR] [1789770515.421402304] [tf_help]: Data time: 80s 400000000ns, Transform time: 4s 340000000ns
[component_container_isolated-2] [ERROR] [1789770515.469626797] [tf_help]: Transform data too old when converting from map to odom
[component_container_isolated-2] [ERROR] [1789770515.469671226] [tf_help]: Data time: 80s 400000000ns, Transform time: 4s 340000000ns
[component_container_isolated-2] [ERROR] [1789770515.518141043] [tf_help]: Transform data too old when converting from map to odom
[component_container_isolated-2] [ERROR] [1789770515.518176000] [tf_help]: Data time: 80s 400000000ns, Transform time: 4s 340000000ns
[component_container_isolated-2] [ERROR] [1789770515.570381015] [tf_help]: Transform data too old when converting from map to odom
[component_container_isolated-2] [ERROR] [1789770515.570446648] [tf_help]: Data time: 80s 400000000ns, Transform time: 4s 340000000ns
[component_container_isolated-2] [ERROR] [1789770515.618196274] [tf_help]: Transform data too old when converting from map to odom
[component_container_isolated-2] [ERROR] [1789770515.618230639] [tf_help]: Data time: 80s 400000000ns, Transform time: 4s 340000000ns
[component_container_isolated-2] [ERROR] [1789770515.668391435] [tf_help]: Transform data too old when converting from map to odom
[component_container_isolated-2] [ERROR] [1789770515.668425105] [tf_help]: Data time: 80s 400000000ns, Transform time: 4s 340000000ns
[component_container_isolated-2] [ERROR] [1789770515.721637339] [tf_help]: Transform data too old when converting from map to odom
[component_container_isolated-2] [ERROR] [1789770515.721668628] [tf_help]: Data time: 80s 400000000ns, Transform time: 4s 340000000ns
[component_container_isolated-2] [ERROR] [1789770515.768887302] [tf_help]: Transform data too old when converting from map to odom
[component_container_isolated-2] [ERROR] [1789770515.768957139] [tf_help]: Data time: 80s 400000000ns, Transform time: 4s 340000000ns
[component_container_isolated-2] [ERROR] [1789770515.817942120] [tf_help]: Transform data too old when converting from map to odom
[component_container_isolated-2] [ERROR] [1789770515.817975223] [tf_help]: Data time: 80s 400000000ns, Transform time: 4s 340000000ns
[component_container_isolated-2] [INFO] [1789770515.862294505] [controller_server]: Passing new path to controller.
[component_container_isolated-2] [ERROR] [1789770515.868104347] [tf_help]: Transform data too old when converting from map to odom
[component_container_isolated-2] [ERROR] [1789770515.868146482] [tf_help]: Data time: 81s 300000000ns, Transform time: 4s 340000000ns
[component_container_isolated-2] [ERROR] [1789770515.918724769] [tf_help]: Transform data too old when converting from map to odom
[component_container_isolated-2] [ERROR] [1789770515.918765057] [tf_help]: Data time: 81s 300000000ns, Transform time: 4s 340000000ns
[component_container_isolated-2] [ERROR] [1789770515.967837663] [tf_help]: Transform data too old when converting from map to odom
[component_container_isolated-2] [ERROR] [1789770515.967871323] [tf_help]: Data time: 81s 300000000ns, Transform time: 4s 340000000ns
[component_container_isolated-2] [ERROR] [1789770516.017732393] [tf_help]: Transform data too old when converting from map to odom
[component_container_isolated-2] [ERROR] [1789770516.017762612] [tf_help]: Data time: 81s 300000000ns, Transform time: 4s 340000000ns
[component_container_isolated-2] [ERROR] [1789770516.069517909] [tf_help]: Transform data too old when converting from map to odom
[component_container_isolated-2] [ERROR] [1789770516.069602386] [tf_help]: Data time: 81s 300000000ns, Transform time: 4s 340000000ns
[component_container_isolated-2] [ERROR] [1789770516.118396971] [tf_help]: Transform data too old when converting from map to odom
[component_container_isolated-2] [ERROR] [1789770516.118428157] [tf_help]: Data time: 81s 300000000ns, Transform time: 4s 340000000ns
[component_container_isolated-2] [ERROR] [1789770516.167522125] [tf_help]: Transform data too old when converting from map to odom
[component_container_isolated-2] [ERROR] [1789770516.167561672] [tf_help]: Data time: 81s 300000000ns, Transform time: 4s 340000000ns
[component_container_isolated-2] [ERROR] [1789770516.219815238] [tf_help]: Transform data too old when converting from map to odom
[component_container_isolated-2] [ERROR] [1789770516.219852504] [tf_help]: Data time: 81s 300000000ns, Transform time: 4s 340000000ns
[component_container_isolated-2] [ERROR] [1789770516.267972962] [tf_help]: Transform data too old when converting from map to odom
[component_container_isolated-2] [ERROR] [1789770516.268009030] [tf_help]: Data time: 81s 300000000ns, Transform time: 4s 340000000ns
[component_container_isolated-2] [ERROR] [1789770516.317909760] [tf_help]: Transform data too old when converting from map to odom
[component_container_isolated-2] [ERROR] [1789770516.317954469] [tf_help]: Data time: 81s 300000000ns, Transform time: 4s 340000000ns
[component_container_isolated-2] [ERROR] [1789770516.368314951] [tf_help]: Transform data too old when converting from map to odom
[component_container_isolated-2] [ERROR] [1789770516.368352360] [tf_help]: Data time: 81s 300000000ns, Transform time: 4s 340000000ns
[component_container_isolated-2] [ERROR] [1789770516.417655223] [tf_help]: Transform data too old when converting from map to odom
[component_container_isolated-2] [ERROR] [1789770516.417686892] [tf_help]: Data time: 81s 300000000ns, Transform time: 4s 340000000ns
[component_container_isolated-2] [INFO] [1789770516.468728306] [controller_server]: [TG-MPPI] cycle time (compute_backend=cpu): 6.763 ms/cycle avg over 50 cycles
[component_container_isolated-2] [ERROR] [1789770516.469050701] [tf_help]: Transform data too old when converting from map to odom
[component_container_isolated-2] [ERROR] [1789770516.469088527] [tf_help]: Data time: 81s 300000000ns, Transform time: 4s 340000000ns
[component_container_isolated-2] [ERROR] [1789770516.519020770] [tf_help]: Transform data too old when converting from map to odom
[component_container_isolated-2] [ERROR] [1789770516.519059669] [tf_help]: Data time: 81s 300000000ns, Transform time: 4s 340000000ns
[component_container_isolated-2] [ERROR] [1789770516.569421141] [tf_help]: Transform data too old when converting from map to odom
[component_container_isolated-2] [ERROR] [1789770516.569476882] [tf_help]: Data time: 81s 300000000ns, Transform time: 4s 340000000ns
[component_container_isolated-2] [ERROR] [1789770516.617944940] [tf_help]: Transform data too old when converting from map to odom
[component_container_isolated-2] [ERROR] [1789770516.617973909] [tf_help]: Data time: 81s 300000000ns, Transform time: 4s 340000000ns
[component_container_isolated-2] [ERROR] [1789770516.667795755] [tf_help]: Transform data too old when converting from map to odom
[component_container_isolated-2] [ERROR] [1789770516.667833500] [tf_help]: Data time: 81s 300000000ns, Transform time: 4s 340000000ns
[component_container_isolated-2] [ERROR] [1789770516.718408790] [tf_help]: Transform data too old when converting from map to odom
[component_container_isolated-2] [ERROR] [1789770516.718456999] [tf_help]: Data time: 81s 300000000ns, Transform time: 4s 340000000ns
[component_container_isolated-2] [ERROR] [1789770516.768481944] [tf_help]: Transform data too old when converting from map to odom
[component_container_isolated-2] [ERROR] [1789770516.768568468] [tf_help]: Data time: 81s 300000000ns, Transform time: 4s 340000000ns
[component_container_isolated-2] [ERROR] [1789770516.819273853] [tf_help]: Transform data too old when converting from map to odom
[component_container_isolated-2] [ERROR] [1789770516.819334762] [tf_help]: Data time: 81s 300000000ns, Transform time: 4s 340000000ns
[component_container_isolated-2] [INFO] [1789770516.862294217] [controller_server]: Passing new path to controller.
[component_container_isolated-2] [ERROR] [1789770516.867741657] [tf_help]: Transform data too old when converting from map to odom
[component_container_isolated-2] [ERROR] [1789770516.867769532] [tf_help]: Data time: 82s 200000000ns, Transform time: 4s 340000000ns
[component_container_isolated-2] [ERROR] [1789770516.918050010] [tf_help]: Transform data too old when converting from map to odom
[component_container_isolated-2] [ERROR] [1789770516.918089492] [tf_help]: Data time: 82s 200000000ns, Transform time: 4s 340000000ns
[component_container_isolated-2] [ERROR] [1789770516.967480819] [tf_help]: Transform data too old when converting from map to odom
[component_container_isolated-2] [ERROR] [1789770516.967515927] [tf_help]: Data time: 82s 200000000ns, Transform time: 4s 340000000ns
[component_container_isolated-2] [ERROR] [1789770517.017692741] [tf_help]: Transform data too old when converting from map to odom
[component_container_isolated-2] [ERROR] [1789770517.017724644] [tf_help]: Data time: 82s 200000000ns, Transform time: 4s 340000000ns
[component_container_isolated-2] [ERROR] [1789770517.067932419] [tf_help]: Transform data too old when converting from map to odom
[component_container_isolated-2] [ERROR] [1789770517.067966363] [tf_help]: Data time: 82s 200000000ns, Transform time: 4s 340000000ns
[component_container_isolated-2] [ERROR] [1789770517.119661117] [tf_help]: Transform data too old when converting from map to odom
[component_container_isolated-2] [ERROR] [1789770517.119713315] [tf_help]: Data time: 82s 200000000ns, Transform time: 4s 340000000ns
[component_container_isolated-2] [ERROR] [1789770517.167694950] [tf_help]: Transform data too old when converting from map to odom
[component_container_isolated-2] [ERROR] [1789770517.167735590] [tf_help]: Data time: 82s 200000000ns, Transform time: 4s 340000000ns
[component_container_isolated-2] [ERROR] [1789770517.217905309] [tf_help]: Transform data too old when converting from map to odom
[component_container_isolated-2] [ERROR] [1789770517.217938608] [tf_help]: Data time: 82s 200000000ns, Transform time: 4s 340000000ns
[component_container_isolated-2] [ERROR] [1789770517.267780171] [tf_help]: Transform data too old when converting from map to odom
[component_container_isolated-2] [ERROR] [1789770517.267816953] [tf_help]: Data time: 82s 200000000ns, Transform time: 4s 340000000ns
[component_container_isolated-2] [ERROR] [1789770517.318098110] [tf_help]: Transform data too old when converting from map to odom
[component_container_isolated-2] [ERROR] [1789770517.318136276] [tf_help]: Data time: 82s 200000000ns, Transform time: 4s 340000000ns
[component_container_isolated-2] [ERROR] [1789770517.368337808] [tf_help]: Transform data too old when converting from map to odom
[component_container_isolated-2] [ERROR] [1789770517.368373020] [tf_help]: Data time: 82s 200000000ns, Transform time: 4s 340000000ns
[component_container_isolated-2] [ERROR] [1789770517.417661500] [tf_help]: Transform data too old when converting from map to odom
[component_container_isolated-2] [ERROR] [1789770517.417692167] [tf_help]: Data time: 82s 200000000ns, Transform time: 4s 340000000ns
[component_container_isolated-2] [ERROR] [1789770517.467563842] [tf_help]: Transform data too old when converting from map to odom
[component_container_isolated-2] [ERROR] [1789770517.467600779] [tf_help]: Data time: 82s 200000000ns, Transform time: 4s 340000000ns
[component_container_isolated-2] [ERROR] [1789770517.518789825] [tf_help]: Transform data too old when converting from map to odom
[component_container_isolated-2] [ERROR] [1789770517.518824818] [tf_help]: Data time: 82s 200000000ns, Transform time: 4s 340000000ns
[component_container_isolated-2] [ERROR] [1789770517.568192575] [tf_help]: Transform data too old when converting from map to odom
[component_container_isolated-2] [ERROR] [1789770517.568262435] [tf_help]: Data time: 82s 200000000ns, Transform time: 4s 340000000ns
[component_container_isolated-2] [ERROR] [1789770517.617897929] [tf_help]: Transform data too old when converting from map to odom
[component_container_isolated-2] [ERROR] [1789770517.617933355] [tf_help]: Data time: 82s 200000000ns, Transform time: 4s 340000000ns
[component_container_isolated-2] [ERROR] [1789770517.667721993] [tf_help]: Transform data too old when converting from map to odom
[component_container_isolated-2] [ERROR] [1789770517.667758174] [tf_help]: Data time: 82s 200000000ns, Transform time: 4s 340000000ns
[component_container_isolated-2] [ERROR] [1789770517.718540165] [tf_help]: Transform data too old when converting from map to odom
[component_container_isolated-2] [ERROR] [1789770517.718587893] [tf_help]: Data time: 82s 200000000ns, Transform time: 4s 340000000ns
[component_container_isolated-2] [ERROR] [1789770517.767558225] [tf_help]: Transform data too old when converting from map to odom
[component_container_isolated-2] [ERROR] [1789770517.767628956] [tf_help]: Data time: 82s 200000000ns, Transform time: 4s 340000000ns
[component_container_isolated-2] [ERROR] [1789770517.812321862] [controller_server]: Failed to make progress
[component_container_isolated-2] [WARN] [1789770517.812371093] [controller_server]: [follow_path] [ActionServer] Aborting handle.
[component_container_isolated-2] [INFO] [1789770517.832066463] [local_costmap.local_costmap]: Received request to clear entirely the local_costmap
[component_container_isolated-2] [INFO] [1789770517.832512114] [controller_server]: Received a goal, begin computing control effort.
[component_container_isolated-2] [ERROR] [1789770517.882614879] [tf_help]: Transform data too old when converting from map to odom
[component_container_isolated-2] [ERROR] [1789770517.882665563] [tf_help]: Data time: 82s 200000000ns, Transform time: 4s 340000000ns
[component_container_isolated-2] [WARN] [1789770517.882672355] [controller_server]: Control loop missed its desired rate of 20.0000Hz
[component_container_isolated-2] [ERROR] [1789770517.888953432] [tf_help]: Transform data too old when converting from map to odom
[component_container_isolated-2] [ERROR] [1789770517.889001454] [tf_help]: Data time: 82s 200000000ns, Transform time: 4s 340000000ns
[component_container_isolated-2] [INFO] [1789770517.932671577] [controller_server]: Passing new path to controller.
[component_container_isolated-2] [ERROR] [1789770517.941018952] [tf_help]: Transform data too old when converting from map to odom
[component_container_isolated-2] [ERROR] [1789770517.941070776] [tf_help]: Data time: 83s 100000000ns, Transform time: 4s 340000000ns
[component_container_isolated-2] [ERROR] [1789770517.988265442] [tf_help]: Transform data too old when converting from map to odom
[component_container_isolated-2] [ERROR] [1789770517.988298422] [tf_help]: Data time: 83s 100000000ns, Transform time: 4s 340000000ns
[component_container_isolated-2] [ERROR] [1789770518.039106460] [tf_help]: Transform data too old when converting from map to odom
[component_container_isolated-2] [ERROR] [1789770518.039147530] [tf_help]: Data time: 83s 100000000ns, Transform time: 4s 340000000ns
[component_container_isolated-2] [ERROR] [1789770518.088953584] [tf_help]: Transform data too old when converting from map to odom
[component_container_isolated-2] [ERROR] [1789770518.088991842] [tf_help]: Data time: 83s 100000000ns, Transform time: 4s 340000000ns
[component_container_isolated-2] [ERROR] [1789770518.140015245] [tf_help]: Transform data too old when converting from map to odom
[component_container_isolated-2] [ERROR] [1789770518.140052250] [tf_help]: Data time: 83s 100000000ns, Transform time: 4s 340000000ns
[component_container_isolated-2] [ERROR] [1789770518.188817925] [tf_help]: Transform data too old when converting from map to odom
[component_container_isolated-2] [ERROR] [1789770518.188868467] [tf_help]: Data time: 83s 100000000ns, Transform time: 4s 340000000ns
[component_container_isolated-2] [ERROR] [1789770518.238995619] [tf_help]: Transform data too old when converting from map to odom
[component_container_isolated-2] [ERROR] [1789770518.239036216] [tf_help]: Data time: 83s 100000000ns, Transform time: 4s 340000000ns
[component_container_isolated-2] [ERROR] [1789770518.291273873] [tf_help]: Transform data too old when converting from map to odom
[component_container_isolated-2] [ERROR] [1789770518.291303555] [tf_help]: Data time: 83s 100000000ns, Transform time: 4s 340000000ns
[component_container_isolated-2] [ERROR] [1789770518.338697102] [tf_help]: Transform data too old when converting from map to odom
[component_container_isolated-2] [ERROR] [1789770518.338731807] [tf_help]: Data time: 83s 100000000ns, Transform time: 4s 340000000ns
[component_container_isolated-2] [ERROR] [1789770518.387799857] [tf_help]: Transform data too old when converting from map to odom
[component_container_isolated-2] [ERROR] [1789770518.387829366] [tf_help]: Data time: 83s 100000000ns, Transform time: 4s 340000000ns
[component_container_isolated-2] [ERROR] [1789770518.438182409] [tf_help]: Transform data too old when converting from map to odom
[component_container_isolated-2] [ERROR] [1789770518.438213901] [tf_help]: Data time: 83s 100000000ns, Transform time: 4s 340000000ns
[component_container_isolated-2] [ERROR] [1789770518.490107949] [tf_help]: Transform data too old when converting from map to odom
[component_container_isolated-2] [ERROR] [1789770518.490197898] [tf_help]: Data time: 83s 100000000ns, Transform time: 4s 340000000ns
[component_container_isolated-2] [ERROR] [1789770518.539352758] [tf_help]: Transform data too old when converting from map to odom
[component_container_isolated-2] [ERROR] [1789770518.539411931] [tf_help]: Data time: 83s 100000000ns, Transform time: 4s 340000000ns
[component_container_isolated-2] [ERROR] [1789770518.588767687] [tf_help]: Transform data too old when converting from map to odom
[component_container_isolated-2] [ERROR] [1789770518.588803309] [tf_help]: Data time: 83s 100000000ns, Transform time: 4s 340000000ns
[component_container_isolated-2] [ERROR] [1789770518.639953763] [tf_help]: Transform data too old when converting from map to odom
[component_container_isolated-2] [ERROR] [1789770518.639984991] [tf_help]: Data time: 83s 100000000ns, Transform time: 4s 340000000ns
[component_container_isolated-2] [ERROR] [1789770518.688752724] [tf_help]: Transform data too old when converting from map to odom
[component_container_isolated-2] [ERROR] [1789770518.688794627] [tf_help]: Data time: 83s 100000000ns, Transform time: 4s 340000000ns
[component_container_isolated-2] [ERROR] [1789770518.742773886] [tf_help]: Transform data too old when converting from map to odom
[component_container_isolated-2] [ERROR] [1789770518.742812639] [tf_help]: Data time: 83s 100000000ns, Transform time: 4s 340000000ns
[component_container_isolated-2] [ERROR] [1789770518.788117559] [tf_help]: Transform data too old when converting from map to odom
[component_container_isolated-2] [ERROR] [1789770518.788167589] [tf_help]: Data time: 83s 100000000ns, Transform time: 4s 340000000ns
[component_container_isolated-2] [ERROR] [1789770518.838707248] [tf_help]: Transform data too old when converting from map to odom
[component_container_isolated-2] [ERROR] [1789770518.838743197] [tf_help]: Data time: 83s 100000000ns, Transform time: 4s 340000000ns
[component_container_isolated-2] [ERROR] [1789770518.888211065] [tf_help]: Transform data too old when converting from map to odom
[component_container_isolated-2] [ERROR] [1789770518.888255165] [tf_help]: Data time: 83s 100000000ns, Transform time: 4s 340000000ns
[component_container_isolated-2] [INFO] [1789770518.932659180] [controller_server]: Passing new path to controller.
[component_container_isolated-2] [ERROR] [1789770518.938159896] [tf_help]: Transform data too old when converting from map to odom
[component_container_isolated-2] [ERROR] [1789770518.938185409] [tf_help]: Data time: 84s 0ns, Transform time: 4s 340000000ns
[component_container_isolated-2] [INFO] [1789770518.987636926] [controller_server]: [TG-MPPI] cycle time (compute_backend=cpu): 5.966 ms/cycle avg over 50 cycles
[component_container_isolated-2] [ERROR] [1789770518.987788046] [tf_help]: Transform data too old when converting from map to odom
[component_container_isolated-2] [ERROR] [1789770518.987809291] [tf_help]: Data time: 84s 0ns, Transform time: 4s 340000000ns
[component_container_isolated-2] [ERROR] [1789770519.038232977] [tf_help]: Transform data too old when converting from map to odom
[component_container_isolated-2] [ERROR] [1789770519.038312738] [tf_help]: Data time: 84s 0ns, Transform time: 4s 340000000ns
[component_container_isolated-2] [ERROR] [1789770519.088286440] [tf_help]: Transform data too old when converting from map to odom
[component_container_isolated-2] [ERROR] [1789770519.088328486] [tf_help]: Data time: 84s 0ns, Transform time: 4s 340000000ns
[component_container_isolated-2] [ERROR] [1789770519.138825562] [tf_help]: Transform data too old when converting from map to odom
[component_container_isolated-2] [ERROR] [1789770519.138859385] [tf_help]: Data time: 84s 0ns, Transform time: 4s 340000000ns
[component_container_isolated-2] [ERROR] [1789770519.187877937] [tf_help]: Transform data too old when converting from map to odom
[component_container_isolated-2] [ERROR] [1789770519.187911688] [tf_help]: Data time: 84s 0ns, Transform time: 4s 340000000ns
[component_container_isolated-2] [ERROR] [1789770519.238727722] [tf_help]: Transform data too old when converting from map to odom
[component_container_isolated-2] [ERROR] [1789770519.238763810] [tf_help]: Data time: 84s 0ns, Transform time: 4s 340000000ns
[component_container_isolated-2] [ERROR] [1789770519.288135896] [tf_help]: Transform data too old when converting from map to odom
[component_container_isolated-2] [ERROR] [1789770519.288172631] [tf_help]: Data time: 84s 0ns, Transform time: 4s 340000000ns
[component_container_isolated-2] [ERROR] [1789770519.342933317] [tf_help]: Transform data too old when converting from map to odom
[component_container_isolated-2] [ERROR] [1789770519.342979172] [tf_help]: Data time: 84s 0ns, Transform time: 4s 340000000ns
[component_container_isolated-2] [ERROR] [1789770519.392927817] [tf_help]: Transform data too old when converting from map to odom
[component_container_isolated-2] [ERROR] [1789770519.392976050] [tf_help]: Data time: 84s 0ns, Transform time: 4s 340000000ns
[component_container_isolated-2] [ERROR] [1789770519.438790562] [tf_help]: Transform data too old when converting from map to odom
[component_container_isolated-2] [ERROR] [1789770519.438825039] [tf_help]: Data time: 84s 0ns, Transform time: 4s 340000000ns
[component_container_isolated-2] [ERROR] [1789770519.487920373] [tf_help]: Transform data too old when converting from map to odom
[component_container_isolated-2] [ERROR] [1789770519.487962163] [tf_help]: Data time: 84s 0ns, Transform time: 4s 340000000ns
[component_container_isolated-2] [ERROR] [1789770519.539156171] [tf_help]: Transform data too old when converting from map to odom
[component_container_isolated-2] [ERROR] [1789770519.539203265] [tf_help]: Data time: 84s 0ns, Transform time: 4s 340000000ns
[component_container_isolated-2] [ERROR] [1789770519.594072555] [tf_help]: Transform data too old when converting from map to odom
[component_container_isolated-2] [ERROR] [1789770519.594134375] [tf_help]: Data time: 84s 0ns, Transform time: 4s 340000000ns
[component_container_isolated-2] [ERROR] [1789770519.643321852] [tf_help]: Transform data too old when converting from map to odom
[component_container_isolated-2] [ERROR] [1789770519.643393658] [tf_help]: Data time: 84s 0ns, Transform time: 4s 340000000ns
[component_container_isolated-2] [ERROR] [1789770519.689445256] [tf_help]: Transform data too old when converting from map to odom
[component_container_isolated-2] [ERROR] [1789770519.689492731] [tf_help]: Data time: 84s 0ns, Transform time: 4s 340000000ns
[component_container_isolated-2] [ERROR] [1789770519.737902622] [tf_help]: Transform data too old when converting from map to odom
[component_container_isolated-2] [ERROR] [1789770519.737932899] [tf_help]: Data time: 84s 0ns, Transform time: 4s 340000000ns
[component_container_isolated-2] [ERROR] [1789770519.788325539] [tf_help]: Transform data too old when converting from map to odom
[component_container_isolated-2] [ERROR] [1789770519.788358160] [tf_help]: Data time: 84s 0ns, Transform time: 4s 340000000ns
[component_container_isolated-2] [ERROR] [1789770519.837985033] [tf_help]: Transform data too old when converting from map to odom
[component_container_isolated-2] [ERROR] [1789770519.838023083] [tf_help]: Data time: 84s 0ns, Transform time: 4s 340000000ns
[component_container_isolated-2] [ERROR] [1789770519.888066863] [tf_help]: Transform data too old when converting from map to odom
[component_container_isolated-2] [ERROR] [1789770519.888105852] [tf_help]: Data time: 84s 0ns, Transform time: 4s 340000000ns
[component_container_isolated-2] [ERROR] [1789770519.938392737] [tf_help]: Transform data too old when converting from map to odom
[component_container_isolated-2] [ERROR] [1789770519.938442671] [tf_help]: Data time: 84s 0ns, Transform time: 4s 340000000ns
[component_container_isolated-2] [INFO] [1789770519.982716953] [controller_server]: Passing new path to controller.
[component_container_isolated-2] [ERROR] [1789770519.988814415] [tf_help]: Transform data too old when converting from map to odom
[component_container_isolated-2] [ERROR] [1789770519.988849199] [tf_help]: Data time: 85s 0ns, Transform time: 4s 340000000ns
[component_container_isolated-2] [ERROR] [1789770520.038342002] [tf_help]: Transform data too old when converting from map to odom
[component_container_isolated-2] [ERROR] [1789770520.038379021] [tf_help]: Data time: 85s 0ns, Transform time: 4s 340000000ns
[component_container_isolated-2] [ERROR] [1789770520.088542728] [tf_help]: Transform data too old when converting from map to odom
[component_container_isolated-2] [ERROR] [1789770520.088584102] [tf_help]: Data time: 85s 0ns, Transform time: 4s 340000000ns
[component_container_isolated-2] [ERROR] [1789770520.143209875] [tf_help]: Transform data too old when converting from map to odom
[component_container_isolated-2] [ERROR] [1789770520.143247973] [tf_help]: Data time: 85s 0ns, Transform time: 4s 340000000ns
[component_container_isolated-2] [ERROR] [1789770520.189406031] [tf_help]: Transform data too old when converting from map to odom
[component_container_isolated-2] [ERROR] [1789770520.189451268] [tf_help]: Data time: 85s 0ns, Transform time: 4s 340000000ns
[component_container_isolated-2] [ERROR] [1789770520.238881599] [tf_help]: Transform data too old when converting from map to odom
[component_container_isolated-2] [ERROR] [1789770520.238914790] [tf_help]: Data time: 85s 0ns, Transform time: 4s 340000000ns
[component_container_isolated-2] [ERROR] [1789770520.288343884] [tf_help]: Transform data too old when converting from map to odom
[component_container_isolated-2] [ERROR] [1789770520.288378996] [tf_help]: Data time: 85s 0ns, Transform time: 4s 340000000ns
[component_container_isolated-2] [ERROR] [1789770520.337988113] [tf_help]: Transform data too old when converting from map to odom
[component_container_isolated-2] [ERROR] [1789770520.338019650] [tf_help]: Data time: 85s 0ns, Transform time: 4s 340000000ns
[component_container_isolated-2] [ERROR] [1789770520.389075040] [tf_help]: Transform data too old when converting from map to odom
[component_container_isolated-2] [ERROR] [1789770520.389110107] [tf_help]: Data time: 85s 0ns, Transform time: 4s 340000000ns
[component_container_isolated-2] [ERROR] [1789770520.439012556] [tf_help]: Transform data too old when converting from map to odom
[component_container_isolated-2] [ERROR] [1789770520.439062385] [tf_help]: Data time: 85s 0ns, Transform time: 4s 340000000ns
[component_container_isolated-2] [ERROR] [1789770520.494103704] [tf_help]: Transform data too old when converting from map to odom
[component_container_isolated-2] [ERROR] [1789770520.494158335] [tf_help]: Data time: 85s 0ns, Transform time: 4s 340000000ns
[component_container_isolated-2] [ERROR] [1789770520.541516951] [tf_help]: Transform data too old when converting from map to odom
[component_container_isolated-2] [ERROR] [1789770520.541551239] [tf_help]: Data time: 85s 0ns, Transform time: 4s 340000000ns
[component_container_isolated-2] [ERROR] [1789770520.588824391] [tf_help]: Transform data too old when converting from map to odom
[component_container_isolated-2] [ERROR] [1789770520.588865737] [tf_help]: Data time: 85s 0ns, Transform time: 4s 340000000ns
[component_container_isolated-2] [ERROR] [1789770520.639748709] [tf_help]: Transform data too old when converting from map to odom
[component_container_isolated-2] [ERROR] [1789770520.639784850] [tf_help]: Data time: 85s 0ns, Transform time: 4s 340000000ns
[component_container_isolated-2] [ERROR] [1789770520.688019292] [tf_help]: Transform data too old when converting from map to odom
[component_container_isolated-2] [ERROR] [1789770520.688083770] [tf_help]: Data time: 85s 0ns, Transform time: 4s 340000000ns
[component_container_isolated-2] [ERROR] [1789770520.739073475] [tf_help]: Transform data too old when converting from map to odom
[component_container_isolated-2] [ERROR] [1789770520.739109925] [tf_help]: Data time: 85s 0ns, Transform time: 4s 340000000ns
[component_container_isolated-2] [ERROR] [1789770520.788270203] [tf_help]: Transform data too old when converting from map to odom
[component_container_isolated-2] [ERROR] [1789770520.788304879] [tf_help]: Data time: 85s 0ns, Transform time: 4s 340000000ns
[component_container_isolated-2] [ERROR] [1789770520.838216093] [tf_help]: Transform data too old when converting from map to odom
[component_container_isolated-2] [ERROR] [1789770520.838248069] [tf_help]: Data time: 85s 0ns, Transform time: 4s 340000000ns
[component_container_isolated-2] [ERROR] [1789770520.888529591] [tf_help]: Transform data too old when converting from map to odom
[component_container_isolated-2] [ERROR] [1789770520.888565573] [tf_help]: Data time: 85s 0ns, Transform time: 4s 340000000ns
[component_container_isolated-2] [ERROR] [1789770520.938307627] [tf_help]: Transform data too old when converting from map to odom
[component_container_isolated-2] [ERROR] [1789770520.938343511] [tf_help]: Data time: 85s 0ns, Transform time: 4s 340000000ns
[component_container_isolated-2] [INFO] [1789770520.982664545] [controller_server]: Passing new path to controller.
[component_container_isolated-2] [ERROR] [1789770520.988367154] [tf_help]: Transform data too old when converting from map to odom
[component_container_isolated-2] [ERROR] [1789770520.988398345] [tf_help]: Data time: 85s 800000000ns, Transform time: 4s 340000000ns
[component_container_isolated-2] [ERROR] [1789770521.039637803] [tf_help]: Transform data too old when converting from map to odom
[component_container_isolated-2] [ERROR] [1789770521.039699282] [tf_help]: Data time: 85s 800000000ns, Transform time: 4s 340000000ns
[component_container_isolated-2] [ERROR] [1789770521.088412574] [tf_help]: Transform data too old when converting from map to odom
[component_container_isolated-2] [ERROR] [1789770521.088456335] [tf_help]: Data time: 85s 800000000ns, Transform time: 4s 340000000ns
[component_container_isolated-2] [ERROR] [1789770521.138122408] [tf_help]: Transform data too old when converting from map to odom
[component_container_isolated-2] [ERROR] [1789770521.138156341] [tf_help]: Data time: 85s 800000000ns, Transform time: 4s 340000000ns
[component_container_isolated-2] [ERROR] [1789770521.187878605] [tf_help]: Transform data too old when converting from map to odom
[component_container_isolated-2] [ERROR] [1789770521.187910906] [tf_help]: Data time: 85s 800000000ns, Transform time: 4s 340000000ns
[component_container_isolated-2] [ERROR] [1789770521.238048401] [tf_help]: Transform data too old when converting from map to odom
[component_container_isolated-2] [ERROR] [1789770521.238080357] [tf_help]: Data time: 85s 800000000ns, Transform time: 4s 340000000ns
[component_container_isolated-2] [ERROR] [1789770521.288036756] [tf_help]: Transform data too old when converting from map to odom
[component_container_isolated-2] [ERROR] [1789770521.288070860] [tf_help]: Data time: 85s 800000000ns, Transform time: 4s 340000000ns
[component_container_isolated-2] [ERROR] [1789770521.338034116] [tf_help]: Transform data too old when converting from map to odom
[component_container_isolated-2] [ERROR] [1789770521.338077451] [tf_help]: Data time: 85s 800000000ns, Transform time: 4s 340000000ns
[component_container_isolated-2] [ERROR] [1789770521.388484605] [tf_help]: Transform data too old when converting from map to odom
[component_container_isolated-2] [ERROR] [1789770521.388529921] [tf_help]: Data time: 85s 800000000ns, Transform time: 4s 340000000ns
[component_container_isolated-2] [ERROR] [1789770521.438349422] [tf_help]: Transform data too old when converting from map to odom
[component_container_isolated-2] [ERROR] [1789770521.438384643] [tf_help]: Data time: 85s 800000000ns, Transform time: 4s 340000000ns
[component_container_isolated-2] [INFO] [1789770521.493243779] [controller_server]: [TG-MPPI] cycle time (compute_backend=cpu): 6.295 ms/cycle avg over 50 cycles
[component_container_isolated-2] [ERROR] [1789770521.493527483] [tf_help]: Transform data too old when converting from map to odom
[component_container_isolated-2] [ERROR] [1789770521.493565521] [tf_help]: Data time: 85s 800000000ns, Transform time: 4s 340000000ns
[component_container_isolated-2] [ERROR] [1789770521.538040977] [tf_help]: Transform data too old when converting from map to odom
[component_container_isolated-2] [ERROR] [1789770521.538074913] [tf_help]: Data time: 85s 800000000ns, Transform time: 4s 340000000ns
[component_container_isolated-2] [ERROR] [1789770521.589142157] [tf_help]: Transform data too old when converting from map to odom
[component_container_isolated-2] [ERROR] [1789770521.589185567] [tf_help]: Data time: 85s 800000000ns, Transform time: 4s 340000000ns
[component_container_isolated-2] [ERROR] [1789770521.638214407] [tf_help]: Transform data too old when converting from map to odom
[component_container_isolated-2] [ERROR] [1789770521.638251262] [tf_help]: Data time: 85s 800000000ns, Transform time: 4s 340000000ns
[component_container_isolated-2] [ERROR] [1789770521.688107250] [tf_help]: Transform data too old when converting from map to odom
[component_container_isolated-2] [ERROR] [1789770521.688141827] [tf_help]: Data time: 85s 800000000ns, Transform time: 4s 340000000ns
[component_container_isolated-2] [ERROR] [1789770521.738303334] [tf_help]: Transform data too old when converting from map to odom
[component_container_isolated-2] [ERROR] [1789770521.738339713] [tf_help]: Data time: 85s 800000000ns, Transform time: 4s 340000000ns
[component_container_isolated-2] [ERROR] [1789770521.787957388] [tf_help]: Transform data too old when converting from map to odom
[component_container_isolated-2] [ERROR] [1789770521.788000840] [tf_help]: Data time: 85s 800000000ns, Transform time: 4s 340000000ns
[component_container_isolated-2] [ERROR] [1789770521.838437651] [tf_help]: Transform data too old when converting from map to odom
[component_container_isolated-2] [ERROR] [1789770521.838475628] [tf_help]: Data time: 85s 800000000ns, Transform time: 4s 340000000ns
[component_container_isolated-2] [ERROR] [1789770521.889327010] [tf_help]: Transform data too old when converting from map to odom
[component_container_isolated-2] [ERROR] [1789770521.889390156] [tf_help]: Data time: 85s 800000000ns, Transform time: 4s 340000000ns
[component_container_isolated-2] [ERROR] [1789770521.943317953] [tf_help]: Transform data too old when converting from map to odom
[component_container_isolated-2] [ERROR] [1789770521.943393745] [tf_help]: Data time: 85s 800000000ns, Transform time: 4s 340000000ns
[component_container_isolated-2] [ERROR] [1789770521.988233893] [tf_help]: Transform data too old when converting from map to odom
[component_container_isolated-2] [ERROR] [1789770521.988264941] [tf_help]: Data time: 85s 800000000ns, Transform time: 4s 340000000ns
[component_container_isolated-2] [INFO] [1789770522.032668551] [controller_server]: Passing new path to controller.
[component_container_isolated-2] [ERROR] [1789770522.038102026] [tf_help]: Transform data too old when converting from map to odom
[component_container_isolated-2] [ERROR] [1789770522.038134450] [tf_help]: Data time: 86s 800000000ns, Transform time: 4s 340000000ns
[component_container_isolated-2] [ERROR] [1789770522.088567349] [tf_help]: Transform data too old when converting from map to odom
[component_container_isolated-2] [ERROR] [1789770522.088612682] [tf_help]: Data time: 86s 800000000ns, Transform time: 4s 340000000ns
[component_container_isolated-2] [ERROR] [1789770522.137872359] [tf_help]: Transform data too old when converting from map to odom
[component_container_isolated-2] [ERROR] [1789770522.137905367] [tf_help]: Data time: 86s 800000000ns, Transform time: 4s 340000000ns
[component_container_isolated-2] [ERROR] [1789770522.188843990] [tf_help]: Transform data too old when converting from map to odom
[component_container_isolated-2] [ERROR] [1789770522.188881767] [tf_help]: Data time: 86s 800000000ns, Transform time: 4s 340000000ns
[component_container_isolated-2] [ERROR] [1789770522.242944135] [tf_help]: Transform data too old when converting from map to odom
[component_container_isolated-2] [ERROR] [1789770522.242991677] [tf_help]: Data time: 86s 800000000ns, Transform time: 4s 340000000ns
[component_container_isolated-2] [ERROR] [1789770522.289998984] [tf_help]: Transform data too old when converting from map to odom
[component_container_isolated-2] [ERROR] [1789770522.290034175] [tf_help]: Data time: 86s 800000000ns, Transform time: 4s 340000000ns
[component_container_isolated-2] [ERROR] [1789770522.339108236] [tf_help]: Transform data too old when converting from map to odom
[component_container_isolated-2] [ERROR] [1789770522.339161811] [tf_help]: Data time: 86s 800000000ns, Transform time: 4s 340000000ns
[component_container_isolated-2] [ERROR] [1789770522.387810019] [tf_help]: Transform data too old when converting from map to odom
[component_container_isolated-2] [ERROR] [1789770522.387841373] [tf_help]: Data time: 86s 800000000ns, Transform time: 4s 340000000ns
[component_container_isolated-2] [ERROR] [1789770522.438195865] [tf_help]: Transform data too old when converting from map to odom
[component_container_isolated-2] [ERROR] [1789770522.438232482] [tf_help]: Data time: 86s 800000000ns, Transform time: 4s 340000000ns
[component_container_isolated-2] [ERROR] [1789770522.489280927] [tf_help]: Transform data too old when converting from map to odom
[component_container_isolated-2] [ERROR] [1789770522.489380704] [tf_help]: Data time: 86s 800000000ns, Transform time: 4s 340000000ns
[component_container_isolated-2] [ERROR] [1789770522.538002591] [tf_help]: Transform data too old when converting from map to odom
[component_container_isolated-2] [ERROR] [1789770522.538055963] [tf_help]: Data time: 86s 800000000ns, Transform time: 4s 340000000ns
[component_container_isolated-2] [ERROR] [1789770522.588348250] [tf_help]: Transform data too old when converting from map to odom
[component_container_isolated-2] [ERROR] [1789770522.588380677] [tf_help]: Data time: 86s 800000000ns, Transform time: 4s 340000000ns
[component_container_isolated-2] [ERROR] [1789770522.638686167] [tf_help]: Transform data too old when converting from map to odom
[component_container_isolated-2] [ERROR] [1789770522.638740069] [tf_help]: Data time: 86s 800000000ns, Transform time: 4s 340000000ns
[component_container_isolated-2] [ERROR] [1789770522.688148003] [tf_help]: Transform data too old when converting from map to odom
[component_container_isolated-2] [ERROR] [1789770522.688181478] [tf_help]: Data time: 86s 800000000ns, Transform time: 4s 340000000ns
[component_container_isolated-2] [ERROR] [1789770522.738378270] [tf_help]: Transform data too old when converting from map to odom
[component_container_isolated-2] [ERROR] [1789770522.738412827] [tf_help]: Data time: 86s 800000000ns, Transform time: 4s 340000000ns
[component_container_isolated-2] [ERROR] [1789770522.788122937] [tf_help]: Transform data too old when converting from map to odom
[component_container_isolated-2] [ERROR] [1789770522.788236640] [tf_help]: Data time: 86s 800000000ns, Transform time: 4s 340000000ns
[component_container_isolated-2] [ERROR] [1789770522.838647364] [tf_help]: Transform data too old when converting from map to odom
[component_container_isolated-2] [ERROR] [1789770522.838677903] [tf_help]: Data time: 86s 800000000ns, Transform time: 4s 340000000ns
[component_container_isolated-2] [ERROR] [1789770522.889492072] [tf_help]: Transform data too old when converting from map to odom
[component_container_isolated-2] [ERROR] [1789770522.889531176] [tf_help]: Data time: 86s 800000000ns, Transform time: 4s 340000000ns
[component_container_isolated-2] [ERROR] [1789770522.939867704] [tf_help]: Transform data too old when converting from map to odom
[component_container_isolated-2] [ERROR] [1789770522.939935951] [tf_help]: Data time: 86s 800000000ns, Transform time: 4s 340000000ns
[component_container_isolated-2] [ERROR] [1789770522.987805367] [tf_help]: Transform data too old when converting from map to odom
[component_container_isolated-2] [ERROR] [1789770522.987841608] [tf_help]: Data time: 86s 800000000ns, Transform time: 4s 340000000ns
[component_container_isolated-2] [ERROR] [1789770523.043273884] [tf_help]: Transform data too old when converting from map to odom
[component_container_isolated-2] [ERROR] [1789770523.043318101] [tf_help]: Data time: 86s 800000000ns, Transform time: 4s 340000000ns
[component_container_isolated-2] [INFO] [1789770523.082671688] [controller_server]: Passing new path to controller.
[component_container_isolated-2] [ERROR] [1789770523.094187333] [tf_help]: Transform data too old when converting from map to odom
[component_container_isolated-2] [ERROR] [1789770523.094232285] [tf_help]: Data time: 87s 700000000ns, Transform time: 4s 340000000ns
[component_container_isolated-2] [ERROR] [1789770523.144355354] [tf_help]: Transform data too old when converting from map to odom
[component_container_isolated-2] [ERROR] [1789770523.144400101] [tf_help]: Data time: 87s 700000000ns, Transform time: 4s 340000000ns
[component_container_isolated-2] [ERROR] [1789770523.190346681] [tf_help]: Transform data too old when converting from map to odom
[component_container_isolated-2] [ERROR] [1789770523.190382920] [tf_help]: Data time: 87s 700000000ns, Transform time: 4s 340000000ns
[component_container_isolated-2] [ERROR] [1789770523.238267212] [tf_help]: Transform data too old when converting from map to odom
[component_container_isolated-2] [ERROR] [1789770523.238299440] [tf_help]: Data time: 87s 700000000ns, Transform time: 4s 340000000ns
[component_container_isolated-2] [ERROR] [1789770523.289836086] [tf_help]: Transform data too old when converting from map to odom
[component_container_isolated-2] [ERROR] [1789770523.289895557] [tf_help]: Data time: 87s 700000000ns, Transform time: 4s 340000000ns
[component_container_isolated-2] [ERROR] [1789770523.338274664] [tf_help]: Transform data too old when converting from map to odom
[component_container_isolated-2] [ERROR] [1789770523.338303982] [tf_help]: Data time: 87s 700000000ns, Transform time: 4s 340000000ns
[component_container_isolated-2] [ERROR] [1789770523.389378985] [tf_help]: Transform data too old when converting from map to odom
[component_container_isolated-2] [ERROR] [1789770523.389437613] [tf_help]: Data time: 87s 700000000ns, Transform time: 4s 340000000ns
[component_container_isolated-2] [ERROR] [1789770523.438233326] [tf_help]: Transform data too old when converting from map to odom
[component_container_isolated-2] [ERROR] [1789770523.438266075] [tf_help]: Data time: 87s 700000000ns, Transform time: 4s 340000000ns
[component_container_isolated-2] [ERROR] [1789770523.488821971] [tf_help]: Transform data too old when converting from map to odom
[component_container_isolated-2] [ERROR] [1789770523.488892244] [tf_help]: Data time: 87s 700000000ns, Transform time: 4s 340000000ns
[component_container_isolated-2] [ERROR] [1789770523.538456559] [tf_help]: Transform data too old when converting from map to odom
[component_container_isolated-2] [ERROR] [1789770523.538490239] [tf_help]: Data time: 87s 700000000ns, Transform time: 4s 340000000ns
[component_container_isolated-2] [ERROR] [1789770523.588602550] [tf_help]: Transform data too old when converting from map to odom
[component_container_isolated-2] [ERROR] [1789770523.588671409] [tf_help]: Data time: 87s 700000000ns, Transform time: 4s 340000000ns
[component_container_isolated-2] [ERROR] [1789770523.637920733] [tf_help]: Transform data too old when converting from map to odom
[component_container_isolated-2] [ERROR] [1789770523.637958562] [tf_help]: Data time: 87s 700000000ns, Transform time: 4s 340000000ns
[component_container_isolated-2] [ERROR] [1789770523.688954066] [tf_help]: Transform data too old when converting from map to odom
[component_container_isolated-2] [ERROR] [1789770523.689030536] [tf_help]: Data time: 87s 700000000ns, Transform time: 4s 340000000ns
[component_container_isolated-2] [ERROR] [1789770523.742340336] [tf_help]: Transform data too old when converting from map to odom
[component_container_isolated-2] [ERROR] [1789770523.742396532] [tf_help]: Data time: 87s 700000000ns, Transform time: 4s 340000000ns
[component_container_isolated-2] [ERROR] [1789770523.789726438] [tf_help]: Transform data too old when converting from map to odom
[component_container_isolated-2] [ERROR] [1789770523.789794084] [tf_help]: Data time: 87s 700000000ns, Transform time: 4s 340000000ns
[component_container_isolated-2] [ERROR] [1789770523.839872789] [tf_help]: Transform data too old when converting from map to odom
[component_container_isolated-2] [ERROR] [1789770523.839907678] [tf_help]: Data time: 87s 700000000ns, Transform time: 4s 340000000ns
[component_container_isolated-2] [ERROR] [1789770523.888274978] [tf_help]: Transform data too old when converting from map to odom
[component_container_isolated-2] [ERROR] [1789770523.888357540] [tf_help]: Data time: 87s 700000000ns, Transform time: 4s 340000000ns
[component_container_isolated-2] [ERROR] [1789770523.939304121] [tf_help]: Transform data too old when converting from map to odom
[component_container_isolated-2] [ERROR] [1789770523.939366665] [tf_help]: Data time: 87s 700000000ns, Transform time: 4s 340000000ns
[component_container_isolated-2] [INFO] [1789770523.987821109] [controller_server]: [TG-MPPI] cycle time (compute_backend=cpu): 6.258 ms/cycle avg over 50 cycles
[component_container_isolated-2] [ERROR] [1789770523.987987790] [tf_help]: Transform data too old when converting from map to odom
[component_container_isolated-2] [ERROR] [1789770523.988012536] [tf_help]: Data time: 87s 700000000ns, Transform time: 4s 340000000ns
[component_container_isolated-2] [ERROR] [1789770524.039492771] [tf_help]: Transform data too old when converting from map to odom
[component_container_isolated-2] [ERROR] [1789770524.039537528] [tf_help]: Data time: 87s 700000000ns, Transform time: 4s 340000000ns
[component_container_isolated-2] [INFO] [1789770524.082674143] [controller_server]: Passing new path to controller.
[component_container_isolated-2] [ERROR] [1789770524.088336924] [tf_help]: Transform data too old when converting from map to odom
[component_container_isolated-2] [ERROR] [1789770524.088368369] [tf_help]: Data time: 88s 600000000ns, Transform time: 4s 340000000ns
[component_container_isolated-2] [ERROR] [1789770524.140483787] [tf_help]: Transform data too old when converting from map to odom
[component_container_isolated-2] [ERROR] [1789770524.140520357] [tf_help]: Data time: 88s 600000000ns, Transform time: 4s 340000000ns
[component_container_isolated-2] [ERROR] [1789770524.188696098] [tf_help]: Transform data too old when converting from map to odom
[component_container_isolated-2] [ERROR] [1789770524.188728554] [tf_help]: Data time: 88s 600000000ns, Transform time: 4s 340000000ns
[component_container_isolated-2] [ERROR] [1789770524.241017375] [tf_help]: Transform data too old when converting from map to odom
[component_container_isolated-2] [ERROR] [1789770524.241055720] [tf_help]: Data time: 88s 600000000ns, Transform time: 4s 340000000ns
[component_container_isolated-2] [ERROR] [1789770524.289215857] [tf_help]: Transform data too old when converting from map to odom
[component_container_isolated-2] [ERROR] [1789770524.289247072] [tf_help]: Data time: 88s 600000000ns, Transform time: 4s 340000000ns
[component_container_isolated-2] [ERROR] [1789770524.338393016] [tf_help]: Transform data too old when converting from map to odom
[component_container_isolated-2] [ERROR] [1789770524.338427952] [tf_help]: Data time: 88s 600000000ns, Transform time: 4s 340000000ns
[component_container_isolated-2] [ERROR] [1789770524.388044320] [tf_help]: Transform data too old when converting from map to odom
[component_container_isolated-2] [ERROR] [1789770524.388079479] [tf_help]: Data time: 88s 600000000ns, Transform time: 4s 340000000ns
[component_container_isolated-2] [ERROR] [1789770524.438003164] [tf_help]: Transform data too old when converting from map to odom
[component_container_isolated-2] [ERROR] [1789770524.438037204] [tf_help]: Data time: 88s 600000000ns, Transform time: 4s 340000000ns
[component_container_isolated-2] [ERROR] [1789770524.487812429] [tf_help]: Transform data too old when converting from map to odom
[component_container_isolated-2] [ERROR] [1789770524.487843880] [tf_help]: Data time: 88s 600000000ns, Transform time: 4s 340000000ns
[component_container_isolated-2] [ERROR] [1789770524.538514986] [tf_help]: Transform data too old when converting from map to odom
[component_container_isolated-2] [ERROR] [1789770524.538549073] [tf_help]: Data time: 88s 600000000ns, Transform time: 4s 340000000ns
[component_container_isolated-2] [ERROR] [1789770524.587970061] [tf_help]: Transform data too old when converting from map to odom
[component_container_isolated-2] [ERROR] [1789770524.588004690] [tf_help]: Data time: 88s 600000000ns, Transform time: 4s 340000000ns
[component_container_isolated-2] [ERROR] [1789770524.637863169] [tf_help]: Transform data too old when converting from map to odom
[component_container_isolated-2] [ERROR] [1789770524.637896043] [tf_help]: Data time: 88s 600000000ns, Transform time: 4s 340000000ns
[component_container_isolated-2] [ERROR] [1789770524.688466989] [tf_help]: Transform data too old when converting from map to odom
[component_container_isolated-2] [ERROR] [1789770524.688502526] [tf_help]: Data time: 88s 600000000ns, Transform time: 4s 340000000ns
[component_container_isolated-2] [ERROR] [1789770524.738576278] [tf_help]: Transform data too old when converting from map to odom
[component_container_isolated-2] [ERROR] [1789770524.738610980] [tf_help]: Data time: 88s 600000000ns, Transform time: 4s 340000000ns
[component_container_isolated-2] [ERROR] [1789770524.788099584] [tf_help]: Transform data too old when converting from map to odom
[component_container_isolated-2] [ERROR] [1789770524.788134065] [tf_help]: Data time: 88s 600000000ns, Transform time: 4s 340000000ns
[component_container_isolated-2] [ERROR] [1789770524.840052710] [tf_help]: Transform data too old when converting from map to odom
[component_container_isolated-2] [ERROR] [1789770524.840105013] [tf_help]: Data time: 88s 600000000ns, Transform time: 4s 340000000ns
[component_container_isolated-2] [ERROR] [1789770524.890759683] [tf_help]: Transform data too old when converting from map to odom
[component_container_isolated-2] [ERROR] [1789770524.890808919] [tf_help]: Data time: 88s 600000000ns, Transform time: 4s 340000000ns
[component_container_isolated-2] [ERROR] [1789770524.940668315] [tf_help]: Transform data too old when converting from map to odom
[component_container_isolated-2] [ERROR] [1789770524.940715784] [tf_help]: Data time: 88s 600000000ns, Transform time: 4s 340000000ns
[component_container_isolated-2] [ERROR] [1789770524.988328162] [tf_help]: Transform data too old when converting from map to odom
[component_container_isolated-2] [ERROR] [1789770524.988366829] [tf_help]: Data time: 88s 600000000ns, Transform time: 4s 340000000ns
[component_container_isolated-2] [ERROR] [1789770525.038130187] [tf_help]: Transform data too old when converting from map to odom
[component_container_isolated-2] [ERROR] [1789770525.038166034] [tf_help]: Data time: 88s 600000000ns, Transform time: 4s 340000000ns
[component_container_isolated-2] [ERROR] [1789770525.087911235] [tf_help]: Transform data too old when converting from map to odom
[component_container_isolated-2] [ERROR] [1789770525.087941446] [tf_help]: Data time: 88s 600000000ns, Transform time: 4s 340000000ns
[component_container_isolated-2] [INFO] [1789770525.132665751] [controller_server]: Passing new path to controller.
[component_container_isolated-2] [ERROR] [1789770525.138496783] [tf_help]: Transform data too old when converting from map to odom
[component_container_isolated-2] [ERROR] [1789770525.138527802] [tf_help]: Data time: 89s 500000000ns, Transform time: 4s 340000000ns
[component_container_isolated-2] [ERROR] [1789770525.188645428] [tf_help]: Transform data too old when converting from map to odom
[component_container_isolated-2] [ERROR] [1789770525.188681684] [tf_help]: Data time: 89s 500000000ns, Transform time: 4s 340000000ns
[component_container_isolated-2] [ERROR] [1789770525.238075698] [tf_help]: Transform data too old when converting from map to odom
[component_container_isolated-2] [ERROR] [1789770525.238108875] [tf_help]: Data time: 89s 500000000ns, Transform time: 4s 340000000ns
[component_container_isolated-2] [ERROR] [1789770525.287945762] [tf_help]: Transform data too old when converting from map to odom
[component_container_isolated-2] [ERROR] [1789770525.287995524] [tf_help]: Data time: 89s 500000000ns, Transform time: 4s 340000000ns
[component_container_isolated-2] [ERROR] [1789770525.338126317] [tf_help]: Transform data too old when converting from map to odom
[component_container_isolated-2] [ERROR] [1789770525.338161288] [tf_help]: Data time: 89s 500000000ns, Transform time: 4s 340000000ns
[component_container_isolated-2] [ERROR] [1789770525.388323398] [tf_help]: Transform data too old when converting from map to odom
[component_container_isolated-2] [ERROR] [1789770525.388357383] [tf_help]: Data time: 89s 500000000ns, Transform time: 4s 340000000ns
[component_container_isolated-2] [ERROR] [1789770525.443245040] [tf_help]: Transform data too old when converting from map to odom
[component_container_isolated-2] [ERROR] [1789770525.443291136] [tf_help]: Data time: 89s 500000000ns, Transform time: 4s 340000000ns
[component_container_isolated-2] [ERROR] [1789770525.489274917] [tf_help]: Transform data too old when converting from map to odom
[component_container_isolated-2] [ERROR] [1789770525.489314188] [tf_help]: Data time: 89s 500000000ns, Transform time: 4s 340000000ns
[component_container_isolated-2] [ERROR] [1789770525.538504710] [tf_help]: Transform data too old when converting from map to odom
[component_container_isolated-2] [ERROR] [1789770525.538555839] [tf_help]: Data time: 89s 500000000ns, Transform time: 4s 340000000ns
[ground_truth_localizer-1] [INFO] [1789770525.551275209] [ground_truth_localizer]: last 10 s: ground truth msgs 294, map->odom published 294 (278 via latest odom TF)
[component_container_isolated-2] [ERROR] [1789770525.587930285] [tf_help]: Transform data too old when converting from map to odom
[component_container_isolated-2] [ERROR] [1789770525.587964624] [tf_help]: Data time: 89s 500000000ns, Transform time: 4s 340000000ns
[component_container_isolated-2] [ERROR] [1789770525.639448290] [tf_help]: Transform data too old when converting from map to odom
[component_container_isolated-2] [ERROR] [1789770525.639490765] [tf_help]: Data time: 89s 500000000ns, Transform time: 4s 340000000ns
[component_container_isolated-2] [ERROR] [1789770525.688068976] [tf_help]: Transform data too old when converting from map to odom
[component_container_isolated-2] [ERROR] [1789770525.688115109] [tf_help]: Data time: 89s 500000000ns, Transform time: 4s 340000000ns
[component_container_isolated-2] [ERROR] [1789770525.739579412] [tf_help]: Transform data too old when converting from map to odom
[component_container_isolated-2] [ERROR] [1789770525.739633966] [tf_help]: Data time: 89s 500000000ns, Transform time: 4s 340000000ns
[component_container_isolated-2] [ERROR] [1789770525.790359956] [tf_help]: Transform data too old when converting from map to odom
[component_container_isolated-2] [ERROR] [1789770525.790445399] [tf_help]: Data time: 89s 500000000ns, Transform time: 4s 340000000ns
[component_container_isolated-2] [ERROR] [1789770525.839039012] [tf_help]: Transform data too old when converting from map to odom
[component_container_isolated-2] [ERROR] [1789770525.839075373] [tf_help]: Data time: 89s 500000000ns, Transform time: 4s 340000000ns
[component_container_isolated-2] [ERROR] [1789770525.889092073] [tf_help]: Transform data too old when converting from map to odom
[component_container_isolated-2] [ERROR] [1789770525.889137889] [tf_help]: Data time: 89s 500000000ns, Transform time: 4s 340000000ns
[component_container_isolated-2] [ERROR] [1789770525.938424093] [tf_help]: Transform data too old when converting from map to odom
[component_container_isolated-2] [ERROR] [1789770525.938481276] [tf_help]: Data time: 89s 500000000ns, Transform time: 4s 340000000ns
[component_container_isolated-2] [ERROR] [1789770525.990026165] [tf_help]: Transform data too old when converting from map to odom
[component_container_isolated-2] [ERROR] [1789770525.990072149] [tf_help]: Data time: 89s 500000000ns, Transform time: 4s 340000000ns
[component_container_isolated-2] [ERROR] [1789770526.042937378] [tf_help]: Transform data too old when converting from map to odom
[component_container_isolated-2] [ERROR] [1789770526.042983579] [tf_help]: Data time: 89s 500000000ns, Transform time: 4s 340000000ns
[component_container_isolated-2] [ERROR] [1789770526.088723148] [tf_help]: Transform data too old when converting from map to odom
[component_container_isolated-2] [ERROR] [1789770526.088757009] [tf_help]: Data time: 89s 500000000ns, Transform time: 4s 340000000ns
[component_container_isolated-2] [INFO] [1789770526.132661668] [controller_server]: Passing new path to controller.
[component_container_isolated-2] [ERROR] [1789770526.138256934] [tf_help]: Transform data too old when converting from map to odom
[component_container_isolated-2] [ERROR] [1789770526.138278975] [tf_help]: Data time: 90s 400000000ns, Transform time: 4s 340000000ns
[component_container_isolated-2] [ERROR] [1789770526.189738568] [tf_help]: Transform data too old when converting from map to odom
[component_container_isolated-2] [ERROR] [1789770526.189806812] [tf_help]: Data time: 90s 400000000ns, Transform time: 4s 340000000ns
[component_container_isolated-2] [ERROR] [1789770526.238110811] [tf_help]: Transform data too old when converting from map to odom
[component_container_isolated-2] [ERROR] [1789770526.238154796] [tf_help]: Data time: 90s 400000000ns, Transform time: 4s 340000000ns
[component_container_isolated-2] [ERROR] [1789770526.289148569] [tf_help]: Transform data too old when converting from map to odom
[component_container_isolated-2] [ERROR] [1789770526.289220190] [tf_help]: Data time: 90s 400000000ns, Transform time: 4s 340000000ns
[component_container_isolated-2] [ERROR] [1789770526.340425072] [tf_help]: Transform data too old when converting from map to odom
[component_container_isolated-2] [ERROR] [1789770526.340461856] [tf_help]: Data time: 90s 400000000ns, Transform time: 4s 340000000ns
[component_container_isolated-2] [ERROR] [1789770526.389863421] [tf_help]: Transform data too old when converting from map to odom
[component_container_isolated-2] [ERROR] [1789770526.389941750] [tf_help]: Data time: 90s 400000000ns, Transform time: 4s 340000000ns
[component_container_isolated-2] [ERROR] [1789770526.438308124] [tf_help]: Transform data too old when converting from map to odom
[component_container_isolated-2] [ERROR] [1789770526.438348297] [tf_help]: Data time: 90s 400000000ns, Transform time: 4s 340000000ns
[component_container_isolated-2] [INFO] [1789770526.488557877] [controller_server]: [TG-MPPI] cycle time (compute_backend=cpu): 6.077 ms/cycle avg over 50 cycles
[component_container_isolated-2] [ERROR] [1789770526.488970335] [tf_help]: Transform data too old when converting from map to odom
[component_container_isolated-2] [ERROR] [1789770526.489003661] [tf_help]: Data time: 90s 400000000ns, Transform time: 4s 340000000ns
[component_container_isolated-2] [ERROR] [1789770526.539334551] [tf_help]: Transform data too old when converting from map to odom
[component_container_isolated-2] [ERROR] [1789770526.539371455] [tf_help]: Data time: 90s 400000000ns, Transform time: 4s 340000000ns
[component_container_isolated-2] [ERROR] [1789770526.589662386] [tf_help]: Transform data too old when converting from map to odom
[component_container_isolated-2] [ERROR] [1789770526.589730657] [tf_help]: Data time: 90s 400000000ns, Transform time: 4s 340000000ns
[component_container_isolated-2] [ERROR] [1789770526.639084615] [tf_help]: Transform data too old when converting from map to odom
[component_container_isolated-2] [ERROR] [1789770526.639166109] [tf_help]: Data time: 90s 400000000ns, Transform time: 4s 340000000ns
[component_container_isolated-2] [ERROR] [1789770526.689089645] [tf_help]: Transform data too old when converting from map to odom
[component_container_isolated-2] [ERROR] [1789770526.689139343] [tf_help]: Data time: 90s 400000000ns, Transform time: 4s 340000000ns
[component_container_isolated-2] [ERROR] [1789770526.739821453] [tf_help]: Transform data too old when converting from map to odom
[component_container_isolated-2] [ERROR] [1789770526.739855028] [tf_help]: Data time: 90s 400000000ns, Transform time: 4s 340000000ns
[component_container_isolated-2] [ERROR] [1789770526.788305342] [tf_help]: Transform data too old when converting from map to odom
[component_container_isolated-2] [ERROR] [1789770526.788353159] [tf_help]: Data time: 90s 400000000ns, Transform time: 4s 340000000ns
[component_container_isolated-2] [ERROR] [1789770526.838577597] [tf_help]: Transform data too old when converting from map to odom
[component_container_isolated-2] [ERROR] [1789770526.838632340] [tf_help]: Data time: 90s 400000000ns, Transform time: 4s 340000000ns
[component_container_isolated-2] [ERROR] [1789770526.888349314] [tf_help]: Transform data too old when converting from map to odom
[component_container_isolated-2] [ERROR] [1789770526.888389191] [tf_help]: Data time: 90s 400000000ns, Transform time: 4s 340000000ns
[component_container_isolated-2] [ERROR] [1789770526.938646240] [tf_help]: Transform data too old when converting from map to odom
[component_container_isolated-2] [ERROR] [1789770526.938679550] [tf_help]: Data time: 90s 400000000ns, Transform time: 4s 340000000ns
[component_container_isolated-2] [ERROR] [1789770526.987942828] [tf_help]: Transform data too old when converting from map to odom
[component_container_isolated-2] [ERROR] [1789770526.987975345] [tf_help]: Data time: 90s 400000000ns, Transform time: 4s 340000000ns
[component_container_isolated-2] [ERROR] [1789770527.038513677] [tf_help]: Transform data too old when converting from map to odom
[component_container_isolated-2] [ERROR] [1789770527.038599089] [tf_help]: Data time: 90s 400000000ns, Transform time: 4s 340000000ns
[component_container_isolated-2] [ERROR] [1789770527.092819595] [tf_help]: Transform data too old when converting from map to odom
[component_container_isolated-2] [ERROR] [1789770527.092862396] [tf_help]: Data time: 90s 400000000ns, Transform time: 4s 340000000ns
[component_container_isolated-2] [ERROR] [1789770527.139747778] [tf_help]: Transform data too old when converting from map to odom
[component_container_isolated-2] [ERROR] [1789770527.139790893] [tf_help]: Data time: 90s 400000000ns, Transform time: 4s 340000000ns
[component_container_isolated-2] [INFO] [1789770527.182667022] [controller_server]: Passing new path to controller.
[component_container_isolated-2] [ERROR] [1789770527.189525422] [tf_help]: Transform data too old when converting from map to odom
[component_container_isolated-2] [ERROR] [1789770527.189568269] [tf_help]: Data time: 91s 300000000ns, Transform time: 4s 340000000ns
[component_container_isolated-2] [ERROR] [1789770527.237983413] [tf_help]: Transform data too old when converting from map to odom
[component_container_isolated-2] [ERROR] [1789770527.238018059] [tf_help]: Data time: 91s 300000000ns, Transform time: 4s 340000000ns
[component_container_isolated-2] [ERROR] [1789770527.288302510] [tf_help]: Transform data too old when converting from map to odom
[component_container_isolated-2] [ERROR] [1789770527.288365141] [tf_help]: Data time: 91s 300000000ns, Transform time: 4s 340000000ns
[component_container_isolated-2] [ERROR] [1789770527.338141117] [tf_help]: Transform data too old when converting from map to odom
[component_container_isolated-2] [ERROR] [1789770527.338176077] [tf_help]: Data time: 91s 300000000ns, Transform time: 4s 340000000ns
[component_container_isolated-2] [ERROR] [1789770527.389613200] [tf_help]: Transform data too old when converting from map to odom
[component_container_isolated-2] [ERROR] [1789770527.389662547] [tf_help]: Data time: 91s 300000000ns, Transform time: 4s 340000000ns
[component_container_isolated-2] [ERROR] [1789770527.437906628] [tf_help]: Transform data too old when converting from map to odom
[component_container_isolated-2] [ERROR] [1789770527.437943208] [tf_help]: Data time: 91s 300000000ns, Transform time: 4s 340000000ns
[component_container_isolated-2] [ERROR] [1789770527.488360394] [tf_help]: Transform data too old when converting from map to odom
[component_container_isolated-2] [ERROR] [1789770527.488397399] [tf_help]: Data time: 91s 300000000ns, Transform time: 4s 340000000ns
[component_container_isolated-2] [ERROR] [1789770527.539104607] [tf_help]: Transform data too old when converting from map to odom
[component_container_isolated-2] [ERROR] [1789770527.539148970] [tf_help]: Data time: 91s 300000000ns, Transform time: 4s 340000000ns
[component_container_isolated-2] [ERROR] [1789770527.589008575] [tf_help]: Transform data too old when converting from map to odom
[component_container_isolated-2] [ERROR] [1789770527.589060751] [tf_help]: Data time: 91s 300000000ns, Transform time: 4s 340000000ns
[component_container_isolated-2] [ERROR] [1789770527.638340382] [tf_help]: Transform data too old when converting from map to odom
[component_container_isolated-2] [ERROR] [1789770527.638410698] [tf_help]: Data time: 91s 300000000ns, Transform time: 4s 340000000ns
[component_container_isolated-2] [ERROR] [1789770527.688232111] [tf_help]: Transform data too old when converting from map to odom
[component_container_isolated-2] [ERROR] [1789770527.688266751] [tf_help]: Data time: 91s 300000000ns, Transform time: 4s 340000000ns
[component_container_isolated-2] [ERROR] [1789770527.738033446] [tf_help]: Transform data too old when converting from map to odom
[component_container_isolated-2] [ERROR] [1789770527.738065739] [tf_help]: Data time: 91s 300000000ns, Transform time: 4s 340000000ns
[component_container_isolated-2] [ERROR] [1789770527.788865611] [tf_help]: Transform data too old when converting from map to odom
[component_container_isolated-2] [ERROR] [1789770527.788910672] [tf_help]: Data time: 91s 300000000ns, Transform time: 4s 340000000ns
[component_container_isolated-2] [ERROR] [1789770527.839452967] [tf_help]: Transform data too old when converting from map to odom
[component_container_isolated-2] [ERROR] [1789770527.839487370] [tf_help]: Data time: 91s 300000000ns, Transform time: 4s 340000000ns
[component_container_isolated-2] [ERROR] [1789770527.891187490] [tf_help]: Transform data too old when converting from map to odom
[component_container_isolated-2] [ERROR] [1789770527.891222062] [tf_help]: Data time: 91s 300000000ns, Transform time: 4s 340000000ns
[component_container_isolated-2] [ERROR] [1789770527.938264681] [tf_help]: Transform data too old when converting from map to odom
[component_container_isolated-2] [ERROR] [1789770527.938299173] [tf_help]: Data time: 91s 300000000ns, Transform time: 4s 340000000ns
[component_container_isolated-2] [ERROR] [1789770527.989624115] [tf_help]: Transform data too old when converting from map to odom
[component_container_isolated-2] [ERROR] [1789770527.989655793] [tf_help]: Data time: 91s 300000000ns, Transform time: 4s 340000000ns
[component_container_isolated-2] [ERROR] [1789770528.038789031] [tf_help]: Transform data too old when converting from map to odom
[component_container_isolated-2] [ERROR] [1789770528.038838720] [tf_help]: Data time: 91s 300000000ns, Transform time: 4s 340000000ns
[component_container_isolated-2] [ERROR] [1789770528.088758078] [tf_help]: Transform data too old when converting from map to odom
[component_container_isolated-2] [ERROR] [1789770528.088793936] [tf_help]: Data time: 91s 300000000ns, Transform time: 4s 340000000ns
[component_container_isolated-2] [ERROR] [1789770528.138060482] [tf_help]: Transform data too old when converting from map to odom
[component_container_isolated-2] [ERROR] [1789770528.138093338] [tf_help]: Data time: 91s 300000000ns, Transform time: 4s 340000000ns
[component_container_isolated-2] [INFO] [1789770528.182665735] [controller_server]: Passing new path to controller.
[component_container_isolated-2] [ERROR] [1789770528.188072067] [tf_help]: Transform data too old when converting from map to odom
[component_container_isolated-2] [ERROR] [1789770528.188092597] [tf_help]: Data time: 92s 100000000ns, Transform time: 4s 340000000ns
[component_container_isolated-2] [ERROR] [1789770528.238194939] [tf_help]: Transform data too old when converting from map to odom
[component_container_isolated-2] [ERROR] [1789770528.238226466] [tf_help]: Data time: 92s 100000000ns, Transform time: 4s 340000000ns
[component_container_isolated-2] [ERROR] [1789770528.288427827] [tf_help]: Transform data too old when converting from map to odom
[component_container_isolated-2] [ERROR] [1789770528.288464725] [tf_help]: Data time: 92s 100000000ns, Transform time: 4s 340000000ns
[component_container_isolated-2] [ERROR] [1789770528.338360328] [tf_help]: Transform data too old when converting from map to odom
[component_container_isolated-2] [ERROR] [1789770528.338394918] [tf_help]: Data time: 92s 100000000ns, Transform time: 4s 340000000ns
[component_container_isolated-2] [ERROR] [1789770528.387848776] [tf_help]: Transform data too old when converting from map to odom
[component_container_isolated-2] [ERROR] [1789770528.387879251] [tf_help]: Data time: 92s 100000000ns, Transform time: 4s 340000000ns
[component_container_isolated-2] [ERROR] [1789770528.440302009] [tf_help]: Transform data too old when converting from map to odom
[component_container_isolated-2] [ERROR] [1789770528.440361960] [tf_help]: Data time: 92s 100000000ns, Transform time: 4s 340000000ns
[component_container_isolated-2] [ERROR] [1789770528.489841125] [tf_help]: Transform data too old when converting from map to odom
[component_container_isolated-2] [ERROR] [1789770528.489901450] [tf_help]: Data time: 92s 100000000ns, Transform time: 4s 340000000ns
[component_container_isolated-2] [ERROR] [1789770528.540177121] [tf_help]: Transform data too old when converting from map to odom
[component_container_isolated-2] [ERROR] [1789770528.540223346] [tf_help]: Data time: 92s 100000000ns, Transform time: 4s 340000000ns
[component_container_isolated-2] [ERROR] [1789770528.588375281] [tf_help]: Transform data too old when converting from map to odom
[component_container_isolated-2] [ERROR] [1789770528.588440278] [tf_help]: Data time: 92s 100000000ns, Transform time: 4s 340000000ns
[component_container_isolated-2] [ERROR] [1789770528.638080865] [tf_help]: Transform data too old when converting from map to odom
[component_container_isolated-2] [ERROR] [1789770528.638114941] [tf_help]: Data time: 92s 100000000ns, Transform time: 4s 340000000ns
[component_container_isolated-2] [ERROR] [1789770528.688807566] [tf_help]: Transform data too old when converting from map to odom
[component_container_isolated-2] [ERROR] [1789770528.688855051] [tf_help]: Data time: 92s 100000000ns, Transform time: 4s 340000000ns
[component_container_isolated-2] [ERROR] [1789770528.738300584] [tf_help]: Transform data too old when converting from map to odom
[component_container_isolated-2] [ERROR] [1789770528.738335608] [tf_help]: Data time: 92s 100000000ns, Transform time: 4s 340000000ns
[component_container_isolated-2] [ERROR] [1789770528.788275864] [tf_help]: Transform data too old when converting from map to odom
[component_container_isolated-2] [ERROR] [1789770528.788309020] [tf_help]: Data time: 92s 100000000ns, Transform time: 4s 340000000ns
[component_container_isolated-2] [ERROR] [1789770528.839502876] [tf_help]: Transform data too old when converting from map to odom
[component_container_isolated-2] [ERROR] [1789770528.839545489] [tf_help]: Data time: 92s 100000000ns, Transform time: 4s 340000000ns
[component_container_isolated-2] [ERROR] [1789770528.888429015] [tf_help]: Transform data too old when converting from map to odom
[component_container_isolated-2] [ERROR] [1789770528.888490663] [tf_help]: Data time: 92s 100000000ns, Transform time: 4s 340000000ns
[component_container_isolated-2] [ERROR] [1789770528.937877649] [tf_help]: Transform data too old when converting from map to odom
[component_container_isolated-2] [ERROR] [1789770528.937912977] [tf_help]: Data time: 92s 100000000ns, Transform time: 4s 340000000ns
[component_container_isolated-2] [INFO] [1789770528.989044743] [controller_server]: [TG-MPPI] cycle time (compute_backend=cpu): 5.917 ms/cycle avg over 50 cycles
[component_container_isolated-2] [ERROR] [1789770528.989302617] [tf_help]: Transform data too old when converting from map to odom
[component_container_isolated-2] [ERROR] [1789770528.989323044] [tf_help]: Data time: 92s 100000000ns, Transform time: 4s 340000000ns
[component_container_isolated-2] [ERROR] [1789770529.037854704] [tf_help]: Transform data too old when converting from map to odom
[component_container_isolated-2] [ERROR] [1789770529.037892068] [tf_help]: Data time: 92s 100000000ns, Transform time: 4s 340000000ns
[component_container_isolated-2] [ERROR] [1789770529.088226347] [tf_help]: Transform data too old when converting from map to odom
[component_container_isolated-2] [ERROR] [1789770529.088267269] [tf_help]: Data time: 92s 100000000ns, Transform time: 4s 340000000ns
[component_container_isolated-2] [ERROR] [1789770529.137848931] [tf_help]: Transform data too old when converting from map to odom
[component_container_isolated-2] [ERROR] [1789770529.137883745] [tf_help]: Data time: 92s 100000000ns, Transform time: 4s 340000000ns
[component_container_isolated-2] [ERROR] [1789770529.182694295] [controller_server]: Failed to make progress
[component_container_isolated-2] [WARN] [1789770529.182753539] [controller_server]: [follow_path] [ActionServer] Aborting handle.
[component_container_isolated-2] [INFO] [1789770529.202317633] [behavior_server]: Running spin
[component_container_isolated-2] [INFO] [1789770529.202409448] [behavior_server]: Turning 1.57 for spin behavior.
[component_container_isolated-2] [ERROR] [1789770529.302593268] [behavior_server]: Pose Goes Off Grid.
[component_container_isolated-2] [WARN] [1789770529.302666887] [behavior_server]: Collision Ahead - Exiting Spin
[component_container_isolated-2] [WARN] [1789770529.302679608] [behavior_server]: spin failed
[component_container_isolated-2] [WARN] [1789770529.302691876] [behavior_server]: [spin] [ActionServer] Aborting handle.
[component_container_isolated-2] [INFO] [1789770529.332183905] [behavior_server]: Running wait
[component_container_isolated-2] [INFO] [1789770534.332355138] [behavior_server]: wait completed successfully
[component_container_isolated-2] [INFO] [1789770534.382239552] [controller_server]: Received a goal, begin computing control effort.
[component_container_isolated-2] [INFO] [1789770534.386367379] [controller_server]: Optimizer reset (compute_backend=cpu)
[component_container_isolated-2] [ERROR] [1789770534.392689856] [tf_help]: Transform data too old when converting from map to odom
[component_container_isolated-2] [ERROR] [1789770534.392750721] [tf_help]: Data time: 97s 700000000ns, Transform time: 4s 340000000ns
[component_container_isolated-2] [ERROR] [1789770534.438123112] [tf_help]: Transform data too old when converting from map to odom
[component_container_isolated-2] [ERROR] [1789770534.438158384] [tf_help]: Data time: 97s 700000000ns, Transform time: 4s 340000000ns
[component_container_isolated-2] [ERROR] [1789770534.489042128] [tf_help]: Transform data too old when converting from map to odom
[component_container_isolated-2] [ERROR] [1789770534.489080970] [tf_help]: Data time: 97s 700000000ns, Transform time: 4s 340000000ns
[component_container_isolated-2] [ERROR] [1789770534.538469923] [tf_help]: Transform data too old when converting from map to odom
[component_container_isolated-2] [ERROR] [1789770534.538508969] [tf_help]: Data time: 97s 700000000ns, Transform time: 4s 340000000ns
[component_container_isolated-2] [ERROR] [1789770534.589069790] [tf_help]: Transform data too old when converting from map to odom
[component_container_isolated-2] [ERROR] [1789770534.589120742] [tf_help]: Data time: 97s 700000000ns, Transform time: 4s 340000000ns
[component_container_isolated-2] [ERROR] [1789770534.637951372] [tf_help]: Transform data too old when converting from map to odom
[component_container_isolated-2] [ERROR] [1789770534.637983302] [tf_help]: Data time: 97s 700000000ns, Transform time: 4s 340000000ns
[component_container_isolated-2] [ERROR] [1789770534.691937425] [tf_help]: Transform data too old when converting from map to odom
[component_container_isolated-2] [ERROR] [1789770534.691977849] [tf_help]: Data time: 97s 700000000ns, Transform time: 4s 340000000ns
[component_container_isolated-2] [ERROR] [1789770534.742600087] [tf_help]: Transform data too old when converting from map to odom
[component_container_isolated-2] [ERROR] [1789770534.742644485] [tf_help]: Data time: 97s 700000000ns, Transform time: 4s 340000000ns
[component_container_isolated-2] [ERROR] [1789770534.787768137] [tf_help]: Transform data too old when converting from map to odom
[component_container_isolated-2] [ERROR] [1789770534.787802409] [tf_help]: Data time: 97s 700000000ns, Transform time: 4s 340000000ns
[component_container_isolated-2] [ERROR] [1789770534.838124608] [tf_help]: Transform data too old when converting from map to odom
[component_container_isolated-2] [ERROR] [1789770534.838167975] [tf_help]: Data time: 97s 700000000ns, Transform time: 4s 340000000ns
[component_container_isolated-2] [ERROR] [1789770534.887759680] [tf_help]: Transform data too old when converting from map to odom
[component_container_isolated-2] [ERROR] [1789770534.887795863] [tf_help]: Data time: 97s 700000000ns, Transform time: 4s 340000000ns
[component_container_isolated-2] [ERROR] [1789770534.938356680] [tf_help]: Transform data too old when converting from map to odom
[component_container_isolated-2] [ERROR] [1789770534.938386748] [tf_help]: Data time: 97s 700000000ns, Transform time: 4s 340000000ns
[component_container_isolated-2] [ERROR] [1789770534.988011935] [tf_help]: Transform data too old when converting from map to odom
[component_container_isolated-2] [ERROR] [1789770534.988044620] [tf_help]: Data time: 97s 700000000ns, Transform time: 4s 340000000ns
[component_container_isolated-2] [ERROR] [1789770535.039316163] [tf_help]: Transform data too old when converting from map to odom
[component_container_isolated-2] [ERROR] [1789770535.039362851] [tf_help]: Data time: 97s 700000000ns, Transform time: 4s 340000000ns
[component_container_isolated-2] [ERROR] [1789770535.088092097] [tf_help]: Transform data too old when converting from map to odom
[component_container_isolated-2] [ERROR] [1789770535.088126335] [tf_help]: Data time: 97s 700000000ns, Transform time: 4s 340000000ns
[component_container_isolated-2] [ERROR] [1789770535.138673652] [tf_help]: Transform data too old when converting from map to odom
[component_container_isolated-2] [ERROR] [1789770535.138746199] [tf_help]: Data time: 97s 700000000ns, Transform time: 4s 340000000ns
[component_container_isolated-2] [ERROR] [1789770535.187662489] [tf_help]: Transform data too old when converting from map to odom
[component_container_isolated-2] [ERROR] [1789770535.187695689] [tf_help]: Data time: 97s 700000000ns, Transform time: 4s 340000000ns
[component_container_isolated-2] [ERROR] [1789770535.237660657] [tf_help]: Transform data too old when converting from map to odom
[component_container_isolated-2] [ERROR] [1789770535.237691377] [tf_help]: Data time: 97s 700000000ns, Transform time: 4s 340000000ns
[component_container_isolated-2] [ERROR] [1789770535.287797935] [tf_help]: Transform data too old when converting from map to odom
[component_container_isolated-2] [ERROR] [1789770535.287832178] [tf_help]: Data time: 97s 700000000ns, Transform time: 4s 340000000ns
[component_container_isolated-2] [ERROR] [1789770535.339370598] [tf_help]: Transform data too old when converting from map to odom
[component_container_isolated-2] [ERROR] [1789770535.339446590] [tf_help]: Data time: 97s 700000000ns, Transform time: 4s 340000000ns
[component_container_isolated-2] [ERROR] [1789770535.387831970] [tf_help]: Transform data too old when converting from map to odom
[component_container_isolated-2] [ERROR] [1789770535.387866615] [tf_help]: Data time: 97s 700000000ns, Transform time: 4s 340000000ns
[component_container_isolated-2] [INFO] [1789770535.432506861] [controller_server]: Passing new path to controller.
[component_container_isolated-2] [ERROR] [1789770535.438771231] [tf_help]: Transform data too old when converting from map to odom
[component_container_isolated-2] [ERROR] [1789770535.438805429] [tf_help]: Data time: 98s 700000000ns, Transform time: 4s 340000000ns
[component_container_isolated-2] [ERROR] [1789770535.489594466] [tf_help]: Transform data too old when converting from map to odom
[component_container_isolated-2] [ERROR] [1789770535.489672288] [tf_help]: Data time: 98s 700000000ns, Transform time: 4s 340000000ns
[component_container_isolated-2] [ERROR] [1789770535.541271687] [tf_help]: Transform data too old when converting from map to odom
[component_container_isolated-2] [ERROR] [1789770535.541307639] [tf_help]: Data time: 98s 700000000ns, Transform time: 4s 340000000ns
[component_container_isolated-2] [ERROR] [1789770535.589807428] [tf_help]: Transform data too old when converting from map to odom
[component_container_isolated-2] [ERROR] [1789770535.589874148] [tf_help]: Data time: 98s 700000000ns, Transform time: 4s 340000000ns
[component_container_isolated-2] [ERROR] [1789770535.638084656] [tf_help]: Transform data too old when converting from map to odom
[component_container_isolated-2] [ERROR] [1789770535.638131086] [tf_help]: Data time: 98s 700000000ns, Transform time: 4s 340000000ns
[component_container_isolated-2] [ERROR] [1789770535.687724189] [tf_help]: Transform data too old when converting from map to odom
[component_container_isolated-2] [ERROR] [1789770535.687756694] [tf_help]: Data time: 98s 700000000ns, Transform time: 4s 340000000ns
[component_container_isolated-2] [ERROR] [1789770535.737641949] [tf_help]: Transform data too old when converting from map to odom
[component_container_isolated-2] [ERROR] [1789770535.737676282] [tf_help]: Data time: 98s 700000000ns, Transform time: 4s 340000000ns
[component_container_isolated-2] [ERROR] [1789770535.787899885] [tf_help]: Transform data too old when converting from map to odom
[component_container_isolated-2] [ERROR] [1789770535.787933547] [tf_help]: Data time: 98s 700000000ns, Transform time: 4s 340000000ns
[component_container_isolated-2] [ERROR] [1789770535.842605157] [tf_help]: Transform data too old when converting from map to odom
[component_container_isolated-2] [ERROR] [1789770535.842647859] [tf_help]: Data time: 98s 700000000ns, Transform time: 4s 340000000ns
[component_container_isolated-2] [ERROR] [1789770535.891389324] [tf_help]: Transform data too old when converting from map to odom
[component_container_isolated-2] [ERROR] [1789770535.891423747] [tf_help]: Data time: 98s 700000000ns, Transform time: 4s 340000000ns
[component_container_isolated-2] [ERROR] [1789770535.943017401] [tf_help]: Transform data too old when converting from map to odom
[component_container_isolated-2] [ERROR] [1789770535.943049995] [tf_help]: Data time: 98s 700000000ns, Transform time: 4s 340000000ns
[component_container_isolated-2] [ERROR] [1789770535.991287830] [tf_help]: Transform data too old when converting from map to odom
[component_container_isolated-2] [ERROR] [1789770535.991322289] [tf_help]: Data time: 98s 700000000ns, Transform time: 4s 340000000ns
[component_container_isolated-2] [ERROR] [1789770536.038552946] [tf_help]: Transform data too old when converting from map to odom
[component_container_isolated-2] [ERROR] [1789770536.038627745] [tf_help]: Data time: 98s 700000000ns, Transform time: 4s 340000000ns
[component_container_isolated-2] [ERROR] [1789770536.087866683] [tf_help]: Transform data too old when converting from map to odom
[component_container_isolated-2] [ERROR] [1789770536.087906462] [tf_help]: Data time: 98s 700000000ns, Transform time: 4s 340000000ns
[component_container_isolated-2] [ERROR] [1789770536.138120865] [tf_help]: Transform data too old when converting from map to odom
[component_container_isolated-2] [ERROR] [1789770536.138154464] [tf_help]: Data time: 98s 700000000ns, Transform time: 4s 340000000ns
[component_container_isolated-2] [ERROR] [1789770536.188177212] [tf_help]: Transform data too old when converting from map to odom
[component_container_isolated-2] [ERROR] [1789770536.188212513] [tf_help]: Data time: 98s 700000000ns, Transform time: 4s 340000000ns
[component_container_isolated-2] [ERROR] [1789770536.237876270] [tf_help]: Transform data too old when converting from map to odom
[component_container_isolated-2] [ERROR] [1789770536.237912067] [tf_help]: Data time: 98s 700000000ns, Transform time: 4s 340000000ns
[component_container_isolated-2] [ERROR] [1789770536.289404556] [tf_help]: Transform data too old when converting from map to odom
[component_container_isolated-2] [ERROR] [1789770536.289451138] [tf_help]: Data time: 98s 700000000ns, Transform time: 4s 340000000ns
[component_container_isolated-2] [ERROR] [1789770536.343383584] [tf_help]: Transform data too old when converting from map to odom
[component_container_isolated-2] [ERROR] [1789770536.343443288] [tf_help]: Data time: 98s 700000000ns, Transform time: 4s 340000000ns
[component_container_isolated-2] [ERROR] [1789770536.392696514] [tf_help]: Transform data too old when converting from map to odom
[component_container_isolated-2] [ERROR] [1789770536.392748780] [tf_help]: Data time: 98s 700000000ns, Transform time: 4s 340000000ns
[component_container_isolated-2] [ERROR] [1789770536.440293643] [tf_help]: Transform data too old when converting from map to odom
[component_container_isolated-2] [ERROR] [1789770536.440329183] [tf_help]: Data time: 98s 700000000ns, Transform time: 4s 340000000ns
[component_container_isolated-2] [INFO] [1789770536.482413272] [controller_server]: Passing new path to controller.
[component_container_isolated-2] [ERROR] [1789770536.492568983] [tf_help]: Transform data too old when converting from map to odom
[component_container_isolated-2] [ERROR] [1789770536.492611453] [tf_help]: Data time: 99s 600000000ns, Transform time: 4s 340000000ns
[component_container_isolated-2] [ERROR] [1789770536.537782103] [tf_help]: Transform data too old when converting from map to odom
[component_container_isolated-2] [ERROR] [1789770536.537813879] [tf_help]: Data time: 99s 600000000ns, Transform time: 4s 340000000ns
[component_container_isolated-2] [ERROR] [1789770536.587891770] [tf_help]: Transform data too old when converting from map to odom
[component_container_isolated-2] [ERROR] [1789770536.587930973] [tf_help]: Data time: 99s 600000000ns, Transform time: 4s 340000000ns
[component_container_isolated-2] [ERROR] [1789770536.638964022] [tf_help]: Transform data too old when converting from map to odom
[component_container_isolated-2] [ERROR] [1789770536.639024732] [tf_help]: Data time: 99s 600000000ns, Transform time: 4s 340000000ns
[component_container_isolated-2] [INFO] [1789770536.687753652] [controller_server]: [TG-MPPI] cycle time (compute_backend=cpu): 6.425 ms/cycle avg over 50 cycles
[component_container_isolated-2] [ERROR] [1789770536.687911649] [tf_help]: Transform data too old when converting from map to odom
[component_container_isolated-2] [ERROR] [1789770536.687929060] [tf_help]: Data time: 99s 600000000ns, Transform time: 4s 340000000ns
[component_container_isolated-2] [ERROR] [1789770536.741236355] [tf_help]: Transform data too old when converting from map to odom
[component_container_isolated-2] [ERROR] [1789770536.741268958] [tf_help]: Data time: 99s 600000000ns, Transform time: 4s 340000000ns
[component_container_isolated-2] [ERROR] [1789770536.788020293] [tf_help]: Transform data too old when converting from map to odom
[component_container_isolated-2] [ERROR] [1789770536.788062433] [tf_help]: Data time: 99s 600000000ns, Transform time: 4s 340000000ns
[component_container_isolated-2] [ERROR] [1789770536.838991282] [tf_help]: Transform data too old when converting from map to odom
[component_container_isolated-2] [ERROR] [1789770536.839034417] [tf_help]: Data time: 99s 600000000ns, Transform time: 4s 340000000ns
[ground_truth_localizer-1] [INFO] [1789770536.839365840] [ground_truth_localizer]: last 10 s: ground truth msgs 294, map->odom published 294 (289 via latest odom TF)
[component_container_isolated-2] [ERROR] [1789770536.888105628] [tf_help]: Transform data too old when converting from map to odom
[component_container_isolated-2] [ERROR] [1789770536.888142469] [tf_help]: Data time: 99s 600000000ns, Transform time: 4s 340000000ns
[component_container_isolated-2] [ERROR] [1789770536.939060297] [tf_help]: Transform data too old when converting from map to odom
[component_container_isolated-2] [ERROR] [1789770536.939091378] [tf_help]: Data time: 99s 600000000ns, Transform time: 4s 340000000ns
[component_container_isolated-2] [ERROR] [1789770536.987934421] [tf_help]: Transform data too old when converting from map to odom
[component_container_isolated-2] [ERROR] [1789770536.987966522] [tf_help]: Data time: 99s 600000000ns, Transform time: 4s 340000000ns
[component_container_isolated-2] [ERROR] [1789770537.037600574] [tf_help]: Transform data too old when converting from map to odom
[component_container_isolated-2] [ERROR] [1789770537.037633025] [tf_help]: Data time: 99s 600000000ns, Transform time: 4s 340000000ns
[component_container_isolated-2] [ERROR] [1789770537.087840416] [tf_help]: Transform data too old when converting from map to odom
[component_container_isolated-2] [ERROR] [1789770537.087869851] [tf_help]: Data time: 99s 600000000ns, Transform time: 4s 340000000ns
[component_container_isolated-2] [ERROR] [1789770537.137788539] [tf_help]: Transform data too old when converting from map to odom
[component_container_isolated-2] [ERROR] [1789770537.137821751] [tf_help]: Data time: 99s 600000000ns, Transform time: 4s 340000000ns
[component_container_isolated-2] [ERROR] [1789770537.188808061] [tf_help]: Transform data too old when converting from map to odom
[component_container_isolated-2] [ERROR] [1789770537.188875686] [tf_help]: Data time: 99s 600000000ns, Transform time: 4s 340000000ns
[component_container_isolated-2] [ERROR] [1789770537.237625098] [tf_help]: Transform data too old when converting from map to odom
[component_container_isolated-2] [ERROR] [1789770537.237658897] [tf_help]: Data time: 99s 600000000ns, Transform time: 4s 340000000ns
[component_container_isolated-2] [ERROR] [1789770537.288025981] [tf_help]: Transform data too old when converting from map to odom
[component_container_isolated-2] [ERROR] [1789770537.288073926] [tf_help]: Data time: 99s 600000000ns, Transform time: 4s 340000000ns
[component_container_isolated-2] [ERROR] [1789770537.338044320] [tf_help]: Transform data too old when converting from map to odom
[component_container_isolated-2] [ERROR] [1789770537.338081889] [tf_help]: Data time: 99s 600000000ns, Transform time: 4s 340000000ns
[component_container_isolated-2] [ERROR] [1789770537.389086934] [tf_help]: Transform data too old when converting from map to odom
[component_container_isolated-2] [ERROR] [1789770537.389143202] [tf_help]: Data time: 99s 600000000ns, Transform time: 4s 340000000ns
[component_container_isolated-2] [ERROR] [1789770537.438462905] [tf_help]: Transform data too old when converting from map to odom
[component_container_isolated-2] [ERROR] [1789770537.438494083] [tf_help]: Data time: 99s 600000000ns, Transform time: 4s 340000000ns
[component_container_isolated-2] [INFO] [1789770537.482403128] [controller_server]: Passing new path to controller.
[component_container_isolated-2] [ERROR] [1789770537.487892803] [tf_help]: Transform data too old when converting from map to odom
[component_container_isolated-2] [ERROR] [1789770537.487913190] [tf_help]: Data time: 100s 500000000ns, Transform time: 4s 340000000ns
[component_container_isolated-2] [ERROR] [1789770537.537715282] [tf_help]: Transform data too old when converting from map to odom
[component_container_isolated-2] [ERROR] [1789770537.537746135] [tf_help]: Data time: 100s 500000000ns, Transform time: 4s 340000000ns
[component_container_isolated-2] [ERROR] [1789770537.587830338] [tf_help]: Transform data too old when converting from map to odom
[component_container_isolated-2] [ERROR] [1789770537.587862164] [tf_help]: Data time: 100s 500000000ns, Transform time: 4s 340000000ns
[component_container_isolated-2] [ERROR] [1789770537.637875540] [tf_help]: Transform data too old when converting from map to odom
[component_container_isolated-2] [ERROR] [1789770537.637916441] [tf_help]: Data time: 100s 500000000ns, Transform time: 4s 340000000ns
[component_container_isolated-2] [ERROR] [1789770537.688313726] [tf_help]: Transform data too old when converting from map to odom
[component_container_isolated-2] [ERROR] [1789770537.688363341] [tf_help]: Data time: 100s 500000000ns, Transform time: 4s 340000000ns
[component_container_isolated-2] [ERROR] [1789770537.738476752] [tf_help]: Transform data too old when converting from map to odom
[component_container_isolated-2] [ERROR] [1789770537.738509331] [tf_help]: Data time: 100s 500000000ns, Transform time: 4s 340000000ns
[component_container_isolated-2] [ERROR] [1789770537.787652972] [tf_help]: Transform data too old when converting from map to odom
[component_container_isolated-2] [ERROR] [1789770537.787687351] [tf_help]: Data time: 100s 500000000ns, Transform time: 4s 340000000ns
[component_container_isolated-2] [ERROR] [1789770537.839115795] [tf_help]: Transform data too old when converting from map to odom
[component_container_isolated-2] [ERROR] [1789770537.839162626] [tf_help]: Data time: 100s 500000000ns, Transform time: 4s 340000000ns
[component_container_isolated-2] [ERROR] [1789770537.888013443] [tf_help]: Transform data too old when converting from map to odom
[component_container_isolated-2] [ERROR] [1789770537.888047199] [tf_help]: Data time: 100s 500000000ns, Transform time: 4s 340000000ns
[component_container_isolated-2] [ERROR] [1789770537.937873980] [tf_help]: Transform data too old when converting from map to odom
[component_container_isolated-2] [ERROR] [1789770537.937915551] [tf_help]: Data time: 100s 500000000ns, Transform time: 4s 340000000ns
[component_container_isolated-2] [ERROR] [1789770537.987950575] [tf_help]: Transform data too old when converting from map to odom
[component_container_isolated-2] [ERROR] [1789770537.988003626] [tf_help]: Data time: 100s 500000000ns, Transform time: 4s 340000000ns
[component_container_isolated-2] [ERROR] [1789770538.039004215] [tf_help]: Transform data too old when converting from map to odom
[component_container_isolated-2] [ERROR] [1789770538.039041867] [tf_help]: Data time: 100s 500000000ns, Transform time: 4s 340000000ns
[component_container_isolated-2] [ERROR] [1789770538.088021165] [tf_help]: Transform data too old when converting from map to odom
[component_container_isolated-2] [ERROR] [1789770538.088057182] [tf_help]: Data time: 100s 500000000ns, Transform time: 4s 340000000ns
[component_container_isolated-2] [ERROR] [1789770538.139147888] [tf_help]: Transform data too old when converting from map to odom
[component_container_isolated-2] [ERROR] [1789770538.139192542] [tf_help]: Data time: 100s 500000000ns, Transform time: 4s 340000000ns
[component_container_isolated-2] [ERROR] [1789770538.193708361] [tf_help]: Transform data too old when converting from map to odom
[component_container_isolated-2] [ERROR] [1789770538.193756457] [tf_help]: Data time: 100s 500000000ns, Transform time: 4s 340000000ns
[component_container_isolated-2] [ERROR] [1789770538.242532525] [tf_help]: Transform data too old when converting from map to odom
[component_container_isolated-2] [ERROR] [1789770538.242572114] [tf_help]: Data time: 100s 500000000ns, Transform time: 4s 340000000ns
[component_container_isolated-2] [ERROR] [1789770538.289450331] [tf_help]: Transform data too old when converting from map to odom
[component_container_isolated-2] [ERROR] [1789770538.289494145] [tf_help]: Data time: 100s 500000000ns, Transform time: 4s 340000000ns
[component_container_isolated-2] [ERROR] [1789770538.341947117] [tf_help]: Transform data too old when converting from map to odom
[component_container_isolated-2] [ERROR] [1789770538.342003207] [tf_help]: Data time: 100s 500000000ns, Transform time: 4s 340000000ns
[component_container_isolated-2] [ERROR] [1789770538.389122711] [tf_help]: Transform data too old when converting from map to odom
[component_container_isolated-2] [ERROR] [1789770538.389165806] [tf_help]: Data time: 100s 500000000ns, Transform time: 4s 340000000ns
[component_container_isolated-2] [ERROR] [1789770538.438104979] [tf_help]: Transform data too old when converting from map to odom
[component_container_isolated-2] [ERROR] [1789770538.438146069] [tf_help]: Data time: 100s 500000000ns, Transform time: 4s 340000000ns
[component_container_isolated-2] [ERROR] [1789770538.489601388] [tf_help]: Transform data too old when converting from map to odom
[component_container_isolated-2] [ERROR] [1789770538.489631761] [tf_help]: Data time: 100s 500000000ns, Transform time: 4s 340000000ns
[component_container_isolated-2] [INFO] [1789770538.532370324] [controller_server]: Passing new path to controller.
[component_container_isolated-2] [ERROR] [1789770538.537755019] [tf_help]: Transform data too old when converting from map to odom
[component_container_isolated-2] [ERROR] [1789770538.537778491] [tf_help]: Data time: 101s 400000000ns, Transform time: 4s 340000000ns
[component_container_isolated-2] [ERROR] [1789770538.590015200] [tf_help]: Transform data too old when converting from map to odom
[component_container_isolated-2] [ERROR] [1789770538.590053331] [tf_help]: Data time: 101s 400000000ns, Transform time: 4s 340000000ns
[component_container_isolated-2] [ERROR] [1789770538.640149212] [tf_help]: Transform data too old when converting from map to odom
[component_container_isolated-2] [ERROR] [1789770538.640183878] [tf_help]: Data time: 101s 400000000ns, Transform time: 4s 340000000ns
[component_container_isolated-2] [ERROR] [1789770538.687996467] [tf_help]: Transform data too old when converting from map to odom
[component_container_isolated-2] [ERROR] [1789770538.688031532] [tf_help]: Data time: 101s 400000000ns, Transform time: 4s 340000000ns
[component_container_isolated-2] [ERROR] [1789770538.744655106] [tf_help]: Transform data too old when converting from map to odom
[component_container_isolated-2] [ERROR] [1789770538.744714904] [tf_help]: Data time: 101s 400000000ns, Transform time: 4s 340000000ns
[component_container_isolated-2] [ERROR] [1789770538.794012351] [tf_help]: Transform data too old when converting from map to odom
[component_container_isolated-2] [ERROR] [1789770538.794061080] [tf_help]: Data time: 101s 400000000ns, Transform time: 4s 340000000ns
[component_container_isolated-2] [ERROR] [1789770538.837818295] [tf_help]: Transform data too old when converting from map to odom
[component_container_isolated-2] [ERROR] [1789770538.837854697] [tf_help]: Data time: 101s 400000000ns, Transform time: 4s 340000000ns
[component_container_isolated-2] [ERROR] [1789770538.887719411] [tf_help]: Transform data too old when converting from map to odom
[component_container_isolated-2] [ERROR] [1789770538.887769049] [tf_help]: Data time: 101s 400000000ns, Transform time: 4s 340000000ns
[component_container_isolated-2] [ERROR] [1789770538.939077119] [tf_help]: Transform data too old when converting from map to odom
[component_container_isolated-2] [ERROR] [1789770538.939124449] [tf_help]: Data time: 101s 400000000ns, Transform time: 4s 340000000ns
[component_container_isolated-2] [ERROR] [1789770538.989688415] [tf_help]: Transform data too old when converting from map to odom
[component_container_isolated-2] [ERROR] [1789770538.989745655] [tf_help]: Data time: 101s 400000000ns, Transform time: 4s 340000000ns
[component_container_isolated-2] [ERROR] [1789770539.037826876] [tf_help]: Transform data too old when converting from map to odom
[component_container_isolated-2] [ERROR] [1789770539.037863735] [tf_help]: Data time: 101s 400000000ns, Transform time: 4s 340000000ns
[component_container_isolated-2] [ERROR] [1789770539.089441816] [tf_help]: Transform data too old when converting from map to odom
[component_container_isolated-2] [ERROR] [1789770539.089488178] [tf_help]: Data time: 101s 400000000ns, Transform time: 4s 340000000ns
[component_container_isolated-2] [ERROR] [1789770539.137978108] [tf_help]: Transform data too old when converting from map to odom
[component_container_isolated-2] [ERROR] [1789770539.138010884] [tf_help]: Data time: 101s 400000000ns, Transform time: 4s 340000000ns
[component_container_isolated-2] [INFO] [1789770539.188162321] [controller_server]: [TG-MPPI] cycle time (compute_backend=cpu): 6.276 ms/cycle avg over 50 cycles
[component_container_isolated-2] [ERROR] [1789770539.188301081] [tf_help]: Transform data too old when converting from map to odom
[component_container_isolated-2] [ERROR] [1789770539.188319229] [tf_help]: Data time: 101s 400000000ns, Transform time: 4s 340000000ns
[component_container_isolated-2] [ERROR] [1789770539.238088179] [tf_help]: Transform data too old when converting from map to odom
[component_container_isolated-2] [ERROR] [1789770539.238124851] [tf_help]: Data time: 101s 400000000ns, Transform time: 4s 340000000ns
[component_container_isolated-2] [ERROR] [1789770539.287543797] [tf_help]: Transform data too old when converting from map to odom
[component_container_isolated-2] [ERROR] [1789770539.287573978] [tf_help]: Data time: 101s 400000000ns, Transform time: 4s 340000000ns
[component_container_isolated-2] [ERROR] [1789770539.337665120] [tf_help]: Transform data too old when converting from map to odom
[component_container_isolated-2] [ERROR] [1789770539.337699571] [tf_help]: Data time: 101s 400000000ns, Transform time: 4s 340000000ns
[component_container_isolated-2] [ERROR] [1789770539.388475241] [tf_help]: Transform data too old when converting from map to odom
[component_container_isolated-2] [ERROR] [1789770539.388521555] [tf_help]: Data time: 101s 400000000ns, Transform time: 4s 340000000ns
[component_container_isolated-2] [ERROR] [1789770539.437887920] [tf_help]: Transform data too old when converting from map to odom
[component_container_isolated-2] [ERROR] [1789770539.437919166] [tf_help]: Data time: 101s 400000000ns, Transform time: 4s 340000000ns
[component_container_isolated-2] [ERROR] [1789770539.488953714] [tf_help]: Transform data too old when converting from map to odom
[component_container_isolated-2] [ERROR] [1789770539.489020867] [tf_help]: Data time: 101s 400000000ns, Transform time: 4s 340000000ns
[component_container_isolated-2] [INFO] [1789770539.532370580] [controller_server]: Passing new path to controller.
[component_container_isolated-2] [ERROR] [1789770539.537800428] [tf_help]: Transform data too old when converting from map to odom
[component_container_isolated-2] [ERROR] [1789770539.537819611] [tf_help]: Data time: 102s 300000000ns, Transform time: 4s 340000000ns
[component_container_isolated-2] [ERROR] [1789770539.587935577] [tf_help]: Transform data too old when converting from map to odom
[component_container_isolated-2] [ERROR] [1789770539.587989277] [tf_help]: Data time: 102s 300000000ns, Transform time: 4s 340000000ns
[component_container_isolated-2] [ERROR] [1789770539.638120654] [tf_help]: Transform data too old when converting from map to odom
[component_container_isolated-2] [ERROR] [1789770539.638175426] [tf_help]: Data time: 102s 300000000ns, Transform time: 4s 340000000ns
[component_container_isolated-2] [ERROR] [1789770539.688959251] [tf_help]: Transform data too old when converting from map to odom
[component_container_isolated-2] [ERROR] [1789770539.689053252] [tf_help]: Data time: 102s 300000000ns, Transform time: 4s 340000000ns
[component_container_isolated-2] [ERROR] [1789770539.739672948] [tf_help]: Transform data too old when converting from map to odom
[component_container_isolated-2] [ERROR] [1789770539.739716625] [tf_help]: Data time: 102s 300000000ns, Transform time: 4s 340000000ns
[component_container_isolated-2] [ERROR] [1789770539.787837681] [tf_help]: Transform data too old when converting from map to odom
[component_container_isolated-2] [ERROR] [1789770539.787874948] [tf_help]: Data time: 102s 300000000ns, Transform time: 4s 340000000ns
[component_container_isolated-2] [ERROR] [1789770539.837865547] [tf_help]: Transform data too old when converting from map to odom
[component_container_isolated-2] [ERROR] [1789770539.837897883] [tf_help]: Data time: 102s 300000000ns, Transform time: 4s 340000000ns
[component_container_isolated-2] [ERROR] [1789770539.887953347] [tf_help]: Transform data too old when converting from map to odom
[component_container_isolated-2] [ERROR] [1789770539.887993911] [tf_help]: Data time: 102s 300000000ns, Transform time: 4s 340000000ns
[component_container_isolated-2] [ERROR] [1789770539.938032009] [tf_help]: Transform data too old when converting from map to odom
[component_container_isolated-2] [ERROR] [1789770539.938066738] [tf_help]: Data time: 102s 300000000ns, Transform time: 4s 340000000ns
[component_container_isolated-2] [ERROR] [1789770539.987758569] [tf_help]: Transform data too old when converting from map to odom
[component_container_isolated-2] [ERROR] [1789770539.987792065] [tf_help]: Data time: 102s 300000000ns, Transform time: 4s 340000000ns
[component_container_isolated-2] [ERROR] [1789770540.038965106] [tf_help]: Transform data too old when converting from map to odom
[component_container_isolated-2] [ERROR] [1789770540.038998958] [tf_help]: Data time: 102s 300000000ns, Transform time: 4s 340000000ns
[component_container_isolated-2] [ERROR] [1789770540.088313073] [tf_help]: Transform data too old when converting from map to odom
[component_container_isolated-2] [ERROR] [1789770540.088343905] [tf_help]: Data time: 102s 300000000ns, Transform time: 4s 340000000ns
[component_container_isolated-2] [ERROR] [1789770540.138179397] [tf_help]: Transform data too old when converting from map to odom
[component_container_isolated-2] [ERROR] [1789770540.138220293] [tf_help]: Data time: 102s 300000000ns, Transform time: 4s 340000000ns
[component_container_isolated-2] [ERROR] [1789770540.189329976] [tf_help]: Transform data too old when converting from map to odom
[component_container_isolated-2] [ERROR] [1789770540.189418633] [tf_help]: Data time: 102s 300000000ns, Transform time: 4s 340000000ns
[component_container_isolated-2] [ERROR] [1789770540.241903086] [tf_help]: Transform data too old when converting from map to odom
[component_container_isolated-2] [ERROR] [1789770540.241955655] [tf_help]: Data time: 102s 300000000ns, Transform time: 4s 340000000ns
[component_container_isolated-2] [ERROR] [1789770540.288192244] [tf_help]: Transform data too old when converting from map to odom
[component_container_isolated-2] [ERROR] [1789770540.288228074] [tf_help]: Data time: 102s 300000000ns, Transform time: 4s 340000000ns
[component_container_isolated-2] [ERROR] [1789770540.338458774] [tf_help]: Transform data too old when converting from map to odom
[component_container_isolated-2] [ERROR] [1789770540.338494078] [tf_help]: Data time: 102s 300000000ns, Transform time: 4s 340000000ns
[component_container_isolated-2] [ERROR] [1789770540.388604215] [tf_help]: Transform data too old when converting from map to odom
[component_container_isolated-2] [ERROR] [1789770540.388637007] [tf_help]: Data time: 102s 300000000ns, Transform time: 4s 340000000ns
[component_container_isolated-2] [ERROR] [1789770540.438480298] [tf_help]: Transform data too old when converting from map to odom
[component_container_isolated-2] [ERROR] [1789770540.438542382] [tf_help]: Data time: 102s 300000000ns, Transform time: 4s 340000000ns
[component_container_isolated-2] [ERROR] [1789770540.487935232] [tf_help]: Transform data too old when converting from map to odom
[component_container_isolated-2] [ERROR] [1789770540.487974403] [tf_help]: Data time: 102s 300000000ns, Transform time: 4s 340000000ns
[component_container_isolated-2] [ERROR] [1789770540.537874936] [tf_help]: Transform data too old when converting from map to odom
[component_container_isolated-2] [ERROR] [1789770540.537914914] [tf_help]: Data time: 102s 300000000ns, Transform time: 4s 340000000ns
[component_container_isolated-2] [INFO] [1789770540.582414653] [controller_server]: Passing new path to controller.
[component_container_isolated-2] [ERROR] [1789770540.587968007] [tf_help]: Transform data too old when converting from map to odom
[component_container_isolated-2] [ERROR] [1789770540.588010598] [tf_help]: Data time: 103s 100000000ns, Transform time: 4s 340000000ns
[component_container_isolated-2] [ERROR] [1789770540.637913340] [tf_help]: Transform data too old when converting from map to odom
[component_container_isolated-2] [ERROR] [1789770540.637945339] [tf_help]: Data time: 103s 100000000ns, Transform time: 4s 340000000ns
[component_container_isolated-2] [ERROR] [1789770540.687747231] [tf_help]: Transform data too old when converting from map to odom
[component_container_isolated-2] [ERROR] [1789770540.687780647] [tf_help]: Data time: 103s 100000000ns, Transform time: 4s 340000000ns
[component_container_isolated-2] [ERROR] [1789770540.737578397] [tf_help]: Transform data too old when converting from map to odom
[component_container_isolated-2] [ERROR] [1789770540.737609129] [tf_help]: Data time: 103s 100000000ns, Transform time: 4s 340000000ns
[component_container_isolated-2] [ERROR] [1789770540.788203195] [tf_help]: Transform data too old when converting from map to odom
[component_container_isolated-2] [ERROR] [1789770540.788237327] [tf_help]: Data time: 103s 100000000ns, Transform time: 4s 340000000ns
[component_container_isolated-2] [ERROR] [1789770540.837913445] [tf_help]: Transform data too old when converting from map to odom
[component_container_isolated-2] [ERROR] [1789770540.837949293] [tf_help]: Data time: 103s 100000000ns, Transform time: 4s 340000000ns
[component_container_isolated-2] [ERROR] [1789770540.888423536] [tf_help]: Transform data too old when converting from map to odom
[component_container_isolated-2] [ERROR] [1789770540.888465518] [tf_help]: Data time: 103s 100000000ns, Transform time: 4s 340000000ns
[component_container_isolated-2] [ERROR] [1789770540.942801508] [tf_help]: Transform data too old when converting from map to odom
[component_container_isolated-2] [ERROR] [1789770540.942849229] [tf_help]: Data time: 103s 100000000ns, Transform time: 4s 340000000ns
[component_container_isolated-2] [ERROR] [1789770540.993025215] [tf_help]: Transform data too old when converting from map to odom
[component_container_isolated-2] [ERROR] [1789770540.993068137] [tf_help]: Data time: 103s 100000000ns, Transform time: 4s 340000000ns
[component_container_isolated-2] [ERROR] [1789770541.041211273] [tf_help]: Transform data too old when converting from map to odom
[component_container_isolated-2] [ERROR] [1789770541.041245990] [tf_help]: Data time: 103s 100000000ns, Transform time: 4s 340000000ns
[component_container_isolated-2] [ERROR] [1789770541.087666146] [tf_help]: Transform data too old when converting from map to odom
[component_container_isolated-2] [ERROR] [1789770541.087699885] [tf_help]: Data time: 103s 100000000ns, Transform time: 4s 340000000ns
[component_container_isolated-2] [ERROR] [1789770541.137922334] [tf_help]: Transform data too old when converting from map to odom
[component_container_isolated-2] [ERROR] [1789770541.137955984] [tf_help]: Data time: 103s 100000000ns, Transform time: 4s 340000000ns
[component_container_isolated-2] [ERROR] [1789770541.189276132] [tf_help]: Transform data too old when converting from map to odom
[component_container_isolated-2] [ERROR] [1789770541.189314278] [tf_help]: Data time: 103s 100000000ns, Transform time: 4s 340000000ns
[component_container_isolated-2] [ERROR] [1789770541.242473314] [tf_help]: Transform data too old when converting from map to odom
[component_container_isolated-2] [ERROR] [1789770541.242508273] [tf_help]: Data time: 103s 100000000ns, Transform time: 4s 340000000ns
[component_container_isolated-2] [ERROR] [1789770541.288681409] [tf_help]: Transform data too old when converting from map to odom
[component_container_isolated-2] [ERROR] [1789770541.288769915] [tf_help]: Data time: 103s 100000000ns, Transform time: 4s 340000000ns
[component_container_isolated-2] [ERROR] [1789770541.338655685] [tf_help]: Transform data too old when converting from map to odom
[component_container_isolated-2] [ERROR] [1789770541.338689688] [tf_help]: Data time: 103s 100000000ns, Transform time: 4s 340000000ns
[component_container_isolated-2] [ERROR] [1789770541.388904928] [tf_help]: Transform data too old when converting from map to odom
[component_container_isolated-2] [ERROR] [1789770541.388957794] [tf_help]: Data time: 103s 100000000ns, Transform time: 4s 340000000ns
[component_container_isolated-2] [ERROR] [1789770541.438181891] [tf_help]: Transform data too old when converting from map to odom
[component_container_isolated-2] [ERROR] [1789770541.438223254] [tf_help]: Data time: 103s 100000000ns, Transform time: 4s 340000000ns
[component_container_isolated-2] [ERROR] [1789770541.488444142] [tf_help]: Transform data too old when converting from map to odom
[component_container_isolated-2] [ERROR] [1789770541.488471245] [tf_help]: Data time: 103s 100000000ns, Transform time: 4s 340000000ns
[component_container_isolated-2] [ERROR] [1789770541.538196644] [tf_help]: Transform data too old when converting from map to odom
[component_container_isolated-2] [ERROR] [1789770541.538231605] [tf_help]: Data time: 103s 100000000ns, Transform time: 4s 340000000ns
[component_container_isolated-2] [ERROR] [1789770541.588034055] [tf_help]: Transform data too old when converting from map to odom
[component_container_isolated-2] [ERROR] [1789770541.588066611] [tf_help]: Data time: 103s 100000000ns, Transform time: 4s 340000000ns
[component_container_isolated-2] [INFO] [1789770541.632371261] [controller_server]: Passing new path to controller.
[component_container_isolated-2] [ERROR] [1789770541.637684920] [tf_help]: Transform data too old when converting from map to odom
[component_container_isolated-2] [ERROR] [1789770541.637704171] [tf_help]: Data time: 104s 200000000ns, Transform time: 4s 340000000ns
[component_container_isolated-2] [INFO] [1789770541.688550892] [controller_server]: [TG-MPPI] cycle time (compute_backend=cpu): 5.970 ms/cycle avg over 50 cycles
[component_container_isolated-2] [ERROR] [1789770541.688678484] [tf_help]: Transform data too old when converting from map to odom
[component_container_isolated-2] [ERROR] [1789770541.688696479] [tf_help]: Data time: 104s 200000000ns, Transform time: 4s 340000000ns
[component_container_isolated-2] [ERROR] [1789770541.737902866] [tf_help]: Transform data too old when converting from map to odom
[component_container_isolated-2] [ERROR] [1789770541.737935510] [tf_help]: Data time: 104s 200000000ns, Transform time: 4s 340000000ns
[component_container_isolated-2] [ERROR] [1789770541.791268804] [tf_help]: Transform data too old when converting from map to odom
[component_container_isolated-2] [ERROR] [1789770541.791316068] [tf_help]: Data time: 104s 200000000ns, Transform time: 4s 340000000ns
[component_container_isolated-2] [ERROR] [1789770541.841186584] [tf_help]: Transform data too old when converting from map to odom
[component_container_isolated-2] [ERROR] [1789770541.841223598] [tf_help]: Data time: 104s 200000000ns, Transform time: 4s 340000000ns
[component_container_isolated-2] [ERROR] [1789770541.891345652] [tf_help]: Transform data too old when converting from map to odom
[component_container_isolated-2] [ERROR] [1789770541.891380390] [tf_help]: Data time: 104s 200000000ns, Transform time: 4s 340000000ns
[component_container_isolated-2] [ERROR] [1789770541.940363826] [tf_help]: Transform data too old when converting from map to odom
[component_container_isolated-2] [ERROR] [1789770541.940420623] [tf_help]: Data time: 104s 200000000ns, Transform time: 4s 340000000ns
[component_container_isolated-2] [ERROR] [1789770541.987862359] [tf_help]: Transform data too old when converting from map to odom
[component_container_isolated-2] [ERROR] [1789770541.987895235] [tf_help]: Data time: 104s 200000000ns, Transform time: 4s 340000000ns
[component_container_isolated-2] [ERROR] [1789770542.042880657] [tf_help]: Transform data too old when converting from map to odom
[component_container_isolated-2] [ERROR] [1789770542.042918809] [tf_help]: Data time: 104s 200000000ns, Transform time: 4s 340000000ns
[component_container_isolated-2] [ERROR] [1789770542.092596129] [tf_help]: Transform data too old when converting from map to odom
[component_container_isolated-2] [ERROR] [1789770542.092640511] [tf_help]: Data time: 104s 200000000ns, Transform time: 4s 340000000ns
[component_container_isolated-2] [ERROR] [1789770542.140973335] [tf_help]: Transform data too old when converting from map to odom
[component_container_isolated-2] [ERROR] [1789770542.141006550] [tf_help]: Data time: 104s 200000000ns, Transform time: 4s 340000000ns
[component_container_isolated-2] [ERROR] [1789770542.192311593] [tf_help]: Transform data too old when converting from map to odom
[component_container_isolated-2] [ERROR] [1789770542.192383548] [tf_help]: Data time: 104s 200000000ns, Transform time: 4s 340000000ns
[component_container_isolated-2] [ERROR] [1789770542.242038628] [tf_help]: Transform data too old when converting from map to odom
[component_container_isolated-2] [ERROR] [1789770542.242113187] [tf_help]: Data time: 104s 200000000ns, Transform time: 4s 340000000ns
[component_container_isolated-2] [ERROR] [1789770542.291097321] [tf_help]: Transform data too old when converting from map to odom
[component_container_isolated-2] [ERROR] [1789770542.291185188] [tf_help]: Data time: 104s 200000000ns, Transform time: 4s 340000000ns
[component_container_isolated-2] [ERROR] [1789770542.340062659] [tf_help]: Transform data too old when converting from map to odom
[component_container_isolated-2] [ERROR] [1789770542.340111570] [tf_help]: Data time: 104s 200000000ns, Transform time: 4s 340000000ns
[component_container_isolated-2] [ERROR] [1789770542.389652075] [tf_help]: Transform data too old when converting from map to odom
[component_container_isolated-2] [ERROR] [1789770542.389736837] [tf_help]: Data time: 104s 200000000ns, Transform time: 4s 340000000ns
[component_container_isolated-2] [ERROR] [1789770542.440252001] [tf_help]: Transform data too old when converting from map to odom
[component_container_isolated-2] [ERROR] [1789770542.440294044] [tf_help]: Data time: 104s 200000000ns, Transform time: 4s 340000000ns
[component_container_isolated-2] [ERROR] [1789770542.490334529] [tf_help]: Transform data too old when converting from map to odom
[component_container_isolated-2] [ERROR] [1789770542.490418606] [tf_help]: Data time: 104s 200000000ns, Transform time: 4s 340000000ns
[component_container_isolated-2] [ERROR] [1789770542.540779778] [tf_help]: Transform data too old when converting from map to odom
[component_container_isolated-2] [ERROR] [1789770542.540871052] [tf_help]: Data time: 104s 200000000ns, Transform time: 4s 340000000ns
[component_container_isolated-2] [ERROR] [1789770542.591076259] [tf_help]: Transform data too old when converting from map to odom
[component_container_isolated-2] [ERROR] [1789770542.591168361] [tf_help]: Data time: 104s 200000000ns, Transform time: 4s 340000000ns
[component_container_isolated-2] [INFO] [1789770542.632377639] [controller_server]: Passing new path to controller.
[component_container_isolated-2] [ERROR] [1789770542.639797238] [tf_help]: Transform data too old when converting from map to odom
[component_container_isolated-2] [ERROR] [1789770542.639867203] [tf_help]: Data time: 105s 100000000ns, Transform time: 4s 340000000ns
[component_container_isolated-2] [ERROR] [1789770542.689750575] [tf_help]: Transform data too old when converting from map to odom
[component_container_isolated-2] [ERROR] [1789770542.689828945] [tf_help]: Data time: 105s 100000000ns, Transform time: 4s 340000000ns
[component_container_isolated-2] [ERROR] [1789770542.744047519] [tf_help]: Transform data too old when converting from map to odom
[component_container_isolated-2] [ERROR] [1789770542.744127822] [tf_help]: Data time: 105s 100000000ns, Transform time: 4s 340000000ns
[component_container_isolated-2] [ERROR] [1789770542.789700813] [tf_help]: Transform data too old when converting from map to odom
[component_container_isolated-2] [ERROR] [1789770542.789751412] [tf_help]: Data time: 105s 100000000ns, Transform time: 4s 340000000ns
[component_container_isolated-2] [ERROR] [1789770542.843585419] [tf_help]: Transform data too old when converting from map to odom
[component_container_isolated-2] [ERROR] [1789770542.843693321] [tf_help]: Data time: 105s 100000000ns, Transform time: 4s 340000000ns
[component_container_isolated-2] [ERROR] [1789770542.890828489] [tf_help]: Transform data too old when converting from map to odom
[component_container_isolated-2] [ERROR] [1789770542.890862716] [tf_help]: Data time: 105s 100000000ns, Transform time: 4s 340000000ns
[component_container_isolated-2] [ERROR] [1789770542.937942612] [tf_help]: Transform data too old when converting from map to odom
[component_container_isolated-2] [ERROR] [1789770542.937978202] [tf_help]: Data time: 105s 100000000ns, Transform time: 4s 340000000ns
[component_container_isolated-2] [ERROR] [1789770542.988337868] [tf_help]: Transform data too old when converting from map to odom
[component_container_isolated-2] [ERROR] [1789770542.988375623] [tf_help]: Data time: 105s 100000000ns, Transform time: 4s 340000000ns
[component_container_isolated-2] [ERROR] [1789770543.038877779] [tf_help]: Transform data too old when converting from map to odom
[component_container_isolated-2] [ERROR] [1789770543.038916991] [tf_help]: Data time: 105s 100000000ns, Transform time: 4s 340000000ns
[component_container_isolated-2] [ERROR] [1789770543.088136771] [tf_help]: Transform data too old when converting from map to odom
[component_container_isolated-2] [ERROR] [1789770543.088175310] [tf_help]: Data time: 105s 100000000ns, Transform time: 4s 340000000ns
[component_container_isolated-2] [ERROR] [1789770543.138741238] [tf_help]: Transform data too old when converting from map to odom
[component_container_isolated-2] [ERROR] [1789770543.138777983] [tf_help]: Data time: 105s 100000000ns, Transform time: 4s 340000000ns
[component_container_isolated-2] [ERROR] [1789770543.187865543] [tf_help]: Transform data too old when converting from map to odom
[component_container_isolated-2] [ERROR] [1789770543.187898494] [tf_help]: Data time: 105s 100000000ns, Transform time: 4s 340000000ns
[component_container_isolated-2] [ERROR] [1789770543.238122517] [tf_help]: Transform data too old when converting from map to odom
[component_container_isolated-2] [ERROR] [1789770543.238149825] [tf_help]: Data time: 105s 100000000ns, Transform time: 4s 340000000ns
[component_container_isolated-2] [ERROR] [1789770543.287592226] [tf_help]: Transform data too old when converting from map to odom
[component_container_isolated-2] [ERROR] [1789770543.287630707] [tf_help]: Data time: 105s 100000000ns, Transform time: 4s 340000000ns
[component_container_isolated-2] [ERROR] [1789770543.338229462] [tf_help]: Transform data too old when converting from map to odom
[component_container_isolated-2] [ERROR] [1789770543.338273404] [tf_help]: Data time: 105s 100000000ns, Transform time: 4s 340000000ns
[component_container_isolated-2] [ERROR] [1789770543.387766492] [tf_help]: Transform data too old when converting from map to odom
[component_container_isolated-2] [ERROR] [1789770543.387797320] [tf_help]: Data time: 105s 100000000ns, Transform time: 4s 340000000ns
[component_container_isolated-2] [ERROR] [1789770543.438015852] [tf_help]: Transform data too old when converting from map to odom
[component_container_isolated-2] [ERROR] [1789770543.438049390] [tf_help]: Data time: 105s 100000000ns, Transform time: 4s 340000000ns
[component_container_isolated-2] [ERROR] [1789770543.488862720] [tf_help]: Transform data too old when converting from map to odom
[component_container_isolated-2] [ERROR] [1789770543.488897286] [tf_help]: Data time: 105s 100000000ns, Transform time: 4s 340000000ns
[component_container_isolated-2] [ERROR] [1789770543.537797281] [tf_help]: Transform data too old when converting from map to odom
[component_container_isolated-2] [ERROR] [1789770543.537829555] [tf_help]: Data time: 105s 100000000ns, Transform time: 4s 340000000ns
[component_container_isolated-2] [ERROR] [1789770543.587834133] [tf_help]: Transform data too old when converting from map to odom
[component_container_isolated-2] [ERROR] [1789770543.587884376] [tf_help]: Data time: 105s 100000000ns, Transform time: 4s 340000000ns
[component_container_isolated-2] [ERROR] [1789770543.637987931] [tf_help]: Transform data too old when converting from map to odom
[component_container_isolated-2] [ERROR] [1789770543.638022681] [tf_help]: Data time: 105s 100000000ns, Transform time: 4s 340000000ns
[component_container_isolated-2] [INFO] [1789770543.682369570] [controller_server]: Passing new path to controller.
[component_container_isolated-2] [ERROR] [1789770543.687806438] [tf_help]: Transform data too old when converting from map to odom
[component_container_isolated-2] [ERROR] [1789770543.687829468] [tf_help]: Data time: 106s 0ns, Transform time: 4s 340000000ns
[component_container_isolated-2] [ERROR] [1789770543.738211709] [tf_help]: Transform data too old when converting from map to odom
[component_container_isolated-2] [ERROR] [1789770543.738246938] [tf_help]: Data time: 106s 0ns, Transform time: 4s 340000000ns
[component_container_isolated-2] [ERROR] [1789770543.787581430] [tf_help]: Transform data too old when converting from map to odom
[component_container_isolated-2] [ERROR] [1789770543.787612379] [tf_help]: Data time: 106s 0ns, Transform time: 4s 340000000ns
[component_container_isolated-2] [ERROR] [1789770543.837726990] [tf_help]: Transform data too old when converting from map to odom
[component_container_isolated-2] [ERROR] [1789770543.837756435] [tf_help]: Data time: 106s 0ns, Transform time: 4s 340000000ns
[component_container_isolated-2] [ERROR] [1789770543.887757687] [tf_help]: Transform data too old when converting from map to odom
[component_container_isolated-2] [ERROR] [1789770543.887796272] [tf_help]: Data time: 106s 0ns, Transform time: 4s 340000000ns
[component_container_isolated-2] [ERROR] [1789770543.938077210] [tf_help]: Transform data too old when converting from map to odom
[component_container_isolated-2] [ERROR] [1789770543.938112370] [tf_help]: Data time: 106s 0ns, Transform time: 4s 340000000ns
[component_container_isolated-2] [ERROR] [1789770543.987963949] [tf_help]: Transform data too old when converting from map to odom
[component_container_isolated-2] [ERROR] [1789770543.988004916] [tf_help]: Data time: 106s 0ns, Transform time: 4s 340000000ns
[component_container_isolated-2] [ERROR] [1789770544.039024278] [tf_help]: Transform data too old when converting from map to odom
[component_container_isolated-2] [ERROR] [1789770544.039055248] [tf_help]: Data time: 106s 0ns, Transform time: 4s 340000000ns
[component_container_isolated-2] [ERROR] [1789770544.087853118] [tf_help]: Transform data too old when converting from map to odom
[component_container_isolated-2] [ERROR] [1789770544.087885991] [tf_help]: Data time: 106s 0ns, Transform time: 4s 340000000ns
[component_container_isolated-2] [ERROR] [1789770544.138577124] [tf_help]: Transform data too old when converting from map to odom
[component_container_isolated-2] [ERROR] [1789770544.138608601] [tf_help]: Data time: 106s 0ns, Transform time: 4s 340000000ns
[component_container_isolated-2] [INFO] [1789770544.187437208] [controller_server]: [TG-MPPI] cycle time (compute_backend=cpu): 6.724 ms/cycle avg over 50 cycles
[component_container_isolated-2] [ERROR] [1789770544.187571310] [tf_help]: Transform data too old when converting from map to odom
[component_container_isolated-2] [ERROR] [1789770544.187590598] [tf_help]: Data time: 106s 0ns, Transform time: 4s 340000000ns
[component_container_isolated-2] [ERROR] [1789770544.244738294] [tf_help]: Transform data too old when converting from map to odom
[component_container_isolated-2] [ERROR] [1789770544.244771880] [tf_help]: Data time: 106s 0ns, Transform time: 4s 340000000ns
[component_container_isolated-2] [ERROR] [1789770544.288564382] [tf_help]: Transform data too old when converting from map to odom
[component_container_isolated-2] [ERROR] [1789770544.288597147] [tf_help]: Data time: 106s 0ns, Transform time: 4s 340000000ns
[component_container_isolated-2] [ERROR] [1789770544.338192922] [tf_help]: Transform data too old when converting from map to odom
[component_container_isolated-2] [ERROR] [1789770544.338227066] [tf_help]: Data time: 106s 0ns, Transform time: 4s 340000000ns
[component_container_isolated-2] [ERROR] [1789770544.388289478] [tf_help]: Transform data too old when converting from map to odom
[component_container_isolated-2] [ERROR] [1789770544.388345575] [tf_help]: Data time: 106s 0ns, Transform time: 4s 340000000ns
[component_container_isolated-2] [ERROR] [1789770544.437774063] [tf_help]: Transform data too old when converting from map to odom
[component_container_isolated-2] [ERROR] [1789770544.437808496] [tf_help]: Data time: 106s 0ns, Transform time: 4s 340000000ns
[component_container_isolated-2] [ERROR] [1789770544.488049936] [tf_help]: Transform data too old when converting from map to odom
[component_container_isolated-2] [ERROR] [1789770544.488080405] [tf_help]: Data time: 106s 0ns, Transform time: 4s 340000000ns
[component_container_isolated-2] [ERROR] [1789770544.538354566] [tf_help]: Transform data too old when converting from map to odom
[component_container_isolated-2] [ERROR] [1789770544.538385776] [tf_help]: Data time: 106s 0ns, Transform time: 4s 340000000ns
[component_container_isolated-2] [ERROR] [1789770544.587861865] [tf_help]: Transform data too old when converting from map to odom
[component_container_isolated-2] [ERROR] [1789770544.587912000] [tf_help]: Data time: 106s 0ns, Transform time: 4s 340000000ns
[component_container_isolated-2] [ERROR] [1789770544.638805070] [tf_help]: Transform data too old when converting from map to odom
[component_container_isolated-2] [ERROR] [1789770544.638870612] [tf_help]: Data time: 106s 0ns, Transform time: 4s 340000000ns
[component_container_isolated-2] [INFO] [1789770544.682368993] [controller_server]: Passing new path to controller.
[component_container_isolated-2] [ERROR] [1789770544.688027231] [tf_help]: Transform data too old when converting from map to odom
[component_container_isolated-2] [ERROR] [1789770544.688058398] [tf_help]: Data time: 106s 900000000ns, Transform time: 4s 340000000ns
[component_container_isolated-2] [ERROR] [1789770544.738015205] [tf_help]: Transform data too old when converting from map to odom
[component_container_isolated-2] [ERROR] [1789770544.738052054] [tf_help]: Data time: 106s 900000000ns, Transform time: 4s 340000000ns
[component_container_isolated-2] [ERROR] [1789770544.789330982] [tf_help]: Transform data too old when converting from map to odom
[component_container_isolated-2] [ERROR] [1789770544.789372291] [tf_help]: Data time: 106s 900000000ns, Transform time: 4s 340000000ns
[component_container_isolated-2] [ERROR] [1789770544.839171659] [tf_help]: Transform data too old when converting from map to odom
[component_container_isolated-2] [ERROR] [1789770544.839208932] [tf_help]: Data time: 106s 900000000ns, Transform time: 4s 340000000ns
[component_container_isolated-2] [ERROR] [1789770544.887954689] [tf_help]: Transform data too old when converting from map to odom
[component_container_isolated-2] [ERROR] [1789770544.888001873] [tf_help]: Data time: 106s 900000000ns, Transform time: 4s 340000000ns
[component_container_isolated-2] [ERROR] [1789770544.939579059] [tf_help]: Transform data too old when converting from map to odom
[component_container_isolated-2] [ERROR] [1789770544.939635027] [tf_help]: Data time: 106s 900000000ns, Transform time: 4s 340000000ns
[component_container_isolated-2] [ERROR] [1789770544.988450126] [tf_help]: Transform data too old when converting from map to odom
[component_container_isolated-2] [ERROR] [1789770544.988493690] [tf_help]: Data time: 106s 900000000ns, Transform time: 4s 340000000ns
[component_container_isolated-2] [ERROR] [1789770545.037848226] [tf_help]: Transform data too old when converting from map to odom
[component_container_isolated-2] [ERROR] [1789770545.037888493] [tf_help]: Data time: 106s 900000000ns, Transform time: 4s 340000000ns
[component_container_isolated-2] [ERROR] [1789770545.088285783] [tf_help]: Transform data too old when converting from map to odom
[component_container_isolated-2] [ERROR] [1789770545.088317754] [tf_help]: Data time: 106s 900000000ns, Transform time: 4s 340000000ns
[component_container_isolated-2] [ERROR] [1789770545.138378793] [tf_help]: Transform data too old when converting from map to odom
[component_container_isolated-2] [ERROR] [1789770545.138428479] [tf_help]: Data time: 106s 900000000ns, Transform time: 4s 340000000ns
[component_container_isolated-2] [ERROR] [1789770545.187982491] [tf_help]: Transform data too old when converting from map to odom
[component_container_isolated-2] [ERROR] [1789770545.188014694] [tf_help]: Data time: 106s 900000000ns, Transform time: 4s 340000000ns
[component_container_isolated-2] [ERROR] [1789770545.241006141] [tf_help]: Transform data too old when converting from map to odom
[component_container_isolated-2] [ERROR] [1789770545.241048893] [tf_help]: Data time: 106s 900000000ns, Transform time: 4s 340000000ns
[component_container_isolated-2] [ERROR] [1789770545.288059436] [tf_help]: Transform data too old when converting from map to odom
[component_container_isolated-2] [ERROR] [1789770545.288093201] [tf_help]: Data time: 106s 900000000ns, Transform time: 4s 340000000ns
[component_container_isolated-2] [ERROR] [1789770545.337933172] [tf_help]: Transform data too old when converting from map to odom
[component_container_isolated-2] [ERROR] [1789770545.337979329] [tf_help]: Data time: 106s 900000000ns, Transform time: 4s 340000000ns
[component_container_isolated-2] [ERROR] [1789770545.388043635] [tf_help]: Transform data too old when converting from map to odom
[component_container_isolated-2] [ERROR] [1789770545.388080093] [tf_help]: Data time: 106s 900000000ns, Transform time: 4s 340000000ns
[component_container_isolated-2] [ERROR] [1789770545.437819150] [tf_help]: Transform data too old when converting from map to odom
[component_container_isolated-2] [ERROR] [1789770545.437851591] [tf_help]: Data time: 106s 900000000ns, Transform time: 4s 340000000ns
[component_container_isolated-2] [ERROR] [1789770545.487629498] [tf_help]: Transform data too old when converting from map to odom
[component_container_isolated-2] [ERROR] [1789770545.487663033] [tf_help]: Data time: 106s 900000000ns, Transform time: 4s 340000000ns
[component_container_isolated-2] [ERROR] [1789770545.537783091] [tf_help]: Transform data too old when converting from map to odom
[component_container_isolated-2] [ERROR] [1789770545.537817533] [tf_help]: Data time: 106s 900000000ns, Transform time: 4s 340000000ns
[component_container_isolated-2] [ERROR] [1789770545.588728426] [tf_help]: Transform data too old when converting from map to odom
[component_container_isolated-2] [ERROR] [1789770545.588761723] [tf_help]: Data time: 106s 900000000ns, Transform time: 4s 340000000ns
[component_container_isolated-2] [ERROR] [1789770545.637753014] [tf_help]: Transform data too old when converting from map to odom
[component_container_isolated-2] [ERROR] [1789770545.637783921] [tf_help]: Data time: 106s 900000000ns, Transform time: 4s 340000000ns
[component_container_isolated-2] [ERROR] [1789770545.688307594] [tf_help]: Transform data too old when converting from map to odom
[component_container_isolated-2] [ERROR] [1789770545.688344904] [tf_help]: Data time: 106s 900000000ns, Transform time: 4s 340000000ns
[component_container_isolated-2] [INFO] [1789770545.732381716] [controller_server]: Passing new path to controller.
[component_container_isolated-2] [ERROR] [1789770545.732557082] [controller_server]: Failed to make progress
[component_container_isolated-2] [WARN] [1789770545.732595894] [controller_server]: [follow_path] [ActionServer] Aborting handle.
[component_container_isolated-2] [INFO] [1789770545.762016500] [local_costmap.local_costmap]: Received request to clear entirely the local_costmap
[component_container_isolated-2] [INFO] [1789770545.762423536] [controller_server]: Received a goal, begin computing control effort.
[component_container_isolated-2] [ERROR] [1789770545.882757601] [tf_help]: Transform data too old when converting from map to odom
[component_container_isolated-2] [ERROR] [1789770545.882821599] [tf_help]: Data time: 107s 800000000ns, Transform time: 4s 340000000ns
[component_container_isolated-2] [WARN] [1789770545.882833864] [controller_server]: Control loop missed its desired rate of 20.0000Hz
[component_container_isolated-2] [ERROR] [1789770545.888446438] [tf_help]: Transform data too old when converting from map to odom
[component_container_isolated-2] [ERROR] [1789770545.888483783] [tf_help]: Data time: 107s 800000000ns, Transform time: 4s 340000000ns
[component_container_isolated-2] [ERROR] [1789770545.943899836] [tf_help]: Transform data too old when converting from map to odom
[component_container_isolated-2] [ERROR] [1789770545.943934053] [tf_help]: Data time: 107s 800000000ns, Transform time: 4s 340000000ns
[component_container_isolated-2] [ERROR] [1789770545.999939021] [tf_help]: Transform data too old when converting from map to odom
[component_container_isolated-2] [ERROR] [1789770545.999977218] [tf_help]: Data time: 107s 800000000ns, Transform time: 4s 340000000ns
[component_container_isolated-2] [ERROR] [1789770546.056860845] [tf_help]: Transform data too old when converting from map to odom
[component_container_isolated-2] [ERROR] [1789770546.056921108] [tf_help]: Data time: 107s 800000000ns, Transform time: 4s 340000000ns
[component_container_isolated-2] [ERROR] [1789770546.112238455] [tf_help]: Transform data too old when converting from map to odom
[component_container_isolated-2] [ERROR] [1789770546.112282099] [tf_help]: Data time: 107s 800000000ns, Transform time: 4s 340000000ns
[component_container_isolated-2] [ERROR] [1789770546.167819103] [tf_help]: Transform data too old when converting from map to odom
[component_container_isolated-2] [ERROR] [1789770546.167853163] [tf_help]: Data time: 107s 800000000ns, Transform time: 4s 340000000ns
[component_container_isolated-2] [ERROR] [1789770546.225256805] [tf_help]: Transform data too old when converting from map to odom
[component_container_isolated-2] [ERROR] [1789770546.225300938] [tf_help]: Data time: 107s 800000000ns, Transform time: 4s 340000000ns
[component_container_isolated-2] [ERROR] [1789770546.283620712] [tf_help]: Transform data too old when converting from map to odom
[component_container_isolated-2] [ERROR] [1789770546.283658462] [tf_help]: Data time: 107s 800000000ns, Transform time: 4s 340000000ns
[component_container_isolated-2] [ERROR] [1789770546.339208828] [tf_help]: Transform data too old when converting from map to odom
[component_container_isolated-2] [ERROR] [1789770546.339243604] [tf_help]: Data time: 107s 800000000ns, Transform time: 4s 340000000ns
[component_container_isolated-2] [ERROR] [1789770546.388212132] [tf_help]: Transform data too old when converting from map to odom
[component_container_isolated-2] [ERROR] [1789770546.388250163] [tf_help]: Data time: 107s 800000000ns, Transform time: 4s 340000000ns
[component_container_isolated-2] [ERROR] [1789770546.438270872] [tf_help]: Transform data too old when converting from map to odom
[component_container_isolated-2] [ERROR] [1789770546.438305410] [tf_help]: Data time: 107s 800000000ns, Transform time: 4s 340000000ns
[component_container_isolated-2] [ERROR] [1789770546.488487350] [tf_help]: Transform data too old when converting from map to odom
[component_container_isolated-2] [ERROR] [1789770546.488521919] [tf_help]: Data time: 107s 800000000ns, Transform time: 4s 340000000ns
[component_container_isolated-2] [ERROR] [1789770546.538392454] [tf_help]: Transform data too old when converting from map to odom
[component_container_isolated-2] [ERROR] [1789770546.538439332] [tf_help]: Data time: 107s 800000000ns, Transform time: 4s 340000000ns
[component_container_isolated-2] [ERROR] [1789770546.588603661] [tf_help]: Transform data too old when converting from map to odom
[component_container_isolated-2] [ERROR] [1789770546.588637670] [tf_help]: Data time: 107s 800000000ns, Transform time: 4s 340000000ns
[component_container_isolated-2] [ERROR] [1789770546.638341462] [tf_help]: Transform data too old when converting from map to odom
[component_container_isolated-2] [ERROR] [1789770546.638392542] [tf_help]: Data time: 107s 800000000ns, Transform time: 4s 340000000ns
[component_container_isolated-2] [ERROR] [1789770546.688515393] [tf_help]: Transform data too old when converting from map to odom
[component_container_isolated-2] [ERROR] [1789770546.688555703] [tf_help]: Data time: 107s 800000000ns, Transform time: 4s 340000000ns
[component_container_isolated-2] [ERROR] [1789770546.740494795] [tf_help]: Transform data too old when converting from map to odom
[component_container_isolated-2] [ERROR] [1789770546.740560372] [tf_help]: Data time: 107s 800000000ns, Transform time: 4s 340000000ns
[component_container_isolated-2] [INFO] [1789770546.782930613] [controller_server]: Passing new path to controller.
[component_container_isolated-2] [ERROR] [1789770546.789129372] [tf_help]: Transform data too old when converting from map to odom
[component_container_isolated-2] [ERROR] [1789770546.789153308] [tf_help]: Data time: 108s 700000000ns, Transform time: 4s 340000000ns
[component_container_isolated-2] [INFO] [1789770546.838418707] [controller_server]: [TG-MPPI] cycle time (compute_backend=cpu): 5.929 ms/cycle avg over 50 cycles
[component_container_isolated-2] [ERROR] [1789770546.838693447] [tf_help]: Transform data too old when converting from map to odom
[component_container_isolated-2] [ERROR] [1789770546.838731368] [tf_help]: Data time: 108s 700000000ns, Transform time: 4s 340000000ns
[component_container_isolated-2] [ERROR] [1789770546.888399979] [tf_help]: Transform data too old when converting from map to odom
[component_container_isolated-2] [ERROR] [1789770546.888439147] [tf_help]: Data time: 108s 700000000ns, Transform time: 4s 340000000ns
[component_container_isolated-2] [ERROR] [1789770546.939088116] [tf_help]: Transform data too old when converting from map to odom
[component_container_isolated-2] [ERROR] [1789770546.939125835] [tf_help]: Data time: 108s 700000000ns, Transform time: 4s 340000000ns
[component_container_isolated-2] [ERROR] [1789770546.988778257] [tf_help]: Transform data too old when converting from map to odom
[component_container_isolated-2] [ERROR] [1789770546.988815629] [tf_help]: Data time: 108s 700000000ns, Transform time: 4s 340000000ns
[component_container_isolated-2] [ERROR] [1789770547.038620626] [tf_help]: Transform data too old when converting from map to odom
[component_container_isolated-2] [ERROR] [1789770547.038655262] [tf_help]: Data time: 108s 700000000ns, Transform time: 4s 340000000ns
[component_container_isolated-2] [ERROR] [1789770547.088530631] [tf_help]: Transform data too old when converting from map to odom
[component_container_isolated-2] [ERROR] [1789770547.088564265] [tf_help]: Data time: 108s 700000000ns, Transform time: 4s 340000000ns
[component_container_isolated-2] [ERROR] [1789770547.138928408] [tf_help]: Transform data too old when converting from map to odom
[component_container_isolated-2] [ERROR] [1789770547.138968961] [tf_help]: Data time: 108s 700000000ns, Transform time: 4s 340000000ns
[component_container_isolated-2] [ERROR] [1789770547.188754427] [tf_help]: Transform data too old when converting from map to odom
[component_container_isolated-2] [ERROR] [1789770547.188801114] [tf_help]: Data time: 108s 700000000ns, Transform time: 4s 340000000ns
[component_container_isolated-2] [ERROR] [1789770547.239230072] [tf_help]: Transform data too old when converting from map to odom
[component_container_isolated-2] [ERROR] [1789770547.239269751] [tf_help]: Data time: 108s 700000000ns, Transform time: 4s 340000000ns
[component_container_isolated-2] [ERROR] [1789770547.292692934] [tf_help]: Transform data too old when converting from map to odom
[component_container_isolated-2] [ERROR] [1789770547.292788135] [tf_help]: Data time: 108s 700000000ns, Transform time: 4s 340000000ns
[component_container_isolated-2] [ERROR] [1789770547.342311220] [tf_help]: Transform data too old when converting from map to odom
[component_container_isolated-2] [ERROR] [1789770547.342357662] [tf_help]: Data time: 108s 700000000ns, Transform time: 4s 340000000ns
[component_container_isolated-2] [ERROR] [1789770547.388583175] [tf_help]: Transform data too old when converting from map to odom
[component_container_isolated-2] [ERROR] [1789770547.388617754] [tf_help]: Data time: 108s 700000000ns, Transform time: 4s 340000000ns
[component_container_isolated-2] [ERROR] [1789770547.438456725] [tf_help]: Transform data too old when converting from map to odom
[component_container_isolated-2] [ERROR] [1789770547.438494011] [tf_help]: Data time: 108s 700000000ns, Transform time: 4s 340000000ns
[component_container_isolated-2] [ERROR] [1789770547.488322340] [tf_help]: Transform data too old when converting from map to odom
[component_container_isolated-2] [ERROR] [1789770547.488391060] [tf_help]: Data time: 108s 700000000ns, Transform time: 4s 340000000ns
[component_container_isolated-2] [ERROR] [1789770547.538263859] [tf_help]: Transform data too old when converting from map to odom
[component_container_isolated-2] [ERROR] [1789770547.538297818] [tf_help]: Data time: 108s 700000000ns, Transform time: 4s 340000000ns
[component_container_isolated-2] [ERROR] [1789770547.588742695] [tf_help]: Transform data too old when converting from map to odom
[component_container_isolated-2] [ERROR] [1789770547.588777115] [tf_help]: Data time: 108s 700000000ns, Transform time: 4s 340000000ns
[component_container_isolated-2] [ERROR] [1789770547.639189921] [tf_help]: Transform data too old when converting from map to odom
[component_container_isolated-2] [ERROR] [1789770547.639226148] [tf_help]: Data time: 108s 700000000ns, Transform time: 4s 340000000ns
[component_container_isolated-2] [ERROR] [1789770547.689071806] [tf_help]: Transform data too old when converting from map to odom
[component_container_isolated-2] [ERROR] [1789770547.689103966] [tf_help]: Data time: 108s 700000000ns, Transform time: 4s 340000000ns
[component_container_isolated-2] [ERROR] [1789770547.742981686] [tf_help]: Transform data too old when converting from map to odom
[component_container_isolated-2] [ERROR] [1789770547.743016515] [tf_help]: Data time: 108s 700000000ns, Transform time: 4s 340000000ns
[component_container_isolated-2] [INFO] [1789770547.782895950] [controller_server]: Passing new path to controller.
[component_container_isolated-2] [ERROR] [1789770547.789167120] [tf_help]: Transform data too old when converting from map to odom
[component_container_isolated-2] [ERROR] [1789770547.789188146] [tf_help]: Data time: 109s 700000000ns, Transform time: 4s 340000000ns
[component_container_isolated-2] [ERROR] [1789770547.838940276] [tf_help]: Transform data too old when converting from map to odom
[component_container_isolated-2] [ERROR] [1789770547.838976869] [tf_help]: Data time: 109s 700000000ns, Transform time: 4s 340000000ns
[component_container_isolated-2] [ERROR] [1789770547.888668569] [tf_help]: Transform data too old when converting from map to odom
[component_container_isolated-2] [ERROR] [1789770547.888701044] [tf_help]: Data time: 109s 700000000ns, Transform time: 4s 340000000ns
[component_container_isolated-2] [ERROR] [1789770547.939036060] [tf_help]: Transform data too old when converting from map to odom
[component_container_isolated-2] [ERROR] [1789770547.939067270] [tf_help]: Data time: 109s 700000000ns, Transform time: 4s 340000000ns
[component_container_isolated-2] [ERROR] [1789770547.988503226] [tf_help]: Transform data too old when converting from map to odom
[component_container_isolated-2] [ERROR] [1789770547.988546596] [tf_help]: Data time: 109s 700000000ns, Transform time: 4s 340000000ns
[ground_truth_localizer-1] [INFO] [1789770548.020225241] [ground_truth_localizer]: last 10 s: ground truth msgs 295, map->odom published 295 (289 via latest odom TF)
[component_container_isolated-2] [ERROR] [1789770548.038471041] [tf_help]: Transform data too old when converting from map to odom
[component_container_isolated-2] [ERROR] [1789770548.038505749] [tf_help]: Data time: 109s 700000000ns, Transform time: 4s 340000000ns
[component_container_isolated-2] [ERROR] [1789770548.088398319] [tf_help]: Transform data too old when converting from map to odom
[component_container_isolated-2] [ERROR] [1789770548.088441016] [tf_help]: Data time: 109s 700000000ns, Transform time: 4s 340000000ns
[component_container_isolated-2] [ERROR] [1789770548.138623932] [tf_help]: Transform data too old when converting from map to odom
[component_container_isolated-2] [ERROR] [1789770548.138660913] [tf_help]: Data time: 109s 700000000ns, Transform time: 4s 340000000ns
[component_container_isolated-2] [ERROR] [1789770548.188500234] [tf_help]: Transform data too old when converting from map to odom
[component_container_isolated-2] [ERROR] [1789770548.188532236] [tf_help]: Data time: 109s 700000000ns, Transform time: 4s 340000000ns
[component_container_isolated-2] [ERROR] [1789770548.238419479] [tf_help]: Transform data too old when converting from map to odom
[component_container_isolated-2] [ERROR] [1789770548.238454691] [tf_help]: Data time: 109s 700000000ns, Transform time: 4s 340000000ns
[component_container_isolated-2] [ERROR] [1789770548.289023184] [tf_help]: Transform data too old when converting from map to odom
[component_container_isolated-2] [ERROR] [1789770548.289070950] [tf_help]: Data time: 109s 700000000ns, Transform time: 4s 340000000ns
[component_container_isolated-2] [ERROR] [1789770548.343107773] [tf_help]: Transform data too old when converting from map to odom
[component_container_isolated-2] [ERROR] [1789770548.343150388] [tf_help]: Data time: 109s 700000000ns, Transform time: 4s 340000000ns
[component_container_isolated-2] [ERROR] [1789770548.388201984] [tf_help]: Transform data too old when converting from map to odom
[component_container_isolated-2] [ERROR] [1789770548.388252226] [tf_help]: Data time: 109s 700000000ns, Transform time: 4s 340000000ns
[component_container_isolated-2] [ERROR] [1789770548.438345833] [tf_help]: Transform data too old when converting from map to odom
[component_container_isolated-2] [ERROR] [1789770548.438382165] [tf_help]: Data time: 109s 700000000ns, Transform time: 4s 340000000ns
[component_container_isolated-2] [ERROR] [1789770548.488421695] [tf_help]: Transform data too old when converting from map to odom
[component_container_isolated-2] [ERROR] [1789770548.488474973] [tf_help]: Data time: 109s 700000000ns, Transform time: 4s 340000000ns
[component_container_isolated-2] [ERROR] [1789770548.538291835] [tf_help]: Transform data too old when converting from map to odom
[component_container_isolated-2] [ERROR] [1789770548.538337109] [tf_help]: Data time: 109s 700000000ns, Transform time: 4s 340000000ns
[component_container_isolated-2] [ERROR] [1789770548.589049126] [tf_help]: Transform data too old when converting from map to odom
[component_container_isolated-2] [ERROR] [1789770548.589087134] [tf_help]: Data time: 109s 700000000ns, Transform time: 4s 340000000ns
[component_container_isolated-2] [ERROR] [1789770548.638394367] [tf_help]: Transform data too old when converting from map to odom
[component_container_isolated-2] [ERROR] [1789770548.638453932] [tf_help]: Data time: 109s 700000000ns, Transform time: 4s 340000000ns
[component_container_isolated-2] [ERROR] [1789770548.688575706] [tf_help]: Transform data too old when converting from map to odom
[component_container_isolated-2] [ERROR] [1789770548.688607120] [tf_help]: Data time: 109s 700000000ns, Transform time: 4s 340000000ns
[component_container_isolated-2] [ERROR] [1789770548.740183977] [tf_help]: Transform data too old when converting from map to odom
[component_container_isolated-2] [ERROR] [1789770548.740227200] [tf_help]: Data time: 109s 700000000ns, Transform time: 4s 340000000ns
[component_container_isolated-2] [ERROR] [1789770548.788352088] [tf_help]: Transform data too old when converting from map to odom
[component_container_isolated-2] [ERROR] [1789770548.788384458] [tf_help]: Data time: 109s 700000000ns, Transform time: 4s 340000000ns
[component_container_isolated-2] [INFO] [1789770548.832933492] [controller_server]: Passing new path to controller.
[component_container_isolated-2] [ERROR] [1789770548.838420099] [tf_help]: Transform data too old when converting from map to odom
[component_container_isolated-2] [ERROR] [1789770548.838446074] [tf_help]: Data time: 110s 600000000ns, Transform time: 4s 340000000ns
[component_container_isolated-2] [ERROR] [1789770548.888219907] [tf_help]: Transform data too old when converting from map to odom
[component_container_isolated-2] [ERROR] [1789770548.888250667] [tf_help]: Data time: 110s 600000000ns, Transform time: 4s 340000000ns
[component_container_isolated-2] [ERROR] [1789770548.938535013] [tf_help]: Transform data too old when converting from map to odom
[component_container_isolated-2] [ERROR] [1789770548.938568869] [tf_help]: Data time: 110s 600000000ns, Transform time: 4s 340000000ns
[component_container_isolated-2] [ERROR] [1789770548.989988683] [tf_help]: Transform data too old when converting from map to odom
[component_container_isolated-2] [ERROR] [1789770548.990054581] [tf_help]: Data time: 110s 600000000ns, Transform time: 4s 340000000ns
[component_container_isolated-2] [ERROR] [1789770549.038129944] [tf_help]: Transform data too old when converting from map to odom
[component_container_isolated-2] [ERROR] [1789770549.038161811] [tf_help]: Data time: 110s 600000000ns, Transform time: 4s 340000000ns
[component_container_isolated-2] [ERROR] [1789770549.088275056] [tf_help]: Transform data too old when converting from map to odom
[component_container_isolated-2] [ERROR] [1789770549.088309825] [tf_help]: Data time: 110s 600000000ns, Transform time: 4s 340000000ns
[component_container_isolated-2] [ERROR] [1789770549.138319082] [tf_help]: Transform data too old when converting from map to odom
[component_container_isolated-2] [ERROR] [1789770549.138353170] [tf_help]: Data time: 110s 600000000ns, Transform time: 4s 340000000ns
[component_container_isolated-2] [ERROR] [1789770549.188356930] [tf_help]: Transform data too old when converting from map to odom
[component_container_isolated-2] [ERROR] [1789770549.188409921] [tf_help]: Data time: 110s 600000000ns, Transform time: 4s 340000000ns
[component_container_isolated-2] [ERROR] [1789770549.239522385] [tf_help]: Transform data too old when converting from map to odom
[component_container_isolated-2] [ERROR] [1789770549.239563222] [tf_help]: Data time: 110s 600000000ns, Transform time: 4s 340000000ns
[component_container_isolated-2] [ERROR] [1789770549.288501828] [tf_help]: Transform data too old when converting from map to odom
[component_container_isolated-2] [ERROR] [1789770549.288537724] [tf_help]: Data time: 110s 600000000ns, Transform time: 4s 340000000ns
[component_container_isolated-2] [INFO] [1789770549.338276432] [controller_server]: [TG-MPPI] cycle time (compute_backend=cpu): 5.829 ms/cycle avg over 50 cycles
[component_container_isolated-2] [ERROR] [1789770549.338415580] [tf_help]: Transform data too old when converting from map to odom
[component_container_isolated-2] [ERROR] [1789770549.338437125] [tf_help]: Data time: 110s 600000000ns, Transform time: 4s 340000000ns
[component_container_isolated-2] [ERROR] [1789770549.388715064] [tf_help]: Transform data too old when converting from map to odom
[component_container_isolated-2] [ERROR] [1789770549.388747421] [tf_help]: Data time: 110s 600000000ns, Transform time: 4s 340000000ns
[component_container_isolated-2] [ERROR] [1789770549.438348508] [tf_help]: Transform data too old when converting from map to odom
[component_container_isolated-2] [ERROR] [1789770549.438382412] [tf_help]: Data time: 110s 600000000ns, Transform time: 4s 340000000ns
[component_container_isolated-2] [ERROR] [1789770549.488060323] [tf_help]: Transform data too old when converting from map to odom
[component_container_isolated-2] [ERROR] [1789770549.488096012] [tf_help]: Data time: 110s 600000000ns, Transform time: 4s 340000000ns
[component_container_isolated-2] [ERROR] [1789770549.538648789] [tf_help]: Transform data too old when converting from map to odom
[component_container_isolated-2] [ERROR] [1789770549.538678505] [tf_help]: Data time: 110s 600000000ns, Transform time: 4s 340000000ns
[component_container_isolated-2] [ERROR] [1789770549.588655198] [tf_help]: Transform data too old when converting from map to odom
[component_container_isolated-2] [ERROR] [1789770549.588709310] [tf_help]: Data time: 110s 600000000ns, Transform time: 4s 340000000ns
[component_container_isolated-2] [ERROR] [1789770549.638594116] [tf_help]: Transform data too old when converting from map to odom
[component_container_isolated-2] [ERROR] [1789770549.638626224] [tf_help]: Data time: 110s 600000000ns, Transform time: 4s 340000000ns
[component_container_isolated-2] [ERROR] [1789770549.689569110] [tf_help]: Transform data too old when converting from map to odom
[component_container_isolated-2] [ERROR] [1789770549.689607575] [tf_help]: Data time: 110s 600000000ns, Transform time: 4s 340000000ns
[component_container_isolated-2] [ERROR] [1789770549.740729874] [tf_help]: Transform data too old when converting from map to odom
[component_container_isolated-2] [ERROR] [1789770549.740762898] [tf_help]: Data time: 110s 600000000ns, Transform time: 4s 340000000ns
[component_container_isolated-2] [ERROR] [1789770549.788377566] [tf_help]: Transform data too old when converting from map to odom
[component_container_isolated-2] [ERROR] [1789770549.788410274] [tf_help]: Data time: 110s 600000000ns, Transform time: 4s 340000000ns
[component_container_isolated-2] [INFO] [1789770549.832930895] [controller_server]: Passing new path to controller.
[component_container_isolated-2] [ERROR] [1789770549.838741280] [tf_help]: Transform data too old when converting from map to odom
[component_container_isolated-2] [ERROR] [1789770549.838777242] [tf_help]: Data time: 111s 600000000ns, Transform time: 4s 340000000ns
[component_container_isolated-2] [ERROR] [1789770549.888320875] [tf_help]: Transform data too old when converting from map to odom
[component_container_isolated-2] [ERROR] [1789770549.888353059] [tf_help]: Data time: 111s 600000000ns, Transform time: 4s 340000000ns
[component_container_isolated-2] [ERROR] [1789770549.943623943] [tf_help]: Transform data too old when converting from map to odom
[component_container_isolated-2] [ERROR] [1789770549.943668106] [tf_help]: Data time: 111s 600000000ns, Transform time: 4s 340000000ns
[component_container_isolated-2] [ERROR] [1789770549.991330632] [tf_help]: Transform data too old when converting from map to odom
[component_container_isolated-2] [ERROR] [1789770549.991401275] [tf_help]: Data time: 111s 600000000ns, Transform time: 4s 340000000ns
[component_container_isolated-2] [ERROR] [1789770550.038153863] [tf_help]: Transform data too old when converting from map to odom
[component_container_isolated-2] [ERROR] [1789770550.038187622] [tf_help]: Data time: 111s 600000000ns, Transform time: 4s 340000000ns
[component_container_isolated-2] [ERROR] [1789770550.088263721] [tf_help]: Transform data too old when converting from map to odom
[component_container_isolated-2] [ERROR] [1789770550.088295875] [tf_help]: Data time: 111s 600000000ns, Transform time: 4s 340000000ns
[component_container_isolated-2] [ERROR] [1789770550.138291346] [tf_help]: Transform data too old when converting from map to odom
[component_container_isolated-2] [ERROR] [1789770550.138325779] [tf_help]: Data time: 111s 600000000ns, Transform time: 4s 340000000ns
[component_container_isolated-2] [ERROR] [1789770550.188250571] [tf_help]: Transform data too old when converting from map to odom
[component_container_isolated-2] [ERROR] [1789770550.188283898] [tf_help]: Data time: 111s 600000000ns, Transform time: 4s 340000000ns
[component_container_isolated-2] [ERROR] [1789770550.238574338] [tf_help]: Transform data too old when converting from map to odom
[component_container_isolated-2] [ERROR] [1789770550.238610565] [tf_help]: Data time: 111s 600000000ns, Transform time: 4s 340000000ns
[component_container_isolated-2] [ERROR] [1789770550.288361573] [tf_help]: Transform data too old when converting from map to odom
[component_container_isolated-2] [ERROR] [1789770550.288400346] [tf_help]: Data time: 111s 600000000ns, Transform time: 4s 340000000ns
[component_container_isolated-2] [ERROR] [1789770550.338589158] [tf_help]: Transform data too old when converting from map to odom
[component_container_isolated-2] [ERROR] [1789770550.338629595] [tf_help]: Data time: 111s 600000000ns, Transform time: 4s 340000000ns
[component_container_isolated-2] [ERROR] [1789770550.388182658] [tf_help]: Transform data too old when converting from map to odom
[component_container_isolated-2] [ERROR] [1789770550.388218080] [tf_help]: Data time: 111s 600000000ns, Transform time: 4s 340000000ns
[component_container_isolated-2] [ERROR] [1789770550.438265482] [tf_help]: Transform data too old when converting from map to odom
[component_container_isolated-2] [ERROR] [1789770550.438302359] [tf_help]: Data time: 111s 600000000ns, Transform time: 4s 340000000ns
[component_container_isolated-2] [ERROR] [1789770550.488667346] [tf_help]: Transform data too old when converting from map to odom
[component_container_isolated-2] [ERROR] [1789770550.488700037] [tf_help]: Data time: 111s 600000000ns, Transform time: 4s 340000000ns
[component_container_isolated-2] [ERROR] [1789770550.538293456] [tf_help]: Transform data too old when converting from map to odom
[component_container_isolated-2] [ERROR] [1789770550.538331935] [tf_help]: Data time: 111s 600000000ns, Transform time: 4s 340000000ns
[component_container_isolated-2] [ERROR] [1789770550.588130847] [tf_help]: Transform data too old when converting from map to odom
[component_container_isolated-2] [ERROR] [1789770550.588179788] [tf_help]: Data time: 111s 600000000ns, Transform time: 4s 340000000ns
[component_container_isolated-2] [ERROR] [1789770550.638206438] [tf_help]: Transform data too old when converting from map to odom
[component_container_isolated-2] [ERROR] [1789770550.638246860] [tf_help]: Data time: 111s 600000000ns, Transform time: 4s 340000000ns
[component_container_isolated-2] [ERROR] [1789770550.688603238] [tf_help]: Transform data too old when converting from map to odom
[component_container_isolated-2] [ERROR] [1789770550.688637743] [tf_help]: Data time: 111s 600000000ns, Transform time: 4s 340000000ns
[component_container_isolated-2] [ERROR] [1789770550.738319363] [tf_help]: Transform data too old when converting from map to odom
[component_container_isolated-2] [ERROR] [1789770550.738353168] [tf_help]: Data time: 111s 600000000ns, Transform time: 4s 340000000ns
[component_container_isolated-2] [ERROR] [1789770550.788472977] [tf_help]: Transform data too old when converting from map to odom
[component_container_isolated-2] [ERROR] [1789770550.788509448] [tf_help]: Data time: 111s 600000000ns, Transform time: 4s 340000000ns
[component_container_isolated-2] [ERROR] [1789770550.838410207] [tf_help]: Transform data too old when converting from map to odom
[component_container_isolated-2] [ERROR] [1789770550.838448341] [tf_help]: Data time: 111s 600000000ns, Transform time: 4s 340000000ns
[component_container_isolated-2] [INFO] [1789770550.882929707] [controller_server]: Passing new path to controller.
[component_container_isolated-2] [ERROR] [1789770550.888736950] [tf_help]: Transform data too old when converting from map to odom
[component_container_isolated-2] [ERROR] [1789770550.888754558] [tf_help]: Data time: 112s 500000000ns, Transform time: 4s 340000000ns
[component_container_isolated-2] [ERROR] [1789770550.938359805] [tf_help]: Transform data too old when converting from map to odom
[component_container_isolated-2] [ERROR] [1789770550.938399612] [tf_help]: Data time: 112s 500000000ns, Transform time: 4s 340000000ns
[component_container_isolated-2] [ERROR] [1789770550.988276031] [tf_help]: Transform data too old when converting from map to odom
[component_container_isolated-2] [ERROR] [1789770550.988320238] [tf_help]: Data time: 112s 500000000ns, Transform time: 4s 340000000ns
[component_container_isolated-2] [ERROR] [1789770551.038307121] [tf_help]: Transform data too old when converting from map to odom
[component_container_isolated-2] [ERROR] [1789770551.038342086] [tf_help]: Data time: 112s 500000000ns, Transform time: 4s 340000000ns
[component_container_isolated-2] [ERROR] [1789770551.088158143] [tf_help]: Transform data too old when converting from map to odom
[component_container_isolated-2] [ERROR] [1789770551.088193206] [tf_help]: Data time: 112s 500000000ns, Transform time: 4s 340000000ns
[component_container_isolated-2] [ERROR] [1789770551.138138117] [tf_help]: Transform data too old when converting from map to odom
[component_container_isolated-2] [ERROR] [1789770551.138167481] [tf_help]: Data time: 112s 500000000ns, Transform time: 4s 340000000ns
[component_container_isolated-2] [ERROR] [1789770551.189035336] [tf_help]: Transform data too old when converting from map to odom
[component_container_isolated-2] [ERROR] [1789770551.189071255] [tf_help]: Data time: 112s 500000000ns, Transform time: 4s 340000000ns
[component_container_isolated-2] [ERROR] [1789770551.238329442] [tf_help]: Transform data too old when converting from map to odom
[component_container_isolated-2] [ERROR] [1789770551.238371931] [tf_help]: Data time: 112s 500000000ns, Transform time: 4s 340000000ns
[component_container_isolated-2] [ERROR] [1789770551.288878252] [tf_help]: Transform data too old when converting from map to odom
[component_container_isolated-2] [ERROR] [1789770551.288912631] [tf_help]: Data time: 112s 500000000ns, Transform time: 4s 340000000ns
[component_container_isolated-2] [ERROR] [1789770551.338414888] [tf_help]: Transform data too old when converting from map to odom
[component_container_isolated-2] [ERROR] [1789770551.338454028] [tf_help]: Data time: 112s 500000000ns, Transform time: 4s 340000000ns
[component_container_isolated-2] [ERROR] [1789770551.388128526] [tf_help]: Transform data too old when converting from map to odom
[component_container_isolated-2] [ERROR] [1789770551.388164625] [tf_help]: Data time: 112s 500000000ns, Transform time: 4s 340000000ns
[component_container_isolated-2] [ERROR] [1789770551.438647104] [tf_help]: Transform data too old when converting from map to odom
[component_container_isolated-2] [ERROR] [1789770551.438679244] [tf_help]: Data time: 112s 500000000ns, Transform time: 4s 340000000ns
[component_container_isolated-2] [ERROR] [1789770551.489623302] [tf_help]: Transform data too old when converting from map to odom
[component_container_isolated-2] [ERROR] [1789770551.489653496] [tf_help]: Data time: 112s 500000000ns, Transform time: 4s 340000000ns
[component_container_isolated-2] [ERROR] [1789770551.538888169] [tf_help]: Transform data too old when converting from map to odom
[component_container_isolated-2] [ERROR] [1789770551.538923156] [tf_help]: Data time: 112s 500000000ns, Transform time: 4s 340000000ns
[component_container_isolated-2] [ERROR] [1789770551.588217031] [tf_help]: Transform data too old when converting from map to odom
[component_container_isolated-2] [ERROR] [1789770551.588270089] [tf_help]: Data time: 112s 500000000ns, Transform time: 4s 340000000ns
[component_container_isolated-2] [ERROR] [1789770551.639775947] [tf_help]: Transform data too old when converting from map to odom
[component_container_isolated-2] [ERROR] [1789770551.639831979] [tf_help]: Data time: 112s 500000000ns, Transform time: 4s 340000000ns
[component_container_isolated-2] [ERROR] [1789770551.688255702] [tf_help]: Transform data too old when converting from map to odom
[component_container_isolated-2] [ERROR] [1789770551.688287651] [tf_help]: Data time: 112s 500000000ns, Transform time: 4s 340000000ns
[component_container_isolated-2] [ERROR] [1789770551.738247400] [tf_help]: Transform data too old when converting from map to odom
[component_container_isolated-2] [ERROR] [1789770551.738283031] [tf_help]: Data time: 112s 500000000ns, Transform time: 4s 340000000ns
[component_container_isolated-2] [ERROR] [1789770551.788703635] [tf_help]: Transform data too old when converting from map to odom
[component_container_isolated-2] [ERROR] [1789770551.788734502] [tf_help]: Data time: 112s 500000000ns, Transform time: 4s 340000000ns
[component_container_isolated-2] [INFO] [1789770551.838132993] [controller_server]: [TG-MPPI] cycle time (compute_backend=cpu): 5.534 ms/cycle avg over 50 cycles
[component_container_isolated-2] [ERROR] [1789770551.838280985] [tf_help]: Transform data too old when converting from map to odom
[component_container_isolated-2] [ERROR] [1789770551.838300783] [tf_help]: Data time: 112s 500000000ns, Transform time: 4s 340000000ns
[component_container_isolated-2] [ERROR] [1789770551.888561030] [tf_help]: Transform data too old when converting from map to odom
[component_container_isolated-2] [ERROR] [1789770551.888599202] [tf_help]: Data time: 112s 500000000ns, Transform time: 4s 340000000ns
[component_container_isolated-2] [INFO] [1789770551.932938360] [controller_server]: Passing new path to controller.
[component_container_isolated-2] [ERROR] [1789770551.938366218] [tf_help]: Transform data too old when converting from map to odom
[component_container_isolated-2] [ERROR] [1789770551.938384545] [tf_help]: Data time: 113s 400000000ns, Transform time: 4s 340000000ns
[component_container_isolated-2] [ERROR] [1789770551.988283956] [tf_help]: Transform data too old when converting from map to odom
[component_container_isolated-2] [ERROR] [1789770551.988319010] [tf_help]: Data time: 113s 400000000ns, Transform time: 4s 340000000ns
[component_container_isolated-2] [ERROR] [1789770552.038281570] [tf_help]: Transform data too old when converting from map to odom
[component_container_isolated-2] [ERROR] [1789770552.038327880] [tf_help]: Data time: 113s 400000000ns, Transform time: 4s 340000000ns
[component_container_isolated-2] [ERROR] [1789770552.088122485] [tf_help]: Transform data too old when converting from map to odom
[component_container_isolated-2] [ERROR] [1789770552.088159779] [tf_help]: Data time: 113s 400000000ns, Transform time: 4s 340000000ns
[component_container_isolated-2] [ERROR] [1789770552.138818285] [tf_help]: Transform data too old when converting from map to odom
[component_container_isolated-2] [ERROR] [1789770552.138853224] [tf_help]: Data time: 113s 400000000ns, Transform time: 4s 340000000ns
[component_container_isolated-2] [ERROR] [1789770552.188404469] [tf_help]: Transform data too old when converting from map to odom
[component_container_isolated-2] [ERROR] [1789770552.188440950] [tf_help]: Data time: 113s 400000000ns, Transform time: 4s 340000000ns
[component_container_isolated-2] [ERROR] [1789770552.239437944] [tf_help]: Transform data too old when converting from map to odom
[component_container_isolated-2] [ERROR] [1789770552.239470276] [tf_help]: Data time: 113s 400000000ns, Transform time: 4s 340000000ns
[component_container_isolated-2] [ERROR] [1789770552.288348824] [tf_help]: Transform data too old when converting from map to odom
[component_container_isolated-2] [ERROR] [1789770552.288378148] [tf_help]: Data time: 113s 400000000ns, Transform time: 4s 340000000ns
[component_container_isolated-2] [ERROR] [1789770552.338379704] [tf_help]: Transform data too old when converting from map to odom
[component_container_isolated-2] [ERROR] [1789770552.338419822] [tf_help]: Data time: 113s 400000000ns, Transform time: 4s 340000000ns
[component_container_isolated-2] [ERROR] [1789770552.388558513] [tf_help]: Transform data too old when converting from map to odom
[component_container_isolated-2] [ERROR] [1789770552.388595930] [tf_help]: Data time: 113s 400000000ns, Transform time: 4s 340000000ns
[component_container_isolated-2] [ERROR] [1789770552.438335141] [tf_help]: Transform data too old when converting from map to odom
[component_container_isolated-2] [ERROR] [1789770552.438367911] [tf_help]: Data time: 113s 400000000ns, Transform time: 4s 340000000ns
[component_container_isolated-2] [ERROR] [1789770552.488298722] [tf_help]: Transform data too old when converting from map to odom
[component_container_isolated-2] [ERROR] [1789770552.488329922] [tf_help]: Data time: 113s 400000000ns, Transform time: 4s 340000000ns
[component_container_isolated-2] [ERROR] [1789770552.538301525] [tf_help]: Transform data too old when converting from map to odom
[component_container_isolated-2] [ERROR] [1789770552.538335191] [tf_help]: Data time: 113s 400000000ns, Transform time: 4s 340000000ns
[component_container_isolated-2] [ERROR] [1789770552.588195527] [tf_help]: Transform data too old when converting from map to odom
[component_container_isolated-2] [ERROR] [1789770552.588234942] [tf_help]: Data time: 113s 400000000ns, Transform time: 4s 340000000ns
[component_container_isolated-2] [ERROR] [1789770552.638132392] [tf_help]: Transform data too old when converting from map to odom
[component_container_isolated-2] [ERROR] [1789770552.638164773] [tf_help]: Data time: 113s 400000000ns, Transform time: 4s 340000000ns
[component_container_isolated-2] [ERROR] [1789770552.688717577] [tf_help]: Transform data too old when converting from map to odom
[component_container_isolated-2] [ERROR] [1789770552.688752893] [tf_help]: Data time: 113s 400000000ns, Transform time: 4s 340000000ns
[component_container_isolated-2] [ERROR] [1789770552.738138524] [tf_help]: Transform data too old when converting from map to odom
[component_container_isolated-2] [ERROR] [1789770552.738171088] [tf_help]: Data time: 113s 400000000ns, Transform time: 4s 340000000ns
[component_container_isolated-2] [ERROR] [1789770552.788191778] [tf_help]: Transform data too old when converting from map to odom
[component_container_isolated-2] [ERROR] [1789770552.788232438] [tf_help]: Data time: 113s 400000000ns, Transform time: 4s 340000000ns
[WARNING] [launch]: user interrupted with ctrl-c (SIGINT)
[component_container_isolated-2] [INFO] [1789770552.813733411] [rclcpp]: signal_handler(SIGINT/SIGTERM)
[component_container_isolated-2] [INFO] [1789770552.813819321] [bt_navigator]: Running Nav2 LifecycleNode rcl preshutdown (bt_navigator)
[component_container_isolated-2] [INFO] [1789770552.813917849] [bt_navigator]: Deactivating
[component_container_isolated-2] [WARN] [1789770552.813942257] [bt_navigator]: [navigate_to_pose] [ActionServer] Requested to deactivate server but goal is still executing. Should check if action server is running before deactivating.
[component_container_isolated-2] [INFO] [1789770552.832920242] [controller_server]: Goal was canceled. Stopping the robot.
[component_container_isolated-2] [INFO] [1789770552.832972406] [controller_server]: [follow_path] [ActionServer] Client requested to cancel the goal. Cancelling.
[component_container_isolated-2] [INFO] [1789770552.833123749] [bt_navigator]: [navigate_to_pose] [ActionServer] Client requested to cancel the goal. Cancelling.
[component_container_isolated-2] [INFO] [1789770552.833310588] [bt_navigator]: Goal canceled
[component_container_isolated-2] [WARN] [1789770552.833328090] [bt_navigator]: [navigate_to_pose] [ActionServer] Stopping the thread per request.
[component_container_isolated-2] [INFO] [1789770552.833415863] [bt_navigator]: Destroying bond (bt_navigator) to lifecycle manager.
[component_container_isolated-2] [INFO] [1789770552.843779662] [bt_navigator]: Cleaning up
[component_container_isolated-2] [INFO] [1789770552.927663237] [lifecycle_manager_navigation]: [34m[1mHave not received a heartbeat from bt_navigator.[0m[0m
[component_container_isolated-2] [ERROR] [1789770552.927717811] [lifecycle_manager_navigation]: CRITICAL FAILURE: SERVER bt_navigator IS DOWN after not receiving a heartbeat for 4000 ms. Shutting down related nodes.
[component_container_isolated-2] [INFO] [1789770552.927773936] [lifecycle_manager_navigation]: [34m[1mTerminating bond timer...[0m[0m
[component_container_isolated-2] [INFO] [1789770552.927787005] [lifecycle_manager_navigation]: [34m[1mResetting managed nodes...[0m[0m
[component_container_isolated-2] [INFO] [1789770552.927798594] [lifecycle_manager_navigation]: [34m[1mDeactivating velocity_smoother[0m[0m
[component_container_isolated-2] [INFO] [1789770552.928002242] [velocity_smoother]: Deactivating
[component_container_isolated-2] [INFO] [1789770552.928039439] [velocity_smoother]: Destroying bond (velocity_smoother) to lifecycle manager.
[component_container_isolated-2] [INFO] [1789770552.948712003] [bt_navigator]: Completed Cleaning up
[component_container_isolated-2] [INFO] [1789770552.948748336] [bt_navigator]: Destroying bond (bt_navigator) to lifecycle manager.
[component_container_isolated-2] [INFO] [1789770552.948754036] [behavior_server]: Running Nav2 LifecycleNode rcl preshutdown (behavior_server)
[component_container_isolated-2] [INFO] [1789770552.948765109] [behavior_server]: Deactivating
[component_container_isolated-2] [INFO] [1789770552.948783693] [behavior_server]: Destroying bond (behavior_server) to lifecycle manager.
[component_container_isolated-2] [INFO] [1789770552.958935617] [behavior_server]: Cleaning up
[component_container_isolated-2] [INFO] [1789770552.962877830] [behavior_server]: Destroying bond (behavior_server) to lifecycle manager.
[component_container_isolated-2] [INFO] [1789770552.962905582] [planner_server]: Running Nav2 LifecycleNode rcl preshutdown (planner_server)
[component_container_isolated-2] [INFO] [1789770552.962919675] [planner_server]: Deactivating
[component_container_isolated-2] [INFO] [1789770552.962934835] [global_costmap.global_costmap]: Deactivating
[component_container_isolated-2] [INFO] [1789770552.963713150] [global_costmap.global_costmap]: stvl_global was deactivated.
[component_container_isolated-2] [INFO] [1789770553.041191536] [lifecycle_manager_navigation]: [34m[1mDeactivating waypoint_follower[0m[0m
[component_container_isolated-2] [INFO] [1789770553.041357937] [waypoint_follower]: Deactivating
[component_container_isolated-2] [INFO] [1789770553.041388674] [waypoint_follower]: Destroying bond (waypoint_follower) to lifecycle manager.
[component_container_isolated-2] [INFO] [1789770553.153742121] [lifecycle_manager_navigation]: [34m[1mDeactivating bt_navigator[0m[0m
[component_container_isolated-2] [WARN] [1789770553.154006881] [rcl_lifecycle]: No transition matching 4 found for current state unconfigured
[component_container_isolated-2] [WARN] [1789770553.154019613] [rcl_lifecycle]: No transition matching 4 found for current state unconfigured
[component_container_isolated-2] [ERROR] [1789770553.154030976] [bt_navigator]: Unable to start transition 4 from current state unconfigured: Transition is not registered., at ./src/rcl_lifecycle.c:355
[component_container_isolated-2] [ERROR] [1789770553.154277598] [lifecycle_manager_navigation]: Failed to change state for node: bt_navigator
[component_container_isolated-2] [INFO] [1789770553.154302017] [lifecycle_manager_navigation]: [34m[1mDeactivating behavior_server[0m[0m
[component_container_isolated-2] [WARN] [1789770553.154499801] [rcl_lifecycle]: No transition matching 4 found for current state unconfigured
[component_container_isolated-2] [WARN] [1789770553.154515887] [rcl_lifecycle]: No transition matching 4 found for current state unconfigured
[component_container_isolated-2] [ERROR] [1789770553.154519504] [behavior_server]: Unable to start transition 4 from current state unconfigured: Transition is not registered., at ./src/rcl_lifecycle.c:355
[component_container_isolated-2] [ERROR] [1789770553.154841280] [lifecycle_manager_navigation]: Failed to change state for node: behavior_server
[component_container_isolated-2] [INFO] [1789770553.154872657] [lifecycle_manager_navigation]: [34m[1mDeactivating planner_server[0m[0m
[component_container_isolated-2] [WARN] [1789770553.155049960] [rcl_lifecycle]: No transition matching 4 found for current state deactivating
[component_container_isolated-2] [WARN] [1789770553.155063684] [rcl_lifecycle]: No transition matching 4 found for current state deactivating
[component_container_isolated-2] [ERROR] [1789770553.155069490] [planner_server]: Unable to start transition 4 from current state deactivating: Transition is not registered., at ./src/rcl_lifecycle.c:355
[component_container_isolated-2] [ERROR] [1789770553.155530749] [lifecycle_manager_navigation]: Failed to change state for node: planner_server
[component_container_isolated-2] [INFO] [1789770553.155568758] [lifecycle_manager_navigation]: [34m[1mDeactivating smoother_server[0m[0m
[component_container_isolated-2] [INFO] [1789770553.155739981] [smoother_server]: Deactivating
[component_container_isolated-2] [INFO] [1789770553.155778466] [smoother_server]: Destroying bond (smoother_server) to lifecycle manager.
[component_container_isolated-2] [INFO] [1789770553.269098988] [lifecycle_manager_navigation]: [34m[1mDeactivating controller_server[0m[0m
[component_container_isolated-2] [INFO] [1789770553.269405117] [controller_server]: Deactivating
[component_container_isolated-2] [INFO] [1789770553.269447605] [TgMppiController]: Deactivated MPPI Controller: FollowPath
[component_container_isolated-2] [INFO] [1789770553.269462306] [local_costmap.local_costmap]: Deactivating
[component_container_isolated-2] [INFO] [1789770553.271198296] [local_costmap.local_costmap]: stvl_local was deactivated.
[component_container_isolated-2] [INFO] [1789770553.471571444] [controller_server]: Destroying bond (controller_server) to lifecycle manager.
[component_container_isolated-2] [INFO] [1789770553.540321577] [planner_server]: Deactivating plugin GridBased of type NavfnPlanner
[component_container_isolated-2] [INFO] [1789770553.540376517] [planner_server]: Destroying bond (planner_server) to lifecycle manager.
[component_container_isolated-2] [INFO] [1789770553.550538686] [planner_server]: Cleaning up
[component_container_isolated-2] [INFO] [1789770553.560716988] [global_costmap.global_costmap]: Cleaning up
[INFO] [ground_truth_localizer-1]: process has finished cleanly [pid 87582]
[ground_truth_localizer-1] Exception in thread Thread-1 (run_func):
[ground_truth_localizer-1] Traceback (most recent call last):
[ground_truth_localizer-1]   File "/usr/lib/python3.10/threading.py", line 1016, in _bootstrap_inner
[ground_truth_localizer-1]     self.run()
[ground_truth_localizer-1]   File "/usr/lib/python3.10/threading.py", line 953, in run
[ground_truth_localizer-1]     self._target(*self._args, **self._kwargs)
[ground_truth_localizer-1]   File "/opt/ros/humble/lib/python3.10/site-packages/tf2_ros/transform_listener.py", line 109, in run_func
[ground_truth_localizer-1]     self.executor.spin()
[ground_truth_localizer-1]   File "/opt/ros/humble/local/lib/python3.10/dist-packages/rclpy/executors.py", line 323, in spin
[ground_truth_localizer-1]     self.spin_once()
[ground_truth_localizer-1]   File "/opt/ros/humble/local/lib/python3.10/dist-packages/rclpy/executors.py", line 812, in spin_once
[ground_truth_localizer-1]     self._spin_once_impl(timeout_sec)
[ground_truth_localizer-1]   File "/opt/ros/humble/local/lib/python3.10/dist-packages/rclpy/executors.py", line 801, in _spin_once_impl
[ground_truth_localizer-1]     handler, entity, node = self.wait_for_ready_callbacks(timeout_sec=timeout_sec)
[ground_truth_localizer-1]   File "/opt/ros/humble/local/lib/python3.10/dist-packages/rclpy/executors.py", line 784, in wait_for_ready_callbacks
[ground_truth_localizer-1]     return next(self._cb_iter)
[ground_truth_localizer-1]   File "/opt/ros/humble/local/lib/python3.10/dist-packages/rclpy/executors.py", line 657, in _wait_for_ready_callbacks
[ground_truth_localizer-1]     wait_set = _rclpy.WaitSet(
[ground_truth_localizer-1] rclpy._rclpy_pybind11.RCLError: failed to initialize wait set: the given context is not valid, either rcl_init() was not called or rcl_shutdown() was called., at ./src/rcl/wait.c:130
[ground_truth_localizer-1] Exception ignored in: <function TransformListener.__del__ at 0x76ab0d268f70>
[ground_truth_localizer-1] Traceback (most recent call last):
[ground_truth_localizer-1]   File "/opt/ros/humble/lib/python3.10/site-packages/tf2_ros/transform_listener.py", line 119, in __del__
[ground_truth_localizer-1]     self.executor.shutdown()
[ground_truth_localizer-1]   File "/opt/ros/humble/local/lib/python3.10/dist-packages/rclpy/executors.py", line 264, in shutdown
[ground_truth_localizer-1]     self._sigint_gc.destroy()
[ground_truth_localizer-1]   File "/opt/ros/humble/local/lib/python3.10/dist-packages/rclpy/signals.py", line 65, in destroy
[ground_truth_localizer-1]     with self.handle:
[ground_truth_localizer-1] rclpy._rclpy_pybind11.InvalidHandle: cannot use Destroyable because destruction was requested
[component_container_isolated-2] [INFO] [1789770553.583617050] [lifecycle_manager_navigation]: [34m[1mCleaning up velocity_smoother[0m[0m
[component_container_isolated-2] [INFO] [1789770553.583776299] [velocity_smoother]: Cleaning up
[component_container_isolated-2] [INFO] [1789770553.585820981] [lifecycle_manager_navigation]: [34m[1mCleaning up waypoint_follower[0m[0m
[component_container_isolated-2] [INFO] [1789770553.585960876] [waypoint_follower]: Cleaning up
[component_container_isolated-2] [INFO] [1789770553.593982727] [lifecycle_manager_navigation]: [34m[1mCleaning up bt_navigator[0m[0m
[component_container_isolated-2] [WARN] [1789770553.594081575] [rcl_lifecycle]: No transition matching 2 found for current state unconfigured
[component_container_isolated-2] [WARN] [1789770553.594094343] [rcl_lifecycle]: No transition matching 2 found for current state unconfigured
[component_container_isolated-2] [ERROR] [1789770553.594101775] [bt_navigator]: Unable to start transition 2 from current state unconfigured: Transition is not registered., at ./src/rcl_lifecycle.c:355
[component_container_isolated-2] [INFO] [1789770553.594247723] [lifecycle_manager_navigation]: [34m[1mCleaning up behavior_server[0m[0m
[component_container_isolated-2] [WARN] [1789770553.594371537] [rcl_lifecycle]: No transition matching 2 found for current state unconfigured
[component_container_isolated-2] [WARN] [1789770553.594383010] [rcl_lifecycle]: No transition matching 2 found for current state unconfigured
[component_container_isolated-2] [ERROR] [1789770553.594386567] [behavior_server]: Unable to start transition 2 from current state unconfigured: Transition is not registered., at ./src/rcl_lifecycle.c:355
[component_container_isolated-2] [INFO] [1789770553.594505463] [lifecycle_manager_navigation]: [34m[1mCleaning up planner_server[0m[0m
[component_container_isolated-2] [WARN] [1789770553.594591013] [rcl_lifecycle]: No transition matching 2 found for current state cleaningup
[component_container_isolated-2] [WARN] [1789770553.594604978] [rcl_lifecycle]: No transition matching 2 found for current state cleaningup
[component_container_isolated-2] [ERROR] [1789770553.594611344] [planner_server]: Unable to start transition 2 from current state cleaningup: Transition is not registered., at ./src/rcl_lifecycle.c:355
[component_container_isolated-2] [ERROR] [1789770553.594742833] [lifecycle_manager_navigation]: Failed to change state for node: planner_server
[component_container_isolated-2] [INFO] [1789770553.594763482] [lifecycle_manager_navigation]: [34m[1mCleaning up smoother_server[0m[0m
[component_container_isolated-2] [INFO] [1789770553.594858377] [smoother_server]: Cleaning up
[component_container_isolated-2] [INFO] [1789770553.606845836] [lifecycle_manager_navigation]: [34m[1mCleaning up controller_server[0m[0m
[component_container_isolated-2] [INFO] [1789770553.606994694] [controller_server]: Cleaning up
[component_container_isolated-2] [INFO] [1789770553.608246367] [TgMppiController]: Cleaned up MPPI Controller: FollowPath
[component_container_isolated-2] [INFO] [1789770553.614243154] [local_costmap.local_costmap]: Cleaning up
[ERROR] [component_container_isolated-2]: process[component_container_isolated-2] failed to terminate '5' seconds after receiving 'SIGINT', escalating to 'SIGTERM'
[INFO] [component_container_isolated-2]: sending signal 'SIGTERM' to process[component_container_isolated-2]
[ERROR] [component_container_isolated-2]: process[component_container_isolated-2] failed to terminate '10.0' seconds after receiving 'SIGTERM', escalating to 'SIGKILL'
[INFO] [component_container_isolated-2]: sending signal 'SIGKILL' to process[component_container_isolated-2]
[ERROR] [component_container_isolated-2]: process has died [pid 87584, exit code -9, cmd '/opt/ros/humble/lib/rclcpp_components/component_container_isolated --ros-args --log-level info --ros-args -r __node:=nav2_container --params-file /tmp/launch_params_x_a7ds7k --params-file /tmp/launch_params_5s2o59wt -r /tf:=tf -r /tf_static:=tf_static'].
