[INFO] [launch]: All log files can be found below /home/saran/.ros/log/2026-09-19-00-35-39-182013-aorus-91591
[INFO] [launch]: Default logging verbosity is set to INFO
[INFO] [ground_truth_localizer-1]: process started with pid [91624]
[INFO] [component_container_isolated-2]: process started with pid [91626]
[component_container_isolated-2] [INFO] [1789770940.085827579] [nav2_container]: Load Library: /opt/ros/humble/lib/libcontroller_server_core.so
[component_container_isolated-2] [INFO] [1789770940.092727792] [nav2_container]: Found class: rclcpp_components::NodeFactoryTemplate<nav2_controller::ControllerServer>
[component_container_isolated-2] [INFO] [1789770940.092770073] [nav2_container]: Instantiate class: rclcpp_components::NodeFactoryTemplate<nav2_controller::ControllerServer>
[component_container_isolated-2] [INFO] [1789770940.101232598] [controller_server]: 
[component_container_isolated-2] 	controller_server lifecycle node launched. 
[component_container_isolated-2] 	Waiting on external lifecycle transitions to activate
[component_container_isolated-2] 	See https://design.ros2.org/articles/node_lifecycle.html for more information.
[component_container_isolated-2] [INFO] [1789770940.107408569] [controller_server]: Creating controller server
[component_container_isolated-2] [INFO] [1789770940.114886778] [local_costmap.local_costmap]: 
[component_container_isolated-2] 	local_costmap lifecycle node launched. 
[component_container_isolated-2] 	Waiting on external lifecycle transitions to activate
[component_container_isolated-2] 	See https://design.ros2.org/articles/node_lifecycle.html for more information.
[component_container_isolated-2] [INFO] [1789770940.115741737] [local_costmap.local_costmap]: Creating Costmap
[component_container_isolated-2] [INFO] [1789770940.116830576] [nav2_container]: Load Library: /opt/ros/humble/lib/libmap_server_core.so
[INFO] [launch_ros.actions.load_composable_nodes]: Loaded node '/controller_server' in container '/nav2_container'
[component_container_isolated-2] [INFO] [1789770940.127583001] [nav2_container]: Found class: rclcpp_components::NodeFactoryTemplate<nav2_map_server::CostmapFilterInfoServer>
[component_container_isolated-2] [INFO] [1789770940.127626068] [nav2_container]: Found class: rclcpp_components::NodeFactoryTemplate<nav2_map_server::MapSaver>
[component_container_isolated-2] [INFO] [1789770940.127637409] [nav2_container]: Found class: rclcpp_components::NodeFactoryTemplate<nav2_map_server::MapServer>
[component_container_isolated-2] [INFO] [1789770940.127646666] [nav2_container]: Instantiate class: rclcpp_components::NodeFactoryTemplate<nav2_map_server::MapServer>
[component_container_isolated-2] [INFO] [1789770940.133001831] [map_server]: 
[component_container_isolated-2] 	map_server lifecycle node launched. 
[INFO] [launch_ros.actions.load_composable_nodes]: Loaded node '/map_server' in container '/nav2_container'
[component_container_isolated-2] 	Waiting on external lifecycle transitions to activate
[component_container_isolated-2] 	See https://design.ros2.org/articles/node_lifecycle.html for more information.
[component_container_isolated-2] [INFO] [1789770940.133040519] [map_server]: Creating
[component_container_isolated-2] [INFO] [1789770940.133252726] [nav2_container]: Load Library: /opt/ros/humble/lib/libsmoother_server_core.so
[component_container_isolated-2] [INFO] [1789770940.134113989] [nav2_container]: Found class: rclcpp_components::NodeFactoryTemplate<nav2_smoother::SmootherServer>
[component_container_isolated-2] [INFO] [1789770940.134125502] [nav2_container]: Instantiate class: rclcpp_components::NodeFactoryTemplate<nav2_smoother::SmootherServer>
[component_container_isolated-2] [INFO] [1789770940.140810085] [smoother_server]: 
[component_container_isolated-2] 	smoother_server lifecycle node launched. 
[component_container_isolated-2] 	Waiting on external lifecycle transitions to activate
[component_container_isolated-2] 	See https://design.ros2.org/articles/node_lifecycle.html for more information.
[component_container_isolated-2] [INFO] [1789770940.143012124] [smoother_server]: Creating smoother server
[INFO] [launch_ros.actions.load_composable_nodes]: Loaded node '/smoother_server' in container '/nav2_container'
[component_container_isolated-2] [INFO] [1789770940.143540475] [nav2_container]: Load Library: /opt/ros/humble/lib/libamcl_core.so
[component_container_isolated-2] [INFO] [1789770940.145518617] [nav2_container]: Found class: rclcpp_components::NodeFactoryTemplate<nav2_amcl::AmclNode>
[component_container_isolated-2] [INFO] [1789770940.145544693] [nav2_container]: Instantiate class: rclcpp_components::NodeFactoryTemplate<nav2_amcl::AmclNode>
[ground_truth_localizer-1] [INFO] [1789770940.151127384] [ground_truth_localizer]: publishing map->odom from /ground_truth/odom (AMCL tf_broadcast must be false)
[component_container_isolated-2] [INFO] [1789770940.153174845] [amcl]: 
[component_container_isolated-2] 	amcl lifecycle node launched. 
[component_container_isolated-2] 	Waiting on external lifecycle transitions to activate
[component_container_isolated-2] 	See https://design.ros2.org/articles/node_lifecycle.html for more information.
[component_container_isolated-2] [INFO] [1789770940.153682433] [amcl]: Creating
[component_container_isolated-2] [INFO] [1789770940.155788261] [nav2_container]: Load Library: /opt/ros/humble/lib/libplanner_server_core.so
[INFO] [launch_ros.actions.load_composable_nodes]: Loaded node '/amcl' in container '/nav2_container'
[component_container_isolated-2] [INFO] [1789770940.156600533] [nav2_container]: Found class: rclcpp_components::NodeFactoryTemplate<nav2_planner::PlannerServer>
[component_container_isolated-2] [INFO] [1789770940.156621121] [nav2_container]: Instantiate class: rclcpp_components::NodeFactoryTemplate<nav2_planner::PlannerServer>
[component_container_isolated-2] [INFO] [1789770940.164407578] [planner_server]: 
[component_container_isolated-2] 	planner_server lifecycle node launched. 
[component_container_isolated-2] 	Waiting on external lifecycle transitions to activate
[component_container_isolated-2] 	See https://design.ros2.org/articles/node_lifecycle.html for more information.
[component_container_isolated-2] [INFO] [1789770940.166485938] [planner_server]: Creating
[component_container_isolated-2] [INFO] [1789770940.174926860] [global_costmap.global_costmap]: 
[component_container_isolated-2] 	global_costmap lifecycle node launched. 
[component_container_isolated-2] 	Waiting on external lifecycle transitions to activate
[component_container_isolated-2] 	See https://design.ros2.org/articles/node_lifecycle.html for more information.
[component_container_isolated-2] [INFO] [1789770940.175621245] [global_costmap.global_costmap]: Creating Costmap
[INFO] [launch_ros.actions.load_composable_nodes]: Loaded node '/planner_server' in container '/nav2_container'
[component_container_isolated-2] [INFO] [1789770940.177100552] [nav2_container]: Load Library: /opt/ros/humble/lib/libnav2_lifecycle_manager_core.so
[component_container_isolated-2] [INFO] [1789770940.177892995] [nav2_container]: Found class: rclcpp_components::NodeFactoryTemplate<nav2_lifecycle_manager::LifecycleManager>
[component_container_isolated-2] [INFO] [1789770940.177917802] [nav2_container]: Instantiate class: rclcpp_components::NodeFactoryTemplate<nav2_lifecycle_manager::LifecycleManager>
[component_container_isolated-2] [INFO] [1789770940.185778150] [lifecycle_manager_localization]: Creating
[component_container_isolated-2] [INFO] [1789770940.188823946] [lifecycle_manager_localization]: [34m[1mCreating and initializing lifecycle service clients[0m[0m
[INFO] [launch_ros.actions.load_composable_nodes]: Loaded node '/lifecycle_manager_localization' in container '/nav2_container'
[component_container_isolated-2] [INFO] [1789770940.188971509] [nav2_container]: Load Library: /opt/ros/humble/lib/libbehavior_server_core.so
[component_container_isolated-2] [INFO] [1789770940.191915061] [nav2_container]: Found class: rclcpp_components::NodeFactoryTemplate<behavior_server::BehaviorServer>
[component_container_isolated-2] [INFO] [1789770940.191950323] [nav2_container]: Instantiate class: rclcpp_components::NodeFactoryTemplate<behavior_server::BehaviorServer>
[component_container_isolated-2] [INFO] [1789770940.194422709] [lifecycle_manager_localization]: [34m[1mStarting managed nodes bringup...[0m[0m
[component_container_isolated-2] [INFO] [1789770940.194479069] [lifecycle_manager_localization]: [34m[1mConfiguring map_server[0m[0m
[component_container_isolated-2] [INFO] [1789770940.194623165] [map_server]: Configuring
[component_container_isolated-2] [INFO] [1789770940.194667471] [map_io]: Loading yaml file: /home/saran/robohouse_ws/src/BARN_dataset/scaled_1/map_files/yaml_5.yaml
[component_container_isolated-2] [INFO] [1789770940.194819779] [map_io]: resolution: 0.15
[component_container_isolated-2] [INFO] [1789770940.194824479] [map_io]: origin[0]: -4.5
[component_container_isolated-2] [INFO] [1789770940.194827139] [map_io]: origin[1]: 0
[component_container_isolated-2] [INFO] [1789770940.194829265] [map_io]: origin[2]: 0
[component_container_isolated-2] [INFO] [1789770940.194831688] [map_io]: free_thresh: 0.5
[component_container_isolated-2] [INFO] [1789770940.194834015] [map_io]: occupied_thresh: 0.5
[component_container_isolated-2] [INFO] [1789770940.194836889] [map_io]: mode: trinary
[component_container_isolated-2] [INFO] [1789770940.194839910] [map_io]: negate: 0
[component_container_isolated-2] [INFO] [1789770940.194960494] [map_io]: Loading image_file: /home/saran/robohouse_ws/src/BARN_dataset/scaled_1/map_files/map_pgm_5.pgm
[component_container_isolated-2] [INFO] [1789770940.195206188] [map_io]: Read map /home/saran/robohouse_ws/src/BARN_dataset/scaled_1/map_files/map_pgm_5.pgm: 30 X 78 map @ 0.15 m/cell
[component_container_isolated-2] [INFO] [1789770940.197665251] [lifecycle_manager_localization]: [34m[1mConfiguring amcl[0m[0m
[component_container_isolated-2] [INFO] [1789770940.197750011] [amcl]: Configuring
[component_container_isolated-2] [INFO] [1789770940.197808757] [amcl]: initTransforms
[component_container_isolated-2] [INFO] [1789770940.201922941] [behavior_server]: 
[component_container_isolated-2] 	behavior_server lifecycle node launched. 
[component_container_isolated-2] 	Waiting on external lifecycle transitions to activate
[component_container_isolated-2] 	See https://design.ros2.org/articles/node_lifecycle.html for more information.
[component_container_isolated-2] [INFO] [1789770940.203618015] [amcl]: initPubSub
[INFO] [launch_ros.actions.load_composable_nodes]: Loaded node '/behavior_server' in container '/nav2_container'
[component_container_isolated-2] [INFO] [1789770940.205685211] [amcl]: Subscribed to map topic.
[component_container_isolated-2] [INFO] [1789770940.206648389] [nav2_container]: Load Library: /opt/ros/humble/lib/libbt_navigator_core.so
[component_container_isolated-2] [INFO] [1789770940.208345799] [nav2_container]: Found class: rclcpp_components::NodeFactoryTemplate<nav2_bt_navigator::BtNavigator>
[component_container_isolated-2] [INFO] [1789770940.208372703] [nav2_container]: Instantiate class: rclcpp_components::NodeFactoryTemplate<nav2_bt_navigator::BtNavigator>
[component_container_isolated-2] [INFO] [1789770940.209530575] [lifecycle_manager_localization]: [34m[1mActivating map_server[0m[0m
[component_container_isolated-2] [INFO] [1789770940.209637659] [map_server]: Activating
[component_container_isolated-2] [INFO] [1789770940.209696472] [map_server]: Creating bond (map_server) to lifecycle manager.
[component_container_isolated-2] [INFO] [1789770940.209745675] [amcl]: Received a 30 X 78 map @ 0.150 m/pix
[component_container_isolated-2] [INFO] [1789770940.215741181] [bt_navigator]: 
[component_container_isolated-2] 	bt_navigator lifecycle node launched. 
[INFO] [launch_ros.actions.load_composable_nodes]: Loaded node '/bt_navigator' in container '/nav2_container'
[component_container_isolated-2] 	Waiting on external lifecycle transitions to activate
[component_container_isolated-2] 	See https://design.ros2.org/articles/node_lifecycle.html for more information.
[component_container_isolated-2] [INFO] [1789770940.215773297] [bt_navigator]: Creating
[component_container_isolated-2] [INFO] [1789770940.217545589] [nav2_container]: Load Library: /opt/ros/humble/lib/libwaypoint_follower_core.so
[component_container_isolated-2] [INFO] [1789770940.217924581] [nav2_container]: Found class: rclcpp_components::NodeFactoryTemplate<nav2_waypoint_follower::WaypointFollower>
[component_container_isolated-2] [INFO] [1789770940.217933953] [nav2_container]: Instantiate class: rclcpp_components::NodeFactoryTemplate<nav2_waypoint_follower::WaypointFollower>
[component_container_isolated-2] [INFO] [1789770940.224103532] [waypoint_follower]: 
[component_container_isolated-2] 	waypoint_follower lifecycle node launched. 
[component_container_isolated-2] 	Waiting on external lifecycle transitions to activate
[component_container_isolated-2] 	See https://design.ros2.org/articles/node_lifecycle.html for more information.
[component_container_isolated-2] [INFO] [1789770940.224648941] [waypoint_follower]: Creating
[INFO] [launch_ros.actions.load_composable_nodes]: Loaded node '/waypoint_follower' in container '/nav2_container'
[component_container_isolated-2] [INFO] [1789770940.226487021] [nav2_container]: Load Library: /opt/ros/humble/lib/libvelocity_smoother_core.so
[component_container_isolated-2] [INFO] [1789770940.227243003] [nav2_container]: Found class: rclcpp_components::NodeFactoryTemplate<nav2_velocity_smoother::VelocitySmoother>
[component_container_isolated-2] [INFO] [1789770940.227265572] [nav2_container]: Instantiate class: rclcpp_components::NodeFactoryTemplate<nav2_velocity_smoother::VelocitySmoother>
[component_container_isolated-2] [INFO] [1789770940.234775847] [velocity_smoother]: 
[component_container_isolated-2] 	velocity_smoother lifecycle node launched. 
[INFO] [launch_ros.actions.load_composable_nodes]: Loaded node '/velocity_smoother' in container '/nav2_container'
[component_container_isolated-2] 	Waiting on external lifecycle transitions to activate
[component_container_isolated-2] 	See https://design.ros2.org/articles/node_lifecycle.html for more information.
[component_container_isolated-2] [INFO] [1789770940.236602128] [nav2_container]: Found class: rclcpp_components::NodeFactoryTemplate<nav2_lifecycle_manager::LifecycleManager>
[component_container_isolated-2] [INFO] [1789770940.236624354] [nav2_container]: Instantiate class: rclcpp_components::NodeFactoryTemplate<nav2_lifecycle_manager::LifecycleManager>
[component_container_isolated-2] [INFO] [1789770940.241151495] [lifecycle_manager_navigation]: Creating
[INFO] [launch_ros.actions.load_composable_nodes]: Loaded node '/lifecycle_manager_navigation' in container '/nav2_container'
[component_container_isolated-2] [INFO] [1789770940.243402054] [lifecycle_manager_navigation]: [34m[1mCreating and initializing lifecycle service clients[0m[0m
[component_container_isolated-2] [INFO] [1789770940.251453882] [lifecycle_manager_navigation]: [34m[1mStarting managed nodes bringup...[0m[0m
[component_container_isolated-2] [INFO] [1789770940.251491077] [lifecycle_manager_navigation]: [34m[1mConfiguring controller_server[0m[0m
[component_container_isolated-2] [INFO] [1789770940.251604612] [controller_server]: Configuring controller interface
[component_container_isolated-2] [INFO] [1789770940.251771192] [controller_server]: getting goal checker plugins..
[component_container_isolated-2] [INFO] [1789770940.251845363] [controller_server]: Controller frequency set to 20.0000Hz
[component_container_isolated-2] [INFO] [1789770940.251869117] [local_costmap.local_costmap]: Configuring
[component_container_isolated-2] [INFO] [1789770940.253897749] [local_costmap.local_costmap]: Using plugin "obstacle_layer"
[component_container_isolated-2] [INFO] [1789770940.255706887] [local_costmap.local_costmap]: Subscribed to Topics: front_scan rear_scan
[component_container_isolated-2] [INFO] [1789770940.258915536] [local_costmap.local_costmap]: Initialized plugin "obstacle_layer"
[component_container_isolated-2] [INFO] [1789770940.258941651] [local_costmap.local_costmap]: Using plugin "stvl_local"
[component_container_isolated-2] [INFO] [1789770940.274856728] [local_costmap.local_costmap]: stvl_local being initialized as SpatioTemporalVoxelLayer!
[component_container_isolated-2] [INFO] [1789770940.274909949] [local_costmap.local_costmap]: stvl_local's global frame is odom.
[component_container_isolated-2] [INFO] [1789770940.276415884] [local_costmap.local_costmap]: stvl_local loaded parameters from parameter server.
[component_container_isolated-2] [INFO] [1789770940.278769546] [local_costmap.local_costmap]: stvl_local created underlying voxel grid.
[component_container_isolated-2] [INFO] [1789770940.281107987] [local_costmap.local_costmap]: Voxel filter activated.
[component_container_isolated-2] [INFO] [1789770940.283566597] [local_costmap.local_costmap]: stvl_local initialization complete!
[component_container_isolated-2] [INFO] [1789770940.283598787] [local_costmap.local_costmap]: Initialized plugin "stvl_local"
[component_container_isolated-2] [INFO] [1789770940.283610679] [local_costmap.local_costmap]: Using plugin "inflation_layer"
[component_container_isolated-2] [INFO] [1789770940.284462681] [local_costmap.local_costmap]: Initialized plugin "inflation_layer"
[component_container_isolated-2] [INFO] [1789770940.291448661] [controller_server]: Created progress_checker : progress_checker of type nav2_controller::SimpleProgressChecker
[component_container_isolated-2] [INFO] [1789770940.292380331] [controller_server]: Created goal checker : general_goal_checker of type nav2_controller::SimpleGoalChecker
[component_container_isolated-2] [INFO] [1789770940.292839479] [controller_server]: Controller Server has general_goal_checker  goal checkers available.
[component_container_isolated-2] [INFO] [1789770940.294147590] [controller_server]: Created controller : FollowPath of type nav2_mppi_controller::MPPIController
[component_container_isolated-2] [INFO] [1789770940.297182826] [controller_server]: [SLIP] MPPI variant = 'vanilla'
[component_container_isolated-2] [INFO] [1789770940.297331616] [controller_server]: Controller period is equal to model dt. Control sequence shifting is ON
[component_container_isolated-2] [INFO] [1789770940.299109851] [controller_server]: ConstraintCritic instantiated with 1 power and 4.000000 weight.
[component_container_isolated-2] [INFO] [1789770940.299164494] [controller_server]: Critic loaded : mppi::critics::ConstraintCritic
[component_container_isolated-2] [INFO] [1789770940.300033620] [controller_server]: InflationCostCritic instantiated with 1 power and 300.000000 / 0.015000 weights. Critic will collision check based on footprint cost.
[component_container_isolated-2] [INFO] [1789770940.300060129] [controller_server]: Critic loaded : mppi::critics::CostCritic
[component_container_isolated-2] [INFO] [1789770940.300499566] [controller_server]: GoalCritic instantiated with 1 power and 5.000000 weight.
[component_container_isolated-2] [INFO] [1789770940.300520178] [controller_server]: Critic loaded : mppi::critics::GoalCritic
[component_container_isolated-2] [INFO] [1789770940.301052032] [controller_server]: GoalAngleCritic instantiated with 1 power, 3.000000 weight, 0.500000 angular threshold and symmetric_yaw_tolerance disabled
[component_container_isolated-2] [INFO] [1789770940.301077151] [controller_server]: Critic loaded : mppi::critics::GoalAngleCritic
[component_container_isolated-2] [INFO] [1789770940.301960750] [controller_server]: ReferenceTrajectoryCritic instantiated with 1 power and 3.000000 weight
[component_container_isolated-2] [INFO] [1789770940.301984006] [controller_server]: Critic loaded : mppi::critics::PathAlignCritic
[component_container_isolated-2] [INFO] [1789770940.302564368] [controller_server]: Critic loaded : mppi::critics::PathFollowCritic
[component_container_isolated-2] [INFO] [1789770940.303331604] [controller_server]: PathAngleCritic instantiated with 1 power and 2.000000 weight. Reversing allowed.
[component_container_isolated-2] [INFO] [1789770940.303353113] [controller_server]: Critic loaded : mppi::critics::PathAngleCritic
[component_container_isolated-2] [INFO] [1789770940.303807014] [controller_server]: PreferForwardCritic instantiated with 1 power and 2.000000 weight.
[component_container_isolated-2] [INFO] [1789770940.303827312] [controller_server]: Critic loaded : mppi::critics::PreferForwardCritic
[component_container_isolated-2] [INFO] [1789770940.312619377] [lifecycle_manager_localization]: Server map_server connected with bond.
[component_container_isolated-2] [INFO] [1789770940.312653725] [lifecycle_manager_localization]: [34m[1mActivating amcl[0m[0m
[component_container_isolated-2] [INFO] [1789770940.312814804] [amcl]: Activating
[component_container_isolated-2] [INFO] [1789770940.312850710] [amcl]: Creating bond (amcl) to lifecycle manager.
[component_container_isolated-2] [INFO] [1789770940.313879513] [controller_server]: Optimizer reset
[component_container_isolated-2] [INFO] [1789770940.314865888] [amcl]: initialPoseReceived
[component_container_isolated-2] [INFO] [1789770940.314936324] [amcl]: Setting pose (1.400000): -2.250 1.000 1.571
[component_container_isolated-2] [INFO] [1789770940.316051063] [amcl]: initialPoseReceived
[component_container_isolated-2] [INFO] [1789770940.316087612] [amcl]: Setting pose (1.400000): -2.250 1.000 1.571
[component_container_isolated-2] [INFO] [1789770940.317440768] [MPPIController]: Configured MPPI Controller: FollowPath
[component_container_isolated-2] [INFO] [1789770940.317461334] [controller_server]: Controller Server has FollowPath  controllers available.
[component_container_isolated-2] [INFO] [1789770940.319563495] [amcl]: initialPoseReceived
[component_container_isolated-2] [INFO] [1789770940.319613271] [amcl]: Setting pose (1.400000): -2.250 1.000 1.571
[component_container_isolated-2] [INFO] [1789770940.323468301] [lifecycle_manager_navigation]: [34m[1mConfiguring smoother_server[0m[0m
[component_container_isolated-2] [INFO] [1789770940.323617743] [smoother_server]: Configuring smoother server
[component_container_isolated-2] [INFO] [1789770940.326412315] [smoother_server]: Created smoother : simple_smoother of type nav2_smoother::SimpleSmoother
[component_container_isolated-2] [INFO] [1789770940.326807192] [smoother_server]: Smoother Server has simple_smoother  smoothers available.
[component_container_isolated-2] [INFO] [1789770940.327451881] [amcl]: initialPoseReceived
[component_container_isolated-2] [INFO] [1789770940.327481861] [amcl]: Setting pose (1.400000): -2.250 1.000 1.571
[component_container_isolated-2] [INFO] [1789770940.328918458] [lifecycle_manager_navigation]: [34m[1mConfiguring planner_server[0m[0m
[component_container_isolated-2] [INFO] [1789770940.329009009] [planner_server]: Configuring
[component_container_isolated-2] [INFO] [1789770940.329031372] [global_costmap.global_costmap]: Configuring
[component_container_isolated-2] [INFO] [1789770940.330895622] [amcl]: createLaserObject
[component_container_isolated-2] [INFO] [1789770940.331733528] [global_costmap.global_costmap]: Using plugin "static_layer"
[component_container_isolated-2] [INFO] [1789770940.332601389] [global_costmap.global_costmap]: Subscribing to the map topic (/map) with transient local durability
[component_container_isolated-2] [INFO] [1789770940.333089311] [global_costmap.global_costmap]: Subscribing to updates
[component_container_isolated-2] [INFO] [1789770940.333507769] [global_costmap.global_costmap]: Initialized plugin "static_layer"
[component_container_isolated-2] [INFO] [1789770940.333528826] [global_costmap.global_costmap]: Using plugin "obstacle_layer"
[component_container_isolated-2] [INFO] [1789770940.334280143] [global_costmap.global_costmap]: Subscribed to Topics: front_scan rear_scan
[component_container_isolated-2] [INFO] [1789770940.339797912] [global_costmap.global_costmap]: Initialized plugin "obstacle_layer"
[component_container_isolated-2] [INFO] [1789770940.339827110] [global_costmap.global_costmap]: Using plugin "stvl_global"
[component_container_isolated-2] [INFO] [1789770940.339957614] [global_costmap.global_costmap]: stvl_global being initialized as SpatioTemporalVoxelLayer!
[component_container_isolated-2] [INFO] [1789770940.339962882] [global_costmap.global_costmap]: stvl_global's global frame is map.
[component_container_isolated-2] [INFO] [1789770940.340784959] [global_costmap.global_costmap]: stvl_global loaded parameters from parameter server.
[component_container_isolated-2] [INFO] [1789770940.341641022] [global_costmap.global_costmap]: stvl_global created underlying voxel grid.
[component_container_isolated-2] [INFO] [1789770940.343566812] [global_costmap.global_costmap]: Voxel filter activated.
[component_container_isolated-2] [INFO] [1789770940.345866971] [global_costmap.global_costmap]: stvl_global initialization complete!
[component_container_isolated-2] [INFO] [1789770940.345897750] [global_costmap.global_costmap]: Initialized plugin "stvl_global"
[component_container_isolated-2] [INFO] [1789770940.345908942] [global_costmap.global_costmap]: Using plugin "inflation_layer"
[component_container_isolated-2] [INFO] [1789770940.346748255] [global_costmap.global_costmap]: Initialized plugin "inflation_layer"
[component_container_isolated-2] [INFO] [1789770940.352320605] [planner_server]: Created global planner plugin GridBased of type nav2_navfn_planner/NavfnPlanner
[component_container_isolated-2] [INFO] [1789770940.352357632] [planner_server]: Configuring plugin GridBased of type NavfnPlanner
[component_container_isolated-2] [INFO] [1789770940.353037798] [planner_server]: Planner Server has GridBased  planners available.
[component_container_isolated-2] [INFO] [1789770940.358851317] [lifecycle_manager_navigation]: [34m[1mConfiguring behavior_server[0m[0m
[component_container_isolated-2] [INFO] [1789770940.358999652] [behavior_server]: Configuring
[component_container_isolated-2] [INFO] [1789770940.362304625] [behavior_server]: Creating behavior plugin spin of type nav2_behaviors/Spin
[component_container_isolated-2] [INFO] [1789770940.363124180] [behavior_server]: Configuring spin
[component_container_isolated-2] [INFO] [1789770940.367292771] [behavior_server]: Creating behavior plugin backup of type nav2_behaviors/BackUp
[component_container_isolated-2] [INFO] [1789770940.368061484] [behavior_server]: Configuring backup
[component_container_isolated-2] [INFO] [1789770940.372038846] [behavior_server]: Creating behavior plugin drive_on_heading of type nav2_behaviors/DriveOnHeading
[component_container_isolated-2] [INFO] [1789770940.372776226] [behavior_server]: Configuring drive_on_heading
[component_container_isolated-2] [INFO] [1789770940.376669532] [behavior_server]: Creating behavior plugin wait of type nav2_behaviors/Wait
[component_container_isolated-2] [INFO] [1789770940.377320623] [behavior_server]: Configuring wait
[component_container_isolated-2] [INFO] [1789770940.381245416] [lifecycle_manager_navigation]: [34m[1mConfiguring bt_navigator[0m[0m
[component_container_isolated-2] [INFO] [1789770940.381351979] [bt_navigator]: Configuring
[component_container_isolated-2] [INFO] [1789770940.403015653] [global_costmap.global_costmap]: StaticLayer: Resizing costmap to 30 X 78 at 0.150000 m/pix
[component_container_isolated-2] [INFO] [1789770940.412728127] [lifecycle_manager_navigation]: [34m[1mConfiguring waypoint_follower[0m[0m
[component_container_isolated-2] [INFO] [1789770940.412856794] [waypoint_follower]: Configuring
[component_container_isolated-2] [INFO] [1789770940.416576267] [lifecycle_manager_localization]: Server amcl connected with bond.
[component_container_isolated-2] [INFO] [1789770940.416612461] [lifecycle_manager_localization]: [34m[1mManaged nodes are active[0m[0m
[component_container_isolated-2] [INFO] [1789770940.416637768] [lifecycle_manager_localization]: [34m[1mCreating bond timer...[0m[0m
[component_container_isolated-2] [INFO] [1789770940.418318889] [waypoint_follower]: Created waypoint_task_executor : wait_at_waypoint of type nav2_waypoint_follower::WaitAtWaypoint
[component_container_isolated-2] [INFO] [1789770940.418742189] [lifecycle_manager_navigation]: [34m[1mConfiguring velocity_smoother[0m[0m
[component_container_isolated-2] [INFO] [1789770940.418816600] [velocity_smoother]: Configuring velocity smoother
[component_container_isolated-2] [INFO] [1789770940.420553332] [lifecycle_manager_navigation]: [34m[1mActivating controller_server[0m[0m
[component_container_isolated-2] [INFO] [1789770940.420653601] [controller_server]: Activating
[component_container_isolated-2] [INFO] [1789770940.420678254] [local_costmap.local_costmap]: Activating
[component_container_isolated-2] [INFO] [1789770940.420687086] [local_costmap.local_costmap]: Checking transform
[component_container_isolated-2] [INFO] [1789770940.420750527] [local_costmap.local_costmap]: start
[component_container_isolated-2] [INFO] [1789770940.421404722] [local_costmap.local_costmap]: stvl_local was activated.
[component_container_isolated-2] [WARN] [1789770940.671812033] [controller_server]: Parameter controller_server.verbose not found
[component_container_isolated-2] [INFO] [1789770940.674939347] [controller_server]: Optimizer reset
[component_container_isolated-2] [INFO] [1789770940.675188094] [MPPIController]: Activated MPPI Controller: FollowPath
[component_container_isolated-2] [INFO] [1789770940.675221929] [controller_server]: Creating bond (controller_server) to lifecycle manager.
[component_container_isolated-2] [INFO] [1789770940.780659736] [lifecycle_manager_navigation]: Server controller_server connected with bond.
[component_container_isolated-2] [INFO] [1789770940.780706985] [lifecycle_manager_navigation]: [34m[1mActivating smoother_server[0m[0m
[component_container_isolated-2] [INFO] [1789770940.780964197] [smoother_server]: Activating
[component_container_isolated-2] [INFO] [1789770940.781003030] [smoother_server]: Creating bond (smoother_server) to lifecycle manager.
[component_container_isolated-2] [INFO] [1789770940.884474219] [lifecycle_manager_navigation]: Server smoother_server connected with bond.
[component_container_isolated-2] [INFO] [1789770940.884545821] [lifecycle_manager_navigation]: [34m[1mActivating planner_server[0m[0m
[component_container_isolated-2] [INFO] [1789770940.884776717] [planner_server]: Activating
[component_container_isolated-2] [INFO] [1789770940.884832734] [global_costmap.global_costmap]: Activating
[component_container_isolated-2] [INFO] [1789770940.884847975] [global_costmap.global_costmap]: Checking transform
[component_container_isolated-2] [INFO] [1789770940.884877552] [global_costmap.global_costmap]: Timed out waiting for transform from base_link to map to become available, tf error: Lookup would require extrapolation into the past.  Requested time 1.950000 but the earliest data is at time 2.504000, when looking up transform from frame [base_link] to frame [map]
[component_container_isolated-2] [INFO] [1789770941.384933055] [global_costmap.global_costmap]: Timed out waiting for transform from base_link to map to become available, tf error: Lookup would require extrapolation into the past.  Requested time 2.410000 but the earliest data is at time 2.504000, when looking up transform from frame [base_link] to frame [map]
[component_container_isolated-2] [INFO] [1789770941.885001387] [global_costmap.global_costmap]: start
[component_container_isolated-2] [INFO] [1789770941.886291051] [global_costmap.global_costmap]: stvl_global was activated.
[component_container_isolated-2] [INFO] [1789770942.886889983] [planner_server]: Activating plugin GridBased of type NavfnPlanner
[component_container_isolated-2] [INFO] [1789770942.888461067] [planner_server]: Creating bond (planner_server) to lifecycle manager.
[component_container_isolated-2] [INFO] [1789770942.993014032] [lifecycle_manager_navigation]: Server planner_server connected with bond.
[component_container_isolated-2] [INFO] [1789770942.993058968] [lifecycle_manager_navigation]: [34m[1mActivating behavior_server[0m[0m
[component_container_isolated-2] [INFO] [1789770942.993319037] [behavior_server]: Activating
[component_container_isolated-2] [INFO] [1789770942.993346634] [behavior_server]: Activating spin
[component_container_isolated-2] [INFO] [1789770942.993372081] [behavior_server]: Activating backup
[component_container_isolated-2] [INFO] [1789770942.993386598] [behavior_server]: Activating drive_on_heading
[component_container_isolated-2] [INFO] [1789770942.993399888] [behavior_server]: Activating wait
[component_container_isolated-2] [INFO] [1789770942.993415354] [behavior_server]: Creating bond (behavior_server) to lifecycle manager.
[component_container_isolated-2] [INFO] [1789770943.098512544] [lifecycle_manager_navigation]: Server behavior_server connected with bond.
[component_container_isolated-2] [INFO] [1789770943.098557349] [lifecycle_manager_navigation]: [34m[1mActivating bt_navigator[0m[0m
[component_container_isolated-2] [INFO] [1789770943.098757614] [bt_navigator]: Activating
[component_container_isolated-2] [INFO] [1789770943.134236131] [bt_navigator]: Creating bond (bt_navigator) to lifecycle manager.
[component_container_isolated-2] [INFO] [1789770943.146210754] [controller_server]: Optimizer reset
[component_container_isolated-2] [INFO] [1789770943.241562076] [lifecycle_manager_navigation]: Server bt_navigator connected with bond.
[component_container_isolated-2] [INFO] [1789770943.241594969] [lifecycle_manager_navigation]: [34m[1mActivating waypoint_follower[0m[0m
[component_container_isolated-2] [INFO] [1789770943.241809326] [waypoint_follower]: Activating
[component_container_isolated-2] [INFO] [1789770943.241842479] [waypoint_follower]: Creating bond (waypoint_follower) to lifecycle manager.
[component_container_isolated-2] [INFO] [1789770943.344815384] [lifecycle_manager_navigation]: Server waypoint_follower connected with bond.
[component_container_isolated-2] [INFO] [1789770943.344853906] [lifecycle_manager_navigation]: [34m[1mActivating velocity_smoother[0m[0m
[component_container_isolated-2] [INFO] [1789770943.345064806] [velocity_smoother]: Activating
[component_container_isolated-2] [INFO] [1789770943.345106309] [velocity_smoother]: Creating bond (velocity_smoother) to lifecycle manager.
[component_container_isolated-2] [INFO] [1789770943.448446554] [lifecycle_manager_navigation]: Server velocity_smoother connected with bond.
[component_container_isolated-2] [INFO] [1789770943.448483151] [lifecycle_manager_navigation]: [34m[1mManaged nodes are active[0m[0m
[component_container_isolated-2] [INFO] [1789770943.448487817] [lifecycle_manager_navigation]: [34m[1mCreating bond timer...[0m[0m
[component_container_isolated-2] [INFO] [1789770943.596128126] [global_costmap.global_costmap]: Message Filter dropping message: frame 'front_lidar_1' at time 4.376 for reason 'the timestamp on the message is earlier than all the data in the transform cache'
[component_container_isolated-2] [INFO] [1789770945.178763269] [bt_navigator]: Begin navigating from current location (-2.25, 1.00) to (-1.12, 9.52)
[component_container_isolated-2] [INFO] [1789770945.199387390] [controller_server]: Received a goal, begin computing control effort.
[component_container_isolated-2] [WARN] [1789770945.199450198] [controller_server]: No goal checker was specified in parameter 'current_goal_checker'. Server will use only plugin loaded general_goal_checker . This warning will appear once.
[component_container_isolated-2] [INFO] [1789770945.203126969] [controller_server]: Optimizer reset
[component_container_isolated-2] [ERROR] [1789770945.210878808] [tf_help]: Transform data too old when converting from map to odom
[component_container_isolated-2] [ERROR] [1789770945.210919350] [tf_help]: Data time: 6s 100000000ns, Transform time: 3s 524000000ns
[component_container_isolated-2] [ERROR] [1789770945.254669331] [tf_help]: Transform data too old when converting from map to odom
[component_container_isolated-2] [ERROR] [1789770945.254705915] [tf_help]: Data time: 6s 100000000ns, Transform time: 3s 524000000ns
[component_container_isolated-2] [ERROR] [1789770945.306750332] [tf_help]: Transform data too old when converting from map to odom
[component_container_isolated-2] [ERROR] [1789770945.306789696] [tf_help]: Data time: 6s 100000000ns, Transform time: 3s 524000000ns
[component_container_isolated-2] [ERROR] [1789770945.359390759] [tf_help]: Transform data too old when converting from map to odom
[component_container_isolated-2] [ERROR] [1789770945.359423070] [tf_help]: Data time: 6s 100000000ns, Transform time: 3s 524000000ns
[component_container_isolated-2] [ERROR] [1789770945.404804678] [tf_help]: Transform data too old when converting from map to odom
[component_container_isolated-2] [ERROR] [1789770945.404839707] [tf_help]: Data time: 6s 100000000ns, Transform time: 3s 524000000ns
[component_container_isolated-2] [ERROR] [1789770945.454929954] [tf_help]: Transform data too old when converting from map to odom
[component_container_isolated-2] [ERROR] [1789770945.454964510] [tf_help]: Data time: 6s 100000000ns, Transform time: 3s 524000000ns
[component_container_isolated-2] [ERROR] [1789770945.504985703] [tf_help]: Transform data too old when converting from map to odom
[component_container_isolated-2] [ERROR] [1789770945.505027133] [tf_help]: Data time: 6s 100000000ns, Transform time: 3s 524000000ns
[component_container_isolated-2] [ERROR] [1789770945.556628601] [tf_help]: Transform data too old when converting from map to odom
[component_container_isolated-2] [ERROR] [1789770945.556672671] [tf_help]: Data time: 6s 100000000ns, Transform time: 3s 524000000ns
[component_container_isolated-2] [ERROR] [1789770945.605226850] [tf_help]: Transform data too old when converting from map to odom
[component_container_isolated-2] [ERROR] [1789770945.605276055] [tf_help]: Data time: 6s 100000000ns, Transform time: 3s 524000000ns
[component_container_isolated-2] [ERROR] [1789770945.656676318] [tf_help]: Transform data too old when converting from map to odom
[component_container_isolated-2] [ERROR] [1789770945.656706068] [tf_help]: Data time: 6s 100000000ns, Transform time: 3s 524000000ns
[component_container_isolated-2] [ERROR] [1789770945.710212159] [tf_help]: Transform data too old when converting from map to odom
[component_container_isolated-2] [ERROR] [1789770945.710257133] [tf_help]: Data time: 6s 100000000ns, Transform time: 3s 524000000ns
[component_container_isolated-2] [ERROR] [1789770945.757185152] [tf_help]: Transform data too old when converting from map to odom
[component_container_isolated-2] [ERROR] [1789770945.757218188] [tf_help]: Data time: 6s 100000000ns, Transform time: 3s 524000000ns
[component_container_isolated-2] [ERROR] [1789770945.806030034] [tf_help]: Transform data too old when converting from map to odom
[component_container_isolated-2] [ERROR] [1789770945.806060764] [tf_help]: Data time: 6s 100000000ns, Transform time: 3s 524000000ns
[component_container_isolated-2] [ERROR] [1789770945.857249986] [tf_help]: Transform data too old when converting from map to odom
[component_container_isolated-2] [ERROR] [1789770945.857304832] [tf_help]: Data time: 6s 100000000ns, Transform time: 3s 524000000ns
[component_container_isolated-2] [ERROR] [1789770945.908136416] [tf_help]: Transform data too old when converting from map to odom
[component_container_isolated-2] [ERROR] [1789770945.908167837] [tf_help]: Data time: 6s 100000000ns, Transform time: 3s 524000000ns
[component_container_isolated-2] [ERROR] [1789770945.961029726] [tf_help]: Transform data too old when converting from map to odom
[component_container_isolated-2] [ERROR] [1789770945.961064456] [tf_help]: Data time: 6s 100000000ns, Transform time: 3s 524000000ns
[component_container_isolated-2] [ERROR] [1789770946.008572091] [tf_help]: Transform data too old when converting from map to odom
[component_container_isolated-2] [ERROR] [1789770946.008604985] [tf_help]: Data time: 6s 100000000ns, Transform time: 3s 524000000ns
[component_container_isolated-2] [ERROR] [1789770946.060036120] [tf_help]: Transform data too old when converting from map to odom
[component_container_isolated-2] [ERROR] [1789770946.060067529] [tf_help]: Data time: 6s 100000000ns, Transform time: 3s 524000000ns
[component_container_isolated-2] [ERROR] [1789770946.109148637] [tf_help]: Transform data too old when converting from map to odom
[component_container_isolated-2] [ERROR] [1789770946.109180173] [tf_help]: Data time: 6s 100000000ns, Transform time: 3s 524000000ns
[component_container_isolated-2] [ERROR] [1789770946.159237974] [tf_help]: Transform data too old when converting from map to odom
[component_container_isolated-2] [ERROR] [1789770946.159270964] [tf_help]: Data time: 6s 100000000ns, Transform time: 3s 524000000ns
[component_container_isolated-2] [ERROR] [1789770946.209391892] [tf_help]: Transform data too old when converting from map to odom
[component_container_isolated-2] [ERROR] [1789770946.209421489] [tf_help]: Data time: 6s 100000000ns, Transform time: 3s 524000000ns
[component_container_isolated-2] [INFO] [1789770946.249677835] [controller_server]: Passing new path to controller.
[component_container_isolated-2] [ERROR] [1789770946.260420591] [tf_help]: Transform data too old when converting from map to odom
[component_container_isolated-2] [ERROR] [1789770946.260452019] [tf_help]: Data time: 7s 0ns, Transform time: 3s 524000000ns
[component_container_isolated-2] [ERROR] [1789770946.315449071] [tf_help]: Transform data too old when converting from map to odom
[component_container_isolated-2] [ERROR] [1789770946.315486493] [tf_help]: Data time: 7s 0ns, Transform time: 3s 524000000ns
[component_container_isolated-2] [ERROR] [1789770946.364200860] [tf_help]: Transform data too old when converting from map to odom
[component_container_isolated-2] [ERROR] [1789770946.364239540] [tf_help]: Data time: 7s 0ns, Transform time: 3s 524000000ns
[component_container_isolated-2] [ERROR] [1789770946.409855206] [tf_help]: Transform data too old when converting from map to odom
[component_container_isolated-2] [ERROR] [1789770946.409896830] [tf_help]: Data time: 7s 0ns, Transform time: 3s 524000000ns
[component_container_isolated-2] [ERROR] [1789770946.462606324] [tf_help]: Transform data too old when converting from map to odom
[component_container_isolated-2] [ERROR] [1789770946.462637004] [tf_help]: Data time: 7s 0ns, Transform time: 3s 524000000ns
[component_container_isolated-2] [ERROR] [1789770946.517907767] [tf_help]: Transform data too old when converting from map to odom
[component_container_isolated-2] [ERROR] [1789770946.517944677] [tf_help]: Data time: 7s 0ns, Transform time: 3s 524000000ns
[component_container_isolated-2] [ERROR] [1789770946.566765984] [tf_help]: Transform data too old when converting from map to odom
[component_container_isolated-2] [ERROR] [1789770946.566796558] [tf_help]: Data time: 7s 0ns, Transform time: 3s 524000000ns
[component_container_isolated-2] [ERROR] [1789770946.611557503] [tf_help]: Transform data too old when converting from map to odom
[component_container_isolated-2] [ERROR] [1789770946.611594535] [tf_help]: Data time: 7s 0ns, Transform time: 3s 524000000ns
[component_container_isolated-2] [ERROR] [1789770946.664502591] [tf_help]: Transform data too old when converting from map to odom
[component_container_isolated-2] [ERROR] [1789770946.664538113] [tf_help]: Data time: 7s 0ns, Transform time: 3s 524000000ns
[component_container_isolated-2] [ERROR] [1789770946.713305776] [tf_help]: Transform data too old when converting from map to odom
[component_container_isolated-2] [ERROR] [1789770946.713342736] [tf_help]: Data time: 7s 0ns, Transform time: 3s 524000000ns
[component_container_isolated-2] [ERROR] [1789770946.763022339] [tf_help]: Transform data too old when converting from map to odom
[component_container_isolated-2] [ERROR] [1789770946.763055305] [tf_help]: Data time: 7s 0ns, Transform time: 3s 524000000ns
[component_container_isolated-2] [ERROR] [1789770946.818000717] [tf_help]: Transform data too old when converting from map to odom
[component_container_isolated-2] [ERROR] [1789770946.818031285] [tf_help]: Data time: 7s 0ns, Transform time: 3s 524000000ns
[component_container_isolated-2] [ERROR] [1789770946.866404523] [tf_help]: Transform data too old when converting from map to odom
[component_container_isolated-2] [ERROR] [1789770946.866442609] [tf_help]: Data time: 7s 0ns, Transform time: 3s 524000000ns
[component_container_isolated-2] [ERROR] [1789770946.917159178] [tf_help]: Transform data too old when converting from map to odom
[component_container_isolated-2] [ERROR] [1789770946.917190090] [tf_help]: Data time: 7s 0ns, Transform time: 3s 524000000ns
[component_container_isolated-2] [ERROR] [1789770946.965751518] [tf_help]: Transform data too old when converting from map to odom
[component_container_isolated-2] [ERROR] [1789770946.965782923] [tf_help]: Data time: 7s 0ns, Transform time: 3s 524000000ns
[component_container_isolated-2] [ERROR] [1789770947.017284758] [tf_help]: Transform data too old when converting from map to odom
[component_container_isolated-2] [ERROR] [1789770947.017328795] [tf_help]: Data time: 7s 0ns, Transform time: 3s 524000000ns
[component_container_isolated-2] [ERROR] [1789770947.077666641] [tf_help]: Transform data too old when converting from map to odom
[component_container_isolated-2] [ERROR] [1789770947.077705543] [tf_help]: Data time: 7s 0ns, Transform time: 3s 524000000ns
[component_container_isolated-2] [ERROR] [1789770947.133009974] [tf_help]: Transform data too old when converting from map to odom
[component_container_isolated-2] [ERROR] [1789770947.133041620] [tf_help]: Data time: 7s 0ns, Transform time: 3s 524000000ns
[component_container_isolated-2] [ERROR] [1789770947.168748052] [tf_help]: Transform data too old when converting from map to odom
[component_container_isolated-2] [ERROR] [1789770947.168784907] [tf_help]: Data time: 7s 0ns, Transform time: 3s 524000000ns
[component_container_isolated-2] [ERROR] [1789770947.217361604] [tf_help]: Transform data too old when converting from map to odom
[component_container_isolated-2] [ERROR] [1789770947.217394635] [tf_help]: Data time: 7s 0ns, Transform time: 3s 524000000ns
[component_container_isolated-2] [ERROR] [1789770947.268757955] [tf_help]: Transform data too old when converting from map to odom
[component_container_isolated-2] [ERROR] [1789770947.268793042] [tf_help]: Data time: 7s 0ns, Transform time: 3s 524000000ns
[component_container_isolated-2] [INFO] [1789770947.299560849] [controller_server]: Passing new path to controller.
[component_container_isolated-2] [ERROR] [1789770947.320438227] [tf_help]: Transform data too old when converting from map to odom
[component_container_isolated-2] [ERROR] [1789770947.320483895] [tf_help]: Data time: 7s 900000000ns, Transform time: 3s 524000000ns
[component_container_isolated-2] [ERROR] [1789770947.371147594] [tf_help]: Transform data too old when converting from map to odom
[component_container_isolated-2] [ERROR] [1789770947.371181424] [tf_help]: Data time: 7s 900000000ns, Transform time: 3s 524000000ns
[component_container_isolated-2] [ERROR] [1789770947.421711454] [tf_help]: Transform data too old when converting from map to odom
[component_container_isolated-2] [ERROR] [1789770947.421745303] [tf_help]: Data time: 7s 900000000ns, Transform time: 3s 524000000ns
[component_container_isolated-2] [ERROR] [1789770947.470671667] [tf_help]: Transform data too old when converting from map to odom
[component_container_isolated-2] [ERROR] [1789770947.470705063] [tf_help]: Data time: 7s 900000000ns, Transform time: 3s 524000000ns
[component_container_isolated-2] [ERROR] [1789770947.518600750] [tf_help]: Transform data too old when converting from map to odom
[component_container_isolated-2] [ERROR] [1789770947.518640999] [tf_help]: Data time: 7s 900000000ns, Transform time: 3s 524000000ns
[component_container_isolated-2] [ERROR] [1789770947.568993975] [tf_help]: Transform data too old when converting from map to odom
[component_container_isolated-2] [ERROR] [1789770947.569029739] [tf_help]: Data time: 7s 900000000ns, Transform time: 3s 524000000ns
[component_container_isolated-2] [ERROR] [1789770947.616241946] [tf_help]: Transform data too old when converting from map to odom
[component_container_isolated-2] [ERROR] [1789770947.616274501] [tf_help]: Data time: 7s 900000000ns, Transform time: 3s 524000000ns
[component_container_isolated-2] [ERROR] [1789770947.667742049] [tf_help]: Transform data too old when converting from map to odom
[component_container_isolated-2] [ERROR] [1789770947.667772535] [tf_help]: Data time: 7s 900000000ns, Transform time: 3s 524000000ns
[component_container_isolated-2] [ERROR] [1789770947.713735342] [tf_help]: Transform data too old when converting from map to odom
[component_container_isolated-2] [ERROR] [1789770947.713766077] [tf_help]: Data time: 7s 900000000ns, Transform time: 3s 524000000ns
[component_container_isolated-2] [ERROR] [1789770947.769138707] [tf_help]: Transform data too old when converting from map to odom
[component_container_isolated-2] [ERROR] [1789770947.769184949] [tf_help]: Data time: 7s 900000000ns, Transform time: 3s 524000000ns
[component_container_isolated-2] [ERROR] [1789770947.822110152] [tf_help]: Transform data too old when converting from map to odom
[component_container_isolated-2] [ERROR] [1789770947.822137592] [tf_help]: Data time: 7s 900000000ns, Transform time: 3s 524000000ns
[component_container_isolated-2] [ERROR] [1789770947.868086328] [tf_help]: Transform data too old when converting from map to odom
[component_container_isolated-2] [ERROR] [1789770947.868121620] [tf_help]: Data time: 7s 900000000ns, Transform time: 3s 524000000ns
[component_container_isolated-2] [ERROR] [1789770947.912867778] [tf_help]: Transform data too old when converting from map to odom
[component_container_isolated-2] [ERROR] [1789770947.912899933] [tf_help]: Data time: 7s 900000000ns, Transform time: 3s 524000000ns
[component_container_isolated-2] [ERROR] [1789770947.960783614] [tf_help]: Transform data too old when converting from map to odom
[component_container_isolated-2] [ERROR] [1789770947.960815894] [tf_help]: Data time: 7s 900000000ns, Transform time: 3s 524000000ns
[component_container_isolated-2] [ERROR] [1789770948.006998451] [tf_help]: Transform data too old when converting from map to odom
[component_container_isolated-2] [ERROR] [1789770948.007035605] [tf_help]: Data time: 7s 900000000ns, Transform time: 3s 524000000ns
[component_container_isolated-2] [ERROR] [1789770948.060054385] [tf_help]: Transform data too old when converting from map to odom
[component_container_isolated-2] [ERROR] [1789770948.060097143] [tf_help]: Data time: 7s 900000000ns, Transform time: 3s 524000000ns
[component_container_isolated-2] [ERROR] [1789770948.111991546] [tf_help]: Transform data too old when converting from map to odom
[component_container_isolated-2] [ERROR] [1789770948.112034140] [tf_help]: Data time: 7s 900000000ns, Transform time: 3s 524000000ns
[component_container_isolated-2] [ERROR] [1789770948.161240034] [tf_help]: Transform data too old when converting from map to odom
[component_container_isolated-2] [ERROR] [1789770948.161269170] [tf_help]: Data time: 7s 900000000ns, Transform time: 3s 524000000ns
[component_container_isolated-2] [ERROR] [1789770948.209304391] [tf_help]: Transform data too old when converting from map to odom
[component_container_isolated-2] [ERROR] [1789770948.209347137] [tf_help]: Data time: 7s 900000000ns, Transform time: 3s 524000000ns
[component_container_isolated-2] [ERROR] [1789770948.261022630] [tf_help]: Transform data too old when converting from map to odom
[component_container_isolated-2] [ERROR] [1789770948.261064742] [tf_help]: Data time: 7s 900000000ns, Transform time: 3s 524000000ns
[component_container_isolated-2] [INFO] [1789770948.299567518] [controller_server]: Passing new path to controller.
[component_container_isolated-2] [ERROR] [1789770948.307903722] [tf_help]: Transform data too old when converting from map to odom
[component_container_isolated-2] [ERROR] [1789770948.307938102] [tf_help]: Data time: 8s 700000000ns, Transform time: 3s 524000000ns
[component_container_isolated-2] [INFO] [1789770948.351713054] [global_costmap.global_costmap]: Message Filter dropping message: frame 'front_lidar_1' at time 8.932 for reason 'the timestamp on the message is earlier than all the data in the transform cache'
[component_container_isolated-2] [ERROR] [1789770948.358261003] [tf_help]: Transform data too old when converting from map to odom
[component_container_isolated-2] [ERROR] [1789770948.358294834] [tf_help]: Data time: 8s 700000000ns, Transform time: 3s 524000000ns
[component_container_isolated-2] [ERROR] [1789770948.411940437] [tf_help]: Transform data too old when converting from map to odom
[component_container_isolated-2] [ERROR] [1789770948.411981055] [tf_help]: Data time: 8s 700000000ns, Transform time: 3s 524000000ns
[component_container_isolated-2] [ERROR] [1789770948.458977813] [tf_help]: Transform data too old when converting from map to odom
[component_container_isolated-2] [ERROR] [1789770948.459022399] [tf_help]: Data time: 8s 700000000ns, Transform time: 3s 524000000ns
[component_container_isolated-2] [ERROR] [1789770948.509823625] [tf_help]: Transform data too old when converting from map to odom
[component_container_isolated-2] [ERROR] [1789770948.509856904] [tf_help]: Data time: 8s 700000000ns, Transform time: 3s 524000000ns
[component_container_isolated-2] [ERROR] [1789770948.555273671] [tf_help]: Transform data too old when converting from map to odom
[component_container_isolated-2] [ERROR] [1789770948.555311117] [tf_help]: Data time: 8s 700000000ns, Transform time: 3s 524000000ns
[component_container_isolated-2] [ERROR] [1789770948.621488620] [tf_help]: Transform data too old when converting from map to odom
[component_container_isolated-2] [ERROR] [1789770948.621583627] [tf_help]: Data time: 8s 700000000ns, Transform time: 3s 524000000ns
[component_container_isolated-2] [ERROR] [1789770948.657650188] [tf_help]: Transform data too old when converting from map to odom
[component_container_isolated-2] [ERROR] [1789770948.657685303] [tf_help]: Data time: 8s 700000000ns, Transform time: 3s 524000000ns
[component_container_isolated-2] [ERROR] [1789770948.706858008] [tf_help]: Transform data too old when converting from map to odom
[component_container_isolated-2] [ERROR] [1789770948.706897384] [tf_help]: Data time: 8s 700000000ns, Transform time: 3s 524000000ns
[component_container_isolated-2] [ERROR] [1789770948.757190017] [tf_help]: Transform data too old when converting from map to odom
[component_container_isolated-2] [ERROR] [1789770948.757226110] [tf_help]: Data time: 8s 700000000ns, Transform time: 3s 524000000ns
[component_container_isolated-2] [ERROR] [1789770948.807322763] [tf_help]: Transform data too old when converting from map to odom
[component_container_isolated-2] [ERROR] [1789770948.807357056] [tf_help]: Data time: 8s 700000000ns, Transform time: 3s 524000000ns
[component_container_isolated-2] [ERROR] [1789770948.854520985] [tf_help]: Transform data too old when converting from map to odom
[component_container_isolated-2] [ERROR] [1789770948.854557387] [tf_help]: Data time: 8s 700000000ns, Transform time: 3s 524000000ns
[component_container_isolated-2] [ERROR] [1789770948.910119743] [tf_help]: Transform data too old when converting from map to odom
[component_container_isolated-2] [ERROR] [1789770948.910180355] [tf_help]: Data time: 8s 700000000ns, Transform time: 3s 524000000ns
[component_container_isolated-2] [ERROR] [1789770948.968338686] [tf_help]: Transform data too old when converting from map to odom
[component_container_isolated-2] [ERROR] [1789770948.968398493] [tf_help]: Data time: 8s 700000000ns, Transform time: 3s 524000000ns
[component_container_isolated-2] [ERROR] [1789770949.011786547] [tf_help]: Transform data too old when converting from map to odom
[component_container_isolated-2] [ERROR] [1789770949.011837496] [tf_help]: Data time: 8s 700000000ns, Transform time: 3s 524000000ns
[component_container_isolated-2] [ERROR] [1789770949.061179303] [tf_help]: Transform data too old when converting from map to odom
[component_container_isolated-2] [ERROR] [1789770949.061229695] [tf_help]: Data time: 8s 700000000ns, Transform time: 3s 524000000ns
[component_container_isolated-2] [ERROR] [1789770949.106016787] [tf_help]: Transform data too old when converting from map to odom
[component_container_isolated-2] [ERROR] [1789770949.106053342] [tf_help]: Data time: 8s 700000000ns, Transform time: 3s 524000000ns
[component_container_isolated-2] [ERROR] [1789770949.155061811] [tf_help]: Transform data too old when converting from map to odom
[component_container_isolated-2] [ERROR] [1789770949.155092783] [tf_help]: Data time: 8s 700000000ns, Transform time: 3s 524000000ns
[component_container_isolated-2] [ERROR] [1789770949.206777942] [tf_help]: Transform data too old when converting from map to odom
[component_container_isolated-2] [ERROR] [1789770949.206806499] [tf_help]: Data time: 8s 700000000ns, Transform time: 3s 524000000ns
[component_container_isolated-2] [ERROR] [1789770949.255002806] [tf_help]: Transform data too old when converting from map to odom
[component_container_isolated-2] [ERROR] [1789770949.255045974] [tf_help]: Data time: 8s 700000000ns, Transform time: 3s 524000000ns
[component_container_isolated-2] [ERROR] [1789770949.304986553] [tf_help]: Transform data too old when converting from map to odom
[component_container_isolated-2] [ERROR] [1789770949.305032890] [tf_help]: Data time: 8s 700000000ns, Transform time: 3s 524000000ns
[component_container_isolated-2] [INFO] [1789770949.349559759] [controller_server]: Passing new path to controller.
[component_container_isolated-2] [ERROR] [1789770949.354940275] [tf_help]: Transform data too old when converting from map to odom
[component_container_isolated-2] [ERROR] [1789770949.354967691] [tf_help]: Data time: 9s 800000000ns, Transform time: 3s 524000000ns
[component_container_isolated-2] [ERROR] [1789770949.408098737] [tf_help]: Transform data too old when converting from map to odom
[component_container_isolated-2] [ERROR] [1789770949.408131572] [tf_help]: Data time: 9s 800000000ns, Transform time: 3s 524000000ns
[component_container_isolated-2] [ERROR] [1789770949.457617337] [tf_help]: Transform data too old when converting from map to odom
[component_container_isolated-2] [ERROR] [1789770949.457648288] [tf_help]: Data time: 9s 800000000ns, Transform time: 3s 524000000ns
[ground_truth_localizer-1] [INFO] [1789770949.498566380] [ground_truth_localizer]: last 10 s: ground truth msgs 256, map->odom published 256 (251 via latest odom TF)
[component_container_isolated-2] [ERROR] [1789770949.505910942] [tf_help]: Transform data too old when converting from map to odom
[component_container_isolated-2] [ERROR] [1789770949.505947932] [tf_help]: Data time: 9s 800000000ns, Transform time: 3s 524000000ns
[component_container_isolated-2] [ERROR] [1789770949.555087546] [tf_help]: Transform data too old when converting from map to odom
[component_container_isolated-2] [ERROR] [1789770949.555121685] [tf_help]: Data time: 9s 800000000ns, Transform time: 3s 524000000ns
[component_container_isolated-2] [ERROR] [1789770949.611394662] [tf_help]: Transform data too old when converting from map to odom
[component_container_isolated-2] [ERROR] [1789770949.611428704] [tf_help]: Data time: 9s 800000000ns, Transform time: 3s 524000000ns
[component_container_isolated-2] [ERROR] [1789770949.660512788] [tf_help]: Transform data too old when converting from map to odom
[component_container_isolated-2] [ERROR] [1789770949.660544254] [tf_help]: Data time: 9s 800000000ns, Transform time: 3s 524000000ns
[component_container_isolated-2] [ERROR] [1789770949.708023256] [tf_help]: Transform data too old when converting from map to odom
[component_container_isolated-2] [ERROR] [1789770949.708057804] [tf_help]: Data time: 9s 800000000ns, Transform time: 3s 524000000ns
[component_container_isolated-2] [ERROR] [1789770949.759248946] [tf_help]: Transform data too old when converting from map to odom
[component_container_isolated-2] [ERROR] [1789770949.759279906] [tf_help]: Data time: 9s 800000000ns, Transform time: 3s 524000000ns
[component_container_isolated-2] [ERROR] [1789770949.807381725] [tf_help]: Transform data too old when converting from map to odom
[component_container_isolated-2] [ERROR] [1789770949.807411460] [tf_help]: Data time: 9s 800000000ns, Transform time: 3s 524000000ns
[component_container_isolated-2] [ERROR] [1789770949.859537997] [tf_help]: Transform data too old when converting from map to odom
[component_container_isolated-2] [ERROR] [1789770949.859575855] [tf_help]: Data time: 9s 800000000ns, Transform time: 3s 524000000ns
[component_container_isolated-2] [ERROR] [1789770949.910026286] [tf_help]: Transform data too old when converting from map to odom
[component_container_isolated-2] [ERROR] [1789770949.910068506] [tf_help]: Data time: 9s 800000000ns, Transform time: 3s 524000000ns
[component_container_isolated-2] [ERROR] [1789770949.957456353] [tf_help]: Transform data too old when converting from map to odom
[component_container_isolated-2] [ERROR] [1789770949.957494540] [tf_help]: Data time: 9s 800000000ns, Transform time: 3s 524000000ns
[component_container_isolated-2] [ERROR] [1789770950.014739362] [tf_help]: Transform data too old when converting from map to odom
[component_container_isolated-2] [ERROR] [1789770950.014789887] [tf_help]: Data time: 9s 800000000ns, Transform time: 3s 524000000ns
[component_container_isolated-2] [ERROR] [1789770950.060457489] [tf_help]: Transform data too old when converting from map to odom
[component_container_isolated-2] [ERROR] [1789770950.060494583] [tf_help]: Data time: 9s 800000000ns, Transform time: 3s 524000000ns
[component_container_isolated-2] [ERROR] [1789770950.107300508] [tf_help]: Transform data too old when converting from map to odom
[component_container_isolated-2] [ERROR] [1789770950.107341227] [tf_help]: Data time: 9s 800000000ns, Transform time: 3s 524000000ns
[component_container_isolated-2] [ERROR] [1789770950.156823058] [tf_help]: Transform data too old when converting from map to odom
[component_container_isolated-2] [ERROR] [1789770950.156852643] [tf_help]: Data time: 9s 800000000ns, Transform time: 3s 524000000ns
[component_container_isolated-2] [ERROR] [1789770950.207706936] [tf_help]: Transform data too old when converting from map to odom
[component_container_isolated-2] [ERROR] [1789770950.207734168] [tf_help]: Data time: 9s 800000000ns, Transform time: 3s 524000000ns
[component_container_isolated-2] [ERROR] [1789770950.261803786] [tf_help]: Transform data too old when converting from map to odom
[component_container_isolated-2] [ERROR] [1789770950.261853286] [tf_help]: Data time: 9s 800000000ns, Transform time: 3s 524000000ns
[component_container_isolated-2] [ERROR] [1789770950.310636530] [tf_help]: Transform data too old when converting from map to odom
[component_container_isolated-2] [ERROR] [1789770950.310679347] [tf_help]: Data time: 9s 800000000ns, Transform time: 3s 524000000ns
[component_container_isolated-2] [INFO] [1789770950.349558829] [controller_server]: Passing new path to controller.
[component_container_isolated-2] [ERROR] [1789770950.356666757] [tf_help]: Transform data too old when converting from map to odom
[component_container_isolated-2] [ERROR] [1789770950.356697967] [tf_help]: Data time: 10s 700000000ns, Transform time: 3s 524000000ns
[component_container_isolated-2] [ERROR] [1789770950.406627864] [tf_help]: Transform data too old when converting from map to odom
[component_container_isolated-2] [ERROR] [1789770950.406665849] [tf_help]: Data time: 10s 700000000ns, Transform time: 3s 524000000ns
[component_container_isolated-2] [ERROR] [1789770950.457890364] [tf_help]: Transform data too old when converting from map to odom
[component_container_isolated-2] [ERROR] [1789770950.457927098] [tf_help]: Data time: 10s 700000000ns, Transform time: 3s 524000000ns
[component_container_isolated-2] [ERROR] [1789770950.509296548] [tf_help]: Transform data too old when converting from map to odom
[component_container_isolated-2] [ERROR] [1789770950.509326947] [tf_help]: Data time: 10s 700000000ns, Transform time: 3s 524000000ns
[component_container_isolated-2] [ERROR] [1789770950.556700142] [tf_help]: Transform data too old when converting from map to odom
[component_container_isolated-2] [ERROR] [1789770950.556734119] [tf_help]: Data time: 10s 700000000ns, Transform time: 3s 524000000ns
[component_container_isolated-2] [ERROR] [1789770950.604699119] [tf_help]: Transform data too old when converting from map to odom
[component_container_isolated-2] [ERROR] [1789770950.604729020] [tf_help]: Data time: 10s 700000000ns, Transform time: 3s 524000000ns
[component_container_isolated-2] [ERROR] [1789770950.657856212] [tf_help]: Transform data too old when converting from map to odom
[component_container_isolated-2] [ERROR] [1789770950.657889640] [tf_help]: Data time: 10s 700000000ns, Transform time: 3s 524000000ns
[component_container_isolated-2] [ERROR] [1789770950.706092432] [tf_help]: Transform data too old when converting from map to odom
[component_container_isolated-2] [ERROR] [1789770950.706125376] [tf_help]: Data time: 10s 700000000ns, Transform time: 3s 524000000ns
[component_container_isolated-2] [ERROR] [1789770950.756236665] [tf_help]: Transform data too old when converting from map to odom
[component_container_isolated-2] [ERROR] [1789770950.756672097] [tf_help]: Data time: 10s 700000000ns, Transform time: 3s 524000000ns
[component_container_isolated-2] [ERROR] [1789770950.806352630] [tf_help]: Transform data too old when converting from map to odom
[component_container_isolated-2] [ERROR] [1789770950.806387146] [tf_help]: Data time: 10s 700000000ns, Transform time: 3s 524000000ns
[component_container_isolated-2] [ERROR] [1789770950.858501237] [tf_help]: Transform data too old when converting from map to odom
[component_container_isolated-2] [ERROR] [1789770950.858536260] [tf_help]: Data time: 10s 700000000ns, Transform time: 3s 524000000ns
[component_container_isolated-2] [ERROR] [1789770950.906525747] [tf_help]: Transform data too old when converting from map to odom
[component_container_isolated-2] [ERROR] [1789770950.906567323] [tf_help]: Data time: 10s 700000000ns, Transform time: 3s 524000000ns
[component_container_isolated-2] [ERROR] [1789770950.956914078] [tf_help]: Transform data too old when converting from map to odom
[component_container_isolated-2] [ERROR] [1789770950.956955380] [tf_help]: Data time: 10s 700000000ns, Transform time: 3s 524000000ns
[component_container_isolated-2] [ERROR] [1789770951.008144334] [tf_help]: Transform data too old when converting from map to odom
[component_container_isolated-2] [ERROR] [1789770951.008177052] [tf_help]: Data time: 10s 700000000ns, Transform time: 3s 524000000ns
[component_container_isolated-2] [ERROR] [1789770951.061207870] [tf_help]: Transform data too old when converting from map to odom
[component_container_isolated-2] [ERROR] [1789770951.061238109] [tf_help]: Data time: 10s 700000000ns, Transform time: 3s 524000000ns
[component_container_isolated-2] [ERROR] [1789770951.109306735] [tf_help]: Transform data too old when converting from map to odom
[component_container_isolated-2] [ERROR] [1789770951.109336378] [tf_help]: Data time: 10s 700000000ns, Transform time: 3s 524000000ns
[component_container_isolated-2] [ERROR] [1789770951.159706974] [tf_help]: Transform data too old when converting from map to odom
[component_container_isolated-2] [ERROR] [1789770951.159739250] [tf_help]: Data time: 10s 700000000ns, Transform time: 3s 524000000ns
[component_container_isolated-2] [ERROR] [1789770951.208506814] [tf_help]: Transform data too old when converting from map to odom
[component_container_isolated-2] [ERROR] [1789770951.208562984] [tf_help]: Data time: 10s 700000000ns, Transform time: 3s 524000000ns
[component_container_isolated-2] [ERROR] [1789770951.259143289] [tf_help]: Transform data too old when converting from map to odom
[component_container_isolated-2] [ERROR] [1789770951.259183299] [tf_help]: Data time: 10s 700000000ns, Transform time: 3s 524000000ns
[component_container_isolated-2] [ERROR] [1789770951.308158371] [tf_help]: Transform data too old when converting from map to odom
[component_container_isolated-2] [ERROR] [1789770951.308210989] [tf_help]: Data time: 10s 700000000ns, Transform time: 3s 524000000ns
[component_container_isolated-2] [ERROR] [1789770951.358406038] [tf_help]: Transform data too old when converting from map to odom
[component_container_isolated-2] [ERROR] [1789770951.358440376] [tf_help]: Data time: 10s 700000000ns, Transform time: 3s 524000000ns
[component_container_isolated-2] [WARN] [1789770951.359216668] [planner_server]: GridBased: failed to create plan with tolerance 0.50.
[component_container_isolated-2] [WARN] [1789770951.359257853] [planner_server]: Planning algorithm GridBased failed to generate a valid path to (-1.12, 9.52)
[component_container_isolated-2] [WARN] [1789770951.359274201] [planner_server]: [compute_path_to_pose] [ActionServer] Aborting handle.
[component_container_isolated-2] [INFO] [1789770951.379166592] [global_costmap.global_costmap]: Received request to clear entirely the global_costmap
[component_container_isolated-2] [ERROR] [1789770951.408939991] [tf_help]: Transform data too old when converting from map to odom
[component_container_isolated-2] [ERROR] [1789770951.408972454] [tf_help]: Data time: 10s 700000000ns, Transform time: 3s 524000000ns
[component_container_isolated-2] [ERROR] [1789770951.457007621] [tf_help]: Transform data too old when converting from map to odom
[component_container_isolated-2] [ERROR] [1789770951.457040167] [tf_help]: Data time: 10s 700000000ns, Transform time: 3s 524000000ns
[component_container_isolated-2] [ERROR] [1789770951.507194582] [tf_help]: Transform data too old when converting from map to odom
[component_container_isolated-2] [ERROR] [1789770951.507225966] [tf_help]: Data time: 10s 700000000ns, Transform time: 3s 524000000ns
[component_container_isolated-2] [ERROR] [1789770951.557495449] [tf_help]: Transform data too old when converting from map to odom
[component_container_isolated-2] [ERROR] [1789770951.557524668] [tf_help]: Data time: 10s 700000000ns, Transform time: 3s 524000000ns
[component_container_isolated-2] [ERROR] [1789770951.607067199] [tf_help]: Transform data too old when converting from map to odom
[component_container_isolated-2] [ERROR] [1789770951.607099831] [tf_help]: Data time: 10s 700000000ns, Transform time: 3s 524000000ns
[component_container_isolated-2] [ERROR] [1789770951.656221176] [tf_help]: Transform data too old when converting from map to odom
[component_container_isolated-2] [ERROR] [1789770951.656256956] [tf_help]: Data time: 10s 700000000ns, Transform time: 3s 524000000ns
[component_container_isolated-2] [ERROR] [1789770951.706489016] [tf_help]: Transform data too old when converting from map to odom
[component_container_isolated-2] [ERROR] [1789770951.706522679] [tf_help]: Data time: 10s 700000000ns, Transform time: 3s 524000000ns
[component_container_isolated-2] [ERROR] [1789770951.757274226] [tf_help]: Transform data too old when converting from map to odom
[component_container_isolated-2] [ERROR] [1789770951.757305261] [tf_help]: Data time: 10s 700000000ns, Transform time: 3s 524000000ns
[component_container_isolated-2] [ERROR] [1789770951.806124341] [tf_help]: Transform data too old when converting from map to odom
[component_container_isolated-2] [ERROR] [1789770951.806155217] [tf_help]: Data time: 10s 700000000ns, Transform time: 3s 524000000ns
[component_container_isolated-2] [ERROR] [1789770951.860692385] [tf_help]: Transform data too old when converting from map to odom
[component_container_isolated-2] [ERROR] [1789770951.860728799] [tf_help]: Data time: 10s 700000000ns, Transform time: 3s 524000000ns
[component_container_isolated-2] [WARN] [1789770951.889723749] [planner_server]: Planner loop missed its desired rate of 20.0000 Hz. Current loop rate is 2.0000 Hz
[component_container_isolated-2] [ERROR] [1789770951.905428694] [tf_help]: Transform data too old when converting from map to odom
[component_container_isolated-2] [ERROR] [1789770951.905461485] [tf_help]: Data time: 10s 700000000ns, Transform time: 3s 524000000ns
[component_container_isolated-2] [INFO] [1789770951.949559098] [controller_server]: Passing new path to controller.
[component_container_isolated-2] [ERROR] [1789770951.956153529] [tf_help]: Transform data too old when converting from map to odom
[component_container_isolated-2] [ERROR] [1789770951.956186302] [tf_help]: Data time: 12s 200000000ns, Transform time: 3s 524000000ns
[component_container_isolated-2] [ERROR] [1789770952.005792512] [tf_help]: Transform data too old when converting from map to odom
[component_container_isolated-2] [ERROR] [1789770952.005825326] [tf_help]: Data time: 12s 200000000ns, Transform time: 3s 524000000ns
[component_container_isolated-2] [ERROR] [1789770952.055553201] [tf_help]: Transform data too old when converting from map to odom
[component_container_isolated-2] [ERROR] [1789770952.055584729] [tf_help]: Data time: 12s 200000000ns, Transform time: 3s 524000000ns
[component_container_isolated-2] [ERROR] [1789770952.106065707] [tf_help]: Transform data too old when converting from map to odom
[component_container_isolated-2] [ERROR] [1789770952.106108555] [tf_help]: Data time: 12s 200000000ns, Transform time: 3s 524000000ns
[component_container_isolated-2] [ERROR] [1789770952.155955479] [tf_help]: Transform data too old when converting from map to odom
[component_container_isolated-2] [ERROR] [1789770952.155985498] [tf_help]: Data time: 12s 200000000ns, Transform time: 3s 524000000ns
[component_container_isolated-2] [ERROR] [1789770952.207363999] [tf_help]: Transform data too old when converting from map to odom
[component_container_isolated-2] [ERROR] [1789770952.207394815] [tf_help]: Data time: 12s 200000000ns, Transform time: 3s 524000000ns
[component_container_isolated-2] [ERROR] [1789770952.256574733] [tf_help]: Transform data too old when converting from map to odom
[component_container_isolated-2] [ERROR] [1789770952.256603250] [tf_help]: Data time: 12s 200000000ns, Transform time: 3s 524000000ns
[component_container_isolated-2] [ERROR] [1789770952.306440718] [tf_help]: Transform data too old when converting from map to odom
[component_container_isolated-2] [ERROR] [1789770952.306470408] [tf_help]: Data time: 12s 200000000ns, Transform time: 3s 524000000ns
[component_container_isolated-2] [ERROR] [1789770952.357906617] [tf_help]: Transform data too old when converting from map to odom
[component_container_isolated-2] [ERROR] [1789770952.357940240] [tf_help]: Data time: 12s 200000000ns, Transform time: 3s 524000000ns
[component_container_isolated-2] [ERROR] [1789770952.407589933] [tf_help]: Transform data too old when converting from map to odom
[component_container_isolated-2] [ERROR] [1789770952.407622777] [tf_help]: Data time: 12s 200000000ns, Transform time: 3s 524000000ns
[component_container_isolated-2] [ERROR] [1789770952.456997351] [tf_help]: Transform data too old when converting from map to odom
[component_container_isolated-2] [ERROR] [1789770952.457027410] [tf_help]: Data time: 12s 200000000ns, Transform time: 3s 524000000ns
[component_container_isolated-2] [ERROR] [1789770952.507079138] [tf_help]: Transform data too old when converting from map to odom
[component_container_isolated-2] [ERROR] [1789770952.507109988] [tf_help]: Data time: 12s 200000000ns, Transform time: 3s 524000000ns
[component_container_isolated-2] [ERROR] [1789770952.556873201] [tf_help]: Transform data too old when converting from map to odom
[component_container_isolated-2] [ERROR] [1789770952.556904532] [tf_help]: Data time: 12s 200000000ns, Transform time: 3s 524000000ns
[component_container_isolated-2] [ERROR] [1789770952.607099412] [tf_help]: Transform data too old when converting from map to odom
[component_container_isolated-2] [ERROR] [1789770952.607127658] [tf_help]: Data time: 12s 200000000ns, Transform time: 3s 524000000ns
[component_container_isolated-2] [ERROR] [1789770952.655911381] [tf_help]: Transform data too old when converting from map to odom
[component_container_isolated-2] [ERROR] [1789770952.655943491] [tf_help]: Data time: 12s 200000000ns, Transform time: 3s 524000000ns
[component_container_isolated-2] [ERROR] [1789770952.707778950] [tf_help]: Transform data too old when converting from map to odom
[component_container_isolated-2] [ERROR] [1789770952.707812463] [tf_help]: Data time: 12s 200000000ns, Transform time: 3s 524000000ns
[component_container_isolated-2] [ERROR] [1789770952.757700821] [tf_help]: Transform data too old when converting from map to odom
[component_container_isolated-2] [ERROR] [1789770952.757732206] [tf_help]: Data time: 12s 200000000ns, Transform time: 3s 524000000ns
[component_container_isolated-2] [ERROR] [1789770952.807568847] [tf_help]: Transform data too old when converting from map to odom
[component_container_isolated-2] [ERROR] [1789770952.807599464] [tf_help]: Data time: 12s 200000000ns, Transform time: 3s 524000000ns
[component_container_isolated-2] [ERROR] [1789770952.867150474] [tf_help]: Transform data too old when converting from map to odom
[component_container_isolated-2] [ERROR] [1789770952.867194450] [tf_help]: Data time: 12s 200000000ns, Transform time: 3s 524000000ns
[component_container_isolated-2] [ERROR] [1789770952.909803202] [tf_help]: Transform data too old when converting from map to odom
[component_container_isolated-2] [ERROR] [1789770952.909837526] [tf_help]: Data time: 12s 200000000ns, Transform time: 3s 524000000ns
[component_container_isolated-2] [INFO] [1789770952.949558216] [controller_server]: Passing new path to controller.
[component_container_isolated-2] [ERROR] [1789770952.962402993] [tf_help]: Transform data too old when converting from map to odom
[component_container_isolated-2] [ERROR] [1789770952.962441649] [tf_help]: Data time: 13s 200000000ns, Transform time: 3s 524000000ns
[component_container_isolated-2] [ERROR] [1789770953.012846806] [tf_help]: Transform data too old when converting from map to odom
[component_container_isolated-2] [ERROR] [1789770953.012876625] [tf_help]: Data time: 13s 200000000ns, Transform time: 3s 524000000ns
[component_container_isolated-2] [ERROR] [1789770953.066313888] [tf_help]: Transform data too old when converting from map to odom
[component_container_isolated-2] [ERROR] [1789770953.066346336] [tf_help]: Data time: 13s 200000000ns, Transform time: 3s 524000000ns
[component_container_isolated-2] [ERROR] [1789770953.114075974] [tf_help]: Transform data too old when converting from map to odom
[component_container_isolated-2] [ERROR] [1789770953.114107136] [tf_help]: Data time: 13s 200000000ns, Transform time: 3s 524000000ns
[component_container_isolated-2] [ERROR] [1789770953.166874159] [tf_help]: Transform data too old when converting from map to odom
[component_container_isolated-2] [ERROR] [1789770953.166913303] [tf_help]: Data time: 13s 200000000ns, Transform time: 3s 524000000ns
[component_container_isolated-2] [ERROR] [1789770953.211592698] [tf_help]: Transform data too old when converting from map to odom
[component_container_isolated-2] [ERROR] [1789770953.211625168] [tf_help]: Data time: 13s 200000000ns, Transform time: 3s 524000000ns
[component_container_isolated-2] [ERROR] [1789770953.262752835] [tf_help]: Transform data too old when converting from map to odom
[component_container_isolated-2] [ERROR] [1789770953.262783454] [tf_help]: Data time: 13s 200000000ns, Transform time: 3s 524000000ns
[component_container_isolated-2] [ERROR] [1789770953.312655552] [tf_help]: Transform data too old when converting from map to odom
[component_container_isolated-2] [ERROR] [1789770953.312690461] [tf_help]: Data time: 13s 200000000ns, Transform time: 3s 524000000ns
[component_container_isolated-2] [ERROR] [1789770953.364145717] [tf_help]: Transform data too old when converting from map to odom
[component_container_isolated-2] [ERROR] [1789770953.364181424] [tf_help]: Data time: 13s 200000000ns, Transform time: 3s 524000000ns
[component_container_isolated-2] [ERROR] [1789770953.419152503] [tf_help]: Transform data too old when converting from map to odom
[component_container_isolated-2] [ERROR] [1789770953.419183343] [tf_help]: Data time: 13s 200000000ns, Transform time: 3s 524000000ns
[component_container_isolated-2] [ERROR] [1789770953.468982488] [tf_help]: Transform data too old when converting from map to odom
[component_container_isolated-2] [ERROR] [1789770953.469011951] [tf_help]: Data time: 13s 200000000ns, Transform time: 3s 524000000ns
[component_container_isolated-2] [ERROR] [1789770953.517506155] [tf_help]: Transform data too old when converting from map to odom
[component_container_isolated-2] [ERROR] [1789770953.517544721] [tf_help]: Data time: 13s 200000000ns, Transform time: 3s 524000000ns
[component_container_isolated-2] [ERROR] [1789770953.571891246] [tf_help]: Transform data too old when converting from map to odom
[component_container_isolated-2] [ERROR] [1789770953.571926791] [tf_help]: Data time: 13s 200000000ns, Transform time: 3s 524000000ns
[component_container_isolated-2] [ERROR] [1789770953.618677221] [tf_help]: Transform data too old when converting from map to odom
[component_container_isolated-2] [ERROR] [1789770953.618708636] [tf_help]: Data time: 13s 200000000ns, Transform time: 3s 524000000ns
[component_container_isolated-2] [ERROR] [1789770953.668465884] [tf_help]: Transform data too old when converting from map to odom
[component_container_isolated-2] [ERROR] [1789770953.668497665] [tf_help]: Data time: 13s 200000000ns, Transform time: 3s 524000000ns
[component_container_isolated-2] [ERROR] [1789770953.718794615] [tf_help]: Transform data too old when converting from map to odom
[component_container_isolated-2] [ERROR] [1789770953.718822646] [tf_help]: Data time: 13s 200000000ns, Transform time: 3s 524000000ns
[component_container_isolated-2] [ERROR] [1789770953.767952763] [tf_help]: Transform data too old when converting from map to odom
[component_container_isolated-2] [ERROR] [1789770953.767984037] [tf_help]: Data time: 13s 200000000ns, Transform time: 3s 524000000ns
[component_container_isolated-2] [ERROR] [1789770953.819337676] [tf_help]: Transform data too old when converting from map to odom
[component_container_isolated-2] [ERROR] [1789770953.819368083] [tf_help]: Data time: 13s 200000000ns, Transform time: 3s 524000000ns
[component_container_isolated-2] [ERROR] [1789770953.869337196] [tf_help]: Transform data too old when converting from map to odom
[component_container_isolated-2] [ERROR] [1789770953.869369905] [tf_help]: Data time: 13s 200000000ns, Transform time: 3s 524000000ns
[component_container_isolated-2] [ERROR] [1789770953.919003313] [tf_help]: Transform data too old when converting from map to odom
[component_container_isolated-2] [ERROR] [1789770953.919031302] [tf_help]: Data time: 13s 200000000ns, Transform time: 3s 524000000ns
[component_container_isolated-2] [ERROR] [1789770953.969350166] [tf_help]: Transform data too old when converting from map to odom
[component_container_isolated-2] [ERROR] [1789770953.969382623] [tf_help]: Data time: 13s 200000000ns, Transform time: 3s 524000000ns
[component_container_isolated-2] [INFO] [1789770953.999665026] [controller_server]: Passing new path to controller.
[component_container_isolated-2] [ERROR] [1789770954.018162860] [tf_help]: Transform data too old when converting from map to odom
[component_container_isolated-2] [ERROR] [1789770954.018190883] [tf_help]: Data time: 14s 200000000ns, Transform time: 3s 524000000ns
[component_container_isolated-2] [ERROR] [1789770954.068207793] [tf_help]: Transform data too old when converting from map to odom
[component_container_isolated-2] [ERROR] [1789770954.068250584] [tf_help]: Data time: 14s 200000000ns, Transform time: 3s 524000000ns
[component_container_isolated-2] [ERROR] [1789770954.120940844] [tf_help]: Transform data too old when converting from map to odom
[component_container_isolated-2] [ERROR] [1789770954.120972645] [tf_help]: Data time: 14s 200000000ns, Transform time: 3s 524000000ns
[component_container_isolated-2] [ERROR] [1789770954.169238896] [tf_help]: Transform data too old when converting from map to odom
[component_container_isolated-2] [ERROR] [1789770954.169274026] [tf_help]: Data time: 14s 200000000ns, Transform time: 3s 524000000ns
[component_container_isolated-2] [ERROR] [1789770954.221497109] [tf_help]: Transform data too old when converting from map to odom
[component_container_isolated-2] [ERROR] [1789770954.221532464] [tf_help]: Data time: 14s 200000000ns, Transform time: 3s 524000000ns
[component_container_isolated-2] [ERROR] [1789770954.265387244] [tf_help]: Transform data too old when converting from map to odom
[component_container_isolated-2] [ERROR] [1789770954.265418838] [tf_help]: Data time: 14s 200000000ns, Transform time: 3s 524000000ns
[component_container_isolated-2] [ERROR] [1789770954.315206936] [tf_help]: Transform data too old when converting from map to odom
[component_container_isolated-2] [ERROR] [1789770954.315239806] [tf_help]: Data time: 14s 200000000ns, Transform time: 3s 524000000ns
[component_container_isolated-2] [ERROR] [1789770954.365492985] [tf_help]: Transform data too old when converting from map to odom
[component_container_isolated-2] [ERROR] [1789770954.365535624] [tf_help]: Data time: 14s 200000000ns, Transform time: 3s 524000000ns
[component_container_isolated-2] [ERROR] [1789770954.415107101] [tf_help]: Transform data too old when converting from map to odom
[component_container_isolated-2] [ERROR] [1789770954.415178725] [tf_help]: Data time: 14s 200000000ns, Transform time: 3s 524000000ns
[component_container_isolated-2] [ERROR] [1789770954.465913109] [tf_help]: Transform data too old when converting from map to odom
[component_container_isolated-2] [ERROR] [1789770954.465956343] [tf_help]: Data time: 14s 200000000ns, Transform time: 3s 524000000ns
[component_container_isolated-2] [ERROR] [1789770954.514657563] [tf_help]: Transform data too old when converting from map to odom
[component_container_isolated-2] [ERROR] [1789770954.514693217] [tf_help]: Data time: 14s 200000000ns, Transform time: 3s 524000000ns
[component_container_isolated-2] [ERROR] [1789770954.567942533] [tf_help]: Transform data too old when converting from map to odom
[component_container_isolated-2] [ERROR] [1789770954.567974005] [tf_help]: Data time: 14s 200000000ns, Transform time: 3s 524000000ns
[component_container_isolated-2] [ERROR] [1789770954.612918956] [tf_help]: Transform data too old when converting from map to odom
[component_container_isolated-2] [ERROR] [1789770954.612951084] [tf_help]: Data time: 14s 200000000ns, Transform time: 3s 524000000ns
[component_container_isolated-2] [ERROR] [1789770954.661930021] [tf_help]: Transform data too old when converting from map to odom
[component_container_isolated-2] [ERROR] [1789770954.661959760] [tf_help]: Data time: 14s 200000000ns, Transform time: 3s 524000000ns
[component_container_isolated-2] [ERROR] [1789770954.712193815] [tf_help]: Transform data too old when converting from map to odom
[component_container_isolated-2] [ERROR] [1789770954.712241651] [tf_help]: Data time: 14s 200000000ns, Transform time: 3s 524000000ns
[component_container_isolated-2] [ERROR] [1789770954.764140310] [tf_help]: Transform data too old when converting from map to odom
[component_container_isolated-2] [ERROR] [1789770954.764180365] [tf_help]: Data time: 14s 200000000ns, Transform time: 3s 524000000ns
[component_container_isolated-2] [ERROR] [1789770954.808418004] [tf_help]: Transform data too old when converting from map to odom
[component_container_isolated-2] [ERROR] [1789770954.808455659] [tf_help]: Data time: 14s 200000000ns, Transform time: 3s 524000000ns
[component_container_isolated-2] [ERROR] [1789770954.872051566] [tf_help]: Transform data too old when converting from map to odom
[component_container_isolated-2] [ERROR] [1789770954.872080631] [tf_help]: Data time: 14s 200000000ns, Transform time: 3s 524000000ns
[component_container_isolated-2] [ERROR] [1789770954.911437724] [tf_help]: Transform data too old when converting from map to odom
[component_container_isolated-2] [ERROR] [1789770954.911469760] [tf_help]: Data time: 14s 200000000ns, Transform time: 3s 524000000ns
[component_container_isolated-2] [ERROR] [1789770954.960457426] [tf_help]: Transform data too old when converting from map to odom
[component_container_isolated-2] [ERROR] [1789770954.960494827] [tf_help]: Data time: 14s 200000000ns, Transform time: 3s 524000000ns
[component_container_isolated-2] [INFO] [1789770954.999649216] [controller_server]: Passing new path to controller.
[component_container_isolated-2] [ERROR] [1789770955.010083107] [tf_help]: Transform data too old when converting from map to odom
[component_container_isolated-2] [ERROR] [1789770955.010118069] [tf_help]: Data time: 15s 200000000ns, Transform time: 3s 524000000ns
[component_container_isolated-2] [ERROR] [1789770955.058980522] [tf_help]: Transform data too old when converting from map to odom
[component_container_isolated-2] [ERROR] [1789770955.059011841] [tf_help]: Data time: 15s 200000000ns, Transform time: 3s 524000000ns
[component_container_isolated-2] [ERROR] [1789770955.108804646] [tf_help]: Transform data too old when converting from map to odom
[component_container_isolated-2] [ERROR] [1789770955.108835679] [tf_help]: Data time: 15s 200000000ns, Transform time: 3s 524000000ns
[component_container_isolated-2] [ERROR] [1789770955.159334483] [tf_help]: Transform data too old when converting from map to odom
[component_container_isolated-2] [ERROR] [1789770955.159366413] [tf_help]: Data time: 15s 200000000ns, Transform time: 3s 524000000ns
[component_container_isolated-2] [ERROR] [1789770955.208755523] [tf_help]: Transform data too old when converting from map to odom
[component_container_isolated-2] [ERROR] [1789770955.208790526] [tf_help]: Data time: 15s 200000000ns, Transform time: 3s 524000000ns
[component_container_isolated-2] [ERROR] [1789770955.257555572] [tf_help]: Transform data too old when converting from map to odom
[component_container_isolated-2] [ERROR] [1789770955.257588826] [tf_help]: Data time: 15s 200000000ns, Transform time: 3s 524000000ns
[component_container_isolated-2] [ERROR] [1789770955.307813044] [tf_help]: Transform data too old when converting from map to odom
[component_container_isolated-2] [ERROR] [1789770955.307844969] [tf_help]: Data time: 15s 200000000ns, Transform time: 3s 524000000ns
[component_container_isolated-2] [ERROR] [1789770955.357185247] [tf_help]: Transform data too old when converting from map to odom
[component_container_isolated-2] [ERROR] [1789770955.357216419] [tf_help]: Data time: 15s 200000000ns, Transform time: 3s 524000000ns
[component_container_isolated-2] [ERROR] [1789770955.407501087] [tf_help]: Transform data too old when converting from map to odom
[component_container_isolated-2] [ERROR] [1789770955.407531882] [tf_help]: Data time: 15s 200000000ns, Transform time: 3s 524000000ns
[component_container_isolated-2] [ERROR] [1789770955.457133681] [tf_help]: Transform data too old when converting from map to odom
[component_container_isolated-2] [ERROR] [1789770955.457165586] [tf_help]: Data time: 15s 200000000ns, Transform time: 3s 524000000ns
[component_container_isolated-2] [ERROR] [1789770955.507932410] [tf_help]: Transform data too old when converting from map to odom
[component_container_isolated-2] [ERROR] [1789770955.507970170] [tf_help]: Data time: 15s 200000000ns, Transform time: 3s 524000000ns
[component_container_isolated-2] [ERROR] [1789770955.556309287] [tf_help]: Transform data too old when converting from map to odom
[component_container_isolated-2] [ERROR] [1789770955.556343260] [tf_help]: Data time: 15s 200000000ns, Transform time: 3s 524000000ns
[component_container_isolated-2] [ERROR] [1789770955.605922934] [tf_help]: Transform data too old when converting from map to odom
[component_container_isolated-2] [ERROR] [1789770955.605955395] [tf_help]: Data time: 15s 200000000ns, Transform time: 3s 524000000ns
[component_container_isolated-2] [ERROR] [1789770955.655952428] [tf_help]: Transform data too old when converting from map to odom
[component_container_isolated-2] [ERROR] [1789770955.655984347] [tf_help]: Data time: 15s 200000000ns, Transform time: 3s 524000000ns
[component_container_isolated-2] [ERROR] [1789770955.705067711] [tf_help]: Transform data too old when converting from map to odom
[component_container_isolated-2] [ERROR] [1789770955.705099140] [tf_help]: Data time: 15s 200000000ns, Transform time: 3s 524000000ns
[component_container_isolated-2] [ERROR] [1789770955.755797164] [tf_help]: Transform data too old when converting from map to odom
[component_container_isolated-2] [ERROR] [1789770955.756473763] [tf_help]: Data time: 15s 200000000ns, Transform time: 3s 524000000ns
[component_container_isolated-2] [ERROR] [1789770955.805265546] [tf_help]: Transform data too old when converting from map to odom
[component_container_isolated-2] [ERROR] [1789770955.805299955] [tf_help]: Data time: 15s 200000000ns, Transform time: 3s 524000000ns
[component_container_isolated-2] [ERROR] [1789770955.855562985] [tf_help]: Transform data too old when converting from map to odom
[component_container_isolated-2] [ERROR] [1789770955.855594130] [tf_help]: Data time: 15s 200000000ns, Transform time: 3s 524000000ns
[component_container_isolated-2] [ERROR] [1789770955.905105802] [tf_help]: Transform data too old when converting from map to odom
[component_container_isolated-2] [ERROR] [1789770955.905138484] [tf_help]: Data time: 15s 200000000ns, Transform time: 3s 524000000ns
[component_container_isolated-2] [ERROR] [1789770955.955535298] [tf_help]: Transform data too old when converting from map to odom
[component_container_isolated-2] [ERROR] [1789770955.955569826] [tf_help]: Data time: 15s 200000000ns, Transform time: 3s 524000000ns
[component_container_isolated-2] [ERROR] [1789770956.005294120] [tf_help]: Transform data too old when converting from map to odom
[component_container_isolated-2] [ERROR] [1789770956.005337712] [tf_help]: Data time: 15s 200000000ns, Transform time: 3s 524000000ns
[component_container_isolated-2] [INFO] [1789770956.049623466] [controller_server]: Passing new path to controller.
[component_container_isolated-2] [ERROR] [1789770956.049754054] [controller_server]: Failed to make progress
[component_container_isolated-2] [WARN] [1789770956.049786930] [controller_server]: [follow_path] [ActionServer] Aborting handle.
[component_container_isolated-2] [INFO] [1789770956.079074758] [local_costmap.local_costmap]: Received request to clear entirely the local_costmap
[component_container_isolated-2] [INFO] [1789770956.080319160] [controller_server]: Received a goal, begin computing control effort.
[component_container_isolated-2] [ERROR] [1789770956.237168516] [tf_help]: Transform data too old when converting from map to odom
[component_container_isolated-2] [ERROR] [1789770956.237210918] [tf_help]: Data time: 16s 100000000ns, Transform time: 3s 524000000ns
[component_container_isolated-2] [WARN] [1789770956.237220230] [controller_server]: Control loop missed its desired rate of 20.0000Hz
[component_container_isolated-2] [ERROR] [1789770956.241452566] [tf_help]: Transform data too old when converting from map to odom
[component_container_isolated-2] [ERROR] [1789770956.241476038] [tf_help]: Data time: 16s 100000000ns, Transform time: 3s 524000000ns
[component_container_isolated-2] [ERROR] [1789770956.295929622] [tf_help]: Transform data too old when converting from map to odom
[component_container_isolated-2] [ERROR] [1789770956.295960012] [tf_help]: Data time: 16s 100000000ns, Transform time: 3s 524000000ns
[component_container_isolated-2] [ERROR] [1789770956.350275350] [tf_help]: Transform data too old when converting from map to odom
[component_container_isolated-2] [ERROR] [1789770956.350304855] [tf_help]: Data time: 16s 100000000ns, Transform time: 3s 524000000ns
[component_container_isolated-2] [ERROR] [1789770956.404808716] [tf_help]: Transform data too old when converting from map to odom
[component_container_isolated-2] [ERROR] [1789770956.404850964] [tf_help]: Data time: 16s 100000000ns, Transform time: 3s 524000000ns
[component_container_isolated-2] [ERROR] [1789770956.459742333] [tf_help]: Transform data too old when converting from map to odom
[component_container_isolated-2] [ERROR] [1789770956.459774192] [tf_help]: Data time: 16s 100000000ns, Transform time: 3s 524000000ns
[component_container_isolated-2] [ERROR] [1789770956.514216607] [tf_help]: Transform data too old when converting from map to odom
[component_container_isolated-2] [ERROR] [1789770956.514251859] [tf_help]: Data time: 16s 100000000ns, Transform time: 3s 524000000ns
[component_container_isolated-2] [ERROR] [1789770956.568668784] [tf_help]: Transform data too old when converting from map to odom
[component_container_isolated-2] [ERROR] [1789770956.568700556] [tf_help]: Data time: 16s 100000000ns, Transform time: 3s 524000000ns
[component_container_isolated-2] [ERROR] [1789770956.623071937] [tf_help]: Transform data too old when converting from map to odom
[component_container_isolated-2] [ERROR] [1789770956.623102936] [tf_help]: Data time: 16s 100000000ns, Transform time: 3s 524000000ns
[component_container_isolated-2] [ERROR] [1789770956.677707155] [tf_help]: Transform data too old when converting from map to odom
[component_container_isolated-2] [ERROR] [1789770956.677747986] [tf_help]: Data time: 16s 100000000ns, Transform time: 3s 524000000ns
[component_container_isolated-2] [ERROR] [1789770956.731962193] [tf_help]: Transform data too old when converting from map to odom
[component_container_isolated-2] [ERROR] [1789770956.731998429] [tf_help]: Data time: 16s 100000000ns, Transform time: 3s 524000000ns
[component_container_isolated-2] [ERROR] [1789770956.787618139] [tf_help]: Transform data too old when converting from map to odom
[component_container_isolated-2] [ERROR] [1789770956.787646981] [tf_help]: Data time: 16s 100000000ns, Transform time: 3s 524000000ns
[component_container_isolated-2] [ERROR] [1789770956.841414629] [tf_help]: Transform data too old when converting from map to odom
[component_container_isolated-2] [ERROR] [1789770956.841448810] [tf_help]: Data time: 16s 100000000ns, Transform time: 3s 524000000ns
[component_container_isolated-2] [ERROR] [1789770956.891758668] [tf_help]: Transform data too old when converting from map to odom
[component_container_isolated-2] [ERROR] [1789770956.891788270] [tf_help]: Data time: 16s 100000000ns, Transform time: 3s 524000000ns
[component_container_isolated-2] [ERROR] [1789770956.942176464] [tf_help]: Transform data too old when converting from map to odom
[component_container_isolated-2] [ERROR] [1789770956.942208450] [tf_help]: Data time: 16s 100000000ns, Transform time: 3s 524000000ns
[component_container_isolated-2] [ERROR] [1789770956.991662997] [tf_help]: Transform data too old when converting from map to odom
[component_container_isolated-2] [ERROR] [1789770956.991697443] [tf_help]: Data time: 16s 100000000ns, Transform time: 3s 524000000ns
[component_container_isolated-2] [WARN] [1789770957.039259077] [planner_server]: GridBased: failed to create plan with tolerance 0.50.
[component_container_isolated-2] [WARN] [1789770957.039310761] [planner_server]: Planning algorithm GridBased failed to generate a valid path to (-1.12, 9.52)
[component_container_isolated-2] [WARN] [1789770957.039326032] [planner_server]: [compute_path_to_pose] [ActionServer] Aborting handle.
[component_container_isolated-2] [ERROR] [1789770957.041816644] [tf_help]: Transform data too old when converting from map to odom
[component_container_isolated-2] [ERROR] [1789770957.041852275] [tf_help]: Data time: 16s 100000000ns, Transform time: 3s 524000000ns
[component_container_isolated-2] [INFO] [1789770957.059106015] [global_costmap.global_costmap]: Received request to clear entirely the global_costmap
[component_container_isolated-2] [ERROR] [1789770957.094897039] [tf_help]: Transform data too old when converting from map to odom
[component_container_isolated-2] [ERROR] [1789770957.094939969] [tf_help]: Data time: 16s 100000000ns, Transform time: 3s 524000000ns
[component_container_isolated-2] [ERROR] [1789770957.141914836] [tf_help]: Transform data too old when converting from map to odom
[component_container_isolated-2] [ERROR] [1789770957.141946069] [tf_help]: Data time: 16s 100000000ns, Transform time: 3s 524000000ns
[component_container_isolated-2] [ERROR] [1789770957.191541196] [tf_help]: Transform data too old when converting from map to odom
[component_container_isolated-2] [ERROR] [1789770957.191580111] [tf_help]: Data time: 16s 100000000ns, Transform time: 3s 524000000ns
[component_container_isolated-2] [ERROR] [1789770957.241513715] [tf_help]: Transform data too old when converting from map to odom
[component_container_isolated-2] [ERROR] [1789770957.241551120] [tf_help]: Data time: 16s 100000000ns, Transform time: 3s 524000000ns
[component_container_isolated-2] [ERROR] [1789770957.291786373] [tf_help]: Transform data too old when converting from map to odom
[component_container_isolated-2] [ERROR] [1789770957.291820845] [tf_help]: Data time: 16s 100000000ns, Transform time: 3s 524000000ns
[component_container_isolated-2] [ERROR] [1789770957.345225122] [tf_help]: Transform data too old when converting from map to odom
[component_container_isolated-2] [ERROR] [1789770957.345256682] [tf_help]: Data time: 16s 100000000ns, Transform time: 3s 524000000ns
[component_container_isolated-2] [ERROR] [1789770957.391815235] [tf_help]: Transform data too old when converting from map to odom
[component_container_isolated-2] [ERROR] [1789770957.391847145] [tf_help]: Data time: 16s 100000000ns, Transform time: 3s 524000000ns
[component_container_isolated-2] [ERROR] [1789770957.441628762] [tf_help]: Transform data too old when converting from map to odom
[component_container_isolated-2] [ERROR] [1789770957.441670099] [tf_help]: Data time: 16s 100000000ns, Transform time: 3s 524000000ns
[component_container_isolated-2] [ERROR] [1789770957.491656750] [tf_help]: Transform data too old when converting from map to odom
[component_container_isolated-2] [ERROR] [1789770957.491691947] [tf_help]: Data time: 16s 100000000ns, Transform time: 3s 524000000ns
[component_container_isolated-2] [ERROR] [1789770957.541481858] [tf_help]: Transform data too old when converting from map to odom
[component_container_isolated-2] [ERROR] [1789770957.541512267] [tf_help]: Data time: 16s 100000000ns, Transform time: 3s 524000000ns
[component_container_isolated-2] [ERROR] [1789770957.591418724] [tf_help]: Transform data too old when converting from map to odom
[component_container_isolated-2] [ERROR] [1789770957.591452868] [tf_help]: Data time: 16s 100000000ns, Transform time: 3s 524000000ns
[component_container_isolated-2] [ERROR] [1789770957.641857935] [tf_help]: Transform data too old when converting from map to odom
[component_container_isolated-2] [ERROR] [1789770957.641890229] [tf_help]: Data time: 16s 100000000ns, Transform time: 3s 524000000ns
[component_container_isolated-2] [ERROR] [1789770957.691656923] [tf_help]: Transform data too old when converting from map to odom
[component_container_isolated-2] [ERROR] [1789770957.691687440] [tf_help]: Data time: 16s 100000000ns, Transform time: 3s 524000000ns
[component_container_isolated-2] [ERROR] [1789770957.742965669] [tf_help]: Transform data too old when converting from map to odom
[component_container_isolated-2] [ERROR] [1789770957.742996824] [tf_help]: Data time: 16s 100000000ns, Transform time: 3s 524000000ns
[component_container_isolated-2] [ERROR] [1789770957.792428822] [tf_help]: Transform data too old when converting from map to odom
[component_container_isolated-2] [ERROR] [1789770957.792464632] [tf_help]: Data time: 16s 100000000ns, Transform time: 3s 524000000ns
[component_container_isolated-2] [ERROR] [1789770957.842525039] [tf_help]: Transform data too old when converting from map to odom
[component_container_isolated-2] [ERROR] [1789770957.842556149] [tf_help]: Data time: 16s 100000000ns, Transform time: 3s 524000000ns
[component_container_isolated-2] [WARN] [1789770957.889613531] [planner_server]: Planner loop missed its desired rate of 20.0000 Hz. Current loop rate is 1.2500 Hz
[component_container_isolated-2] [ERROR] [1789770957.891765478] [tf_help]: Transform data too old when converting from map to odom
[component_container_isolated-2] [ERROR] [1789770957.895021717] [tf_help]: Data time: 16s 100000000ns, Transform time: 3s 524000000ns
[component_container_isolated-2] [INFO] [1789770957.937312536] [controller_server]: Passing new path to controller.
[component_container_isolated-2] [ERROR] [1789770957.941516923] [tf_help]: Transform data too old when converting from map to odom
[component_container_isolated-2] [ERROR] [1789770957.941551098] [tf_help]: Data time: 17s 900000000ns, Transform time: 3s 524000000ns
[component_container_isolated-2] [ERROR] [1789770957.991738693] [tf_help]: Transform data too old when converting from map to odom
[component_container_isolated-2] [ERROR] [1789770957.991777174] [tf_help]: Data time: 17s 900000000ns, Transform time: 3s 524000000ns
[component_container_isolated-2] [ERROR] [1789770958.041346342] [tf_help]: Transform data too old when converting from map to odom
[component_container_isolated-2] [ERROR] [1789770958.041381593] [tf_help]: Data time: 17s 900000000ns, Transform time: 3s 524000000ns
[component_container_isolated-2] [ERROR] [1789770958.091826597] [tf_help]: Transform data too old when converting from map to odom
[component_container_isolated-2] [ERROR] [1789770958.091861672] [tf_help]: Data time: 17s 900000000ns, Transform time: 3s 524000000ns
[component_container_isolated-2] [ERROR] [1789770958.141504030] [tf_help]: Transform data too old when converting from map to odom
[component_container_isolated-2] [ERROR] [1789770958.141542342] [tf_help]: Data time: 17s 900000000ns, Transform time: 3s 524000000ns
[component_container_isolated-2] [ERROR] [1789770958.192705382] [tf_help]: Transform data too old when converting from map to odom
[component_container_isolated-2] [ERROR] [1789770958.192737744] [tf_help]: Data time: 17s 900000000ns, Transform time: 3s 524000000ns
[component_container_isolated-2] [ERROR] [1789770958.241413645] [tf_help]: Transform data too old when converting from map to odom
[component_container_isolated-2] [ERROR] [1789770958.241452831] [tf_help]: Data time: 17s 900000000ns, Transform time: 3s 524000000ns
[component_container_isolated-2] [ERROR] [1789770958.291984106] [tf_help]: Transform data too old when converting from map to odom
[component_container_isolated-2] [ERROR] [1789770958.292013756] [tf_help]: Data time: 17s 900000000ns, Transform time: 3s 524000000ns
[component_container_isolated-2] [ERROR] [1789770958.343098140] [tf_help]: Transform data too old when converting from map to odom
[component_container_isolated-2] [ERROR] [1789770958.343138965] [tf_help]: Data time: 17s 900000000ns, Transform time: 3s 524000000ns
[component_container_isolated-2] [ERROR] [1789770958.391454725] [tf_help]: Transform data too old when converting from map to odom
[component_container_isolated-2] [ERROR] [1789770958.391487910] [tf_help]: Data time: 17s 900000000ns, Transform time: 3s 524000000ns
[component_container_isolated-2] [ERROR] [1789770958.441353639] [tf_help]: Transform data too old when converting from map to odom
[component_container_isolated-2] [ERROR] [1789770958.441388223] [tf_help]: Data time: 17s 900000000ns, Transform time: 3s 524000000ns
[component_container_isolated-2] [ERROR] [1789770958.493100423] [tf_help]: Transform data too old when converting from map to odom
[component_container_isolated-2] [ERROR] [1789770958.493154283] [tf_help]: Data time: 17s 900000000ns, Transform time: 3s 524000000ns
[component_container_isolated-2] [ERROR] [1789770958.545895986] [tf_help]: Transform data too old when converting from map to odom
[component_container_isolated-2] [ERROR] [1789770958.545932565] [tf_help]: Data time: 17s 900000000ns, Transform time: 3s 524000000ns
[component_container_isolated-2] [ERROR] [1789770958.592085328] [tf_help]: Transform data too old when converting from map to odom
[component_container_isolated-2] [ERROR] [1789770958.592130261] [tf_help]: Data time: 17s 900000000ns, Transform time: 3s 524000000ns
[component_container_isolated-2] [ERROR] [1789770958.645832820] [tf_help]: Transform data too old when converting from map to odom
[component_container_isolated-2] [ERROR] [1789770958.645879639] [tf_help]: Data time: 17s 900000000ns, Transform time: 3s 524000000ns
[component_container_isolated-2] [ERROR] [1789770958.691913390] [tf_help]: Transform data too old when converting from map to odom
[component_container_isolated-2] [ERROR] [1789770958.691955719] [tf_help]: Data time: 17s 900000000ns, Transform time: 3s 524000000ns
[component_container_isolated-2] [ERROR] [1789770958.743565401] [tf_help]: Transform data too old when converting from map to odom
[component_container_isolated-2] [ERROR] [1789770958.743599664] [tf_help]: Data time: 17s 900000000ns, Transform time: 3s 524000000ns
[component_container_isolated-2] [ERROR] [1789770958.793704514] [tf_help]: Transform data too old when converting from map to odom
[component_container_isolated-2] [ERROR] [1789770958.793738370] [tf_help]: Data time: 17s 900000000ns, Transform time: 3s 524000000ns
[component_container_isolated-2] [ERROR] [1789770958.841588056] [tf_help]: Transform data too old when converting from map to odom
[component_container_isolated-2] [ERROR] [1789770958.841621971] [tf_help]: Data time: 17s 900000000ns, Transform time: 3s 524000000ns
[component_container_isolated-2] [ERROR] [1789770958.891720524] [tf_help]: Transform data too old when converting from map to odom
[component_container_isolated-2] [ERROR] [1789770958.891753196] [tf_help]: Data time: 17s 900000000ns, Transform time: 3s 524000000ns
[component_container_isolated-2] [WARN] [1789770958.919333776] [planner_server]: GridBased: failed to create plan with tolerance 0.50.
[component_container_isolated-2] [WARN] [1789770958.919381082] [planner_server]: Planning algorithm GridBased failed to generate a valid path to (-1.12, 9.52)
[component_container_isolated-2] [WARN] [1789770958.919397696] [planner_server]: [compute_path_to_pose] [ActionServer] Aborting handle.
[component_container_isolated-2] [INFO] [1789770958.939009249] [global_costmap.global_costmap]: Received request to clear entirely the global_costmap
[component_container_isolated-2] [ERROR] [1789770958.941468149] [tf_help]: Transform data too old when converting from map to odom
[component_container_isolated-2] [ERROR] [1789770958.941498654] [tf_help]: Data time: 17s 900000000ns, Transform time: 3s 524000000ns
[component_container_isolated-2] [ERROR] [1789770958.994325024] [tf_help]: Transform data too old when converting from map to odom
[component_container_isolated-2] [ERROR] [1789770958.994358866] [tf_help]: Data time: 17s 900000000ns, Transform time: 3s 524000000ns
[component_container_isolated-2] [ERROR] [1789770959.041494392] [tf_help]: Transform data too old when converting from map to odom
[component_container_isolated-2] [ERROR] [1789770959.041520233] [tf_help]: Data time: 17s 900000000ns, Transform time: 3s 524000000ns
[component_container_isolated-2] [ERROR] [1789770959.091561645] [tf_help]: Transform data too old when converting from map to odom
[component_container_isolated-2] [ERROR] [1789770959.091596110] [tf_help]: Data time: 17s 900000000ns, Transform time: 3s 524000000ns
[component_container_isolated-2] [ERROR] [1789770959.142979142] [tf_help]: Transform data too old when converting from map to odom
[component_container_isolated-2] [ERROR] [1789770959.143019960] [tf_help]: Data time: 17s 900000000ns, Transform time: 3s 524000000ns
[component_container_isolated-2] [ERROR] [1789770959.191966711] [tf_help]: Transform data too old when converting from map to odom
[component_container_isolated-2] [ERROR] [1789770959.192001018] [tf_help]: Data time: 17s 900000000ns, Transform time: 3s 524000000ns
[component_container_isolated-2] [ERROR] [1789770959.245694641] [tf_help]: Transform data too old when converting from map to odom
[component_container_isolated-2] [ERROR] [1789770959.245737487] [tf_help]: Data time: 17s 900000000ns, Transform time: 3s 524000000ns
[component_container_isolated-2] [ERROR] [1789770959.295261482] [tf_help]: Transform data too old when converting from map to odom
[component_container_isolated-2] [ERROR] [1789770959.295304749] [tf_help]: Data time: 17s 900000000ns, Transform time: 3s 524000000ns
[component_container_isolated-2] [ERROR] [1789770959.343626676] [tf_help]: Transform data too old when converting from map to odom
[component_container_isolated-2] [ERROR] [1789770959.343659154] [tf_help]: Data time: 17s 900000000ns, Transform time: 3s 524000000ns
[component_container_isolated-2] [ERROR] [1789770959.395908337] [tf_help]: Transform data too old when converting from map to odom
[component_container_isolated-2] [ERROR] [1789770959.395956281] [tf_help]: Data time: 17s 900000000ns, Transform time: 3s 524000000ns
[component_container_isolated-2] [ERROR] [1789770959.445112678] [tf_help]: Transform data too old when converting from map to odom
[component_container_isolated-2] [ERROR] [1789770959.445158072] [tf_help]: Data time: 17s 900000000ns, Transform time: 3s 524000000ns
[component_container_isolated-2] [ERROR] [1789770959.493757711] [tf_help]: Transform data too old when converting from map to odom
[component_container_isolated-2] [ERROR] [1789770959.493797631] [tf_help]: Data time: 17s 900000000ns, Transform time: 3s 524000000ns
[component_container_isolated-2] [ERROR] [1789770959.541432557] [tf_help]: Transform data too old when converting from map to odom
[component_container_isolated-2] [ERROR] [1789770959.541466525] [tf_help]: Data time: 17s 900000000ns, Transform time: 3s 524000000ns
[component_container_isolated-2] [ERROR] [1789770959.591377200] [tf_help]: Transform data too old when converting from map to odom
[component_container_isolated-2] [ERROR] [1789770959.591409885] [tf_help]: Data time: 17s 900000000ns, Transform time: 3s 524000000ns
[component_container_isolated-2] [ERROR] [1789770959.641588512] [tf_help]: Transform data too old when converting from map to odom
[component_container_isolated-2] [ERROR] [1789770959.641626626] [tf_help]: Data time: 17s 900000000ns, Transform time: 3s 524000000ns
[component_container_isolated-2] [ERROR] [1789770959.691960653] [tf_help]: Transform data too old when converting from map to odom
[component_container_isolated-2] [ERROR] [1789770959.691991766] [tf_help]: Data time: 17s 900000000ns, Transform time: 3s 524000000ns
[component_container_isolated-2] [ERROR] [1789770959.741973541] [tf_help]: Transform data too old when converting from map to odom
[component_container_isolated-2] [ERROR] [1789770959.742015218] [tf_help]: Data time: 17s 900000000ns, Transform time: 3s 524000000ns
[component_container_isolated-2] [ERROR] [1789770959.791890493] [tf_help]: Transform data too old when converting from map to odom
[component_container_isolated-2] [ERROR] [1789770959.791927267] [tf_help]: Data time: 17s 900000000ns, Transform time: 3s 524000000ns
[component_container_isolated-2] [ERROR] [1789770959.844966948] [tf_help]: Transform data too old when converting from map to odom
[component_container_isolated-2] [ERROR] [1789770959.844999386] [tf_help]: Data time: 17s 900000000ns, Transform time: 3s 524000000ns
[component_container_isolated-2] [WARN] [1789770959.889699218] [planner_server]: Planner loop missed its desired rate of 20.0000 Hz. Current loop rate is 1.1111 Hz
[component_container_isolated-2] [ERROR] [1789770959.892416713] [tf_help]: Transform data too old when converting from map to odom
[component_container_isolated-2] [ERROR] [1789770959.892449244] [tf_help]: Data time: 17s 900000000ns, Transform time: 3s 524000000ns
[component_container_isolated-2] [INFO] [1789770959.937279179] [controller_server]: Passing new path to controller.
[component_container_isolated-2] [ERROR] [1789770959.937446272] [controller_server]: Resulting plan has 0 poses in it.
[component_container_isolated-2] [WARN] [1789770959.937475598] [controller_server]: [follow_path] [ActionServer] Aborting handle.
[component_container_isolated-2] [INFO] [1789770959.959053604] [local_costmap.local_costmap]: Received request to clear entirely the local_costmap
[component_container_isolated-2] [INFO] [1789770959.959357637] [global_costmap.global_costmap]: Received request to clear entirely the global_costmap
[ground_truth_localizer-1] [INFO] [1789770960.017036801] [ground_truth_localizer]: last 10 s: ground truth msgs 294, map->odom published 294 (285 via latest odom TF)
[component_container_isolated-2] [WARN] [1789770960.889839650] [planner_server]: Planner loop missed its desired rate of 20.0000 Hz. Current loop rate is 1.1111 Hz
[component_container_isolated-2] [INFO] [1789770960.909280482] [controller_server]: Received a goal, begin computing control effort.
[component_container_isolated-2] [ERROR] [1789770960.909420546] [controller_server]: Resulting plan has 0 poses in it.
[component_container_isolated-2] [WARN] [1789770960.909497199] [controller_server]: [follow_path] [ActionServer] Aborting handle.
[component_container_isolated-2] [INFO] [1789770960.929130321] [local_costmap.local_costmap]: Received request to clear entirely the local_costmap
[component_container_isolated-2] [INFO] [1789770960.929715548] [controller_server]: Received a goal, begin computing control effort.
[component_container_isolated-2] [ERROR] [1789770961.029914431] [controller_server]: Resulting plan has 0 poses in it.
[component_container_isolated-2] [WARN] [1789770961.030004559] [controller_server]: [follow_path] [ActionServer] Aborting handle.
[component_container_isolated-2] [INFO] [1789770961.049202164] [behavior_server]: Running spin
[component_container_isolated-2] [INFO] [1789770961.049313644] [behavior_server]: Turning 1.57 for spin behavior.
[component_container_isolated-2] [ERROR] [1789770961.149594176] [behavior_server]: Pose Goes Off Grid.
[component_container_isolated-2] [WARN] [1789770961.149688048] [behavior_server]: Collision Ahead - Exiting Spin
[component_container_isolated-2] [WARN] [1789770961.149702030] [behavior_server]: spin failed
[component_container_isolated-2] [WARN] [1789770961.149718147] [behavior_server]: [spin] [ActionServer] Aborting handle.
[component_container_isolated-2] [INFO] [1789770961.179272737] [behavior_server]: Running wait
[component_container_isolated-2] [INFO] [1789770966.179413765] [behavior_server]: wait completed successfully
[component_container_isolated-2] [INFO] [1789770966.229233661] [controller_server]: Received a goal, begin computing control effort.
[component_container_isolated-2] [INFO] [1789770966.233614216] [controller_server]: Optimizer reset
[component_container_isolated-2] [ERROR] [1789770966.233710313] [controller_server]: Resulting plan has 0 poses in it.
[component_container_isolated-2] [WARN] [1789770966.233806883] [controller_server]: [follow_path] [ActionServer] Aborting handle.
[component_container_isolated-2] [INFO] [1789770966.249024344] [local_costmap.local_costmap]: Received request to clear entirely the local_costmap
[component_container_isolated-2] [INFO] [1789770966.249344175] [controller_server]: Received a goal, begin computing control effort.
[component_container_isolated-2] [ERROR] [1789770966.429612302] [controller_server]: Resulting plan has 0 poses in it.
[component_container_isolated-2] [WARN] [1789770966.429683550] [controller_server]: [follow_path] [ActionServer] Aborting handle.
[component_container_isolated-2] [INFO] [1789770966.449462491] [behavior_server]: Running backup
[component_container_isolated-2] [INFO] [1789770966.449575841] [behavior_server]: DriveOnHeading: no acceleration or deceleration limits set
[component_container_isolated-2] [ERROR] [1789770966.449626217] [behavior_server]: Pose Goes Off Grid.
[component_container_isolated-2] [WARN] [1789770966.449662674] [behavior_server]: Collision Ahead - Exiting DriveOnHeading
[component_container_isolated-2] [WARN] [1789770966.449666264] [behavior_server]: backup failed
[component_container_isolated-2] [WARN] [1789770966.449671203] [behavior_server]: [backup] [ActionServer] Aborting handle.
[component_container_isolated-2] [INFO] [1789770966.479068804] [local_costmap.local_costmap]: Received request to clear entirely the local_costmap
[component_container_isolated-2] [INFO] [1789770966.479363416] [global_costmap.global_costmap]: Received request to clear entirely the global_costmap
[component_container_isolated-2] [WARN] [1789770966.890023859] [planner_server]: Planner loop missed its desired rate of 20.0000 Hz. Current loop rate is 2.5000 Hz
[component_container_isolated-2] [INFO] [1789770966.909318559] [controller_server]: Received a goal, begin computing control effort.
[component_container_isolated-2] [ERROR] [1789770966.909462136] [controller_server]: Resulting plan has 0 poses in it.
[component_container_isolated-2] [WARN] [1789770966.909530902] [controller_server]: [follow_path] [ActionServer] Aborting handle.
[component_container_isolated-2] [INFO] [1789770966.928992620] [local_costmap.local_costmap]: Received request to clear entirely the local_costmap
[component_container_isolated-2] [INFO] [1789770966.929422673] [controller_server]: Received a goal, begin computing control effort.
[component_container_isolated-2] [ERROR] [1789770967.029596507] [controller_server]: Resulting plan has 0 poses in it.
[component_container_isolated-2] [WARN] [1789770967.029736450] [controller_server]: [follow_path] [ActionServer] Aborting handle.
[component_container_isolated-2] [INFO] [1789770967.049212460] [behavior_server]: Running spin
[component_container_isolated-2] [INFO] [1789770967.049285890] [behavior_server]: Turning 1.57 for spin behavior.
[component_container_isolated-2] [ERROR] [1789770967.149466805] [behavior_server]: Pose Goes Off Grid.
[component_container_isolated-2] [WARN] [1789770967.149530553] [behavior_server]: Collision Ahead - Exiting Spin
[component_container_isolated-2] [WARN] [1789770967.149535592] [behavior_server]: spin failed
[component_container_isolated-2] [WARN] [1789770967.149541842] [behavior_server]: [spin] [ActionServer] Aborting handle.
[component_container_isolated-2] [INFO] [1789770967.179231320] [behavior_server]: Running wait
[ground_truth_localizer-1] [INFO] [1789770970.862029960] [ground_truth_localizer]: last 10 s: ground truth msgs 295, map->odom published 295 (290 via latest odom TF)
[component_container_isolated-2] [INFO] [1789770972.179424240] [behavior_server]: wait completed successfully
[component_container_isolated-2] [INFO] [1789770972.229181854] [controller_server]: Received a goal, begin computing control effort.
[component_container_isolated-2] [INFO] [1789770972.234171778] [controller_server]: Optimizer reset
[component_container_isolated-2] [ERROR] [1789770972.234259935] [controller_server]: Resulting plan has 0 poses in it.
[component_container_isolated-2] [WARN] [1789770972.234329530] [controller_server]: [follow_path] [ActionServer] Aborting handle.
[component_container_isolated-2] [INFO] [1789770972.249110192] [local_costmap.local_costmap]: Received request to clear entirely the local_costmap
[component_container_isolated-2] [INFO] [1789770972.249435691] [controller_server]: Received a goal, begin computing control effort.
[component_container_isolated-2] [ERROR] [1789770972.429659974] [controller_server]: Resulting plan has 0 poses in it.
[component_container_isolated-2] [WARN] [1789770972.429753785] [controller_server]: [follow_path] [ActionServer] Aborting handle.
[component_container_isolated-2] [INFO] [1789770972.449184067] [behavior_server]: Running backup
[component_container_isolated-2] [ERROR] [1789770972.449336831] [behavior_server]: Pose Goes Off Grid.
[component_container_isolated-2] [WARN] [1789770972.449397384] [behavior_server]: Collision Ahead - Exiting DriveOnHeading
[component_container_isolated-2] [WARN] [1789770972.449410526] [behavior_server]: backup failed
[component_container_isolated-2] [WARN] [1789770972.449421955] [behavior_server]: [backup] [ActionServer] Aborting handle.
[component_container_isolated-2] [INFO] [1789770972.479039077] [local_costmap.local_costmap]: Received request to clear entirely the local_costmap
[component_container_isolated-2] [INFO] [1789770972.479234940] [global_costmap.global_costmap]: Received request to clear entirely the global_costmap
[component_container_isolated-2] [WARN] [1789770972.889823979] [planner_server]: Planner loop missed its desired rate of 20.0000 Hz. Current loop rate is 3.3333 Hz
[component_container_isolated-2] [INFO] [1789770972.909127655] [controller_server]: Received a goal, begin computing control effort.
[component_container_isolated-2] [ERROR] [1789770972.909251013] [controller_server]: Resulting plan has 0 poses in it.
[component_container_isolated-2] [WARN] [1789770972.909316278] [controller_server]: [follow_path] [ActionServer] Aborting handle.
[component_container_isolated-2] [INFO] [1789770972.929065286] [local_costmap.local_costmap]: Received request to clear entirely the local_costmap
[component_container_isolated-2] [INFO] [1789770972.929480802] [controller_server]: Received a goal, begin computing control effort.
[component_container_isolated-2] [ERROR] [1789770973.029695112] [controller_server]: Resulting plan has 0 poses in it.
[component_container_isolated-2] [WARN] [1789770973.029796113] [controller_server]: [follow_path] [ActionServer] Aborting handle.
[component_container_isolated-2] [INFO] [1789770973.049226332] [behavior_server]: Running spin
[component_container_isolated-2] [INFO] [1789770973.049306953] [behavior_server]: Turning 1.57 for spin behavior.
[component_container_isolated-2] [ERROR] [1789770973.149480230] [behavior_server]: Pose Goes Off Grid.
[component_container_isolated-2] [WARN] [1789770973.149565160] [behavior_server]: Collision Ahead - Exiting Spin
[component_container_isolated-2] [WARN] [1789770973.149580364] [behavior_server]: spin failed
[component_container_isolated-2] [WARN] [1789770973.149593981] [behavior_server]: [spin] [ActionServer] Aborting handle.
[component_container_isolated-2] [INFO] [1789770973.179217184] [behavior_server]: Running wait
[component_container_isolated-2] [INFO] [1789770978.179401399] [behavior_server]: wait completed successfully
[component_container_isolated-2] [INFO] [1789770978.229215849] [controller_server]: Received a goal, begin computing control effort.
[component_container_isolated-2] [INFO] [1789770978.233324549] [controller_server]: Optimizer reset
[component_container_isolated-2] [ERROR] [1789770978.233393978] [controller_server]: Resulting plan has 0 poses in it.
[component_container_isolated-2] [WARN] [1789770978.233434228] [controller_server]: [follow_path] [ActionServer] Aborting handle.
[component_container_isolated-2] [INFO] [1789770978.249036927] [local_costmap.local_costmap]: Received request to clear entirely the local_costmap
[component_container_isolated-2] [INFO] [1789770978.249544660] [controller_server]: Received a goal, begin computing control effort.
[component_container_isolated-2] [ERROR] [1789770978.429725304] [controller_server]: Resulting plan has 0 poses in it.
[component_container_isolated-2] [WARN] [1789770978.429839260] [controller_server]: [follow_path] [ActionServer] Aborting handle.
[component_container_isolated-2] [WARN] [1789770978.458979743] [bt_navigator]: [navigate_to_pose] [ActionServer] Aborting handle.
[component_container_isolated-2] [ERROR] [1789770978.459142906] [bt_navigator]: Goal failed
[WARNING] [launch]: user interrupted with ctrl-c (SIGINT)
[component_container_isolated-2] [INFO] [1789770978.459835417] [rclcpp]: signal_handler(SIGINT/SIGTERM)
[component_container_isolated-2] [INFO] [1789770978.459883812] [waypoint_follower]: Running Nav2 LifecycleNode rcl preshutdown (waypoint_follower)
[INFO] [ground_truth_localizer-1]: process has finished cleanly [pid 91624]
[component_container_isolated-2] [INFO] [1789770978.459938898] [waypoint_follower]: Deactivating
[component_container_isolated-2] [INFO] [1789770978.459960390] [waypoint_follower]: Destroying bond (waypoint_follower) to lifecycle manager.
[component_container_isolated-2] [INFO] [1789770978.470294392] [waypoint_follower]: Cleaning up
[component_container_isolated-2] [INFO] [1789770978.477277183] [waypoint_follower]: Destroying bond (waypoint_follower) to lifecycle manager.
[component_container_isolated-2] [INFO] [1789770978.477313436] [bt_navigator]: Running Nav2 LifecycleNode rcl preshutdown (bt_navigator)
[component_container_isolated-2] [INFO] [1789770978.477337505] [bt_navigator]: Deactivating
[component_container_isolated-2] [INFO] [1789770978.477356743] [bt_navigator]: Destroying bond (bt_navigator) to lifecycle manager.
[component_container_isolated-2] [INFO] [1789770978.487709989] [bt_navigator]: Cleaning up
[component_container_isolated-2] [INFO] [1789770978.575263176] [bt_navigator]: Completed Cleaning up
[component_container_isolated-2] [INFO] [1789770978.575296715] [bt_navigator]: Destroying bond (bt_navigator) to lifecycle manager.
[component_container_isolated-2] [INFO] [1789770978.575302649] [velocity_smoother]: Running Nav2 LifecycleNode rcl preshutdown (velocity_smoother)
[component_container_isolated-2] [INFO] [1789770978.575315025] [velocity_smoother]: Deactivating
[component_container_isolated-2] [INFO] [1789770978.575327446] [velocity_smoother]: Destroying bond (velocity_smoother) to lifecycle manager.
[component_container_isolated-2] [INFO] [1789770978.585457671] [velocity_smoother]: Cleaning up
[component_container_isolated-2] [INFO] [1789770978.585486452] [velocity_smoother]: Destroying bond (velocity_smoother) to lifecycle manager.
[component_container_isolated-2] [INFO] [1789770978.585492497] [lifecycle_manager_localization]: Running Nav2 LifecycleManager rcl preshutdown (lifecycle_manager_localization)
[component_container_isolated-2] [INFO] [1789770978.585509005] [lifecycle_manager_localization]: [34m[1mTerminating bond timer...[0m[0m
[component_container_isolated-2] [INFO] [1789770978.608697114] [planner_server]: Running Nav2 LifecycleNode rcl preshutdown (planner_server)
[component_container_isolated-2] [INFO] [1789770978.608767772] [planner_server]: Deactivating
[component_container_isolated-2] [INFO] [1789770978.608797081] [global_costmap.global_costmap]: Deactivating
[component_container_isolated-2] [INFO] [1789770978.609764415] [global_costmap.global_costmap]: stvl_global was deactivated.
[component_container_isolated-2] [INFO] [1789770978.648550866] [lifecycle_manager_navigation]: [34m[1mHave not received a heartbeat from bt_navigator.[0m[0m
[component_container_isolated-2] [ERROR] [1789770978.648585914] [lifecycle_manager_navigation]: CRITICAL FAILURE: SERVER bt_navigator IS DOWN after not receiving a heartbeat for 4000 ms. Shutting down related nodes.
[component_container_isolated-2] [INFO] [1789770978.648619730] [lifecycle_manager_navigation]: [34m[1mTerminating bond timer...[0m[0m
[component_container_isolated-2] [INFO] [1789770978.648624633] [lifecycle_manager_navigation]: [34m[1mResetting managed nodes...[0m[0m
[component_container_isolated-2] [INFO] [1789770978.648628976] [lifecycle_manager_navigation]: [34m[1mDeactivating velocity_smoother[0m[0m
[component_container_isolated-2] [WARN] [1789770978.648784681] [rcl_lifecycle]: No transition matching 4 found for current state unconfigured
[component_container_isolated-2] [WARN] [1789770978.648800703] [rcl_lifecycle]: No transition matching 4 found for current state unconfigured
[component_container_isolated-2] [ERROR] [1789770978.648812094] [velocity_smoother]: Unable to start transition 4 from current state unconfigured: Transition is not registered., at ./src/rcl_lifecycle.c:355
[component_container_isolated-2] [ERROR] [1789770978.648928682] [lifecycle_manager_navigation]: Failed to change state for node: velocity_smoother
[component_container_isolated-2] [INFO] [1789770978.648936680] [lifecycle_manager_navigation]: [34m[1mDeactivating waypoint_follower[0m[0m
[component_container_isolated-2] [WARN] [1789770978.648995083] [rcl_lifecycle]: No transition matching 4 found for current state unconfigured
[component_container_isolated-2] [WARN] [1789770978.649007848] [rcl_lifecycle]: No transition matching 4 found for current state unconfigured
[component_container_isolated-2] [ERROR] [1789770978.649014033] [waypoint_follower]: Unable to start transition 4 from current state unconfigured: Transition is not registered., at ./src/rcl_lifecycle.c:355
[component_container_isolated-2] [ERROR] [1789770978.649099122] [lifecycle_manager_navigation]: Failed to change state for node: waypoint_follower
[component_container_isolated-2] [INFO] [1789770978.649103838] [lifecycle_manager_navigation]: [34m[1mDeactivating bt_navigator[0m[0m
[component_container_isolated-2] [WARN] [1789770978.649222188] [rcl_lifecycle]: No transition matching 4 found for current state unconfigured
[component_container_isolated-2] [WARN] [1789770978.649231660] [rcl_lifecycle]: No transition matching 4 found for current state unconfigured
[component_container_isolated-2] [ERROR] [1789770978.649236942] [bt_navigator]: Unable to start transition 4 from current state unconfigured: Transition is not registered., at ./src/rcl_lifecycle.c:355
[component_container_isolated-2] [ERROR] [1789770978.649329922] [lifecycle_manager_navigation]: Failed to change state for node: bt_navigator
[component_container_isolated-2] [INFO] [1789770978.649335059] [lifecycle_manager_navigation]: [34m[1mDeactivating behavior_server[0m[0m
[component_container_isolated-2] [INFO] [1789770978.649411931] [behavior_server]: Deactivating
[component_container_isolated-2] [INFO] [1789770978.649499236] [behavior_server]: Destroying bond (behavior_server) to lifecycle manager.
[component_container_isolated-2] [INFO] [1789770978.762185281] [lifecycle_manager_navigation]: [34m[1mDeactivating planner_server[0m[0m
[component_container_isolated-2] [WARN] [1789770978.762515354] [rcl_lifecycle]: No transition matching 4 found for current state deactivating
[component_container_isolated-2] [WARN] [1789770978.762531678] [rcl_lifecycle]: No transition matching 4 found for current state deactivating
[component_container_isolated-2] [ERROR] [1789770978.762538094] [planner_server]: Unable to start transition 4 from current state deactivating: Transition is not registered., at ./src/rcl_lifecycle.c:355
[component_container_isolated-2] [ERROR] [1789770978.762678134] [lifecycle_manager_navigation]: Failed to change state for node: planner_server
[component_container_isolated-2] [INFO] [1789770978.762689591] [lifecycle_manager_navigation]: [34m[1mDeactivating smoother_server[0m[0m
[component_container_isolated-2] [INFO] [1789770978.762783232] [smoother_server]: Deactivating
[component_container_isolated-2] [INFO] [1789770978.762827842] [smoother_server]: Destroying bond (smoother_server) to lifecycle manager.
[component_container_isolated-2] [INFO] [1789770978.875512116] [lifecycle_manager_navigation]: [34m[1mDeactivating controller_server[0m[0m
[component_container_isolated-2] [INFO] [1789770978.875639875] [controller_server]: Deactivating
[component_container_isolated-2] [INFO] [1789770978.875668638] [MPPIController]: Deactivated MPPI Controller: FollowPath
[component_container_isolated-2] [INFO] [1789770978.875680617] [local_costmap.local_costmap]: Deactivating
[component_container_isolated-2] [INFO] [1789770978.875695554] [local_costmap.local_costmap]: stvl_local was deactivated.
[component_container_isolated-2] [INFO] [1789770978.885160017] [planner_server]: Deactivating plugin GridBased of type NavfnPlanner
[component_container_isolated-2] [INFO] [1789770978.885191654] [planner_server]: Destroying bond (planner_server) to lifecycle manager.
[component_container_isolated-2] [INFO] [1789770978.895453604] [planner_server]: Cleaning up
[component_container_isolated-2] [INFO] [1789770978.904013917] [global_costmap.global_costmap]: Cleaning up
[component_container_isolated-2] [INFO] [1789770979.021005116] [controller_server]: Destroying bond (controller_server) to lifecycle manager.
[component_container_isolated-2] [INFO] [1789770979.132859242] [lifecycle_manager_navigation]: [34m[1mCleaning up velocity_smoother[0m[0m
[component_container_isolated-2] [WARN] [1789770979.133011730] [rcl_lifecycle]: No transition matching 2 found for current state unconfigured
[component_container_isolated-2] [WARN] [1789770979.133027938] [rcl_lifecycle]: No transition matching 2 found for current state unconfigured
[component_container_isolated-2] [ERROR] [1789770979.133034961] [velocity_smoother]: Unable to start transition 2 from current state unconfigured: Transition is not registered., at ./src/rcl_lifecycle.c:355
[component_container_isolated-2] [INFO] [1789770979.133154212] [lifecycle_manager_navigation]: [34m[1mCleaning up waypoint_follower[0m[0m
[component_container_isolated-2] [WARN] [1789770979.133212724] [rcl_lifecycle]: No transition matching 2 found for current state unconfigured
[component_container_isolated-2] [WARN] [1789770979.133224883] [rcl_lifecycle]: No transition matching 2 found for current state unconfigured
[component_container_isolated-2] [ERROR] [1789770979.133231207] [waypoint_follower]: Unable to start transition 2 from current state unconfigured: Transition is not registered., at ./src/rcl_lifecycle.c:355
[component_container_isolated-2] [INFO] [1789770979.133321096] [lifecycle_manager_navigation]: [34m[1mCleaning up bt_navigator[0m[0m
[component_container_isolated-2] [WARN] [1789770979.133479456] [rcl_lifecycle]: No transition matching 2 found for current state unconfigured
[component_container_isolated-2] [WARN] [1789770979.133493562] [rcl_lifecycle]: No transition matching 2 found for current state unconfigured
[component_container_isolated-2] [ERROR] [1789770979.133499830] [bt_navigator]: Unable to start transition 2 from current state unconfigured: Transition is not registered., at ./src/rcl_lifecycle.c:355
[component_container_isolated-2] [INFO] [1789770979.133618456] [lifecycle_manager_navigation]: [34m[1mCleaning up behavior_server[0m[0m
[component_container_isolated-2] [INFO] [1789770979.133704236] [behavior_server]: Cleaning up
[component_container_isolated-2] [INFO] [1789770979.158565925] [lifecycle_manager_navigation]: [34m[1mCleaning up planner_server[0m[0m
[component_container_isolated-2] [WARN] [1789770979.158654707] [rcl_lifecycle]: No transition matching 2 found for current state cleaningup
[component_container_isolated-2] [WARN] [1789770979.158672328] [rcl_lifecycle]: No transition matching 2 found for current state cleaningup
[component_container_isolated-2] [ERROR] [1789770979.158675903] [planner_server]: Unable to start transition 2 from current state cleaningup: Transition is not registered., at ./src/rcl_lifecycle.c:355
[component_container_isolated-2] [ERROR] [1789770979.158754934] [lifecycle_manager_navigation]: Failed to change state for node: planner_server
[component_container_isolated-2] [INFO] [1789770979.158764441] [lifecycle_manager_navigation]: [34m[1mCleaning up smoother_server[0m[0m
[component_container_isolated-2] [INFO] [1789770979.158872185] [smoother_server]: Cleaning up
[component_container_isolated-2] [INFO] [1789770979.167963518] [lifecycle_manager_navigation]: [34m[1mCleaning up controller_server[0m[0m
[component_container_isolated-2] [INFO] [1789770979.168022490] [controller_server]: Cleaning up
[component_container_isolated-2] [INFO] [1789770979.169957903] [MPPIController]: Cleaned up MPPI Controller: FollowPath
[component_container_isolated-2] [INFO] [1789770979.170220466] [local_costmap.local_costmap]: Cleaning up
[ground_truth_localizer-1] Exception ignored in: <function TransformListener.__del__ at 0x72bfff668f70>
[ground_truth_localizer-1] Traceback (most recent call last):
[ground_truth_localizer-1]   File "/opt/ros/humble/lib/python3.10/site-packages/tf2_ros/transform_listener.py", line 119, in __del__
[ground_truth_localizer-1]     self.executor.shutdown()
[ground_truth_localizer-1]   File "/opt/ros/humble/local/lib/python3.10/dist-packages/rclpy/executors.py", line 264, in shutdown
[ground_truth_localizer-1]     self._sigint_gc.destroy()
[ground_truth_localizer-1]   File "/opt/ros/humble/local/lib/python3.10/dist-packages/rclpy/signals.py", line 65, in destroy
[ground_truth_localizer-1]     with self.handle:
[ground_truth_localizer-1] rclpy._rclpy_pybind11.InvalidHandle: cannot use Destroyable because destruction was requested
[ERROR] [component_container_isolated-2]: process[component_container_isolated-2] failed to terminate '5' seconds after receiving 'SIGINT', escalating to 'SIGTERM'
[INFO] [component_container_isolated-2]: sending signal 'SIGTERM' to process[component_container_isolated-2]
[ERROR] [component_container_isolated-2]: process[component_container_isolated-2] failed to terminate '10.0' seconds after receiving 'SIGTERM', escalating to 'SIGKILL'
[INFO] [component_container_isolated-2]: sending signal 'SIGKILL' to process[component_container_isolated-2]
[ERROR] [component_container_isolated-2]: process has died [pid 91626, exit code -9, cmd '/opt/ros/humble/lib/rclcpp_components/component_container_isolated --ros-args --log-level info --ros-args -r __node:=nav2_container --params-file /tmp/launch_params_g7l7z7g2 --params-file /tmp/launch_params_zsnfoiih -r /tf:=tf -r /tf_static:=tf_static'].
