[INFO] [launch]: All log files can be found below /home/saran/.ros/log/2026-09-19-00-44-28-202925-aorus-95511
[INFO] [launch]: Default logging verbosity is set to INFO
[INFO] [ground_truth_localizer-1]: process started with pid [95553]
[INFO] [component_container_isolated-2]: process started with pid [95555]
[component_container_isolated-2] [INFO] [1789771469.130603940] [nav2_container]: Load Library: /opt/ros/humble/lib/libcontroller_server_core.so
[component_container_isolated-2] [INFO] [1789771469.136536337] [nav2_container]: Found class: rclcpp_components::NodeFactoryTemplate<nav2_controller::ControllerServer>
[component_container_isolated-2] [INFO] [1789771469.136568100] [nav2_container]: Instantiate class: rclcpp_components::NodeFactoryTemplate<nav2_controller::ControllerServer>
[component_container_isolated-2] [INFO] [1789771469.144560773] [controller_server]: 
[component_container_isolated-2] 	controller_server lifecycle node launched. 
[component_container_isolated-2] 	Waiting on external lifecycle transitions to activate
[component_container_isolated-2] 	See https://design.ros2.org/articles/node_lifecycle.html for more information.
[component_container_isolated-2] [INFO] [1789771469.150446813] [controller_server]: Creating controller server
[component_container_isolated-2] [INFO] [1789771469.157607020] [local_costmap.local_costmap]: 
[component_container_isolated-2] 	local_costmap lifecycle node launched. 
[component_container_isolated-2] 	Waiting on external lifecycle transitions to activate
[component_container_isolated-2] 	See https://design.ros2.org/articles/node_lifecycle.html for more information.
[component_container_isolated-2] [INFO] [1789771469.158369702] [local_costmap.local_costmap]: Creating Costmap
[INFO] [launch_ros.actions.load_composable_nodes]: Loaded node '/controller_server' in container '/nav2_container'
[component_container_isolated-2] [INFO] [1789771469.159365384] [nav2_container]: Load Library: /opt/ros/humble/lib/libmap_server_core.so
[component_container_isolated-2] [INFO] [1789771469.167248174] [nav2_container]: Found class: rclcpp_components::NodeFactoryTemplate<nav2_map_server::CostmapFilterInfoServer>
[component_container_isolated-2] [INFO] [1789771469.167275723] [nav2_container]: Found class: rclcpp_components::NodeFactoryTemplate<nav2_map_server::MapSaver>
[component_container_isolated-2] [INFO] [1789771469.167279439] [nav2_container]: Found class: rclcpp_components::NodeFactoryTemplate<nav2_map_server::MapServer>
[component_container_isolated-2] [INFO] [1789771469.167282158] [nav2_container]: Instantiate class: rclcpp_components::NodeFactoryTemplate<nav2_map_server::MapServer>
[component_container_isolated-2] [INFO] [1789771469.175325421] [map_server]: 
[component_container_isolated-2] 	map_server lifecycle node launched. 
[component_container_isolated-2] 	Waiting on external lifecycle transitions to activate
[component_container_isolated-2] 	See https://design.ros2.org/articles/node_lifecycle.html for more information.
[component_container_isolated-2] [INFO] [1789771469.175385593] [map_server]: Creating
[component_container_isolated-2] [INFO] [1789771469.175889159] [nav2_container]: Load Library: /opt/ros/humble/lib/libsmoother_server_core.so
[INFO] [launch_ros.actions.load_composable_nodes]: Loaded node '/map_server' in container '/nav2_container'
[component_container_isolated-2] [INFO] [1789771469.177627816] [nav2_container]: Found class: rclcpp_components::NodeFactoryTemplate<nav2_smoother::SmootherServer>
[component_container_isolated-2] [INFO] [1789771469.177658535] [nav2_container]: Instantiate class: rclcpp_components::NodeFactoryTemplate<nav2_smoother::SmootherServer>
[component_container_isolated-2] [INFO] [1789771469.185904838] [smoother_server]: 
[component_container_isolated-2] 	smoother_server lifecycle node launched. 
[component_container_isolated-2] 	Waiting on external lifecycle transitions to activate
[component_container_isolated-2] 	See https://design.ros2.org/articles/node_lifecycle.html for more information.
[component_container_isolated-2] [INFO] [1789771469.188102199] [smoother_server]: Creating smoother server
[INFO] [launch_ros.actions.load_composable_nodes]: Loaded node '/smoother_server' in container '/nav2_container'
[component_container_isolated-2] [INFO] [1789771469.188629775] [nav2_container]: Load Library: /opt/ros/humble/lib/libamcl_core.so
[component_container_isolated-2] [INFO] [1789771469.190671164] [nav2_container]: Found class: rclcpp_components::NodeFactoryTemplate<nav2_amcl::AmclNode>
[component_container_isolated-2] [INFO] [1789771469.190699649] [nav2_container]: Instantiate class: rclcpp_components::NodeFactoryTemplate<nav2_amcl::AmclNode>
[component_container_isolated-2] [INFO] [1789771469.194960981] [amcl]: 
[component_container_isolated-2] 	amcl lifecycle node launched. 
[component_container_isolated-2] 	Waiting on external lifecycle transitions to activate
[component_container_isolated-2] 	See https://design.ros2.org/articles/node_lifecycle.html for more information.
[component_container_isolated-2] [INFO] [1789771469.195230521] [amcl]: Creating
[component_container_isolated-2] [INFO] [1789771469.196139462] [nav2_container]: Load Library: /opt/ros/humble/lib/libplanner_server_core.so
[INFO] [launch_ros.actions.load_composable_nodes]: Loaded node '/amcl' in container '/nav2_container'
[component_container_isolated-2] [INFO] [1789771469.196622915] [nav2_container]: Found class: rclcpp_components::NodeFactoryTemplate<nav2_planner::PlannerServer>
[component_container_isolated-2] [INFO] [1789771469.196631925] [nav2_container]: Instantiate class: rclcpp_components::NodeFactoryTemplate<nav2_planner::PlannerServer>
[component_container_isolated-2] [INFO] [1789771469.200361893] [planner_server]: 
[component_container_isolated-2] 	planner_server lifecycle node launched. 
[component_container_isolated-2] 	Waiting on external lifecycle transitions to activate
[component_container_isolated-2] 	See https://design.ros2.org/articles/node_lifecycle.html for more information.
[component_container_isolated-2] [INFO] [1789771469.201481379] [planner_server]: Creating
[component_container_isolated-2] [INFO] [1789771469.205792654] [global_costmap.global_costmap]: 
[component_container_isolated-2] 	global_costmap lifecycle node launched. 
[component_container_isolated-2] 	Waiting on external lifecycle transitions to activate
[component_container_isolated-2] 	See https://design.ros2.org/articles/node_lifecycle.html for more information.
[component_container_isolated-2] [INFO] [1789771469.206155356] [global_costmap.global_costmap]: Creating Costmap
[component_container_isolated-2] [INFO] [1789771469.206830076] [nav2_container]: Load Library: /opt/ros/humble/lib/libnav2_lifecycle_manager_core.so
[component_container_isolated-2] [INFO] [1789771469.207293574] [nav2_container]: Found class: rclcpp_components::NodeFactoryTemplate<nav2_lifecycle_manager::LifecycleManager>
[INFO] [launch_ros.actions.load_composable_nodes]: Loaded node '/planner_server' in container '/nav2_container'
[component_container_isolated-2] [INFO] [1789771469.207303954] [nav2_container]: Instantiate class: rclcpp_components::NodeFactoryTemplate<nav2_lifecycle_manager::LifecycleManager>
[component_container_isolated-2] [INFO] [1789771469.215025837] [lifecycle_manager_localization]: Creating
[component_container_isolated-2] [INFO] [1789771469.217401205] [lifecycle_manager_localization]: [34m[1mCreating and initializing lifecycle service clients[0m[0m
[INFO] [launch_ros.actions.load_composable_nodes]: Loaded node '/lifecycle_manager_localization' in container '/nav2_container'
[component_container_isolated-2] [INFO] [1789771469.217506792] [nav2_container]: Load Library: /opt/ros/humble/lib/libbehavior_server_core.so
[component_container_isolated-2] [INFO] [1789771469.220449602] [nav2_container]: Found class: rclcpp_components::NodeFactoryTemplate<behavior_server::BehaviorServer>
[component_container_isolated-2] [INFO] [1789771469.220480347] [nav2_container]: Instantiate class: rclcpp_components::NodeFactoryTemplate<behavior_server::BehaviorServer>
[component_container_isolated-2] [INFO] [1789771469.223185228] [lifecycle_manager_localization]: [34m[1mStarting managed nodes bringup...[0m[0m
[component_container_isolated-2] [INFO] [1789771469.223254129] [lifecycle_manager_localization]: [34m[1mConfiguring map_server[0m[0m
[component_container_isolated-2] [INFO] [1789771469.223420021] [map_server]: Configuring
[component_container_isolated-2] [INFO] [1789771469.223493514] [map_io]: Loading yaml file: /home/saran/robohouse_ws/src/BARN_dataset/scaled_1/map_files/yaml_20.yaml
[component_container_isolated-2] [INFO] [1789771469.223767140] [map_io]: resolution: 0.15
[component_container_isolated-2] [INFO] [1789771469.223782334] [map_io]: origin[0]: -4.5
[component_container_isolated-2] [INFO] [1789771469.223790408] [map_io]: origin[1]: 0
[component_container_isolated-2] [INFO] [1789771469.223796632] [map_io]: origin[2]: 0
[component_container_isolated-2] [INFO] [1789771469.223803138] [map_io]: free_thresh: 0.5
[component_container_isolated-2] [INFO] [1789771469.223809714] [map_io]: occupied_thresh: 0.5
[component_container_isolated-2] [INFO] [1789771469.223817211] [map_io]: mode: trinary
[component_container_isolated-2] [INFO] [1789771469.223824264] [map_io]: negate: 0
[component_container_isolated-2] [INFO] [1789771469.224019014] [map_io]: Loading image_file: /home/saran/robohouse_ws/src/BARN_dataset/scaled_1/map_files/map_pgm_20.pgm
[component_container_isolated-2] [INFO] [1789771469.224472289] [map_io]: Read map /home/saran/robohouse_ws/src/BARN_dataset/scaled_1/map_files/map_pgm_20.pgm: 30 X 78 map @ 0.15 m/cell
[component_container_isolated-2] [INFO] [1789771469.228589619] [lifecycle_manager_localization]: [34m[1mConfiguring amcl[0m[0m
[component_container_isolated-2] [INFO] [1789771469.228646119] [amcl]: Configuring
[component_container_isolated-2] [INFO] [1789771469.228701769] [amcl]: initTransforms
[ground_truth_localizer-1] [INFO] [1789771469.231558073] [ground_truth_localizer]: publishing map->odom from /ground_truth/odom (AMCL tf_broadcast must be false)
[component_container_isolated-2] [INFO] [1789771469.233336595] [behavior_server]: 
[component_container_isolated-2] 	behavior_server lifecycle node launched. 
[component_container_isolated-2] 	Waiting on external lifecycle transitions to activate
[component_container_isolated-2] 	See https://design.ros2.org/articles/node_lifecycle.html for more information.
[component_container_isolated-2] [INFO] [1789771469.233902361] [amcl]: initPubSub
[INFO] [launch_ros.actions.load_composable_nodes]: Loaded node '/behavior_server' in container '/nav2_container'
[component_container_isolated-2] [INFO] [1789771469.235393500] [amcl]: Subscribed to map topic.
[component_container_isolated-2] [INFO] [1789771469.236773698] [lifecycle_manager_localization]: [34m[1mActivating map_server[0m[0m
[component_container_isolated-2] [INFO] [1789771469.236874633] [map_server]: Activating
[component_container_isolated-2] [INFO] [1789771469.236918180] [map_server]: Creating bond (map_server) to lifecycle manager.
[component_container_isolated-2] [INFO] [1789771469.236941943] [amcl]: Received a 30 X 78 map @ 0.150 m/pix
[component_container_isolated-2] [INFO] [1789771469.237189126] [nav2_container]: Load Library: /opt/ros/humble/lib/libbt_navigator_core.so
[component_container_isolated-2] [INFO] [1789771469.238786136] [nav2_container]: Found class: rclcpp_components::NodeFactoryTemplate<nav2_bt_navigator::BtNavigator>
[component_container_isolated-2] [INFO] [1789771469.238810851] [nav2_container]: Instantiate class: rclcpp_components::NodeFactoryTemplate<nav2_bt_navigator::BtNavigator>
[component_container_isolated-2] [INFO] [1789771469.244843250] [bt_navigator]: 
[component_container_isolated-2] 	bt_navigator lifecycle node launched. 
[INFO] [launch_ros.actions.load_composable_nodes]: Loaded node '/bt_navigator' in container '/nav2_container'
[component_container_isolated-2] 	Waiting on external lifecycle transitions to activate
[component_container_isolated-2] 	See https://design.ros2.org/articles/node_lifecycle.html for more information.
[component_container_isolated-2] [INFO] [1789771469.244874562] [bt_navigator]: Creating
[component_container_isolated-2] [INFO] [1789771469.246777178] [nav2_container]: Load Library: /opt/ros/humble/lib/libwaypoint_follower_core.so
[component_container_isolated-2] [INFO] [1789771469.247151980] [nav2_container]: Found class: rclcpp_components::NodeFactoryTemplate<nav2_waypoint_follower::WaypointFollower>
[component_container_isolated-2] [INFO] [1789771469.247161371] [nav2_container]: Instantiate class: rclcpp_components::NodeFactoryTemplate<nav2_waypoint_follower::WaypointFollower>
[component_container_isolated-2] [INFO] [1789771469.252341323] [waypoint_follower]: 
[component_container_isolated-2] 	waypoint_follower lifecycle node launched. 
[component_container_isolated-2] 	Waiting on external lifecycle transitions to activate
[component_container_isolated-2] 	See https://design.ros2.org/articles/node_lifecycle.html for more information.
[component_container_isolated-2] [INFO] [1789771469.252660989] [waypoint_follower]: Creating
[INFO] [launch_ros.actions.load_composable_nodes]: Loaded node '/waypoint_follower' in container '/nav2_container'
[component_container_isolated-2] [INFO] [1789771469.254547429] [nav2_container]: Load Library: /opt/ros/humble/lib/libvelocity_smoother_core.so
[component_container_isolated-2] [INFO] [1789771469.255016102] [nav2_container]: Found class: rclcpp_components::NodeFactoryTemplate<nav2_velocity_smoother::VelocitySmoother>
[component_container_isolated-2] [INFO] [1789771469.255024768] [nav2_container]: Instantiate class: rclcpp_components::NodeFactoryTemplate<nav2_velocity_smoother::VelocitySmoother>
[component_container_isolated-2] [INFO] [1789771469.261217036] [velocity_smoother]: 
[component_container_isolated-2] 	velocity_smoother lifecycle node launched. 
[component_container_isolated-2] 	Waiting on external lifecycle transitions to activate
[component_container_isolated-2] 	See https://design.ros2.org/articles/node_lifecycle.html for more information.
[INFO] [launch_ros.actions.load_composable_nodes]: Loaded node '/velocity_smoother' in container '/nav2_container'
[component_container_isolated-2] [INFO] [1789771469.263059401] [nav2_container]: Found class: rclcpp_components::NodeFactoryTemplate<nav2_lifecycle_manager::LifecycleManager>
[component_container_isolated-2] [INFO] [1789771469.263071811] [nav2_container]: Instantiate class: rclcpp_components::NodeFactoryTemplate<nav2_lifecycle_manager::LifecycleManager>
[component_container_isolated-2] [INFO] [1789771469.267238946] [lifecycle_manager_navigation]: Creating
[component_container_isolated-2] [INFO] [1789771469.269011790] [lifecycle_manager_navigation]: [34m[1mCreating and initializing lifecycle service clients[0m[0m
[INFO] [launch_ros.actions.load_composable_nodes]: Loaded node '/lifecycle_manager_navigation' in container '/nav2_container'
[component_container_isolated-2] [INFO] [1789771469.274898214] [lifecycle_manager_navigation]: [34m[1mStarting managed nodes bringup...[0m[0m
[component_container_isolated-2] [INFO] [1789771469.274934166] [lifecycle_manager_navigation]: [34m[1mConfiguring controller_server[0m[0m
[component_container_isolated-2] [INFO] [1789771469.275058688] [controller_server]: Configuring controller interface
[component_container_isolated-2] [INFO] [1789771469.275294286] [controller_server]: getting goal checker plugins..
[component_container_isolated-2] [INFO] [1789771469.275416194] [controller_server]: Controller frequency set to 20.0000Hz
[component_container_isolated-2] [INFO] [1789771469.275460431] [local_costmap.local_costmap]: Configuring
[component_container_isolated-2] [INFO] [1789771469.278567632] [local_costmap.local_costmap]: Using plugin "obstacle_layer"
[component_container_isolated-2] [INFO] [1789771469.280506823] [local_costmap.local_costmap]: Subscribed to Topics: front_scan rear_scan
[component_container_isolated-2] [INFO] [1789771469.283788539] [local_costmap.local_costmap]: Initialized plugin "obstacle_layer"
[component_container_isolated-2] [INFO] [1789771469.283825296] [local_costmap.local_costmap]: Using plugin "stvl_local"
[component_container_isolated-2] [INFO] [1789771469.301127522] [local_costmap.local_costmap]: stvl_local being initialized as SpatioTemporalVoxelLayer!
[component_container_isolated-2] [INFO] [1789771469.301155874] [local_costmap.local_costmap]: stvl_local's global frame is odom.
[component_container_isolated-2] [INFO] [1789771469.301997707] [local_costmap.local_costmap]: stvl_local loaded parameters from parameter server.
[component_container_isolated-2] [INFO] [1789771469.304030091] [local_costmap.local_costmap]: stvl_local created underlying voxel grid.
[component_container_isolated-2] [INFO] [1789771469.306270290] [local_costmap.local_costmap]: Voxel filter activated.
[component_container_isolated-2] [INFO] [1789771469.308737148] [local_costmap.local_costmap]: stvl_local initialization complete!
[component_container_isolated-2] [INFO] [1789771469.308778766] [local_costmap.local_costmap]: Initialized plugin "stvl_local"
[component_container_isolated-2] [INFO] [1789771469.308790430] [local_costmap.local_costmap]: Using plugin "inflation_layer"
[component_container_isolated-2] [INFO] [1789771469.309641570] [local_costmap.local_costmap]: Initialized plugin "inflation_layer"
[component_container_isolated-2] [INFO] [1789771469.316426750] [controller_server]: Created progress_checker : progress_checker of type nav2_controller::SimpleProgressChecker
[component_container_isolated-2] [INFO] [1789771469.317356130] [controller_server]: Created goal checker : general_goal_checker of type nav2_controller::SimpleGoalChecker
[component_container_isolated-2] [INFO] [1789771469.317766630] [controller_server]: Controller Server has general_goal_checker  goal checkers available.
[component_container_isolated-2] [INFO] [1789771469.319026371] [controller_server]: Created controller : FollowPath of type nav2_mppi_controller::MPPIController
[component_container_isolated-2] [INFO] [1789771469.322184183] [controller_server]: [SLIP] MPPI variant = 'vanilla'
[component_container_isolated-2] [INFO] [1789771469.322330237] [controller_server]: Controller period is equal to model dt. Control sequence shifting is ON
[component_container_isolated-2] [INFO] [1789771469.324198426] [controller_server]: ConstraintCritic instantiated with 1 power and 4.000000 weight.
[component_container_isolated-2] [INFO] [1789771469.324252929] [controller_server]: Critic loaded : mppi::critics::ConstraintCritic
[component_container_isolated-2] [INFO] [1789771469.325167136] [controller_server]: InflationCostCritic instantiated with 1 power and 300.000000 / 0.015000 weights. Critic will collision check based on footprint cost.
[component_container_isolated-2] [INFO] [1789771469.325195443] [controller_server]: Critic loaded : mppi::critics::CostCritic
[component_container_isolated-2] [INFO] [1789771469.325678368] [controller_server]: GoalCritic instantiated with 1 power and 5.000000 weight.
[component_container_isolated-2] [INFO] [1789771469.325700298] [controller_server]: Critic loaded : mppi::critics::GoalCritic
[component_container_isolated-2] [INFO] [1789771469.326242549] [controller_server]: GoalAngleCritic instantiated with 1 power, 3.000000 weight, 0.500000 angular threshold and symmetric_yaw_tolerance disabled
[component_container_isolated-2] [INFO] [1789771469.326264854] [controller_server]: Critic loaded : mppi::critics::GoalAngleCritic
[component_container_isolated-2] [INFO] [1789771469.327254761] [controller_server]: ReferenceTrajectoryCritic instantiated with 1 power and 3.000000 weight
[component_container_isolated-2] [INFO] [1789771469.327281066] [controller_server]: Critic loaded : mppi::critics::PathAlignCritic
[component_container_isolated-2] [INFO] [1789771469.327887036] [controller_server]: Critic loaded : mppi::critics::PathFollowCritic
[component_container_isolated-2] [INFO] [1789771469.328669018] [controller_server]: PathAngleCritic instantiated with 1 power and 2.000000 weight. Reversing allowed.
[component_container_isolated-2] [INFO] [1789771469.328690535] [controller_server]: Critic loaded : mppi::critics::PathAngleCritic
[component_container_isolated-2] [INFO] [1789771469.329147628] [controller_server]: PreferForwardCritic instantiated with 1 power and 2.000000 weight.
[component_container_isolated-2] [INFO] [1789771469.329168419] [controller_server]: Critic loaded : mppi::critics::PreferForwardCritic
[component_container_isolated-2] [INFO] [1789771469.336173725] [controller_server]: Optimizer reset
[component_container_isolated-2] [INFO] [1789771469.338816482] [MPPIController]: Configured MPPI Controller: FollowPath
[component_container_isolated-2] [INFO] [1789771469.338830708] [controller_server]: Controller Server has FollowPath  controllers available.
[component_container_isolated-2] [INFO] [1789771469.341009742] [lifecycle_manager_localization]: Server map_server connected with bond.
[component_container_isolated-2] [INFO] [1789771469.341031962] [lifecycle_manager_localization]: [34m[1mActivating amcl[0m[0m
[component_container_isolated-2] [INFO] [1789771469.341142362] [amcl]: Activating
[component_container_isolated-2] [INFO] [1789771469.341162992] [amcl]: Creating bond (amcl) to lifecycle manager.
[component_container_isolated-2] [INFO] [1789771469.343025868] [amcl]: initialPoseReceived
[component_container_isolated-2] [INFO] [1789771469.343067602] [amcl]: Setting pose (1.500000): -2.250 1.000 1.571
[component_container_isolated-2] [INFO] [1789771469.343646249] [amcl]: initialPoseReceived
[component_container_isolated-2] [INFO] [1789771469.343659453] [amcl]: Setting pose (1.500000): -2.250 1.000 1.571
[component_container_isolated-2] [INFO] [1789771469.344253639] [lifecycle_manager_navigation]: [34m[1mConfiguring smoother_server[0m[0m
[component_container_isolated-2] [INFO] [1789771469.344357097] [smoother_server]: Configuring smoother server
[component_container_isolated-2] [INFO] [1789771469.348920189] [smoother_server]: Created smoother : simple_smoother of type nav2_smoother::SimpleSmoother
[component_container_isolated-2] [INFO] [1789771469.349576062] [smoother_server]: Smoother Server has simple_smoother  smoothers available.
[component_container_isolated-2] [INFO] [1789771469.352608595] [amcl]: initialPoseReceived
[component_container_isolated-2] [INFO] [1789771469.352663057] [amcl]: Setting pose (1.500000): -2.250 1.000 1.571
[component_container_isolated-2] [INFO] [1789771469.353358302] [lifecycle_manager_navigation]: [34m[1mConfiguring planner_server[0m[0m
[component_container_isolated-2] [INFO] [1789771469.353478812] [planner_server]: Configuring
[component_container_isolated-2] [INFO] [1789771469.353529565] [global_costmap.global_costmap]: Configuring
[component_container_isolated-2] [INFO] [1789771469.356165464] [global_costmap.global_costmap]: Using plugin "static_layer"
[component_container_isolated-2] [INFO] [1789771469.356700376] [global_costmap.global_costmap]: Subscribing to the map topic (/map) with transient local durability
[component_container_isolated-2] [INFO] [1789771469.356941332] [global_costmap.global_costmap]: Subscribing to updates
[component_container_isolated-2] [INFO] [1789771469.357140481] [global_costmap.global_costmap]: Initialized plugin "static_layer"
[component_container_isolated-2] [INFO] [1789771469.357151324] [global_costmap.global_costmap]: Using plugin "obstacle_layer"
[component_container_isolated-2] [INFO] [1789771469.357522209] [global_costmap.global_costmap]: Subscribed to Topics: front_scan rear_scan
[component_container_isolated-2] [INFO] [1789771469.360456788] [global_costmap.global_costmap]: Initialized plugin "obstacle_layer"
[component_container_isolated-2] [INFO] [1789771469.360474542] [global_costmap.global_costmap]: Using plugin "stvl_global"
[component_container_isolated-2] [INFO] [1789771469.360604060] [global_costmap.global_costmap]: stvl_global being initialized as SpatioTemporalVoxelLayer!
[component_container_isolated-2] [INFO] [1789771469.360609062] [global_costmap.global_costmap]: stvl_global's global frame is map.
[component_container_isolated-2] [INFO] [1789771469.361261279] [global_costmap.global_costmap]: stvl_global loaded parameters from parameter server.
[component_container_isolated-2] [INFO] [1789771469.361972059] [global_costmap.global_costmap]: stvl_global created underlying voxel grid.
[component_container_isolated-2] [INFO] [1789771469.362986571] [global_costmap.global_costmap]: Voxel filter activated.
[component_container_isolated-2] [INFO] [1789771469.364273595] [global_costmap.global_costmap]: stvl_global initialization complete!
[component_container_isolated-2] [INFO] [1789771469.364290174] [global_costmap.global_costmap]: Initialized plugin "stvl_global"
[component_container_isolated-2] [INFO] [1789771469.364294497] [global_costmap.global_costmap]: Using plugin "inflation_layer"
[component_container_isolated-2] [INFO] [1789771469.364415383] [amcl]: initialPoseReceived
[component_container_isolated-2] [INFO] [1789771469.364471119] [amcl]: Setting pose (1.500000): -2.250 1.000 1.571
[component_container_isolated-2] [INFO] [1789771469.364775526] [global_costmap.global_costmap]: Initialized plugin "inflation_layer"
[component_container_isolated-2] [INFO] [1789771469.365677157] [amcl]: createLaserObject
[component_container_isolated-2] [INFO] [1789771469.367933498] [planner_server]: Created global planner plugin GridBased of type nav2_navfn_planner/NavfnPlanner
[component_container_isolated-2] [INFO] [1789771469.367959798] [planner_server]: Configuring plugin GridBased of type NavfnPlanner
[component_container_isolated-2] [INFO] [1789771469.368345866] [planner_server]: Planner Server has GridBased  planners available.
[component_container_isolated-2] [INFO] [1789771469.372590680] [lifecycle_manager_navigation]: [34m[1mConfiguring behavior_server[0m[0m
[component_container_isolated-2] [INFO] [1789771469.372720390] [behavior_server]: Configuring
[component_container_isolated-2] [INFO] [1789771469.376309703] [behavior_server]: Creating behavior plugin spin of type nav2_behaviors/Spin
[component_container_isolated-2] [INFO] [1789771469.377013936] [behavior_server]: Configuring spin
[component_container_isolated-2] [INFO] [1789771469.379102394] [behavior_server]: Creating behavior plugin backup of type nav2_behaviors/BackUp
[component_container_isolated-2] [INFO] [1789771469.379567077] [behavior_server]: Configuring backup
[component_container_isolated-2] [INFO] [1789771469.381721646] [behavior_server]: Creating behavior plugin drive_on_heading of type nav2_behaviors/DriveOnHeading
[component_container_isolated-2] [INFO] [1789771469.382167137] [behavior_server]: Configuring drive_on_heading
[component_container_isolated-2] [INFO] [1789771469.384553243] [behavior_server]: Creating behavior plugin wait of type nav2_behaviors/Wait
[component_container_isolated-2] [INFO] [1789771469.384972584] [behavior_server]: Configuring wait
[component_container_isolated-2] [INFO] [1789771469.387177682] [lifecycle_manager_navigation]: [34m[1mConfiguring bt_navigator[0m[0m
[component_container_isolated-2] [INFO] [1789771469.387260220] [bt_navigator]: Configuring
[component_container_isolated-2] [INFO] [1789771469.424977074] [lifecycle_manager_navigation]: [34m[1mConfiguring waypoint_follower[0m[0m
[component_container_isolated-2] [INFO] [1789771469.425083252] [waypoint_follower]: Configuring
[component_container_isolated-2] [INFO] [1789771469.426917875] [global_costmap.global_costmap]: StaticLayer: Resizing costmap to 30 X 78 at 0.150000 m/pix
[component_container_isolated-2] [INFO] [1789771469.431926266] [waypoint_follower]: Created waypoint_task_executor : wait_at_waypoint of type nav2_waypoint_follower::WaitAtWaypoint
[component_container_isolated-2] [INFO] [1789771469.432630007] [lifecycle_manager_navigation]: [34m[1mConfiguring velocity_smoother[0m[0m
[component_container_isolated-2] [INFO] [1789771469.432756284] [velocity_smoother]: Configuring velocity smoother
[component_container_isolated-2] [INFO] [1789771469.435731354] [lifecycle_manager_navigation]: [34m[1mActivating controller_server[0m[0m
[component_container_isolated-2] [INFO] [1789771469.435818061] [controller_server]: Activating
[component_container_isolated-2] [INFO] [1789771469.435842593] [local_costmap.local_costmap]: Activating
[component_container_isolated-2] [INFO] [1789771469.435851312] [local_costmap.local_costmap]: Checking transform
[component_container_isolated-2] [INFO] [1789771469.435928237] [local_costmap.local_costmap]: start
[component_container_isolated-2] [INFO] [1789771469.436609849] [local_costmap.local_costmap]: stvl_local was activated.
[component_container_isolated-2] [INFO] [1789771469.443970546] [lifecycle_manager_localization]: Server amcl connected with bond.
[component_container_isolated-2] [INFO] [1789771469.444001123] [lifecycle_manager_localization]: [34m[1mManaged nodes are active[0m[0m
[component_container_isolated-2] [INFO] [1789771469.444022425] [lifecycle_manager_localization]: [34m[1mCreating bond timer...[0m[0m
[component_container_isolated-2] [WARN] [1789771469.687041175] [controller_server]: Parameter controller_server.verbose not found
[component_container_isolated-2] [INFO] [1789771469.690714694] [controller_server]: Optimizer reset
[component_container_isolated-2] [INFO] [1789771469.690969362] [MPPIController]: Activated MPPI Controller: FollowPath
[component_container_isolated-2] [INFO] [1789771469.691018611] [controller_server]: Creating bond (controller_server) to lifecycle manager.
[component_container_isolated-2] [INFO] [1789771469.793597781] [lifecycle_manager_navigation]: Server controller_server connected with bond.
[component_container_isolated-2] [INFO] [1789771469.793629980] [lifecycle_manager_navigation]: [34m[1mActivating smoother_server[0m[0m
[component_container_isolated-2] [INFO] [1789771469.793822358] [smoother_server]: Activating
[component_container_isolated-2] [INFO] [1789771469.793858102] [smoother_server]: Creating bond (smoother_server) to lifecycle manager.
[component_container_isolated-2] [INFO] [1789771469.896496933] [lifecycle_manager_navigation]: Server smoother_server connected with bond.
[component_container_isolated-2] [INFO] [1789771469.896529556] [lifecycle_manager_navigation]: [34m[1mActivating planner_server[0m[0m
[component_container_isolated-2] [INFO] [1789771469.896737987] [planner_server]: Activating
[component_container_isolated-2] [INFO] [1789771469.896781291] [global_costmap.global_costmap]: Activating
[component_container_isolated-2] [INFO] [1789771469.896790968] [global_costmap.global_costmap]: Checking transform
[component_container_isolated-2] [INFO] [1789771469.896817963] [global_costmap.global_costmap]: Timed out waiting for transform from base_link to map to become available, tf error: Lookup would require extrapolation into the past.  Requested time 2.053000 but the earliest data is at time 2.550000, when looking up transform from frame [base_link] to frame [map]
[component_container_isolated-2] [INFO] [1789771470.396907290] [global_costmap.global_costmap]: Timed out waiting for transform from base_link to map to become available, tf error: Lookup would require extrapolation into the past.  Requested time 2.443000 but the earliest data is at time 2.550000, when looking up transform from frame [base_link] to frame [map]
[component_container_isolated-2] [INFO] [1789771470.896947742] [global_costmap.global_costmap]: start
[component_container_isolated-2] [INFO] [1789771470.898673238] [global_costmap.global_costmap]: stvl_global was activated.
[component_container_isolated-2] [INFO] [1789771471.899028005] [planner_server]: Activating plugin GridBased of type NavfnPlanner
[component_container_isolated-2] [INFO] [1789771471.900312231] [planner_server]: Creating bond (planner_server) to lifecycle manager.
[component_container_isolated-2] [INFO] [1789771472.002441905] [lifecycle_manager_navigation]: Server planner_server connected with bond.
[component_container_isolated-2] [INFO] [1789771472.002480857] [lifecycle_manager_navigation]: [34m[1mActivating behavior_server[0m[0m
[component_container_isolated-2] [INFO] [1789771472.002771196] [behavior_server]: Activating
[component_container_isolated-2] [INFO] [1789771472.002797511] [behavior_server]: Activating spin
[component_container_isolated-2] [INFO] [1789771472.002821881] [behavior_server]: Activating backup
[component_container_isolated-2] [INFO] [1789771472.002834878] [behavior_server]: Activating drive_on_heading
[component_container_isolated-2] [INFO] [1789771472.002846925] [behavior_server]: Activating wait
[component_container_isolated-2] [INFO] [1789771472.002862204] [behavior_server]: Creating bond (behavior_server) to lifecycle manager.
[component_container_isolated-2] [INFO] [1789771472.106580656] [lifecycle_manager_navigation]: Server behavior_server connected with bond.
[component_container_isolated-2] [INFO] [1789771472.106636105] [lifecycle_manager_navigation]: [34m[1mActivating bt_navigator[0m[0m
[component_container_isolated-2] [INFO] [1789771472.106816237] [bt_navigator]: Activating
[component_container_isolated-2] [INFO] [1789771472.132374376] [bt_navigator]: Creating bond (bt_navigator) to lifecycle manager.
[component_container_isolated-2] [INFO] [1789771472.140786558] [controller_server]: Optimizer reset
[component_container_isolated-2] [INFO] [1789771472.237375445] [lifecycle_manager_navigation]: Server bt_navigator connected with bond.
[component_container_isolated-2] [INFO] [1789771472.237424015] [lifecycle_manager_navigation]: [34m[1mActivating waypoint_follower[0m[0m
[component_container_isolated-2] [INFO] [1789771472.237723365] [waypoint_follower]: Activating
[component_container_isolated-2] [INFO] [1789771472.237774583] [waypoint_follower]: Creating bond (waypoint_follower) to lifecycle manager.
[component_container_isolated-2] [INFO] [1789771472.342177105] [lifecycle_manager_navigation]: Server waypoint_follower connected with bond.
[component_container_isolated-2] [INFO] [1789771472.342218815] [lifecycle_manager_navigation]: [34m[1mActivating velocity_smoother[0m[0m
[component_container_isolated-2] [INFO] [1789771472.342484771] [velocity_smoother]: Activating
[component_container_isolated-2] [INFO] [1789771472.342524302] [velocity_smoother]: Creating bond (velocity_smoother) to lifecycle manager.
[component_container_isolated-2] [INFO] [1789771472.447199376] [lifecycle_manager_navigation]: Server velocity_smoother connected with bond.
[component_container_isolated-2] [INFO] [1789771472.447231444] [lifecycle_manager_navigation]: [34m[1mManaged nodes are active[0m[0m
[component_container_isolated-2] [INFO] [1789771472.447236492] [lifecycle_manager_navigation]: [34m[1mCreating bond timer...[0m[0m
[component_container_isolated-2] [INFO] [1789771474.155355006] [bt_navigator]: Begin navigating from current location (-2.25, 1.00) to (-0.67, 9.52)
[component_container_isolated-2] [INFO] [1789771474.176023963] [controller_server]: Received a goal, begin computing control effort.
[component_container_isolated-2] [WARN] [1789771474.176092112] [controller_server]: No goal checker was specified in parameter 'current_goal_checker'. Server will use only plugin loaded general_goal_checker . This warning will appear once.
[component_container_isolated-2] [INFO] [1789771474.180247193] [controller_server]: Optimizer reset
[component_container_isolated-2] [ERROR] [1789771474.185897585] [tf_help]: Transform data too old when converting from map to odom
[component_container_isolated-2] [ERROR] [1789771474.185915777] [tf_help]: Data time: 6s 100000000ns, Transform time: 3s 842000000ns
[component_container_isolated-2] [ERROR] [1789771474.232694488] [tf_help]: Transform data too old when converting from map to odom
[component_container_isolated-2] [ERROR] [1789771474.232726479] [tf_help]: Data time: 6s 100000000ns, Transform time: 3s 842000000ns
[component_container_isolated-2] [ERROR] [1789771474.283119621] [tf_help]: Transform data too old when converting from map to odom
[component_container_isolated-2] [ERROR] [1789771474.283150274] [tf_help]: Data time: 6s 100000000ns, Transform time: 3s 842000000ns
[component_container_isolated-2] [ERROR] [1789771474.332991220] [tf_help]: Transform data too old when converting from map to odom
[component_container_isolated-2] [ERROR] [1789771474.333020595] [tf_help]: Data time: 6s 100000000ns, Transform time: 3s 842000000ns
[component_container_isolated-2] [ERROR] [1789771474.382521678] [tf_help]: Transform data too old when converting from map to odom
[component_container_isolated-2] [ERROR] [1789771474.382551895] [tf_help]: Data time: 6s 100000000ns, Transform time: 3s 842000000ns
[component_container_isolated-2] [ERROR] [1789771474.432585617] [tf_help]: Transform data too old when converting from map to odom
[component_container_isolated-2] [ERROR] [1789771474.432617635] [tf_help]: Data time: 6s 100000000ns, Transform time: 3s 842000000ns
[component_container_isolated-2] [ERROR] [1789771474.482779580] [tf_help]: Transform data too old when converting from map to odom
[component_container_isolated-2] [ERROR] [1789771474.482818326] [tf_help]: Data time: 6s 100000000ns, Transform time: 3s 842000000ns
[component_container_isolated-2] [ERROR] [1789771474.532846682] [tf_help]: Transform data too old when converting from map to odom
[component_container_isolated-2] [ERROR] [1789771474.532877606] [tf_help]: Data time: 6s 100000000ns, Transform time: 3s 842000000ns
[component_container_isolated-2] [ERROR] [1789771474.584375377] [tf_help]: Transform data too old when converting from map to odom
[component_container_isolated-2] [ERROR] [1789771474.584418975] [tf_help]: Data time: 6s 100000000ns, Transform time: 3s 842000000ns
[component_container_isolated-2] [ERROR] [1789771474.634101363] [tf_help]: Transform data too old when converting from map to odom
[component_container_isolated-2] [ERROR] [1789771474.634131361] [tf_help]: Data time: 6s 100000000ns, Transform time: 3s 842000000ns
[component_container_isolated-2] [ERROR] [1789771474.682922383] [tf_help]: Transform data too old when converting from map to odom
[component_container_isolated-2] [ERROR] [1789771474.682964659] [tf_help]: Data time: 6s 100000000ns, Transform time: 3s 842000000ns
[component_container_isolated-2] [ERROR] [1789771474.736274668] [tf_help]: Transform data too old when converting from map to odom
[component_container_isolated-2] [ERROR] [1789771474.736325843] [tf_help]: Data time: 6s 100000000ns, Transform time: 3s 842000000ns
[component_container_isolated-2] [ERROR] [1789771474.784027293] [tf_help]: Transform data too old when converting from map to odom
[component_container_isolated-2] [ERROR] [1789771474.784063185] [tf_help]: Data time: 6s 100000000ns, Transform time: 3s 842000000ns
[component_container_isolated-2] [ERROR] [1789771474.835002665] [tf_help]: Transform data too old when converting from map to odom
[component_container_isolated-2] [ERROR] [1789771474.835033501] [tf_help]: Data time: 6s 100000000ns, Transform time: 3s 842000000ns
[component_container_isolated-2] [ERROR] [1789771474.885547983] [tf_help]: Transform data too old when converting from map to odom
[component_container_isolated-2] [ERROR] [1789771474.885582093] [tf_help]: Data time: 6s 100000000ns, Transform time: 3s 842000000ns
[component_container_isolated-2] [ERROR] [1789771474.936099182] [tf_help]: Transform data too old when converting from map to odom
[component_container_isolated-2] [ERROR] [1789771474.936130064] [tf_help]: Data time: 6s 100000000ns, Transform time: 3s 842000000ns
[component_container_isolated-2] [ERROR] [1789771474.984734531] [tf_help]: Transform data too old when converting from map to odom
[component_container_isolated-2] [ERROR] [1789771474.984762416] [tf_help]: Data time: 6s 100000000ns, Transform time: 3s 842000000ns
[component_container_isolated-2] [ERROR] [1789771475.035561743] [tf_help]: Transform data too old when converting from map to odom
[component_container_isolated-2] [ERROR] [1789771475.035591387] [tf_help]: Data time: 6s 100000000ns, Transform time: 3s 842000000ns
[component_container_isolated-2] [ERROR] [1789771475.085634281] [tf_help]: Transform data too old when converting from map to odom
[component_container_isolated-2] [ERROR] [1789771475.085665706] [tf_help]: Data time: 6s 100000000ns, Transform time: 3s 842000000ns
[component_container_isolated-2] [ERROR] [1789771475.136569599] [tf_help]: Transform data too old when converting from map to odom
[component_container_isolated-2] [ERROR] [1789771475.136604472] [tf_help]: Data time: 6s 100000000ns, Transform time: 3s 842000000ns
[component_container_isolated-2] [ERROR] [1789771475.186421553] [tf_help]: Transform data too old when converting from map to odom
[component_container_isolated-2] [ERROR] [1789771475.186457016] [tf_help]: Data time: 6s 100000000ns, Transform time: 3s 842000000ns
[component_container_isolated-2] [INFO] [1789771475.226312023] [controller_server]: Passing new path to controller.
[component_container_isolated-2] [ERROR] [1789771475.236770618] [tf_help]: Transform data too old when converting from map to odom
[component_container_isolated-2] [ERROR] [1789771475.236801399] [tf_help]: Data time: 7s 100000000ns, Transform time: 3s 842000000ns
[component_container_isolated-2] [ERROR] [1789771475.286014662] [tf_help]: Transform data too old when converting from map to odom
[component_container_isolated-2] [ERROR] [1789771475.286049019] [tf_help]: Data time: 7s 100000000ns, Transform time: 3s 842000000ns
[component_container_isolated-2] [ERROR] [1789771475.337014728] [tf_help]: Transform data too old when converting from map to odom
[component_container_isolated-2] [ERROR] [1789771475.337046923] [tf_help]: Data time: 7s 100000000ns, Transform time: 3s 842000000ns
[component_container_isolated-2] [ERROR] [1789771475.386870346] [tf_help]: Transform data too old when converting from map to odom
[component_container_isolated-2] [ERROR] [1789771475.386901551] [tf_help]: Data time: 7s 100000000ns, Transform time: 3s 842000000ns
[component_container_isolated-2] [ERROR] [1789771475.439181920] [tf_help]: Transform data too old when converting from map to odom
[component_container_isolated-2] [ERROR] [1789771475.439219512] [tf_help]: Data time: 7s 100000000ns, Transform time: 3s 842000000ns
[component_container_isolated-2] [ERROR] [1789771475.490561519] [tf_help]: Transform data too old when converting from map to odom
[component_container_isolated-2] [ERROR] [1789771475.490600921] [tf_help]: Data time: 7s 100000000ns, Transform time: 3s 842000000ns
[component_container_isolated-2] [ERROR] [1789771475.540374428] [tf_help]: Transform data too old when converting from map to odom
[component_container_isolated-2] [ERROR] [1789771475.540409232] [tf_help]: Data time: 7s 100000000ns, Transform time: 3s 842000000ns
[component_container_isolated-2] [ERROR] [1789771475.589106939] [tf_help]: Transform data too old when converting from map to odom
[component_container_isolated-2] [ERROR] [1789771475.589147603] [tf_help]: Data time: 7s 100000000ns, Transform time: 3s 842000000ns
[component_container_isolated-2] [ERROR] [1789771475.641129917] [tf_help]: Transform data too old when converting from map to odom
[component_container_isolated-2] [ERROR] [1789771475.641161161] [tf_help]: Data time: 7s 100000000ns, Transform time: 3s 842000000ns
[component_container_isolated-2] [ERROR] [1789771475.690780437] [tf_help]: Transform data too old when converting from map to odom
[component_container_isolated-2] [ERROR] [1789771475.690810730] [tf_help]: Data time: 7s 100000000ns, Transform time: 3s 842000000ns
[component_container_isolated-2] [ERROR] [1789771475.744893195] [tf_help]: Transform data too old when converting from map to odom
[component_container_isolated-2] [ERROR] [1789771475.744921975] [tf_help]: Data time: 7s 100000000ns, Transform time: 3s 842000000ns
[component_container_isolated-2] [ERROR] [1789771475.790226567] [tf_help]: Transform data too old when converting from map to odom
[component_container_isolated-2] [ERROR] [1789771475.790255201] [tf_help]: Data time: 7s 100000000ns, Transform time: 3s 842000000ns
[component_container_isolated-2] [ERROR] [1789771475.842328493] [tf_help]: Transform data too old when converting from map to odom
[component_container_isolated-2] [ERROR] [1789771475.842356763] [tf_help]: Data time: 7s 100000000ns, Transform time: 3s 842000000ns
[component_container_isolated-2] [ERROR] [1789771475.892421504] [tf_help]: Transform data too old when converting from map to odom
[component_container_isolated-2] [ERROR] [1789771475.892454625] [tf_help]: Data time: 7s 100000000ns, Transform time: 3s 842000000ns
[component_container_isolated-2] [ERROR] [1789771475.942560666] [tf_help]: Transform data too old when converting from map to odom
[component_container_isolated-2] [ERROR] [1789771475.942590184] [tf_help]: Data time: 7s 100000000ns, Transform time: 3s 842000000ns
[component_container_isolated-2] [ERROR] [1789771475.992467879] [tf_help]: Transform data too old when converting from map to odom
[component_container_isolated-2] [ERROR] [1789771475.992498113] [tf_help]: Data time: 7s 100000000ns, Transform time: 3s 842000000ns
[component_container_isolated-2] [ERROR] [1789771476.046897614] [tf_help]: Transform data too old when converting from map to odom
[component_container_isolated-2] [ERROR] [1789771476.046930300] [tf_help]: Data time: 7s 100000000ns, Transform time: 3s 842000000ns
[component_container_isolated-2] [ERROR] [1789771476.093580353] [tf_help]: Transform data too old when converting from map to odom
[component_container_isolated-2] [ERROR] [1789771476.093623269] [tf_help]: Data time: 7s 100000000ns, Transform time: 3s 842000000ns
[component_container_isolated-2] [ERROR] [1789771476.146486516] [tf_help]: Transform data too old when converting from map to odom
[component_container_isolated-2] [ERROR] [1789771476.146522024] [tf_help]: Data time: 7s 100000000ns, Transform time: 3s 842000000ns
[component_container_isolated-2] [ERROR] [1789771476.196096939] [tf_help]: Transform data too old when converting from map to odom
[component_container_isolated-2] [ERROR] [1789771476.196129325] [tf_help]: Data time: 7s 100000000ns, Transform time: 3s 842000000ns
[component_container_isolated-2] [INFO] [1789771476.226209944] [controller_server]: Passing new path to controller.
[component_container_isolated-2] [ERROR] [1789771476.245727253] [tf_help]: Transform data too old when converting from map to odom
[component_container_isolated-2] [ERROR] [1789771476.245758127] [tf_help]: Data time: 8s 0ns, Transform time: 3s 842000000ns
[component_container_isolated-2] [ERROR] [1789771476.296231456] [tf_help]: Transform data too old when converting from map to odom
[component_container_isolated-2] [ERROR] [1789771476.296261119] [tf_help]: Data time: 8s 0ns, Transform time: 3s 842000000ns
[component_container_isolated-2] [ERROR] [1789771476.350785961] [tf_help]: Transform data too old when converting from map to odom
[component_container_isolated-2] [ERROR] [1789771476.350814213] [tf_help]: Data time: 8s 0ns, Transform time: 3s 842000000ns
[component_container_isolated-2] [ERROR] [1789771476.398895108] [tf_help]: Transform data too old when converting from map to odom
[component_container_isolated-2] [ERROR] [1789771476.398924436] [tf_help]: Data time: 8s 0ns, Transform time: 3s 842000000ns
[component_container_isolated-2] [ERROR] [1789771476.446858882] [tf_help]: Transform data too old when converting from map to odom
[component_container_isolated-2] [ERROR] [1789771476.446887600] [tf_help]: Data time: 8s 0ns, Transform time: 3s 842000000ns
[component_container_isolated-2] [ERROR] [1789771476.499923040] [tf_help]: Transform data too old when converting from map to odom
[component_container_isolated-2] [ERROR] [1789771476.499953976] [tf_help]: Data time: 8s 0ns, Transform time: 3s 842000000ns
[component_container_isolated-2] [ERROR] [1789771476.545530055] [tf_help]: Transform data too old when converting from map to odom
[component_container_isolated-2] [ERROR] [1789771476.545559371] [tf_help]: Data time: 8s 0ns, Transform time: 3s 842000000ns
[component_container_isolated-2] [ERROR] [1789771476.595732407] [tf_help]: Transform data too old when converting from map to odom
[component_container_isolated-2] [ERROR] [1789771476.595760998] [tf_help]: Data time: 8s 0ns, Transform time: 3s 842000000ns
[component_container_isolated-2] [ERROR] [1789771476.638558900] [tf_help]: Transform data too old when converting from map to odom
[component_container_isolated-2] [ERROR] [1789771476.638593815] [tf_help]: Data time: 8s 0ns, Transform time: 3s 842000000ns
[component_container_isolated-2] [ERROR] [1789771476.694244596] [tf_help]: Transform data too old when converting from map to odom
[component_container_isolated-2] [ERROR] [1789771476.694287431] [tf_help]: Data time: 8s 0ns, Transform time: 3s 842000000ns
[component_container_isolated-2] [ERROR] [1789771476.749151480] [tf_help]: Transform data too old when converting from map to odom
[component_container_isolated-2] [ERROR] [1789771476.749190656] [tf_help]: Data time: 8s 0ns, Transform time: 3s 842000000ns
[component_container_isolated-2] [ERROR] [1789771476.789787691] [tf_help]: Transform data too old when converting from map to odom
[component_container_isolated-2] [ERROR] [1789771476.789815941] [tf_help]: Data time: 8s 0ns, Transform time: 3s 842000000ns
[component_container_isolated-2] [ERROR] [1789771476.835951832] [tf_help]: Transform data too old when converting from map to odom
[component_container_isolated-2] [ERROR] [1789771476.835994944] [tf_help]: Data time: 8s 0ns, Transform time: 3s 842000000ns
[component_container_isolated-2] [ERROR] [1789771476.885242953] [tf_help]: Transform data too old when converting from map to odom
[component_container_isolated-2] [ERROR] [1789771476.885275000] [tf_help]: Data time: 8s 0ns, Transform time: 3s 842000000ns
[component_container_isolated-2] [ERROR] [1789771476.937919773] [tf_help]: Transform data too old when converting from map to odom
[component_container_isolated-2] [ERROR] [1789771476.937955867] [tf_help]: Data time: 8s 0ns, Transform time: 3s 842000000ns
[component_container_isolated-2] [ERROR] [1789771476.985567724] [tf_help]: Transform data too old when converting from map to odom
[component_container_isolated-2] [ERROR] [1789771476.985619802] [tf_help]: Data time: 8s 0ns, Transform time: 3s 842000000ns
[component_container_isolated-2] [ERROR] [1789771477.035136910] [tf_help]: Transform data too old when converting from map to odom
[component_container_isolated-2] [ERROR] [1789771477.035166752] [tf_help]: Data time: 8s 0ns, Transform time: 3s 842000000ns
[component_container_isolated-2] [ERROR] [1789771477.083597719] [tf_help]: Transform data too old when converting from map to odom
[component_container_isolated-2] [ERROR] [1789771477.083643241] [tf_help]: Data time: 8s 0ns, Transform time: 3s 842000000ns
[component_container_isolated-2] [ERROR] [1789771477.140836664] [tf_help]: Transform data too old when converting from map to odom
[component_container_isolated-2] [ERROR] [1789771477.140894117] [tf_help]: Data time: 8s 0ns, Transform time: 3s 842000000ns
[component_container_isolated-2] [ERROR] [1789771477.191347468] [tf_help]: Transform data too old when converting from map to odom
[component_container_isolated-2] [ERROR] [1789771477.191377736] [tf_help]: Data time: 8s 0ns, Transform time: 3s 842000000ns
[component_container_isolated-2] [ERROR] [1789771477.238371011] [tf_help]: Transform data too old when converting from map to odom
[component_container_isolated-2] [ERROR] [1789771477.238402176] [tf_help]: Data time: 8s 0ns, Transform time: 3s 842000000ns
[component_container_isolated-2] [INFO] [1789771477.276241912] [controller_server]: Passing new path to controller.
[component_container_isolated-2] [ERROR] [1789771477.282263944] [tf_help]: Transform data too old when converting from map to odom
[component_container_isolated-2] [ERROR] [1789771477.282290299] [tf_help]: Data time: 9s 0ns, Transform time: 3s 842000000ns
[component_container_isolated-2] [ERROR] [1789771477.333693588] [tf_help]: Transform data too old when converting from map to odom
[component_container_isolated-2] [ERROR] [1789771477.333727351] [tf_help]: Data time: 9s 0ns, Transform time: 3s 842000000ns
[component_container_isolated-2] [ERROR] [1789771477.385562342] [tf_help]: Transform data too old when converting from map to odom
[component_container_isolated-2] [ERROR] [1789771477.385590964] [tf_help]: Data time: 9s 0ns, Transform time: 3s 842000000ns
[component_container_isolated-2] [ERROR] [1789771477.445186965] [tf_help]: Transform data too old when converting from map to odom
[component_container_isolated-2] [ERROR] [1789771477.445228395] [tf_help]: Data time: 9s 0ns, Transform time: 3s 842000000ns
[component_container_isolated-2] [ERROR] [1789771477.494931483] [tf_help]: Transform data too old when converting from map to odom
[component_container_isolated-2] [ERROR] [1789771477.494964811] [tf_help]: Data time: 9s 0ns, Transform time: 3s 842000000ns
[component_container_isolated-2] [ERROR] [1789771477.534763412] [tf_help]: Transform data too old when converting from map to odom
[component_container_isolated-2] [ERROR] [1789771477.534794208] [tf_help]: Data time: 9s 0ns, Transform time: 3s 842000000ns
[component_container_isolated-2] [ERROR] [1789771477.582055651] [tf_help]: Transform data too old when converting from map to odom
[component_container_isolated-2] [ERROR] [1789771477.582086005] [tf_help]: Data time: 9s 0ns, Transform time: 3s 842000000ns
[component_container_isolated-2] [ERROR] [1789771477.635624456] [tf_help]: Transform data too old when converting from map to odom
[component_container_isolated-2] [ERROR] [1789771477.635657570] [tf_help]: Data time: 9s 0ns, Transform time: 3s 842000000ns
[component_container_isolated-2] [ERROR] [1789771477.686827844] [tf_help]: Transform data too old when converting from map to odom
[component_container_isolated-2] [ERROR] [1789771477.686867484] [tf_help]: Data time: 9s 0ns, Transform time: 3s 842000000ns
[component_container_isolated-2] [ERROR] [1789771477.734594466] [tf_help]: Transform data too old when converting from map to odom
[component_container_isolated-2] [ERROR] [1789771477.734625834] [tf_help]: Data time: 9s 0ns, Transform time: 3s 842000000ns
[component_container_isolated-2] [ERROR] [1789771477.789491969] [tf_help]: Transform data too old when converting from map to odom
[component_container_isolated-2] [ERROR] [1789771477.789526001] [tf_help]: Data time: 9s 0ns, Transform time: 3s 842000000ns
[component_container_isolated-2] [ERROR] [1789771477.841581501] [tf_help]: Transform data too old when converting from map to odom
[component_container_isolated-2] [ERROR] [1789771477.841623114] [tf_help]: Data time: 9s 0ns, Transform time: 3s 842000000ns
[component_container_isolated-2] [ERROR] [1789771477.888268640] [tf_help]: Transform data too old when converting from map to odom
[component_container_isolated-2] [ERROR] [1789771477.888312147] [tf_help]: Data time: 9s 0ns, Transform time: 3s 842000000ns
[component_container_isolated-2] [ERROR] [1789771477.941249378] [tf_help]: Transform data too old when converting from map to odom
[component_container_isolated-2] [ERROR] [1789771477.941280602] [tf_help]: Data time: 9s 0ns, Transform time: 3s 842000000ns
[component_container_isolated-2] [ERROR] [1789771477.989310675] [tf_help]: Transform data too old when converting from map to odom
[component_container_isolated-2] [ERROR] [1789771477.989344371] [tf_help]: Data time: 9s 0ns, Transform time: 3s 842000000ns
[component_container_isolated-2] [ERROR] [1789771478.036912624] [tf_help]: Transform data too old when converting from map to odom
[component_container_isolated-2] [ERROR] [1789771478.036944696] [tf_help]: Data time: 9s 0ns, Transform time: 3s 842000000ns
[component_container_isolated-2] [ERROR] [1789771478.086658318] [tf_help]: Transform data too old when converting from map to odom
[component_container_isolated-2] [ERROR] [1789771478.086691282] [tf_help]: Data time: 9s 0ns, Transform time: 3s 842000000ns
[component_container_isolated-2] [ERROR] [1789771478.133718411] [tf_help]: Transform data too old when converting from map to odom
[component_container_isolated-2] [ERROR] [1789771478.133753603] [tf_help]: Data time: 9s 0ns, Transform time: 3s 842000000ns
[component_container_isolated-2] [ERROR] [1789771478.190480054] [tf_help]: Transform data too old when converting from map to odom
[component_container_isolated-2] [ERROR] [1789771478.190523564] [tf_help]: Data time: 9s 0ns, Transform time: 3s 842000000ns
[component_container_isolated-2] [ERROR] [1789771478.240592560] [tf_help]: Transform data too old when converting from map to odom
[component_container_isolated-2] [ERROR] [1789771478.240627258] [tf_help]: Data time: 9s 0ns, Transform time: 3s 842000000ns
[component_container_isolated-2] [ERROR] [1789771478.290160392] [tf_help]: Transform data too old when converting from map to odom
[component_container_isolated-2] [ERROR] [1789771478.290190296] [tf_help]: Data time: 9s 0ns, Transform time: 3s 842000000ns
[component_container_isolated-2] [INFO] [1789771478.326213895] [controller_server]: Passing new path to controller.
[ground_truth_localizer-1] [INFO] [1789771478.332988487] [ground_truth_localizer]: last 10 s: ground truth msgs 253, map->odom published 253 (247 via latest odom TF)
[component_container_isolated-2] [ERROR] [1789771478.335954302] [tf_help]: Transform data too old when converting from map to odom
[component_container_isolated-2] [ERROR] [1789771478.335984838] [tf_help]: Data time: 9s 900000000ns, Transform time: 3s 842000000ns
[component_container_isolated-2] [ERROR] [1789771478.383023793] [tf_help]: Transform data too old when converting from map to odom
[component_container_isolated-2] [ERROR] [1789771478.383054354] [tf_help]: Data time: 9s 900000000ns, Transform time: 3s 842000000ns
[component_container_isolated-2] [ERROR] [1789771478.437037721] [tf_help]: Transform data too old when converting from map to odom
[component_container_isolated-2] [ERROR] [1789771478.437070934] [tf_help]: Data time: 9s 900000000ns, Transform time: 3s 842000000ns
[component_container_isolated-2] [ERROR] [1789771478.487327988] [tf_help]: Transform data too old when converting from map to odom
[component_container_isolated-2] [ERROR] [1789771478.487355786] [tf_help]: Data time: 9s 900000000ns, Transform time: 3s 842000000ns
[component_container_isolated-2] [ERROR] [1789771478.535061729] [tf_help]: Transform data too old when converting from map to odom
[component_container_isolated-2] [ERROR] [1789771478.535093894] [tf_help]: Data time: 9s 900000000ns, Transform time: 3s 842000000ns
[component_container_isolated-2] [ERROR] [1789771478.583445343] [tf_help]: Transform data too old when converting from map to odom
[component_container_isolated-2] [ERROR] [1789771478.583475526] [tf_help]: Data time: 9s 900000000ns, Transform time: 3s 842000000ns
[component_container_isolated-2] [ERROR] [1789771478.642468732] [tf_help]: Transform data too old when converting from map to odom
[component_container_isolated-2] [ERROR] [1789771478.642498204] [tf_help]: Data time: 9s 900000000ns, Transform time: 3s 842000000ns
[component_container_isolated-2] [ERROR] [1789771478.690089975] [tf_help]: Transform data too old when converting from map to odom
[component_container_isolated-2] [ERROR] [1789771478.690118637] [tf_help]: Data time: 9s 900000000ns, Transform time: 3s 842000000ns
[component_container_isolated-2] [ERROR] [1789771478.738891604] [tf_help]: Transform data too old when converting from map to odom
[component_container_isolated-2] [ERROR] [1789771478.738921387] [tf_help]: Data time: 9s 900000000ns, Transform time: 3s 842000000ns
[component_container_isolated-2] [ERROR] [1789771478.785612353] [tf_help]: Transform data too old when converting from map to odom
[component_container_isolated-2] [ERROR] [1789771478.785642627] [tf_help]: Data time: 9s 900000000ns, Transform time: 3s 842000000ns
[component_container_isolated-2] [ERROR] [1789771478.836291406] [tf_help]: Transform data too old when converting from map to odom
[component_container_isolated-2] [ERROR] [1789771478.836328837] [tf_help]: Data time: 9s 900000000ns, Transform time: 3s 842000000ns
[component_container_isolated-2] [ERROR] [1789771478.887490314] [tf_help]: Transform data too old when converting from map to odom
[component_container_isolated-2] [ERROR] [1789771478.887523727] [tf_help]: Data time: 9s 900000000ns, Transform time: 3s 842000000ns
[component_container_isolated-2] [ERROR] [1789771478.935370574] [tf_help]: Transform data too old when converting from map to odom
[component_container_isolated-2] [ERROR] [1789771478.935411683] [tf_help]: Data time: 9s 900000000ns, Transform time: 3s 842000000ns
[component_container_isolated-2] [ERROR] [1789771478.989022201] [tf_help]: Transform data too old when converting from map to odom
[component_container_isolated-2] [ERROR] [1789771478.989051785] [tf_help]: Data time: 9s 900000000ns, Transform time: 3s 842000000ns
[component_container_isolated-2] [ERROR] [1789771479.039462687] [tf_help]: Transform data too old when converting from map to odom
[component_container_isolated-2] [ERROR] [1789771479.039492654] [tf_help]: Data time: 9s 900000000ns, Transform time: 3s 842000000ns
[component_container_isolated-2] [ERROR] [1789771479.089250253] [tf_help]: Transform data too old when converting from map to odom
[component_container_isolated-2] [ERROR] [1789771479.089281525] [tf_help]: Data time: 9s 900000000ns, Transform time: 3s 842000000ns
[component_container_isolated-2] [ERROR] [1789771479.137949467] [tf_help]: Transform data too old when converting from map to odom
[component_container_isolated-2] [ERROR] [1789771479.137981607] [tf_help]: Data time: 9s 900000000ns, Transform time: 3s 842000000ns
[component_container_isolated-2] [ERROR] [1789771479.186331290] [tf_help]: Transform data too old when converting from map to odom
[component_container_isolated-2] [ERROR] [1789771479.186368121] [tf_help]: Data time: 9s 900000000ns, Transform time: 3s 842000000ns
[component_container_isolated-2] [ERROR] [1789771479.237965467] [tf_help]: Transform data too old when converting from map to odom
[component_container_isolated-2] [ERROR] [1789771479.237999782] [tf_help]: Data time: 9s 900000000ns, Transform time: 3s 842000000ns
[component_container_isolated-2] [ERROR] [1789771479.291260119] [tf_help]: Transform data too old when converting from map to odom
[component_container_isolated-2] [ERROR] [1789771479.291290494] [tf_help]: Data time: 9s 900000000ns, Transform time: 3s 842000000ns
[component_container_isolated-2] [INFO] [1789771479.326259291] [controller_server]: Passing new path to controller.
[component_container_isolated-2] [ERROR] [1789771479.335974457] [tf_help]: Transform data too old when converting from map to odom
[component_container_isolated-2] [ERROR] [1789771479.336002756] [tf_help]: Data time: 10s 800000000ns, Transform time: 3s 842000000ns
[component_container_isolated-2] [ERROR] [1789771479.388823769] [tf_help]: Transform data too old when converting from map to odom
[component_container_isolated-2] [ERROR] [1789771479.388855990] [tf_help]: Data time: 10s 800000000ns, Transform time: 3s 842000000ns
[component_container_isolated-2] [ERROR] [1789771479.439830799] [tf_help]: Transform data too old when converting from map to odom
[component_container_isolated-2] [ERROR] [1789771479.439862499] [tf_help]: Data time: 10s 800000000ns, Transform time: 3s 842000000ns
[component_container_isolated-2] [ERROR] [1789771479.483618392] [tf_help]: Transform data too old when converting from map to odom
[component_container_isolated-2] [ERROR] [1789771479.483650410] [tf_help]: Data time: 10s 800000000ns, Transform time: 3s 842000000ns
[component_container_isolated-2] [ERROR] [1789771479.541078468] [tf_help]: Transform data too old when converting from map to odom
[component_container_isolated-2] [ERROR] [1789771479.541124432] [tf_help]: Data time: 10s 800000000ns, Transform time: 3s 842000000ns
[component_container_isolated-2] [ERROR] [1789771479.589070421] [tf_help]: Transform data too old when converting from map to odom
[component_container_isolated-2] [ERROR] [1789771479.589113812] [tf_help]: Data time: 10s 800000000ns, Transform time: 3s 842000000ns
[component_container_isolated-2] [ERROR] [1789771479.637274124] [tf_help]: Transform data too old when converting from map to odom
[component_container_isolated-2] [ERROR] [1789771479.637311139] [tf_help]: Data time: 10s 800000000ns, Transform time: 3s 842000000ns
[component_container_isolated-2] [ERROR] [1789771479.684403838] [tf_help]: Transform data too old when converting from map to odom
[component_container_isolated-2] [ERROR] [1789771479.684443997] [tf_help]: Data time: 10s 800000000ns, Transform time: 3s 842000000ns
[component_container_isolated-2] [ERROR] [1789771479.737674304] [tf_help]: Transform data too old when converting from map to odom
[component_container_isolated-2] [ERROR] [1789771479.737704527] [tf_help]: Data time: 10s 800000000ns, Transform time: 3s 842000000ns
[component_container_isolated-2] [ERROR] [1789771479.785423490] [tf_help]: Transform data too old when converting from map to odom
[component_container_isolated-2] [ERROR] [1789771479.785464678] [tf_help]: Data time: 10s 800000000ns, Transform time: 3s 842000000ns
[component_container_isolated-2] [ERROR] [1789771479.837681186] [tf_help]: Transform data too old when converting from map to odom
[component_container_isolated-2] [ERROR] [1789771479.837716637] [tf_help]: Data time: 10s 800000000ns, Transform time: 3s 842000000ns
[component_container_isolated-2] [ERROR] [1789771479.887828619] [tf_help]: Transform data too old when converting from map to odom
[component_container_isolated-2] [ERROR] [1789771479.887859209] [tf_help]: Data time: 10s 800000000ns, Transform time: 3s 842000000ns
[component_container_isolated-2] [ERROR] [1789771479.940208902] [tf_help]: Transform data too old when converting from map to odom
[component_container_isolated-2] [ERROR] [1789771479.940243154] [tf_help]: Data time: 10s 800000000ns, Transform time: 3s 842000000ns
[component_container_isolated-2] [ERROR] [1789771479.988991879] [tf_help]: Transform data too old when converting from map to odom
[component_container_isolated-2] [ERROR] [1789771479.989022915] [tf_help]: Data time: 10s 800000000ns, Transform time: 3s 842000000ns
[component_container_isolated-2] [ERROR] [1789771480.037737004] [tf_help]: Transform data too old when converting from map to odom
[component_container_isolated-2] [ERROR] [1789771480.037771026] [tf_help]: Data time: 10s 800000000ns, Transform time: 3s 842000000ns
[component_container_isolated-2] [ERROR] [1789771480.085722147] [tf_help]: Transform data too old when converting from map to odom
[component_container_isolated-2] [ERROR] [1789771480.085759806] [tf_help]: Data time: 10s 800000000ns, Transform time: 3s 842000000ns
[component_container_isolated-2] [ERROR] [1789771480.135017305] [tf_help]: Transform data too old when converting from map to odom
[component_container_isolated-2] [ERROR] [1789771480.135062848] [tf_help]: Data time: 10s 800000000ns, Transform time: 3s 842000000ns
[component_container_isolated-2] [ERROR] [1789771480.189651396] [tf_help]: Transform data too old when converting from map to odom
[component_container_isolated-2] [ERROR] [1789771480.189686126] [tf_help]: Data time: 10s 800000000ns, Transform time: 3s 842000000ns
[component_container_isolated-2] [ERROR] [1789771480.238177992] [tf_help]: Transform data too old when converting from map to odom
[component_container_isolated-2] [ERROR] [1789771480.238213764] [tf_help]: Data time: 10s 800000000ns, Transform time: 3s 842000000ns
[component_container_isolated-2] [ERROR] [1789771480.286787512] [tf_help]: Transform data too old when converting from map to odom
[component_container_isolated-2] [ERROR] [1789771480.286820213] [tf_help]: Data time: 10s 800000000ns, Transform time: 3s 842000000ns
[component_container_isolated-2] [ERROR] [1789771480.336550232] [tf_help]: Transform data too old when converting from map to odom
[component_container_isolated-2] [ERROR] [1789771480.336581662] [tf_help]: Data time: 10s 800000000ns, Transform time: 3s 842000000ns
[component_container_isolated-2] [INFO] [1789771480.376247683] [controller_server]: Passing new path to controller.
[component_container_isolated-2] [ERROR] [1789771480.386856299] [tf_help]: Transform data too old when converting from map to odom
[component_container_isolated-2] [ERROR] [1789771480.386880075] [tf_help]: Data time: 11s 800000000ns, Transform time: 3s 842000000ns
[component_container_isolated-2] [ERROR] [1789771480.436481479] [tf_help]: Transform data too old when converting from map to odom
[component_container_isolated-2] [ERROR] [1789771480.436511969] [tf_help]: Data time: 11s 800000000ns, Transform time: 3s 842000000ns
[component_container_isolated-2] [ERROR] [1789771480.486907129] [tf_help]: Transform data too old when converting from map to odom
[component_container_isolated-2] [ERROR] [1789771480.486940375] [tf_help]: Data time: 11s 800000000ns, Transform time: 3s 842000000ns
[component_container_isolated-2] [ERROR] [1789771480.536309592] [tf_help]: Transform data too old when converting from map to odom
[component_container_isolated-2] [ERROR] [1789771480.536348737] [tf_help]: Data time: 11s 800000000ns, Transform time: 3s 842000000ns
[component_container_isolated-2] [ERROR] [1789771480.586534325] [tf_help]: Transform data too old when converting from map to odom
[component_container_isolated-2] [ERROR] [1789771480.586571327] [tf_help]: Data time: 11s 800000000ns, Transform time: 3s 842000000ns
[component_container_isolated-2] [ERROR] [1789771480.635782905] [tf_help]: Transform data too old when converting from map to odom
[component_container_isolated-2] [ERROR] [1789771480.635814643] [tf_help]: Data time: 11s 800000000ns, Transform time: 3s 842000000ns
[component_container_isolated-2] [ERROR] [1789771480.685440416] [tf_help]: Transform data too old when converting from map to odom
[component_container_isolated-2] [ERROR] [1789771480.685480543] [tf_help]: Data time: 11s 800000000ns, Transform time: 3s 842000000ns
[component_container_isolated-2] [ERROR] [1789771480.735540933] [tf_help]: Transform data too old when converting from map to odom
[component_container_isolated-2] [ERROR] [1789771480.735573395] [tf_help]: Data time: 11s 800000000ns, Transform time: 3s 842000000ns
[component_container_isolated-2] [ERROR] [1789771480.786110623] [tf_help]: Transform data too old when converting from map to odom
[component_container_isolated-2] [ERROR] [1789771480.786141776] [tf_help]: Data time: 11s 800000000ns, Transform time: 3s 842000000ns
[component_container_isolated-2] [ERROR] [1789771480.834277701] [tf_help]: Transform data too old when converting from map to odom
[component_container_isolated-2] [ERROR] [1789771480.834317460] [tf_help]: Data time: 11s 800000000ns, Transform time: 3s 842000000ns
[component_container_isolated-2] [ERROR] [1789771480.884290870] [tf_help]: Transform data too old when converting from map to odom
[component_container_isolated-2] [ERROR] [1789771480.884320204] [tf_help]: Data time: 11s 800000000ns, Transform time: 3s 842000000ns
[component_container_isolated-2] [ERROR] [1789771480.937010155] [tf_help]: Transform data too old when converting from map to odom
[component_container_isolated-2] [ERROR] [1789771480.937043083] [tf_help]: Data time: 11s 800000000ns, Transform time: 3s 842000000ns
[component_container_isolated-2] [ERROR] [1789771480.985017051] [tf_help]: Transform data too old when converting from map to odom
[component_container_isolated-2] [ERROR] [1789771480.985048835] [tf_help]: Data time: 11s 800000000ns, Transform time: 3s 842000000ns
[component_container_isolated-2] [ERROR] [1789771481.034322362] [tf_help]: Transform data too old when converting from map to odom
[component_container_isolated-2] [ERROR] [1789771481.034353832] [tf_help]: Data time: 11s 800000000ns, Transform time: 3s 842000000ns
[component_container_isolated-2] [ERROR] [1789771481.084192777] [tf_help]: Transform data too old when converting from map to odom
[component_container_isolated-2] [ERROR] [1789771481.084224900] [tf_help]: Data time: 11s 800000000ns, Transform time: 3s 842000000ns
[component_container_isolated-2] [ERROR] [1789771481.133740667] [tf_help]: Transform data too old when converting from map to odom
[component_container_isolated-2] [ERROR] [1789771481.133773012] [tf_help]: Data time: 11s 800000000ns, Transform time: 3s 842000000ns
[component_container_isolated-2] [ERROR] [1789771481.186075834] [tf_help]: Transform data too old when converting from map to odom
[component_container_isolated-2] [ERROR] [1789771481.186104827] [tf_help]: Data time: 11s 800000000ns, Transform time: 3s 842000000ns
[component_container_isolated-2] [ERROR] [1789771481.232243404] [tf_help]: Transform data too old when converting from map to odom
[component_container_isolated-2] [ERROR] [1789771481.232274864] [tf_help]: Data time: 11s 800000000ns, Transform time: 3s 842000000ns
[component_container_isolated-2] [ERROR] [1789771481.282518185] [tf_help]: Transform data too old when converting from map to odom
[component_container_isolated-2] [ERROR] [1789771481.282551946] [tf_help]: Data time: 11s 800000000ns, Transform time: 3s 842000000ns
[component_container_isolated-2] [ERROR] [1789771481.333695105] [tf_help]: Transform data too old when converting from map to odom
[component_container_isolated-2] [ERROR] [1789771481.333729478] [tf_help]: Data time: 11s 800000000ns, Transform time: 3s 842000000ns
[component_container_isolated-2] [INFO] [1789771481.376207510] [controller_server]: Passing new path to controller.
[component_container_isolated-2] [ERROR] [1789771481.383411180] [tf_help]: Transform data too old when converting from map to odom
[component_container_isolated-2] [ERROR] [1789771481.383443478] [tf_help]: Data time: 12s 800000000ns, Transform time: 3s 842000000ns
[component_container_isolated-2] [ERROR] [1789771481.433291491] [tf_help]: Transform data too old when converting from map to odom
[component_container_isolated-2] [ERROR] [1789771481.433327993] [tf_help]: Data time: 12s 800000000ns, Transform time: 3s 842000000ns
[component_container_isolated-2] [ERROR] [1789771481.485820814] [tf_help]: Transform data too old when converting from map to odom
[component_container_isolated-2] [ERROR] [1789771481.485857949] [tf_help]: Data time: 12s 800000000ns, Transform time: 3s 842000000ns
[component_container_isolated-2] [ERROR] [1789771481.536827625] [tf_help]: Transform data too old when converting from map to odom
[component_container_isolated-2] [ERROR] [1789771481.536863617] [tf_help]: Data time: 12s 800000000ns, Transform time: 3s 842000000ns
[component_container_isolated-2] [ERROR] [1789771481.584632307] [tf_help]: Transform data too old when converting from map to odom
[component_container_isolated-2] [ERROR] [1789771481.584663307] [tf_help]: Data time: 12s 800000000ns, Transform time: 3s 842000000ns
[component_container_isolated-2] [ERROR] [1789771481.632985210] [tf_help]: Transform data too old when converting from map to odom
[component_container_isolated-2] [ERROR] [1789771481.633018439] [tf_help]: Data time: 12s 800000000ns, Transform time: 3s 842000000ns
[component_container_isolated-2] [ERROR] [1789771481.683758794] [tf_help]: Transform data too old when converting from map to odom
[component_container_isolated-2] [ERROR] [1789771481.683788743] [tf_help]: Data time: 12s 800000000ns, Transform time: 3s 842000000ns
[component_container_isolated-2] [ERROR] [1789771481.733818052] [tf_help]: Transform data too old when converting from map to odom
[component_container_isolated-2] [ERROR] [1789771481.733847787] [tf_help]: Data time: 12s 800000000ns, Transform time: 3s 842000000ns
[component_container_isolated-2] [ERROR] [1789771481.783364574] [tf_help]: Transform data too old when converting from map to odom
[component_container_isolated-2] [ERROR] [1789771481.783398102] [tf_help]: Data time: 12s 800000000ns, Transform time: 3s 842000000ns
[component_container_isolated-2] [ERROR] [1789771481.833934742] [tf_help]: Transform data too old when converting from map to odom
[component_container_isolated-2] [ERROR] [1789771481.833964548] [tf_help]: Data time: 12s 800000000ns, Transform time: 3s 842000000ns
[component_container_isolated-2] [ERROR] [1789771481.887180569] [tf_help]: Transform data too old when converting from map to odom
[component_container_isolated-2] [ERROR] [1789771481.887214536] [tf_help]: Data time: 12s 800000000ns, Transform time: 3s 842000000ns
[component_container_isolated-2] [ERROR] [1789771481.936124805] [tf_help]: Transform data too old when converting from map to odom
[component_container_isolated-2] [ERROR] [1789771481.936153677] [tf_help]: Data time: 12s 800000000ns, Transform time: 3s 842000000ns
[component_container_isolated-2] [ERROR] [1789771481.985457120] [tf_help]: Transform data too old when converting from map to odom
[component_container_isolated-2] [ERROR] [1789771481.985493206] [tf_help]: Data time: 12s 800000000ns, Transform time: 3s 842000000ns
[component_container_isolated-2] [ERROR] [1789771482.036157991] [tf_help]: Transform data too old when converting from map to odom
[component_container_isolated-2] [ERROR] [1789771482.036195891] [tf_help]: Data time: 12s 800000000ns, Transform time: 3s 842000000ns
[component_container_isolated-2] [ERROR] [1789771482.085923531] [tf_help]: Transform data too old when converting from map to odom
[component_container_isolated-2] [ERROR] [1789771482.085955099] [tf_help]: Data time: 12s 800000000ns, Transform time: 3s 842000000ns
[component_container_isolated-2] [ERROR] [1789771482.136830261] [tf_help]: Transform data too old when converting from map to odom
[component_container_isolated-2] [ERROR] [1789771482.136862625] [tf_help]: Data time: 12s 800000000ns, Transform time: 3s 842000000ns
[component_container_isolated-2] [ERROR] [1789771482.186706188] [tf_help]: Transform data too old when converting from map to odom
[component_container_isolated-2] [ERROR] [1789771482.186740690] [tf_help]: Data time: 12s 800000000ns, Transform time: 3s 842000000ns
[component_container_isolated-2] [ERROR] [1789771482.238044349] [tf_help]: Transform data too old when converting from map to odom
[component_container_isolated-2] [ERROR] [1789771482.238092295] [tf_help]: Data time: 12s 800000000ns, Transform time: 3s 842000000ns
[component_container_isolated-2] [ERROR] [1789771482.287123671] [tf_help]: Transform data too old when converting from map to odom
[component_container_isolated-2] [ERROR] [1789771482.287155590] [tf_help]: Data time: 12s 800000000ns, Transform time: 3s 842000000ns
[component_container_isolated-2] [ERROR] [1789771482.338084215] [tf_help]: Transform data too old when converting from map to odom
[component_container_isolated-2] [ERROR] [1789771482.338114691] [tf_help]: Data time: 12s 800000000ns, Transform time: 3s 842000000ns
[component_container_isolated-2] [ERROR] [1789771482.389725001] [tf_help]: Transform data too old when converting from map to odom
[component_container_isolated-2] [ERROR] [1789771482.389758548] [tf_help]: Data time: 12s 800000000ns, Transform time: 3s 842000000ns
[component_container_isolated-2] [INFO] [1789771482.426212985] [controller_server]: Passing new path to controller.
[component_container_isolated-2] [ERROR] [1789771482.441334072] [tf_help]: Transform data too old when converting from map to odom
[component_container_isolated-2] [ERROR] [1789771482.441365462] [tf_help]: Data time: 13s 800000000ns, Transform time: 3s 842000000ns
[component_container_isolated-2] [ERROR] [1789771482.491712101] [tf_help]: Transform data too old when converting from map to odom
[component_container_isolated-2] [ERROR] [1789771482.491741279] [tf_help]: Data time: 13s 800000000ns, Transform time: 3s 842000000ns
[component_container_isolated-2] [ERROR] [1789771482.540465796] [tf_help]: Transform data too old when converting from map to odom
[component_container_isolated-2] [ERROR] [1789771482.540497298] [tf_help]: Data time: 13s 800000000ns, Transform time: 3s 842000000ns
[component_container_isolated-2] [ERROR] [1789771482.591942121] [tf_help]: Transform data too old when converting from map to odom
[component_container_isolated-2] [ERROR] [1789771482.591973442] [tf_help]: Data time: 13s 800000000ns, Transform time: 3s 842000000ns
[component_container_isolated-2] [ERROR] [1789771482.640112882] [tf_help]: Transform data too old when converting from map to odom
[component_container_isolated-2] [ERROR] [1789771482.640150855] [tf_help]: Data time: 13s 800000000ns, Transform time: 3s 842000000ns
[component_container_isolated-2] [ERROR] [1789771482.690535812] [tf_help]: Transform data too old when converting from map to odom
[component_container_isolated-2] [ERROR] [1789771482.690568976] [tf_help]: Data time: 13s 800000000ns, Transform time: 3s 842000000ns
[component_container_isolated-2] [ERROR] [1789771482.742500909] [tf_help]: Transform data too old when converting from map to odom
[component_container_isolated-2] [ERROR] [1789771482.742530509] [tf_help]: Data time: 13s 800000000ns, Transform time: 3s 842000000ns
[component_container_isolated-2] [ERROR] [1789771482.792583867] [tf_help]: Transform data too old when converting from map to odom
[component_container_isolated-2] [ERROR] [1789771482.792614277] [tf_help]: Data time: 13s 800000000ns, Transform time: 3s 842000000ns
[component_container_isolated-2] [ERROR] [1789771482.838927715] [tf_help]: Transform data too old when converting from map to odom
[component_container_isolated-2] [ERROR] [1789771482.838963276] [tf_help]: Data time: 13s 800000000ns, Transform time: 3s 842000000ns
[component_container_isolated-2] [ERROR] [1789771482.888544177] [tf_help]: Transform data too old when converting from map to odom
[component_container_isolated-2] [ERROR] [1789771482.888572238] [tf_help]: Data time: 13s 800000000ns, Transform time: 3s 842000000ns
[component_container_isolated-2] [ERROR] [1789771482.936382379] [tf_help]: Transform data too old when converting from map to odom
[component_container_isolated-2] [ERROR] [1789771482.936412209] [tf_help]: Data time: 13s 800000000ns, Transform time: 3s 842000000ns
[component_container_isolated-2] [ERROR] [1789771482.986689666] [tf_help]: Transform data too old when converting from map to odom
[component_container_isolated-2] [ERROR] [1789771482.986720676] [tf_help]: Data time: 13s 800000000ns, Transform time: 3s 842000000ns
[component_container_isolated-2] [ERROR] [1789771483.036321460] [tf_help]: Transform data too old when converting from map to odom
[component_container_isolated-2] [ERROR] [1789771483.036366190] [tf_help]: Data time: 13s 800000000ns, Transform time: 3s 842000000ns
[component_container_isolated-2] [ERROR] [1789771483.085670091] [tf_help]: Transform data too old when converting from map to odom
[component_container_isolated-2] [ERROR] [1789771483.085703409] [tf_help]: Data time: 13s 800000000ns, Transform time: 3s 842000000ns
[component_container_isolated-2] [ERROR] [1789771483.140104595] [tf_help]: Transform data too old when converting from map to odom
[component_container_isolated-2] [ERROR] [1789771483.140136458] [tf_help]: Data time: 13s 800000000ns, Transform time: 3s 842000000ns
[component_container_isolated-2] [ERROR] [1789771483.187502332] [tf_help]: Transform data too old when converting from map to odom
[component_container_isolated-2] [ERROR] [1789771483.187531928] [tf_help]: Data time: 13s 800000000ns, Transform time: 3s 842000000ns
[component_container_isolated-2] [ERROR] [1789771483.237681834] [tf_help]: Transform data too old when converting from map to odom
[component_container_isolated-2] [ERROR] [1789771483.237730667] [tf_help]: Data time: 13s 800000000ns, Transform time: 3s 842000000ns
[component_container_isolated-2] [ERROR] [1789771483.288162024] [tf_help]: Transform data too old when converting from map to odom
[component_container_isolated-2] [ERROR] [1789771483.288191788] [tf_help]: Data time: 13s 800000000ns, Transform time: 3s 842000000ns
[component_container_isolated-2] [ERROR] [1789771483.337759747] [tf_help]: Transform data too old when converting from map to odom
[component_container_isolated-2] [ERROR] [1789771483.337791097] [tf_help]: Data time: 13s 800000000ns, Transform time: 3s 842000000ns
[component_container_isolated-2] [ERROR] [1789771483.387322962] [tf_help]: Transform data too old when converting from map to odom
[component_container_isolated-2] [ERROR] [1789771483.387356517] [tf_help]: Data time: 13s 800000000ns, Transform time: 3s 842000000ns
[component_container_isolated-2] [INFO] [1789771483.426218439] [controller_server]: Passing new path to controller.
[component_container_isolated-2] [ERROR] [1789771483.437086726] [tf_help]: Transform data too old when converting from map to odom
[component_container_isolated-2] [ERROR] [1789771483.437119034] [tf_help]: Data time: 14s 700000000ns, Transform time: 3s 842000000ns
[component_container_isolated-2] [ERROR] [1789771483.488305606] [tf_help]: Transform data too old when converting from map to odom
[component_container_isolated-2] [ERROR] [1789771483.488335436] [tf_help]: Data time: 14s 700000000ns, Transform time: 3s 842000000ns
[component_container_isolated-2] [ERROR] [1789771483.536971721] [tf_help]: Transform data too old when converting from map to odom
[component_container_isolated-2] [ERROR] [1789771483.537001360] [tf_help]: Data time: 14s 700000000ns, Transform time: 3s 842000000ns
[component_container_isolated-2] [ERROR] [1789771483.586501630] [tf_help]: Transform data too old when converting from map to odom
[component_container_isolated-2] [ERROR] [1789771483.586531714] [tf_help]: Data time: 14s 700000000ns, Transform time: 3s 842000000ns
[component_container_isolated-2] [ERROR] [1789771483.635083765] [tf_help]: Transform data too old when converting from map to odom
[component_container_isolated-2] [ERROR] [1789771483.635115356] [tf_help]: Data time: 14s 700000000ns, Transform time: 3s 842000000ns
[component_container_isolated-2] [ERROR] [1789771483.686352414] [tf_help]: Transform data too old when converting from map to odom
[component_container_isolated-2] [ERROR] [1789771483.686386929] [tf_help]: Data time: 14s 700000000ns, Transform time: 3s 842000000ns
[component_container_isolated-2] [ERROR] [1789771483.734380373] [tf_help]: Transform data too old when converting from map to odom
[component_container_isolated-2] [ERROR] [1789771483.734412593] [tf_help]: Data time: 14s 700000000ns, Transform time: 3s 842000000ns
[component_container_isolated-2] [ERROR] [1789771483.786237587] [tf_help]: Transform data too old when converting from map to odom
[component_container_isolated-2] [ERROR] [1789771483.786266924] [tf_help]: Data time: 14s 700000000ns, Transform time: 3s 842000000ns
[component_container_isolated-2] [ERROR] [1789771483.835415955] [tf_help]: Transform data too old when converting from map to odom
[component_container_isolated-2] [ERROR] [1789771483.835450026] [tf_help]: Data time: 14s 700000000ns, Transform time: 3s 842000000ns
[component_container_isolated-2] [ERROR] [1789771483.884128698] [tf_help]: Transform data too old when converting from map to odom
[component_container_isolated-2] [ERROR] [1789771483.884157861] [tf_help]: Data time: 14s 700000000ns, Transform time: 3s 842000000ns
[component_container_isolated-2] [ERROR] [1789771483.934767008] [tf_help]: Transform data too old when converting from map to odom
[component_container_isolated-2] [ERROR] [1789771483.934797638] [tf_help]: Data time: 14s 700000000ns, Transform time: 3s 842000000ns
[component_container_isolated-2] [ERROR] [1789771483.985162319] [tf_help]: Transform data too old when converting from map to odom
[component_container_isolated-2] [ERROR] [1789771483.985201111] [tf_help]: Data time: 14s 700000000ns, Transform time: 3s 842000000ns
[component_container_isolated-2] [ERROR] [1789771484.035754193] [tf_help]: Transform data too old when converting from map to odom
[component_container_isolated-2] [ERROR] [1789771484.035786451] [tf_help]: Data time: 14s 700000000ns, Transform time: 3s 842000000ns
[component_container_isolated-2] [ERROR] [1789771484.085233985] [tf_help]: Transform data too old when converting from map to odom
[component_container_isolated-2] [ERROR] [1789771484.085267398] [tf_help]: Data time: 14s 700000000ns, Transform time: 3s 842000000ns
[component_container_isolated-2] [ERROR] [1789771484.136441702] [tf_help]: Transform data too old when converting from map to odom
[component_container_isolated-2] [ERROR] [1789771484.136470993] [tf_help]: Data time: 14s 700000000ns, Transform time: 3s 842000000ns
[component_container_isolated-2] [ERROR] [1789771484.183992799] [tf_help]: Transform data too old when converting from map to odom
[component_container_isolated-2] [ERROR] [1789771484.184027000] [tf_help]: Data time: 14s 700000000ns, Transform time: 3s 842000000ns
[component_container_isolated-2] [ERROR] [1789771484.234994063] [tf_help]: Transform data too old when converting from map to odom
[component_container_isolated-2] [ERROR] [1789771484.235036849] [tf_help]: Data time: 14s 700000000ns, Transform time: 3s 842000000ns
[component_container_isolated-2] [ERROR] [1789771484.284798188] [tf_help]: Transform data too old when converting from map to odom
[component_container_isolated-2] [ERROR] [1789771484.284829473] [tf_help]: Data time: 14s 700000000ns, Transform time: 3s 842000000ns
[component_container_isolated-2] [ERROR] [1789771484.334782348] [tf_help]: Transform data too old when converting from map to odom
[component_container_isolated-2] [ERROR] [1789771484.334815255] [tf_help]: Data time: 14s 700000000ns, Transform time: 3s 842000000ns
[component_container_isolated-2] [ERROR] [1789771484.384758301] [tf_help]: Transform data too old when converting from map to odom
[component_container_isolated-2] [ERROR] [1789771484.384805940] [tf_help]: Data time: 14s 700000000ns, Transform time: 3s 842000000ns
[component_container_isolated-2] [ERROR] [1789771484.435209993] [tf_help]: Transform data too old when converting from map to odom
[component_container_isolated-2] [ERROR] [1789771484.435243040] [tf_help]: Data time: 14s 700000000ns, Transform time: 3s 842000000ns
[component_container_isolated-2] [INFO] [1789771484.476207089] [controller_server]: Passing new path to controller.
[component_container_isolated-2] [ERROR] [1789771484.484946236] [tf_help]: Transform data too old when converting from map to odom
[component_container_isolated-2] [ERROR] [1789771484.484969869] [tf_help]: Data time: 15s 700000000ns, Transform time: 3s 842000000ns
[component_container_isolated-2] [ERROR] [1789771484.536160001] [tf_help]: Transform data too old when converting from map to odom
[component_container_isolated-2] [ERROR] [1789771484.536191264] [tf_help]: Data time: 15s 700000000ns, Transform time: 3s 842000000ns
[component_container_isolated-2] [ERROR] [1789771484.585075655] [tf_help]: Transform data too old when converting from map to odom
[component_container_isolated-2] [ERROR] [1789771484.585106757] [tf_help]: Data time: 15s 700000000ns, Transform time: 3s 842000000ns
[component_container_isolated-2] [ERROR] [1789771484.635643034] [tf_help]: Transform data too old when converting from map to odom
[component_container_isolated-2] [ERROR] [1789771484.635678873] [tf_help]: Data time: 15s 700000000ns, Transform time: 3s 842000000ns
[component_container_isolated-2] [ERROR] [1789771484.686473458] [tf_help]: Transform data too old when converting from map to odom
[component_container_isolated-2] [ERROR] [1789771484.686504874] [tf_help]: Data time: 15s 700000000ns, Transform time: 3s 842000000ns
[component_container_isolated-2] [ERROR] [1789771484.737413483] [tf_help]: Transform data too old when converting from map to odom
[component_container_isolated-2] [ERROR] [1789771484.737463774] [tf_help]: Data time: 15s 700000000ns, Transform time: 3s 842000000ns
[component_container_isolated-2] [ERROR] [1789771484.788069284] [tf_help]: Transform data too old when converting from map to odom
[component_container_isolated-2] [ERROR] [1789771484.788103015] [tf_help]: Data time: 15s 700000000ns, Transform time: 3s 842000000ns
[component_container_isolated-2] [ERROR] [1789771484.837235619] [tf_help]: Transform data too old when converting from map to odom
[component_container_isolated-2] [ERROR] [1789771484.837266554] [tf_help]: Data time: 15s 700000000ns, Transform time: 3s 842000000ns
[component_container_isolated-2] [ERROR] [1789771484.886842448] [tf_help]: Transform data too old when converting from map to odom
[component_container_isolated-2] [ERROR] [1789771484.886878717] [tf_help]: Data time: 15s 700000000ns, Transform time: 3s 842000000ns
[component_container_isolated-2] [ERROR] [1789771484.935574875] [tf_help]: Transform data too old when converting from map to odom
[component_container_isolated-2] [ERROR] [1789771484.935621394] [tf_help]: Data time: 15s 700000000ns, Transform time: 3s 842000000ns
[component_container_isolated-2] [ERROR] [1789771484.986520062] [tf_help]: Transform data too old when converting from map to odom
[component_container_isolated-2] [ERROR] [1789771484.986552658] [tf_help]: Data time: 15s 700000000ns, Transform time: 3s 842000000ns
[component_container_isolated-2] [ERROR] [1789771485.026323295] [controller_server]: Failed to make progress
[component_container_isolated-2] [WARN] [1789771485.026400923] [controller_server]: [follow_path] [ActionServer] Aborting handle.
[component_container_isolated-2] [INFO] [1789771485.045678343] [local_costmap.local_costmap]: Received request to clear entirely the local_costmap
[component_container_isolated-2] [INFO] [1789771485.046836165] [controller_server]: Received a goal, begin computing control effort.
[component_container_isolated-2] [ERROR] [1789771485.243221402] [tf_help]: Transform data too old when converting from map to odom
[component_container_isolated-2] [ERROR] [1789771485.243255675] [tf_help]: Data time: 15s 700000000ns, Transform time: 3s 842000000ns
[component_container_isolated-2] [WARN] [1789771485.243261969] [controller_server]: Control loop missed its desired rate of 20.0000Hz
[component_container_isolated-2] [ERROR] [1789771485.247437090] [tf_help]: Transform data too old when converting from map to odom
[component_container_isolated-2] [ERROR] [1789771485.247455612] [tf_help]: Data time: 15s 700000000ns, Transform time: 3s 842000000ns
[component_container_isolated-2] [ERROR] [1789771485.302535011] [tf_help]: Transform data too old when converting from map to odom
[component_container_isolated-2] [ERROR] [1789771485.302607953] [tf_help]: Data time: 15s 700000000ns, Transform time: 3s 842000000ns
[component_container_isolated-2] [ERROR] [1789771485.357117953] [tf_help]: Transform data too old when converting from map to odom
[component_container_isolated-2] [ERROR] [1789771485.357150028] [tf_help]: Data time: 15s 700000000ns, Transform time: 3s 842000000ns
[component_container_isolated-2] [ERROR] [1789771485.411649857] [tf_help]: Transform data too old when converting from map to odom
[component_container_isolated-2] [ERROR] [1789771485.411681587] [tf_help]: Data time: 15s 700000000ns, Transform time: 3s 842000000ns
[component_container_isolated-2] [ERROR] [1789771485.466613797] [tf_help]: Transform data too old when converting from map to odom
[component_container_isolated-2] [ERROR] [1789771485.466645605] [tf_help]: Data time: 15s 700000000ns, Transform time: 3s 842000000ns
[component_container_isolated-2] [INFO] [1789771485.516712229] [controller_server]: Passing new path to controller.
[component_container_isolated-2] [ERROR] [1789771485.521327358] [tf_help]: Transform data too old when converting from map to odom
[component_container_isolated-2] [ERROR] [1789771485.521351447] [tf_help]: Data time: 16s 700000000ns, Transform time: 3s 842000000ns
[component_container_isolated-2] [ERROR] [1789771485.576428258] [tf_help]: Transform data too old when converting from map to odom
[component_container_isolated-2] [ERROR] [1789771485.576464818] [tf_help]: Data time: 16s 700000000ns, Transform time: 3s 842000000ns
[component_container_isolated-2] [ERROR] [1789771485.631086169] [tf_help]: Transform data too old when converting from map to odom
[component_container_isolated-2] [ERROR] [1789771485.631121989] [tf_help]: Data time: 16s 700000000ns, Transform time: 3s 842000000ns
[component_container_isolated-2] [ERROR] [1789771485.685687802] [tf_help]: Transform data too old when converting from map to odom
[component_container_isolated-2] [ERROR] [1789771485.685719065] [tf_help]: Data time: 16s 700000000ns, Transform time: 3s 842000000ns
[component_container_isolated-2] [ERROR] [1789771485.740406692] [tf_help]: Transform data too old when converting from map to odom
[component_container_isolated-2] [ERROR] [1789771485.740441430] [tf_help]: Data time: 16s 700000000ns, Transform time: 3s 842000000ns
[component_container_isolated-2] [ERROR] [1789771485.797441999] [tf_help]: Transform data too old when converting from map to odom
[component_container_isolated-2] [ERROR] [1789771485.797478535] [tf_help]: Data time: 16s 700000000ns, Transform time: 3s 842000000ns
[component_container_isolated-2] [ERROR] [1789771485.847621984] [tf_help]: Transform data too old when converting from map to odom
[component_container_isolated-2] [ERROR] [1789771485.847655804] [tf_help]: Data time: 16s 700000000ns, Transform time: 3s 842000000ns
[component_container_isolated-2] [ERROR] [1789771485.897966442] [tf_help]: Transform data too old when converting from map to odom
[component_container_isolated-2] [ERROR] [1789771485.897996490] [tf_help]: Data time: 16s 700000000ns, Transform time: 3s 842000000ns
[component_container_isolated-2] [ERROR] [1789771485.947835149] [tf_help]: Transform data too old when converting from map to odom
[component_container_isolated-2] [ERROR] [1789771485.947864292] [tf_help]: Data time: 16s 700000000ns, Transform time: 3s 842000000ns
[component_container_isolated-2] [ERROR] [1789771485.997782805] [tf_help]: Transform data too old when converting from map to odom
[component_container_isolated-2] [ERROR] [1789771485.997813070] [tf_help]: Data time: 16s 700000000ns, Transform time: 3s 842000000ns
[component_container_isolated-2] [ERROR] [1789771486.048655061] [tf_help]: Transform data too old when converting from map to odom
[component_container_isolated-2] [ERROR] [1789771486.048686176] [tf_help]: Data time: 16s 700000000ns, Transform time: 3s 842000000ns
[component_container_isolated-2] [ERROR] [1789771486.098080781] [tf_help]: Transform data too old when converting from map to odom
[component_container_isolated-2] [ERROR] [1789771486.098110244] [tf_help]: Data time: 16s 700000000ns, Transform time: 3s 842000000ns
[component_container_isolated-2] [ERROR] [1789771486.148505279] [tf_help]: Transform data too old when converting from map to odom
[component_container_isolated-2] [ERROR] [1789771486.148536323] [tf_help]: Data time: 16s 700000000ns, Transform time: 3s 842000000ns
[component_container_isolated-2] [ERROR] [1789771486.197701366] [tf_help]: Transform data too old when converting from map to odom
[component_container_isolated-2] [ERROR] [1789771486.197733402] [tf_help]: Data time: 16s 700000000ns, Transform time: 3s 842000000ns
[component_container_isolated-2] [ERROR] [1789771486.248043506] [tf_help]: Transform data too old when converting from map to odom
[component_container_isolated-2] [ERROR] [1789771486.248074798] [tf_help]: Data time: 16s 700000000ns, Transform time: 3s 842000000ns
[component_container_isolated-2] [ERROR] [1789771486.297761733] [tf_help]: Transform data too old when converting from map to odom
[component_container_isolated-2] [ERROR] [1789771486.297792447] [tf_help]: Data time: 16s 700000000ns, Transform time: 3s 842000000ns
[component_container_isolated-2] [ERROR] [1789771486.347750087] [tf_help]: Transform data too old when converting from map to odom
[component_container_isolated-2] [ERROR] [1789771486.347793928] [tf_help]: Data time: 16s 700000000ns, Transform time: 3s 842000000ns
[component_container_isolated-2] [ERROR] [1789771486.397497632] [tf_help]: Transform data too old when converting from map to odom
[component_container_isolated-2] [ERROR] [1789771486.397527615] [tf_help]: Data time: 16s 700000000ns, Transform time: 3s 842000000ns
[component_container_isolated-2] [ERROR] [1789771486.449624524] [tf_help]: Transform data too old when converting from map to odom
[component_container_isolated-2] [ERROR] [1789771486.449662185] [tf_help]: Data time: 16s 700000000ns, Transform time: 3s 842000000ns
[component_container_isolated-2] [ERROR] [1789771486.501280629] [tf_help]: Transform data too old when converting from map to odom
[component_container_isolated-2] [ERROR] [1789771486.501330298] [tf_help]: Data time: 16s 700000000ns, Transform time: 3s 842000000ns
[component_container_isolated-2] [INFO] [1789771486.543327670] [controller_server]: Passing new path to controller.
[component_container_isolated-2] [ERROR] [1789771486.551440254] [tf_help]: Transform data too old when converting from map to odom
[component_container_isolated-2] [ERROR] [1789771486.551484103] [tf_help]: Data time: 17s 700000000ns, Transform time: 3s 842000000ns
[component_container_isolated-2] [ERROR] [1789771486.598770076] [tf_help]: Transform data too old when converting from map to odom
[component_container_isolated-2] [ERROR] [1789771486.598807668] [tf_help]: Data time: 17s 700000000ns, Transform time: 3s 842000000ns
[component_container_isolated-2] [ERROR] [1789771486.647919733] [tf_help]: Transform data too old when converting from map to odom
[component_container_isolated-2] [ERROR] [1789771486.647954380] [tf_help]: Data time: 17s 700000000ns, Transform time: 3s 842000000ns
[component_container_isolated-2] [ERROR] [1789771486.697654297] [tf_help]: Transform data too old when converting from map to odom
[component_container_isolated-2] [ERROR] [1789771486.697686409] [tf_help]: Data time: 17s 700000000ns, Transform time: 3s 842000000ns
[component_container_isolated-2] [ERROR] [1789771486.747818110] [tf_help]: Transform data too old when converting from map to odom
[component_container_isolated-2] [ERROR] [1789771486.747855491] [tf_help]: Data time: 17s 700000000ns, Transform time: 3s 842000000ns
[component_container_isolated-2] [ERROR] [1789771486.798342876] [tf_help]: Transform data too old when converting from map to odom
[component_container_isolated-2] [ERROR] [1789771486.798375563] [tf_help]: Data time: 17s 700000000ns, Transform time: 3s 842000000ns
[component_container_isolated-2] [ERROR] [1789771486.847673462] [tf_help]: Transform data too old when converting from map to odom
[component_container_isolated-2] [ERROR] [1789771486.847704230] [tf_help]: Data time: 17s 700000000ns, Transform time: 3s 842000000ns
[component_container_isolated-2] [ERROR] [1789771486.897625307] [tf_help]: Transform data too old when converting from map to odom
[component_container_isolated-2] [ERROR] [1789771486.897662163] [tf_help]: Data time: 17s 700000000ns, Transform time: 3s 842000000ns
[component_container_isolated-2] [ERROR] [1789771486.947498877] [tf_help]: Transform data too old when converting from map to odom
[component_container_isolated-2] [ERROR] [1789771486.947531793] [tf_help]: Data time: 17s 700000000ns, Transform time: 3s 842000000ns
[component_container_isolated-2] [ERROR] [1789771486.997668195] [tf_help]: Transform data too old when converting from map to odom
[component_container_isolated-2] [ERROR] [1789771486.997702721] [tf_help]: Data time: 17s 700000000ns, Transform time: 3s 842000000ns
[component_container_isolated-2] [ERROR] [1789771487.049662889] [tf_help]: Transform data too old when converting from map to odom
[component_container_isolated-2] [ERROR] [1789771487.049698009] [tf_help]: Data time: 17s 700000000ns, Transform time: 3s 842000000ns
[component_container_isolated-2] [ERROR] [1789771487.097582735] [tf_help]: Transform data too old when converting from map to odom
[component_container_isolated-2] [ERROR] [1789771487.097614840] [tf_help]: Data time: 17s 700000000ns, Transform time: 3s 842000000ns
[component_container_isolated-2] [ERROR] [1789771487.147867167] [tf_help]: Transform data too old when converting from map to odom
[component_container_isolated-2] [ERROR] [1789771487.147896350] [tf_help]: Data time: 17s 700000000ns, Transform time: 3s 842000000ns
[component_container_isolated-2] [ERROR] [1789771487.197526347] [tf_help]: Transform data too old when converting from map to odom
[component_container_isolated-2] [ERROR] [1789771487.197558105] [tf_help]: Data time: 17s 700000000ns, Transform time: 3s 842000000ns
[component_container_isolated-2] [ERROR] [1789771487.247656042] [tf_help]: Transform data too old when converting from map to odom
[component_container_isolated-2] [ERROR] [1789771487.247686884] [tf_help]: Data time: 17s 700000000ns, Transform time: 3s 842000000ns
[component_container_isolated-2] [ERROR] [1789771487.299094899] [tf_help]: Transform data too old when converting from map to odom
[component_container_isolated-2] [ERROR] [1789771487.299130654] [tf_help]: Data time: 17s 700000000ns, Transform time: 3s 842000000ns
[component_container_isolated-2] [ERROR] [1789771487.347777067] [tf_help]: Transform data too old when converting from map to odom
[component_container_isolated-2] [ERROR] [1789771487.347810394] [tf_help]: Data time: 17s 700000000ns, Transform time: 3s 842000000ns
[component_container_isolated-2] [ERROR] [1789771487.397712850] [tf_help]: Transform data too old when converting from map to odom
[component_container_isolated-2] [ERROR] [1789771487.397748349] [tf_help]: Data time: 17s 700000000ns, Transform time: 3s 842000000ns
[component_container_isolated-2] [ERROR] [1789771487.447730133] [tf_help]: Transform data too old when converting from map to odom
[component_container_isolated-2] [ERROR] [1789771487.447761064] [tf_help]: Data time: 17s 700000000ns, Transform time: 3s 842000000ns
[component_container_isolated-2] [ERROR] [1789771487.497457790] [tf_help]: Transform data too old when converting from map to odom
[component_container_isolated-2] [ERROR] [1789771487.497487924] [tf_help]: Data time: 17s 700000000ns, Transform time: 3s 842000000ns
[component_container_isolated-2] [INFO] [1789771487.543354065] [controller_server]: Passing new path to controller.
[component_container_isolated-2] [ERROR] [1789771487.547751281] [tf_help]: Transform data too old when converting from map to odom
[component_container_isolated-2] [ERROR] [1789771487.547774051] [tf_help]: Data time: 18s 700000000ns, Transform time: 3s 842000000ns
[component_container_isolated-2] [ERROR] [1789771487.597725721] [tf_help]: Transform data too old when converting from map to odom
[component_container_isolated-2] [ERROR] [1789771487.597756533] [tf_help]: Data time: 18s 700000000ns, Transform time: 3s 842000000ns
[component_container_isolated-2] [ERROR] [1789771487.647695952] [tf_help]: Transform data too old when converting from map to odom
[component_container_isolated-2] [ERROR] [1789771487.647727283] [tf_help]: Data time: 18s 700000000ns, Transform time: 3s 842000000ns
[component_container_isolated-2] [ERROR] [1789771487.697585864] [tf_help]: Transform data too old when converting from map to odom
[component_container_isolated-2] [ERROR] [1789771487.697618916] [tf_help]: Data time: 18s 700000000ns, Transform time: 3s 842000000ns
[component_container_isolated-2] [ERROR] [1789771487.747599512] [tf_help]: Transform data too old when converting from map to odom
[component_container_isolated-2] [ERROR] [1789771487.747630391] [tf_help]: Data time: 18s 700000000ns, Transform time: 3s 842000000ns
[component_container_isolated-2] [ERROR] [1789771487.797481916] [tf_help]: Transform data too old when converting from map to odom
[component_container_isolated-2] [ERROR] [1789771487.797512971] [tf_help]: Data time: 18s 700000000ns, Transform time: 3s 842000000ns
[component_container_isolated-2] [ERROR] [1789771487.847560515] [tf_help]: Transform data too old when converting from map to odom
[component_container_isolated-2] [ERROR] [1789771487.847592264] [tf_help]: Data time: 18s 700000000ns, Transform time: 3s 842000000ns
[component_container_isolated-2] [ERROR] [1789771487.897717458] [tf_help]: Transform data too old when converting from map to odom
[component_container_isolated-2] [ERROR] [1789771487.897750447] [tf_help]: Data time: 18s 700000000ns, Transform time: 3s 842000000ns
[component_container_isolated-2] [ERROR] [1789771487.947788324] [tf_help]: Transform data too old when converting from map to odom
[component_container_isolated-2] [ERROR] [1789771487.947821861] [tf_help]: Data time: 18s 700000000ns, Transform time: 3s 842000000ns
[component_container_isolated-2] [ERROR] [1789771487.997869363] [tf_help]: Transform data too old when converting from map to odom
[component_container_isolated-2] [ERROR] [1789771487.997907889] [tf_help]: Data time: 18s 700000000ns, Transform time: 3s 842000000ns
[component_container_isolated-2] [ERROR] [1789771488.047938246] [tf_help]: Transform data too old when converting from map to odom
[component_container_isolated-2] [ERROR] [1789771488.047967780] [tf_help]: Data time: 18s 700000000ns, Transform time: 3s 842000000ns
[component_container_isolated-2] [ERROR] [1789771488.097758871] [tf_help]: Transform data too old when converting from map to odom
[component_container_isolated-2] [ERROR] [1789771488.097790848] [tf_help]: Data time: 18s 700000000ns, Transform time: 3s 842000000ns
[component_container_isolated-2] [ERROR] [1789771488.147647551] [tf_help]: Transform data too old when converting from map to odom
[component_container_isolated-2] [ERROR] [1789771488.147678439] [tf_help]: Data time: 18s 700000000ns, Transform time: 3s 842000000ns
[component_container_isolated-2] [ERROR] [1789771488.197535297] [tf_help]: Transform data too old when converting from map to odom
[component_container_isolated-2] [ERROR] [1789771488.197565067] [tf_help]: Data time: 18s 700000000ns, Transform time: 3s 842000000ns
[component_container_isolated-2] [ERROR] [1789771488.247827322] [tf_help]: Transform data too old when converting from map to odom
[component_container_isolated-2] [ERROR] [1789771488.247865120] [tf_help]: Data time: 18s 700000000ns, Transform time: 3s 842000000ns
[component_container_isolated-2] [ERROR] [1789771488.297767002] [tf_help]: Transform data too old when converting from map to odom
[component_container_isolated-2] [ERROR] [1789771488.297799169] [tf_help]: Data time: 18s 700000000ns, Transform time: 3s 842000000ns
[component_container_isolated-2] [ERROR] [1789771488.349890064] [tf_help]: Transform data too old when converting from map to odom
[component_container_isolated-2] [ERROR] [1789771488.349930112] [tf_help]: Data time: 18s 700000000ns, Transform time: 3s 842000000ns
[component_container_isolated-2] [ERROR] [1789771488.398046365] [tf_help]: Transform data too old when converting from map to odom
[component_container_isolated-2] [ERROR] [1789771488.398077385] [tf_help]: Data time: 18s 700000000ns, Transform time: 3s 842000000ns
[component_container_isolated-2] [ERROR] [1789771488.447811935] [tf_help]: Transform data too old when converting from map to odom
[component_container_isolated-2] [ERROR] [1789771488.447842659] [tf_help]: Data time: 18s 700000000ns, Transform time: 3s 842000000ns
[component_container_isolated-2] [ERROR] [1789771488.498037467] [tf_help]: Transform data too old when converting from map to odom
[component_container_isolated-2] [ERROR] [1789771488.498069362] [tf_help]: Data time: 18s 700000000ns, Transform time: 3s 842000000ns
[component_container_isolated-2] [ERROR] [1789771488.547654745] [tf_help]: Transform data too old when converting from map to odom
[component_container_isolated-2] [ERROR] [1789771488.547686645] [tf_help]: Data time: 18s 700000000ns, Transform time: 3s 842000000ns
[component_container_isolated-2] [INFO] [1789771488.593354758] [controller_server]: Passing new path to controller.
[component_container_isolated-2] [ERROR] [1789771488.597721540] [tf_help]: Transform data too old when converting from map to odom
[component_container_isolated-2] [ERROR] [1789771488.597750375] [tf_help]: Data time: 19s 600000000ns, Transform time: 3s 842000000ns
[component_container_isolated-2] [ERROR] [1789771488.647782437] [tf_help]: Transform data too old when converting from map to odom
[component_container_isolated-2] [ERROR] [1789771488.647816128] [tf_help]: Data time: 19s 600000000ns, Transform time: 3s 842000000ns
[component_container_isolated-2] [ERROR] [1789771488.697768585] [tf_help]: Transform data too old when converting from map to odom
[component_container_isolated-2] [ERROR] [1789771488.697800787] [tf_help]: Data time: 19s 600000000ns, Transform time: 3s 842000000ns
[component_container_isolated-2] [ERROR] [1789771488.747723704] [tf_help]: Transform data too old when converting from map to odom
[component_container_isolated-2] [ERROR] [1789771488.747753040] [tf_help]: Data time: 19s 600000000ns, Transform time: 3s 842000000ns
[component_container_isolated-2] [ERROR] [1789771488.800028736] [tf_help]: Transform data too old when converting from map to odom
[component_container_isolated-2] [ERROR] [1789771488.800084805] [tf_help]: Data time: 19s 600000000ns, Transform time: 3s 842000000ns
[component_container_isolated-2] [ERROR] [1789771488.847694904] [tf_help]: Transform data too old when converting from map to odom
[component_container_isolated-2] [ERROR] [1789771488.847728598] [tf_help]: Data time: 19s 600000000ns, Transform time: 3s 842000000ns
[ground_truth_localizer-1] [INFO] [1789771488.890493208] [ground_truth_localizer]: last 10 s: ground truth msgs 294, map->odom published 294 (289 via latest odom TF)
[component_container_isolated-2] [ERROR] [1789771488.897777937] [tf_help]: Transform data too old when converting from map to odom
[component_container_isolated-2] [ERROR] [1789771488.897808238] [tf_help]: Data time: 19s 600000000ns, Transform time: 3s 842000000ns
[component_container_isolated-2] [ERROR] [1789771488.947719114] [tf_help]: Transform data too old when converting from map to odom
[component_container_isolated-2] [ERROR] [1789771488.947753628] [tf_help]: Data time: 19s 600000000ns, Transform time: 3s 842000000ns
[component_container_isolated-2] [ERROR] [1789771488.997990190] [tf_help]: Transform data too old when converting from map to odom
[component_container_isolated-2] [ERROR] [1789771488.998023485] [tf_help]: Data time: 19s 600000000ns, Transform time: 3s 842000000ns
[component_container_isolated-2] [ERROR] [1789771489.048944396] [tf_help]: Transform data too old when converting from map to odom
[component_container_isolated-2] [ERROR] [1789771489.048993259] [tf_help]: Data time: 19s 600000000ns, Transform time: 3s 842000000ns
[component_container_isolated-2] [ERROR] [1789771489.097865369] [tf_help]: Transform data too old when converting from map to odom
[component_container_isolated-2] [ERROR] [1789771489.097896198] [tf_help]: Data time: 19s 600000000ns, Transform time: 3s 842000000ns
[component_container_isolated-2] [ERROR] [1789771489.147766406] [tf_help]: Transform data too old when converting from map to odom
[component_container_isolated-2] [ERROR] [1789771489.147797439] [tf_help]: Data time: 19s 600000000ns, Transform time: 3s 842000000ns
[component_container_isolated-2] [ERROR] [1789771489.199877735] [tf_help]: Transform data too old when converting from map to odom
[component_container_isolated-2] [ERROR] [1789771489.199913480] [tf_help]: Data time: 19s 600000000ns, Transform time: 3s 842000000ns
[component_container_isolated-2] [ERROR] [1789771489.247654490] [tf_help]: Transform data too old when converting from map to odom
[component_container_isolated-2] [ERROR] [1789771489.247685533] [tf_help]: Data time: 19s 600000000ns, Transform time: 3s 842000000ns
[component_container_isolated-2] [ERROR] [1789771489.297702305] [tf_help]: Transform data too old when converting from map to odom
[component_container_isolated-2] [ERROR] [1789771489.297733990] [tf_help]: Data time: 19s 600000000ns, Transform time: 3s 842000000ns
[component_container_isolated-2] [ERROR] [1789771489.348016428] [tf_help]: Transform data too old when converting from map to odom
[component_container_isolated-2] [ERROR] [1789771489.348047509] [tf_help]: Data time: 19s 600000000ns, Transform time: 3s 842000000ns
[component_container_isolated-2] [ERROR] [1789771489.397523688] [tf_help]: Transform data too old when converting from map to odom
[component_container_isolated-2] [ERROR] [1789771489.397555445] [tf_help]: Data time: 19s 600000000ns, Transform time: 3s 842000000ns
[component_container_isolated-2] [ERROR] [1789771489.447619786] [tf_help]: Transform data too old when converting from map to odom
[component_container_isolated-2] [ERROR] [1789771489.447675744] [tf_help]: Data time: 19s 600000000ns, Transform time: 3s 842000000ns
[component_container_isolated-2] [ERROR] [1789771489.497455282] [tf_help]: Transform data too old when converting from map to odom
[component_container_isolated-2] [ERROR] [1789771489.497495985] [tf_help]: Data time: 19s 600000000ns, Transform time: 3s 842000000ns
[component_container_isolated-2] [ERROR] [1789771489.548096404] [tf_help]: Transform data too old when converting from map to odom
[component_container_isolated-2] [ERROR] [1789771489.548131160] [tf_help]: Data time: 19s 600000000ns, Transform time: 3s 842000000ns
[component_container_isolated-2] [INFO] [1789771489.593348465] [controller_server]: Passing new path to controller.
[component_container_isolated-2] [ERROR] [1789771489.597569367] [tf_help]: Transform data too old when converting from map to odom
[component_container_isolated-2] [ERROR] [1789771489.597595652] [tf_help]: Data time: 20s 600000000ns, Transform time: 3s 842000000ns
[component_container_isolated-2] [ERROR] [1789771489.647919660] [tf_help]: Transform data too old when converting from map to odom
[component_container_isolated-2] [ERROR] [1789771489.647951599] [tf_help]: Data time: 20s 600000000ns, Transform time: 3s 842000000ns
[component_container_isolated-2] [ERROR] [1789771489.697853455] [tf_help]: Transform data too old when converting from map to odom
[component_container_isolated-2] [ERROR] [1789771489.697885616] [tf_help]: Data time: 20s 600000000ns, Transform time: 3s 842000000ns
[component_container_isolated-2] [ERROR] [1789771489.748106339] [tf_help]: Transform data too old when converting from map to odom
[component_container_isolated-2] [ERROR] [1789771489.748143751] [tf_help]: Data time: 20s 600000000ns, Transform time: 3s 842000000ns
[component_container_isolated-2] [ERROR] [1789771489.797702886] [tf_help]: Transform data too old when converting from map to odom
[component_container_isolated-2] [ERROR] [1789771489.797738713] [tf_help]: Data time: 20s 600000000ns, Transform time: 3s 842000000ns
[component_container_isolated-2] [ERROR] [1789771489.847745896] [tf_help]: Transform data too old when converting from map to odom
[component_container_isolated-2] [ERROR] [1789771489.847784110] [tf_help]: Data time: 20s 600000000ns, Transform time: 3s 842000000ns
[component_container_isolated-2] [ERROR] [1789771489.897593480] [tf_help]: Transform data too old when converting from map to odom
[component_container_isolated-2] [ERROR] [1789771489.897623144] [tf_help]: Data time: 20s 600000000ns, Transform time: 3s 842000000ns
[component_container_isolated-2] [ERROR] [1789771489.948052420] [tf_help]: Transform data too old when converting from map to odom
[component_container_isolated-2] [ERROR] [1789771489.948088522] [tf_help]: Data time: 20s 600000000ns, Transform time: 3s 842000000ns
[component_container_isolated-2] [ERROR] [1789771489.997649853] [tf_help]: Transform data too old when converting from map to odom
[component_container_isolated-2] [ERROR] [1789771489.997685224] [tf_help]: Data time: 20s 600000000ns, Transform time: 3s 842000000ns
[component_container_isolated-2] [ERROR] [1789771490.047770449] [tf_help]: Transform data too old when converting from map to odom
[component_container_isolated-2] [ERROR] [1789771490.047805514] [tf_help]: Data time: 20s 600000000ns, Transform time: 3s 842000000ns
[component_container_isolated-2] [ERROR] [1789771490.097840554] [tf_help]: Transform data too old when converting from map to odom
[component_container_isolated-2] [ERROR] [1789771490.097872769] [tf_help]: Data time: 20s 600000000ns, Transform time: 3s 842000000ns
[component_container_isolated-2] [ERROR] [1789771490.147727193] [tf_help]: Transform data too old when converting from map to odom
[component_container_isolated-2] [ERROR] [1789771490.147759736] [tf_help]: Data time: 20s 600000000ns, Transform time: 3s 842000000ns
[component_container_isolated-2] [ERROR] [1789771490.197512647] [tf_help]: Transform data too old when converting from map to odom
[component_container_isolated-2] [ERROR] [1789771490.197543603] [tf_help]: Data time: 20s 600000000ns, Transform time: 3s 842000000ns
[component_container_isolated-2] [ERROR] [1789771490.247623086] [tf_help]: Transform data too old when converting from map to odom
[component_container_isolated-2] [ERROR] [1789771490.247654490] [tf_help]: Data time: 20s 600000000ns, Transform time: 3s 842000000ns
[component_container_isolated-2] [ERROR] [1789771490.297562019] [tf_help]: Transform data too old when converting from map to odom
[component_container_isolated-2] [ERROR] [1789771490.297593654] [tf_help]: Data time: 20s 600000000ns, Transform time: 3s 842000000ns
[component_container_isolated-2] [ERROR] [1789771490.347647820] [tf_help]: Transform data too old when converting from map to odom
[component_container_isolated-2] [ERROR] [1789771490.347678754] [tf_help]: Data time: 20s 600000000ns, Transform time: 3s 842000000ns
[component_container_isolated-2] [ERROR] [1789771490.397607419] [tf_help]: Transform data too old when converting from map to odom
[component_container_isolated-2] [ERROR] [1789771490.397654836] [tf_help]: Data time: 20s 600000000ns, Transform time: 3s 842000000ns
[component_container_isolated-2] [ERROR] [1789771490.448256148] [tf_help]: Transform data too old when converting from map to odom
[component_container_isolated-2] [ERROR] [1789771490.448288694] [tf_help]: Data time: 20s 600000000ns, Transform time: 3s 842000000ns
[component_container_isolated-2] [ERROR] [1789771490.497942138] [tf_help]: Transform data too old when converting from map to odom
[component_container_isolated-2] [ERROR] [1789771490.497987034] [tf_help]: Data time: 20s 600000000ns, Transform time: 3s 842000000ns
[component_container_isolated-2] [ERROR] [1789771490.548414152] [tf_help]: Transform data too old when converting from map to odom
[component_container_isolated-2] [ERROR] [1789771490.548450976] [tf_help]: Data time: 20s 600000000ns, Transform time: 3s 842000000ns
[component_container_isolated-2] [ERROR] [1789771490.597893499] [tf_help]: Transform data too old when converting from map to odom
[component_container_isolated-2] [ERROR] [1789771490.597927491] [tf_help]: Data time: 20s 600000000ns, Transform time: 3s 842000000ns
[component_container_isolated-2] [INFO] [1789771490.643377546] [controller_server]: Passing new path to controller.
[component_container_isolated-2] [ERROR] [1789771490.648126336] [tf_help]: Transform data too old when converting from map to odom
[component_container_isolated-2] [ERROR] [1789771490.648155263] [tf_help]: Data time: 21s 500000000ns, Transform time: 3s 842000000ns
[component_container_isolated-2] [ERROR] [1789771490.697711650] [tf_help]: Transform data too old when converting from map to odom
[component_container_isolated-2] [ERROR] [1789771490.697742665] [tf_help]: Data time: 21s 500000000ns, Transform time: 3s 842000000ns
[component_container_isolated-2] [ERROR] [1789771490.748840303] [tf_help]: Transform data too old when converting from map to odom
[component_container_isolated-2] [ERROR] [1789771490.748881267] [tf_help]: Data time: 21s 500000000ns, Transform time: 3s 842000000ns
[component_container_isolated-2] [ERROR] [1789771490.799594095] [tf_help]: Transform data too old when converting from map to odom
[component_container_isolated-2] [ERROR] [1789771490.799623662] [tf_help]: Data time: 21s 500000000ns, Transform time: 3s 842000000ns
[component_container_isolated-2] [ERROR] [1789771490.847769670] [tf_help]: Transform data too old when converting from map to odom
[component_container_isolated-2] [ERROR] [1789771490.847799886] [tf_help]: Data time: 21s 500000000ns, Transform time: 3s 842000000ns
[component_container_isolated-2] [ERROR] [1789771490.897939489] [tf_help]: Transform data too old when converting from map to odom
[component_container_isolated-2] [ERROR] [1789771490.897980428] [tf_help]: Data time: 21s 500000000ns, Transform time: 3s 842000000ns
[component_container_isolated-2] [ERROR] [1789771490.947925248] [tf_help]: Transform data too old when converting from map to odom
[component_container_isolated-2] [ERROR] [1789771490.947959181] [tf_help]: Data time: 21s 500000000ns, Transform time: 3s 842000000ns
[component_container_isolated-2] [ERROR] [1789771490.999657070] [tf_help]: Transform data too old when converting from map to odom
[component_container_isolated-2] [ERROR] [1789771490.999695174] [tf_help]: Data time: 21s 500000000ns, Transform time: 3s 842000000ns
[component_container_isolated-2] [ERROR] [1789771491.047929662] [tf_help]: Transform data too old when converting from map to odom
[component_container_isolated-2] [ERROR] [1789771491.047960422] [tf_help]: Data time: 21s 500000000ns, Transform time: 3s 842000000ns
[component_container_isolated-2] [ERROR] [1789771491.098990539] [tf_help]: Transform data too old when converting from map to odom
[component_container_isolated-2] [ERROR] [1789771491.099021013] [tf_help]: Data time: 21s 500000000ns, Transform time: 3s 842000000ns
[component_container_isolated-2] [ERROR] [1789771491.148622630] [tf_help]: Transform data too old when converting from map to odom
[component_container_isolated-2] [ERROR] [1789771491.148653840] [tf_help]: Data time: 21s 500000000ns, Transform time: 3s 842000000ns
[component_container_isolated-2] [ERROR] [1789771491.198155404] [tf_help]: Transform data too old when converting from map to odom
[component_container_isolated-2] [ERROR] [1789771491.198186034] [tf_help]: Data time: 21s 500000000ns, Transform time: 3s 842000000ns
[component_container_isolated-2] [ERROR] [1789771491.247972734] [tf_help]: Transform data too old when converting from map to odom
[component_container_isolated-2] [ERROR] [1789771491.248006007] [tf_help]: Data time: 21s 500000000ns, Transform time: 3s 842000000ns
[component_container_isolated-2] [ERROR] [1789771491.298359472] [tf_help]: Transform data too old when converting from map to odom
[component_container_isolated-2] [ERROR] [1789771491.298398917] [tf_help]: Data time: 21s 500000000ns, Transform time: 3s 842000000ns
[component_container_isolated-2] [ERROR] [1789771491.347593187] [tf_help]: Transform data too old when converting from map to odom
[component_container_isolated-2] [ERROR] [1789771491.347622635] [tf_help]: Data time: 21s 500000000ns, Transform time: 3s 842000000ns
[component_container_isolated-2] [ERROR] [1789771491.398750554] [tf_help]: Transform data too old when converting from map to odom
[component_container_isolated-2] [ERROR] [1789771491.398805650] [tf_help]: Data time: 21s 500000000ns, Transform time: 3s 842000000ns
[component_container_isolated-2] [ERROR] [1789771491.448004244] [tf_help]: Transform data too old when converting from map to odom
[component_container_isolated-2] [ERROR] [1789771491.448037921] [tf_help]: Data time: 21s 500000000ns, Transform time: 3s 842000000ns
[component_container_isolated-2] [ERROR] [1789771491.497889499] [tf_help]: Transform data too old when converting from map to odom
[component_container_isolated-2] [ERROR] [1789771491.497930149] [tf_help]: Data time: 21s 500000000ns, Transform time: 3s 842000000ns
[component_container_isolated-2] [ERROR] [1789771491.547833093] [tf_help]: Transform data too old when converting from map to odom
[component_container_isolated-2] [ERROR] [1789771491.547866633] [tf_help]: Data time: 21s 500000000ns, Transform time: 3s 842000000ns
[component_container_isolated-2] [ERROR] [1789771491.597986608] [tf_help]: Transform data too old when converting from map to odom
[component_container_isolated-2] [ERROR] [1789771491.598015885] [tf_help]: Data time: 21s 500000000ns, Transform time: 3s 842000000ns
[component_container_isolated-2] [INFO] [1789771491.643358701] [controller_server]: Passing new path to controller.
[component_container_isolated-2] [ERROR] [1789771491.648125255] [tf_help]: Transform data too old when converting from map to odom
[component_container_isolated-2] [ERROR] [1789771491.648148379] [tf_help]: Data time: 22s 500000000ns, Transform time: 3s 842000000ns
[component_container_isolated-2] [ERROR] [1789771491.698867581] [tf_help]: Transform data too old when converting from map to odom
[component_container_isolated-2] [ERROR] [1789771491.698899926] [tf_help]: Data time: 22s 500000000ns, Transform time: 3s 842000000ns
[component_container_isolated-2] [ERROR] [1789771491.747765644] [tf_help]: Transform data too old when converting from map to odom
[component_container_isolated-2] [ERROR] [1789771491.747797292] [tf_help]: Data time: 22s 500000000ns, Transform time: 3s 842000000ns
[component_container_isolated-2] [ERROR] [1789771491.797812348] [tf_help]: Transform data too old when converting from map to odom
[component_container_isolated-2] [ERROR] [1789771491.797845758] [tf_help]: Data time: 22s 500000000ns, Transform time: 3s 842000000ns
[component_container_isolated-2] [ERROR] [1789771491.847689034] [tf_help]: Transform data too old when converting from map to odom
[component_container_isolated-2] [ERROR] [1789771491.847721280] [tf_help]: Data time: 22s 500000000ns, Transform time: 3s 842000000ns
[component_container_isolated-2] [ERROR] [1789771491.897627240] [tf_help]: Transform data too old when converting from map to odom
[component_container_isolated-2] [ERROR] [1789771491.897659061] [tf_help]: Data time: 22s 500000000ns, Transform time: 3s 842000000ns
[component_container_isolated-2] [ERROR] [1789771491.947645633] [tf_help]: Transform data too old when converting from map to odom
[component_container_isolated-2] [ERROR] [1789771491.947676792] [tf_help]: Data time: 22s 500000000ns, Transform time: 3s 842000000ns
[component_container_isolated-2] [ERROR] [1789771491.998463960] [tf_help]: Transform data too old when converting from map to odom
[component_container_isolated-2] [ERROR] [1789771491.998498952] [tf_help]: Data time: 22s 500000000ns, Transform time: 3s 842000000ns
[component_container_isolated-2] [ERROR] [1789771492.047578586] [tf_help]: Transform data too old when converting from map to odom
[component_container_isolated-2] [ERROR] [1789771492.047609586] [tf_help]: Data time: 22s 500000000ns, Transform time: 3s 842000000ns
[component_container_isolated-2] [ERROR] [1789771492.098507862] [tf_help]: Transform data too old when converting from map to odom
[component_container_isolated-2] [ERROR] [1789771492.098545884] [tf_help]: Data time: 22s 500000000ns, Transform time: 3s 842000000ns
[component_container_isolated-2] [ERROR] [1789771492.149087389] [tf_help]: Transform data too old when converting from map to odom
[component_container_isolated-2] [ERROR] [1789771492.149117674] [tf_help]: Data time: 22s 500000000ns, Transform time: 3s 842000000ns
[component_container_isolated-2] [ERROR] [1789771492.197584439] [tf_help]: Transform data too old when converting from map to odom
[component_container_isolated-2] [ERROR] [1789771492.197613381] [tf_help]: Data time: 22s 500000000ns, Transform time: 3s 842000000ns
[component_container_isolated-2] [ERROR] [1789771492.247901024] [tf_help]: Transform data too old when converting from map to odom
[component_container_isolated-2] [ERROR] [1789771492.247932280] [tf_help]: Data time: 22s 500000000ns, Transform time: 3s 842000000ns
[component_container_isolated-2] [ERROR] [1789771492.300936770] [tf_help]: Transform data too old when converting from map to odom
[component_container_isolated-2] [ERROR] [1789771492.300979896] [tf_help]: Data time: 22s 500000000ns, Transform time: 3s 842000000ns
[component_container_isolated-2] [ERROR] [1789771492.347747487] [tf_help]: Transform data too old when converting from map to odom
[component_container_isolated-2] [ERROR] [1789771492.347781507] [tf_help]: Data time: 22s 500000000ns, Transform time: 3s 842000000ns
[component_container_isolated-2] [ERROR] [1789771492.397721959] [tf_help]: Transform data too old when converting from map to odom
[component_container_isolated-2] [ERROR] [1789771492.397768603] [tf_help]: Data time: 22s 500000000ns, Transform time: 3s 842000000ns
[component_container_isolated-2] [ERROR] [1789771492.447669842] [tf_help]: Transform data too old when converting from map to odom
[component_container_isolated-2] [ERROR] [1789771492.447704964] [tf_help]: Data time: 22s 500000000ns, Transform time: 3s 842000000ns
[component_container_isolated-2] [ERROR] [1789771492.499970957] [tf_help]: Transform data too old when converting from map to odom
[component_container_isolated-2] [ERROR] [1789771492.500001838] [tf_help]: Data time: 22s 500000000ns, Transform time: 3s 842000000ns
[component_container_isolated-2] [ERROR] [1789771492.549777821] [tf_help]: Transform data too old when converting from map to odom
[component_container_isolated-2] [ERROR] [1789771492.549809587] [tf_help]: Data time: 22s 500000000ns, Transform time: 3s 842000000ns
[component_container_isolated-2] [ERROR] [1789771492.598667776] [tf_help]: Transform data too old when converting from map to odom
[component_container_isolated-2] [ERROR] [1789771492.598699080] [tf_help]: Data time: 22s 500000000ns, Transform time: 3s 842000000ns
[component_container_isolated-2] [ERROR] [1789771492.647802996] [tf_help]: Transform data too old when converting from map to odom
[component_container_isolated-2] [ERROR] [1789771492.647828734] [tf_help]: Data time: 22s 500000000ns, Transform time: 3s 842000000ns
[component_container_isolated-2] [INFO] [1789771492.693353336] [controller_server]: Passing new path to controller.
[component_container_isolated-2] [ERROR] [1789771492.697823303] [tf_help]: Transform data too old when converting from map to odom
[component_container_isolated-2] [ERROR] [1789771492.697845126] [tf_help]: Data time: 23s 400000000ns, Transform time: 3s 842000000ns
[component_container_isolated-2] [ERROR] [1789771492.747760232] [tf_help]: Transform data too old when converting from map to odom
[component_container_isolated-2] [ERROR] [1789771492.747789553] [tf_help]: Data time: 23s 400000000ns, Transform time: 3s 842000000ns
[component_container_isolated-2] [ERROR] [1789771492.797884495] [tf_help]: Transform data too old when converting from map to odom
[component_container_isolated-2] [ERROR] [1789771492.797915779] [tf_help]: Data time: 23s 400000000ns, Transform time: 3s 842000000ns
[component_container_isolated-2] [ERROR] [1789771492.848352377] [tf_help]: Transform data too old when converting from map to odom
[component_container_isolated-2] [ERROR] [1789771492.848409533] [tf_help]: Data time: 23s 400000000ns, Transform time: 3s 842000000ns
[component_container_isolated-2] [ERROR] [1789771492.897897537] [tf_help]: Transform data too old when converting from map to odom
[component_container_isolated-2] [ERROR] [1789771492.897930215] [tf_help]: Data time: 23s 400000000ns, Transform time: 3s 842000000ns
[component_container_isolated-2] [ERROR] [1789771492.948054634] [tf_help]: Transform data too old when converting from map to odom
[component_container_isolated-2] [ERROR] [1789771492.948108787] [tf_help]: Data time: 23s 400000000ns, Transform time: 3s 842000000ns
[component_container_isolated-2] [ERROR] [1789771492.997812708] [tf_help]: Transform data too old when converting from map to odom
[component_container_isolated-2] [ERROR] [1789771492.997843883] [tf_help]: Data time: 23s 400000000ns, Transform time: 3s 842000000ns
[component_container_isolated-2] [ERROR] [1789771493.047572040] [tf_help]: Transform data too old when converting from map to odom
[component_container_isolated-2] [ERROR] [1789771493.047606147] [tf_help]: Data time: 23s 400000000ns, Transform time: 3s 842000000ns
[component_container_isolated-2] [ERROR] [1789771493.098705259] [tf_help]: Transform data too old when converting from map to odom
[component_container_isolated-2] [ERROR] [1789771493.098736802] [tf_help]: Data time: 23s 400000000ns, Transform time: 3s 842000000ns
[component_container_isolated-2] [ERROR] [1789771493.147758148] [tf_help]: Transform data too old when converting from map to odom
[component_container_isolated-2] [ERROR] [1789771493.147788961] [tf_help]: Data time: 23s 400000000ns, Transform time: 3s 842000000ns
[component_container_isolated-2] [ERROR] [1789771493.197915763] [tf_help]: Transform data too old when converting from map to odom
[component_container_isolated-2] [ERROR] [1789771493.197945984] [tf_help]: Data time: 23s 400000000ns, Transform time: 3s 842000000ns
[component_container_isolated-2] [ERROR] [1789771493.247886672] [tf_help]: Transform data too old when converting from map to odom
[component_container_isolated-2] [ERROR] [1789771493.247918209] [tf_help]: Data time: 23s 400000000ns, Transform time: 3s 842000000ns
[component_container_isolated-2] [ERROR] [1789771493.298434348] [tf_help]: Transform data too old when converting from map to odom
[component_container_isolated-2] [ERROR] [1789771493.298475140] [tf_help]: Data time: 23s 400000000ns, Transform time: 3s 842000000ns
[component_container_isolated-2] [ERROR] [1789771493.347599935] [tf_help]: Transform data too old when converting from map to odom
[component_container_isolated-2] [ERROR] [1789771493.347632745] [tf_help]: Data time: 23s 400000000ns, Transform time: 3s 842000000ns
[component_container_isolated-2] [ERROR] [1789771493.397782543] [tf_help]: Transform data too old when converting from map to odom
[component_container_isolated-2] [ERROR] [1789771493.397818546] [tf_help]: Data time: 23s 400000000ns, Transform time: 3s 842000000ns
[component_container_isolated-2] [ERROR] [1789771493.447544159] [tf_help]: Transform data too old when converting from map to odom
[component_container_isolated-2] [ERROR] [1789771493.447579289] [tf_help]: Data time: 23s 400000000ns, Transform time: 3s 842000000ns
[component_container_isolated-2] [ERROR] [1789771493.498368628] [tf_help]: Transform data too old when converting from map to odom
[component_container_isolated-2] [ERROR] [1789771493.498401553] [tf_help]: Data time: 23s 400000000ns, Transform time: 3s 842000000ns
[component_container_isolated-2] [ERROR] [1789771493.547671990] [tf_help]: Transform data too old when converting from map to odom
[component_container_isolated-2] [ERROR] [1789771493.547703130] [tf_help]: Data time: 23s 400000000ns, Transform time: 3s 842000000ns
[component_container_isolated-2] [ERROR] [1789771493.597572805] [tf_help]: Transform data too old when converting from map to odom
[component_container_isolated-2] [ERROR] [1789771493.597602498] [tf_help]: Data time: 23s 400000000ns, Transform time: 3s 842000000ns
[component_container_isolated-2] [ERROR] [1789771493.648030444] [tf_help]: Transform data too old when converting from map to odom
[component_container_isolated-2] [ERROR] [1789771493.648061525] [tf_help]: Data time: 23s 400000000ns, Transform time: 3s 842000000ns
[component_container_isolated-2] [ERROR] [1789771493.697772021] [tf_help]: Transform data too old when converting from map to odom
[component_container_isolated-2] [ERROR] [1789771493.697812585] [tf_help]: Data time: 23s 400000000ns, Transform time: 3s 842000000ns
[component_container_isolated-2] [INFO] [1789771493.743326472] [controller_server]: Passing new path to controller.
[component_container_isolated-2] [ERROR] [1789771493.747825065] [tf_help]: Transform data too old when converting from map to odom
[component_container_isolated-2] [ERROR] [1789771493.747854698] [tf_help]: Data time: 24s 400000000ns, Transform time: 3s 842000000ns
[component_container_isolated-2] [ERROR] [1789771493.798022296] [tf_help]: Transform data too old when converting from map to odom
[component_container_isolated-2] [ERROR] [1789771493.798054700] [tf_help]: Data time: 24s 400000000ns, Transform time: 3s 842000000ns
[component_container_isolated-2] [ERROR] [1789771493.847774653] [tf_help]: Transform data too old when converting from map to odom
[component_container_isolated-2] [ERROR] [1789771493.847806480] [tf_help]: Data time: 24s 400000000ns, Transform time: 3s 842000000ns
[component_container_isolated-2] [ERROR] [1789771493.898077291] [tf_help]: Transform data too old when converting from map to odom
[component_container_isolated-2] [ERROR] [1789771493.898108184] [tf_help]: Data time: 24s 400000000ns, Transform time: 3s 842000000ns
[component_container_isolated-2] [ERROR] [1789771493.947955647] [tf_help]: Transform data too old when converting from map to odom
[component_container_isolated-2] [ERROR] [1789771493.947984677] [tf_help]: Data time: 24s 400000000ns, Transform time: 3s 842000000ns
[component_container_isolated-2] [ERROR] [1789771493.997586865] [tf_help]: Transform data too old when converting from map to odom
[component_container_isolated-2] [ERROR] [1789771493.997616411] [tf_help]: Data time: 24s 400000000ns, Transform time: 3s 842000000ns
[component_container_isolated-2] [ERROR] [1789771494.047515369] [tf_help]: Transform data too old when converting from map to odom
[component_container_isolated-2] [ERROR] [1789771494.047546261] [tf_help]: Data time: 24s 400000000ns, Transform time: 3s 842000000ns
[component_container_isolated-2] [ERROR] [1789771494.097585581] [tf_help]: Transform data too old when converting from map to odom
[component_container_isolated-2] [ERROR] [1789771494.097624382] [tf_help]: Data time: 24s 400000000ns, Transform time: 3s 842000000ns
[component_container_isolated-2] [ERROR] [1789771494.147986452] [tf_help]: Transform data too old when converting from map to odom
[component_container_isolated-2] [ERROR] [1789771494.148019288] [tf_help]: Data time: 24s 400000000ns, Transform time: 3s 842000000ns
[component_container_isolated-2] [ERROR] [1789771494.197751019] [tf_help]: Transform data too old when converting from map to odom
[component_container_isolated-2] [ERROR] [1789771494.197781442] [tf_help]: Data time: 24s 400000000ns, Transform time: 3s 842000000ns
[component_container_isolated-2] [ERROR] [1789771494.247735680] [tf_help]: Transform data too old when converting from map to odom
[component_container_isolated-2] [ERROR] [1789771494.247771472] [tf_help]: Data time: 24s 400000000ns, Transform time: 3s 842000000ns
[component_container_isolated-2] [ERROR] [1789771494.298829502] [tf_help]: Transform data too old when converting from map to odom
[component_container_isolated-2] [ERROR] [1789771494.298866017] [tf_help]: Data time: 24s 400000000ns, Transform time: 3s 842000000ns
[component_container_isolated-2] [ERROR] [1789771494.347676844] [tf_help]: Transform data too old when converting from map to odom
[component_container_isolated-2] [ERROR] [1789771494.347705898] [tf_help]: Data time: 24s 400000000ns, Transform time: 3s 842000000ns
[component_container_isolated-2] [ERROR] [1789771494.397564915] [tf_help]: Transform data too old when converting from map to odom
[component_container_isolated-2] [ERROR] [1789771494.397597324] [tf_help]: Data time: 24s 400000000ns, Transform time: 3s 842000000ns
[component_container_isolated-2] [ERROR] [1789771494.447595491] [tf_help]: Transform data too old when converting from map to odom
[component_container_isolated-2] [ERROR] [1789771494.447626606] [tf_help]: Data time: 24s 400000000ns, Transform time: 3s 842000000ns
[component_container_isolated-2] [ERROR] [1789771494.498889777] [tf_help]: Transform data too old when converting from map to odom
[component_container_isolated-2] [ERROR] [1789771494.498926772] [tf_help]: Data time: 24s 400000000ns, Transform time: 3s 842000000ns
[component_container_isolated-2] [ERROR] [1789771494.549144395] [tf_help]: Transform data too old when converting from map to odom
[component_container_isolated-2] [ERROR] [1789771494.549176478] [tf_help]: Data time: 24s 400000000ns, Transform time: 3s 842000000ns
[component_container_isolated-2] [ERROR] [1789771494.597821838] [tf_help]: Transform data too old when converting from map to odom
[component_container_isolated-2] [ERROR] [1789771494.597867928] [tf_help]: Data time: 24s 400000000ns, Transform time: 3s 842000000ns
[component_container_isolated-2] [ERROR] [1789771494.647548403] [tf_help]: Transform data too old when converting from map to odom
[component_container_isolated-2] [ERROR] [1789771494.647580395] [tf_help]: Data time: 24s 400000000ns, Transform time: 3s 842000000ns
[component_container_isolated-2] [ERROR] [1789771494.697541250] [tf_help]: Transform data too old when converting from map to odom
[component_container_isolated-2] [ERROR] [1789771494.697574329] [tf_help]: Data time: 24s 400000000ns, Transform time: 3s 842000000ns
[component_container_isolated-2] [INFO] [1789771494.743323836] [controller_server]: Passing new path to controller.
[component_container_isolated-2] [ERROR] [1789771494.747757816] [tf_help]: Transform data too old when converting from map to odom
[component_container_isolated-2] [ERROR] [1789771494.747787359] [tf_help]: Data time: 25s 300000000ns, Transform time: 3s 842000000ns
[component_container_isolated-2] [ERROR] [1789771494.797755553] [tf_help]: Transform data too old when converting from map to odom
[component_container_isolated-2] [ERROR] [1789771494.797783437] [tf_help]: Data time: 25s 300000000ns, Transform time: 3s 842000000ns
[component_container_isolated-2] [ERROR] [1789771494.847621876] [tf_help]: Transform data too old when converting from map to odom
[component_container_isolated-2] [ERROR] [1789771494.847650805] [tf_help]: Data time: 25s 300000000ns, Transform time: 3s 842000000ns
[component_container_isolated-2] [ERROR] [1789771494.897740819] [tf_help]: Transform data too old when converting from map to odom
[component_container_isolated-2] [ERROR] [1789771494.897766528] [tf_help]: Data time: 25s 300000000ns, Transform time: 3s 842000000ns
[component_container_isolated-2] [ERROR] [1789771494.948589778] [tf_help]: Transform data too old when converting from map to odom
[component_container_isolated-2] [ERROR] [1789771494.948619269] [tf_help]: Data time: 25s 300000000ns, Transform time: 3s 842000000ns
[component_container_isolated-2] [ERROR] [1789771494.998378124] [tf_help]: Transform data too old when converting from map to odom
[component_container_isolated-2] [ERROR] [1789771494.998411463] [tf_help]: Data time: 25s 300000000ns, Transform time: 3s 842000000ns
[component_container_isolated-2] [ERROR] [1789771495.049578662] [tf_help]: Transform data too old when converting from map to odom
[component_container_isolated-2] [ERROR] [1789771495.049612918] [tf_help]: Data time: 25s 300000000ns, Transform time: 3s 842000000ns
[component_container_isolated-2] [ERROR] [1789771495.100009404] [tf_help]: Transform data too old when converting from map to odom
[component_container_isolated-2] [ERROR] [1789771495.100045704] [tf_help]: Data time: 25s 300000000ns, Transform time: 3s 842000000ns
[component_container_isolated-2] [ERROR] [1789771495.147575821] [tf_help]: Transform data too old when converting from map to odom
[component_container_isolated-2] [ERROR] [1789771495.147610413] [tf_help]: Data time: 25s 300000000ns, Transform time: 3s 842000000ns
[component_container_isolated-2] [ERROR] [1789771495.197862095] [tf_help]: Transform data too old when converting from map to odom
[component_container_isolated-2] [ERROR] [1789771495.197902193] [tf_help]: Data time: 25s 300000000ns, Transform time: 3s 842000000ns
[component_container_isolated-2] [ERROR] [1789771495.248396697] [tf_help]: Transform data too old when converting from map to odom
[component_container_isolated-2] [ERROR] [1789771495.248432750] [tf_help]: Data time: 25s 300000000ns, Transform time: 3s 842000000ns
[component_container_isolated-2] [ERROR] [1789771495.297561379] [tf_help]: Transform data too old when converting from map to odom
[component_container_isolated-2] [ERROR] [1789771495.297591086] [tf_help]: Data time: 25s 300000000ns, Transform time: 3s 842000000ns
[component_container_isolated-2] [ERROR] [1789771495.349785920] [tf_help]: Transform data too old when converting from map to odom
[component_container_isolated-2] [ERROR] [1789771495.349822517] [tf_help]: Data time: 25s 300000000ns, Transform time: 3s 842000000ns
[component_container_isolated-2] [ERROR] [1789771495.397644779] [tf_help]: Transform data too old when converting from map to odom
[component_container_isolated-2] [ERROR] [1789771495.397679389] [tf_help]: Data time: 25s 300000000ns, Transform time: 3s 842000000ns
[component_container_isolated-2] [ERROR] [1789771495.449645313] [tf_help]: Transform data too old when converting from map to odom
[component_container_isolated-2] [ERROR] [1789771495.449681684] [tf_help]: Data time: 25s 300000000ns, Transform time: 3s 842000000ns
[component_container_isolated-2] [ERROR] [1789771495.499853144] [tf_help]: Transform data too old when converting from map to odom
[component_container_isolated-2] [ERROR] [1789771495.499904766] [tf_help]: Data time: 25s 300000000ns, Transform time: 3s 842000000ns
[component_container_isolated-2] [ERROR] [1789771495.548608929] [tf_help]: Transform data too old when converting from map to odom
[component_container_isolated-2] [ERROR] [1789771495.548640114] [tf_help]: Data time: 25s 300000000ns, Transform time: 3s 842000000ns
[component_container_isolated-2] [ERROR] [1789771495.599145592] [tf_help]: Transform data too old when converting from map to odom
[component_container_isolated-2] [ERROR] [1789771495.599179272] [tf_help]: Data time: 25s 300000000ns, Transform time: 3s 842000000ns
[component_container_isolated-2] [ERROR] [1789771495.648266339] [tf_help]: Transform data too old when converting from map to odom
[component_container_isolated-2] [ERROR] [1789771495.648299316] [tf_help]: Data time: 25s 300000000ns, Transform time: 3s 842000000ns
[component_container_isolated-2] [ERROR] [1789771495.697806696] [tf_help]: Transform data too old when converting from map to odom
[component_container_isolated-2] [ERROR] [1789771495.697841483] [tf_help]: Data time: 25s 300000000ns, Transform time: 3s 842000000ns
[component_container_isolated-2] [ERROR] [1789771495.748096639] [tf_help]: Transform data too old when converting from map to odom
[component_container_isolated-2] [ERROR] [1789771495.748128045] [tf_help]: Data time: 25s 300000000ns, Transform time: 3s 842000000ns
[component_container_isolated-2] [INFO] [1789771495.793333834] [controller_server]: Passing new path to controller.
[component_container_isolated-2] [ERROR] [1789771495.797820258] [tf_help]: Transform data too old when converting from map to odom
[component_container_isolated-2] [ERROR] [1789771495.797839546] [tf_help]: Data time: 26s 200000000ns, Transform time: 3s 842000000ns
[component_container_isolated-2] [ERROR] [1789771495.847772760] [tf_help]: Transform data too old when converting from map to odom
[component_container_isolated-2] [ERROR] [1789771495.847803674] [tf_help]: Data time: 26s 200000000ns, Transform time: 3s 842000000ns
[component_container_isolated-2] [ERROR] [1789771495.898316069] [tf_help]: Transform data too old when converting from map to odom
[component_container_isolated-2] [ERROR] [1789771495.898346375] [tf_help]: Data time: 26s 200000000ns, Transform time: 3s 842000000ns
[component_container_isolated-2] [ERROR] [1789771495.947737637] [tf_help]: Transform data too old when converting from map to odom
[component_container_isolated-2] [ERROR] [1789771495.947770334] [tf_help]: Data time: 26s 200000000ns, Transform time: 3s 842000000ns
[component_container_isolated-2] [ERROR] [1789771495.999458323] [tf_help]: Transform data too old when converting from map to odom
[component_container_isolated-2] [ERROR] [1789771495.999488787] [tf_help]: Data time: 26s 200000000ns, Transform time: 3s 842000000ns
[component_container_isolated-2] [ERROR] [1789771496.047750294] [tf_help]: Transform data too old when converting from map to odom
[component_container_isolated-2] [ERROR] [1789771496.047781250] [tf_help]: Data time: 26s 200000000ns, Transform time: 3s 842000000ns
[component_container_isolated-2] [ERROR] [1789771496.093398326] [controller_server]: Failed to make progress
[component_container_isolated-2] [WARN] [1789771496.093506213] [controller_server]: [follow_path] [ActionServer] Aborting handle.
[component_container_isolated-2] [INFO] [1789771496.105585475] [local_costmap.local_costmap]: Received request to clear entirely the local_costmap
[component_container_isolated-2] [INFO] [1789771496.105761468] [global_costmap.global_costmap]: Received request to clear entirely the global_costmap
[component_container_isolated-2] [WARN] [1789771496.906281900] [planner_server]: Planner loop missed its desired rate of 20.0000 Hz. Current loop rate is 1.4286 Hz
[component_container_isolated-2] [INFO] [1789771496.925696712] [controller_server]: Received a goal, begin computing control effort.
[component_container_isolated-2] [ERROR] [1789771496.932692267] [tf_help]: Transform data too old when converting from map to odom
[component_container_isolated-2] [ERROR] [1789771496.932724731] [tf_help]: Data time: 27s 300000000ns, Transform time: 3s 842000000ns
[component_container_isolated-2] [ERROR] [1789771496.980426033] [tf_help]: Transform data too old when converting from map to odom
[component_container_isolated-2] [ERROR] [1789771496.980474846] [tf_help]: Data time: 27s 300000000ns, Transform time: 3s 842000000ns
[component_container_isolated-2] [ERROR] [1789771497.032348437] [tf_help]: Transform data too old when converting from map to odom
[component_container_isolated-2] [ERROR] [1789771497.032393013] [tf_help]: Data time: 27s 300000000ns, Transform time: 3s 842000000ns
[component_container_isolated-2] [ERROR] [1789771497.081418246] [tf_help]: Transform data too old when converting from map to odom
[component_container_isolated-2] [ERROR] [1789771497.081460255] [tf_help]: Data time: 27s 300000000ns, Transform time: 3s 842000000ns
[component_container_isolated-2] [ERROR] [1789771497.130221749] [tf_help]: Transform data too old when converting from map to odom
[component_container_isolated-2] [ERROR] [1789771497.130251610] [tf_help]: Data time: 27s 300000000ns, Transform time: 3s 842000000ns
[component_container_isolated-2] [ERROR] [1789771497.180293599] [tf_help]: Transform data too old when converting from map to odom
[component_container_isolated-2] [ERROR] [1789771497.180325039] [tf_help]: Data time: 27s 300000000ns, Transform time: 3s 842000000ns
[component_container_isolated-2] [ERROR] [1789771497.229965427] [tf_help]: Transform data too old when converting from map to odom
[component_container_isolated-2] [ERROR] [1789771497.229995589] [tf_help]: Data time: 27s 300000000ns, Transform time: 3s 842000000ns
[component_container_isolated-2] [ERROR] [1789771497.280142081] [tf_help]: Transform data too old when converting from map to odom
[component_container_isolated-2] [ERROR] [1789771497.280180260] [tf_help]: Data time: 27s 300000000ns, Transform time: 3s 842000000ns
[component_container_isolated-2] [ERROR] [1789771497.330519274] [tf_help]: Transform data too old when converting from map to odom
[component_container_isolated-2] [ERROR] [1789771497.330553178] [tf_help]: Data time: 27s 300000000ns, Transform time: 3s 842000000ns
[component_container_isolated-2] [ERROR] [1789771497.379932729] [tf_help]: Transform data too old when converting from map to odom
[component_container_isolated-2] [ERROR] [1789771497.379964103] [tf_help]: Data time: 27s 300000000ns, Transform time: 3s 842000000ns
[component_container_isolated-2] [ERROR] [1789771497.430219281] [tf_help]: Transform data too old when converting from map to odom
[component_container_isolated-2] [ERROR] [1789771497.430249691] [tf_help]: Data time: 27s 300000000ns, Transform time: 3s 842000000ns
[component_container_isolated-2] [ERROR] [1789771497.482176809] [tf_help]: Transform data too old when converting from map to odom
[component_container_isolated-2] [ERROR] [1789771497.482211842] [tf_help]: Data time: 27s 300000000ns, Transform time: 3s 842000000ns
[component_container_isolated-2] [ERROR] [1789771497.530330673] [tf_help]: Transform data too old when converting from map to odom
[component_container_isolated-2] [ERROR] [1789771497.530366936] [tf_help]: Data time: 27s 300000000ns, Transform time: 3s 842000000ns
[component_container_isolated-2] [ERROR] [1789771497.580057192] [tf_help]: Transform data too old when converting from map to odom
[component_container_isolated-2] [ERROR] [1789771497.580092893] [tf_help]: Data time: 27s 300000000ns, Transform time: 3s 842000000ns
[component_container_isolated-2] [ERROR] [1789771497.630072800] [tf_help]: Transform data too old when converting from map to odom
[component_container_isolated-2] [ERROR] [1789771497.630109148] [tf_help]: Data time: 27s 300000000ns, Transform time: 3s 842000000ns
[component_container_isolated-2] [ERROR] [1789771497.680246422] [tf_help]: Transform data too old when converting from map to odom
[component_container_isolated-2] [ERROR] [1789771497.680281644] [tf_help]: Data time: 27s 300000000ns, Transform time: 3s 842000000ns
[component_container_isolated-2] [ERROR] [1789771497.730774843] [tf_help]: Transform data too old when converting from map to odom
[component_container_isolated-2] [ERROR] [1789771497.730818027] [tf_help]: Data time: 27s 300000000ns, Transform time: 3s 842000000ns
[component_container_isolated-2] [ERROR] [1789771497.780393509] [tf_help]: Transform data too old when converting from map to odom
[component_container_isolated-2] [ERROR] [1789771497.780427311] [tf_help]: Data time: 27s 300000000ns, Transform time: 3s 842000000ns
[component_container_isolated-2] [ERROR] [1789771497.830072260] [tf_help]: Transform data too old when converting from map to odom
[component_container_isolated-2] [ERROR] [1789771497.830103244] [tf_help]: Data time: 27s 300000000ns, Transform time: 3s 842000000ns
[component_container_isolated-2] [ERROR] [1789771497.880201685] [tf_help]: Transform data too old when converting from map to odom
[component_container_isolated-2] [ERROR] [1789771497.880238084] [tf_help]: Data time: 27s 300000000ns, Transform time: 3s 842000000ns
[component_container_isolated-2] [ERROR] [1789771497.930266355] [tf_help]: Transform data too old when converting from map to odom
[component_container_isolated-2] [ERROR] [1789771497.930296875] [tf_help]: Data time: 27s 300000000ns, Transform time: 3s 842000000ns
[component_container_isolated-2] [INFO] [1789771497.975824063] [controller_server]: Passing new path to controller.
[component_container_isolated-2] [ERROR] [1789771497.980088985] [tf_help]: Transform data too old when converting from map to odom
[component_container_isolated-2] [ERROR] [1789771497.980108853] [tf_help]: Data time: 28s 100000000ns, Transform time: 3s 842000000ns
[component_container_isolated-2] [ERROR] [1789771498.030346861] [tf_help]: Transform data too old when converting from map to odom
[component_container_isolated-2] [ERROR] [1789771498.030376936] [tf_help]: Data time: 28s 100000000ns, Transform time: 3s 842000000ns
[component_container_isolated-2] [ERROR] [1789771498.081238198] [tf_help]: Transform data too old when converting from map to odom
[component_container_isolated-2] [ERROR] [1789771498.081269795] [tf_help]: Data time: 28s 100000000ns, Transform time: 3s 842000000ns
[component_container_isolated-2] [ERROR] [1789771498.131565930] [tf_help]: Transform data too old when converting from map to odom
[component_container_isolated-2] [ERROR] [1789771498.131599078] [tf_help]: Data time: 28s 100000000ns, Transform time: 3s 842000000ns
[component_container_isolated-2] [ERROR] [1789771498.181624957] [tf_help]: Transform data too old when converting from map to odom
[component_container_isolated-2] [ERROR] [1789771498.181658409] [tf_help]: Data time: 28s 100000000ns, Transform time: 3s 842000000ns
[component_container_isolated-2] [ERROR] [1789771498.231732213] [tf_help]: Transform data too old when converting from map to odom
[component_container_isolated-2] [ERROR] [1789771498.231766589] [tf_help]: Data time: 28s 100000000ns, Transform time: 3s 842000000ns
[component_container_isolated-2] [ERROR] [1789771498.280624227] [tf_help]: Transform data too old when converting from map to odom
[component_container_isolated-2] [ERROR] [1789771498.280662480] [tf_help]: Data time: 28s 100000000ns, Transform time: 3s 842000000ns
[component_container_isolated-2] [ERROR] [1789771498.330428112] [tf_help]: Transform data too old when converting from map to odom
[component_container_isolated-2] [ERROR] [1789771498.330470088] [tf_help]: Data time: 28s 100000000ns, Transform time: 3s 842000000ns
[component_container_isolated-2] [ERROR] [1789771498.380536253] [tf_help]: Transform data too old when converting from map to odom
[component_container_isolated-2] [ERROR] [1789771498.380569336] [tf_help]: Data time: 28s 100000000ns, Transform time: 3s 842000000ns
[component_container_isolated-2] [ERROR] [1789771498.431655119] [tf_help]: Transform data too old when converting from map to odom
[component_container_isolated-2] [ERROR] [1789771498.431709909] [tf_help]: Data time: 28s 100000000ns, Transform time: 3s 842000000ns
[component_container_isolated-2] [ERROR] [1789771498.481453289] [tf_help]: Transform data too old when converting from map to odom
[component_container_isolated-2] [ERROR] [1789771498.481499408] [tf_help]: Data time: 28s 100000000ns, Transform time: 3s 842000000ns
[component_container_isolated-2] [ERROR] [1789771498.530245183] [tf_help]: Transform data too old when converting from map to odom
[component_container_isolated-2] [ERROR] [1789771498.530277776] [tf_help]: Data time: 28s 100000000ns, Transform time: 3s 842000000ns
[component_container_isolated-2] [ERROR] [1789771498.580025331] [tf_help]: Transform data too old when converting from map to odom
[component_container_isolated-2] [ERROR] [1789771498.580057210] [tf_help]: Data time: 28s 100000000ns, Transform time: 3s 842000000ns
[component_container_isolated-2] [ERROR] [1789771498.629952501] [tf_help]: Transform data too old when converting from map to odom
[component_container_isolated-2] [ERROR] [1789771498.629981518] [tf_help]: Data time: 28s 100000000ns, Transform time: 3s 842000000ns
[component_container_isolated-2] [ERROR] [1789771498.680035584] [tf_help]: Transform data too old when converting from map to odom
[component_container_isolated-2] [ERROR] [1789771498.680080754] [tf_help]: Data time: 28s 100000000ns, Transform time: 3s 842000000ns
[component_container_isolated-2] [ERROR] [1789771498.730034601] [tf_help]: Transform data too old when converting from map to odom
[component_container_isolated-2] [ERROR] [1789771498.730067455] [tf_help]: Data time: 28s 100000000ns, Transform time: 3s 842000000ns
[component_container_isolated-2] [ERROR] [1789771498.780051697] [tf_help]: Transform data too old when converting from map to odom
[component_container_isolated-2] [ERROR] [1789771498.780091385] [tf_help]: Data time: 28s 100000000ns, Transform time: 3s 842000000ns
[component_container_isolated-2] [ERROR] [1789771498.830087684] [tf_help]: Transform data too old when converting from map to odom
[component_container_isolated-2] [ERROR] [1789771498.830122415] [tf_help]: Data time: 28s 100000000ns, Transform time: 3s 842000000ns
[component_container_isolated-2] [ERROR] [1789771498.880796398] [tf_help]: Transform data too old when converting from map to odom
[component_container_isolated-2] [ERROR] [1789771498.880831620] [tf_help]: Data time: 28s 100000000ns, Transform time: 3s 842000000ns
[component_container_isolated-2] [ERROR] [1789771498.930062896] [tf_help]: Transform data too old when converting from map to odom
[component_container_isolated-2] [ERROR] [1789771498.930098460] [tf_help]: Data time: 28s 100000000ns, Transform time: 3s 842000000ns
[component_container_isolated-2] [INFO] [1789771498.975821429] [controller_server]: Passing new path to controller.
[component_container_isolated-2] [ERROR] [1789771498.980183940] [tf_help]: Transform data too old when converting from map to odom
[component_container_isolated-2] [ERROR] [1789771498.980207194] [tf_help]: Data time: 29s 200000000ns, Transform time: 3s 842000000ns
[component_container_isolated-2] [ERROR] [1789771499.030142550] [tf_help]: Transform data too old when converting from map to odom
[component_container_isolated-2] [ERROR] [1789771499.030174419] [tf_help]: Data time: 29s 200000000ns, Transform time: 3s 842000000ns
[component_container_isolated-2] [ERROR] [1789771499.080031606] [tf_help]: Transform data too old when converting from map to odom
[component_container_isolated-2] [ERROR] [1789771499.080064790] [tf_help]: Data time: 29s 200000000ns, Transform time: 3s 842000000ns
[component_container_isolated-2] [ERROR] [1789771499.130040643] [tf_help]: Transform data too old when converting from map to odom
[component_container_isolated-2] [ERROR] [1789771499.130085029] [tf_help]: Data time: 29s 200000000ns, Transform time: 3s 842000000ns
[component_container_isolated-2] [ERROR] [1789771499.180128560] [tf_help]: Transform data too old when converting from map to odom
[component_container_isolated-2] [ERROR] [1789771499.180161626] [tf_help]: Data time: 29s 200000000ns, Transform time: 3s 842000000ns
[component_container_isolated-2] [ERROR] [1789771499.229982141] [tf_help]: Transform data too old when converting from map to odom
[component_container_isolated-2] [ERROR] [1789771499.230018870] [tf_help]: Data time: 29s 200000000ns, Transform time: 3s 842000000ns
[component_container_isolated-2] [ERROR] [1789771499.280121711] [tf_help]: Transform data too old when converting from map to odom
[component_container_isolated-2] [ERROR] [1789771499.280155462] [tf_help]: Data time: 29s 200000000ns, Transform time: 3s 842000000ns
[component_container_isolated-2] [ERROR] [1789771499.330220319] [tf_help]: Transform data too old when converting from map to odom
[component_container_isolated-2] [ERROR] [1789771499.330250950] [tf_help]: Data time: 29s 200000000ns, Transform time: 3s 842000000ns
[component_container_isolated-2] [ERROR] [1789771499.380262244] [tf_help]: Transform data too old when converting from map to odom
[component_container_isolated-2] [ERROR] [1789771499.380301747] [tf_help]: Data time: 29s 200000000ns, Transform time: 3s 842000000ns
[component_container_isolated-2] [ERROR] [1789771499.433539155] [tf_help]: Transform data too old when converting from map to odom
[component_container_isolated-2] [ERROR] [1789771499.433573881] [tf_help]: Data time: 29s 200000000ns, Transform time: 3s 842000000ns
[component_container_isolated-2] [ERROR] [1789771499.480177577] [tf_help]: Transform data too old when converting from map to odom
[component_container_isolated-2] [ERROR] [1789771499.480214078] [tf_help]: Data time: 29s 200000000ns, Transform time: 3s 842000000ns
[component_container_isolated-2] [ERROR] [1789771499.531712032] [tf_help]: Transform data too old when converting from map to odom
[component_container_isolated-2] [ERROR] [1789771499.531744023] [tf_help]: Data time: 29s 200000000ns, Transform time: 3s 842000000ns
[component_container_isolated-2] [ERROR] [1789771499.581446562] [tf_help]: Transform data too old when converting from map to odom
[component_container_isolated-2] [ERROR] [1789771499.581478566] [tf_help]: Data time: 29s 200000000ns, Transform time: 3s 842000000ns
[component_container_isolated-2] [ERROR] [1789771499.631413229] [tf_help]: Transform data too old when converting from map to odom
[component_container_isolated-2] [ERROR] [1789771499.631457540] [tf_help]: Data time: 29s 200000000ns, Transform time: 3s 842000000ns
[component_container_isolated-2] [ERROR] [1789771499.681478656] [tf_help]: Transform data too old when converting from map to odom
[component_container_isolated-2] [ERROR] [1789771499.681509591] [tf_help]: Data time: 29s 200000000ns, Transform time: 3s 842000000ns
[component_container_isolated-2] [ERROR] [1789771499.731740479] [tf_help]: Transform data too old when converting from map to odom
[component_container_isolated-2] [ERROR] [1789771499.731772615] [tf_help]: Data time: 29s 200000000ns, Transform time: 3s 842000000ns
[component_container_isolated-2] [ERROR] [1789771499.783945182] [tf_help]: Transform data too old when converting from map to odom
[component_container_isolated-2] [ERROR] [1789771499.783998709] [tf_help]: Data time: 29s 200000000ns, Transform time: 3s 842000000ns
[ground_truth_localizer-1] [INFO] [1789771499.805344077] [ground_truth_localizer]: last 10 s: ground truth msgs 294, map->odom published 294 (288 via latest odom TF)
[component_container_isolated-2] [ERROR] [1789771499.834500637] [tf_help]: Transform data too old when converting from map to odom
[component_container_isolated-2] [ERROR] [1789771499.834529045] [tf_help]: Data time: 29s 200000000ns, Transform time: 3s 842000000ns
[component_container_isolated-2] [ERROR] [1789771499.880262420] [tf_help]: Transform data too old when converting from map to odom
[component_container_isolated-2] [ERROR] [1789771499.880293084] [tf_help]: Data time: 29s 200000000ns, Transform time: 3s 842000000ns
[component_container_isolated-2] [ERROR] [1789771499.931703630] [tf_help]: Transform data too old when converting from map to odom
[component_container_isolated-2] [ERROR] [1789771499.931734149] [tf_help]: Data time: 29s 200000000ns, Transform time: 3s 842000000ns
[component_container_isolated-2] [ERROR] [1789771499.981570578] [tf_help]: Transform data too old when converting from map to odom
[component_container_isolated-2] [ERROR] [1789771499.981599538] [tf_help]: Data time: 29s 200000000ns, Transform time: 3s 842000000ns
[component_container_isolated-2] [INFO] [1789771500.025881786] [controller_server]: Passing new path to controller.
[component_container_isolated-2] [ERROR] [1789771500.030439858] [tf_help]: Transform data too old when converting from map to odom
[component_container_isolated-2] [ERROR] [1789771500.030456595] [tf_help]: Data time: 30s 100000000ns, Transform time: 3s 842000000ns
[component_container_isolated-2] [ERROR] [1789771500.080282059] [tf_help]: Transform data too old when converting from map to odom
[component_container_isolated-2] [ERROR] [1789771500.080314941] [tf_help]: Data time: 30s 100000000ns, Transform time: 3s 842000000ns
[component_container_isolated-2] [ERROR] [1789771500.131958633] [tf_help]: Transform data too old when converting from map to odom
[component_container_isolated-2] [ERROR] [1789771500.132013191] [tf_help]: Data time: 30s 100000000ns, Transform time: 3s 842000000ns
[component_container_isolated-2] [ERROR] [1789771500.181594093] [tf_help]: Transform data too old when converting from map to odom
[component_container_isolated-2] [ERROR] [1789771500.181627321] [tf_help]: Data time: 30s 100000000ns, Transform time: 3s 842000000ns
[component_container_isolated-2] [ERROR] [1789771500.230236785] [tf_help]: Transform data too old when converting from map to odom
[component_container_isolated-2] [ERROR] [1789771500.230269342] [tf_help]: Data time: 30s 100000000ns, Transform time: 3s 842000000ns
[component_container_isolated-2] [ERROR] [1789771500.281957418] [tf_help]: Transform data too old when converting from map to odom
[component_container_isolated-2] [ERROR] [1789771500.281999916] [tf_help]: Data time: 30s 100000000ns, Transform time: 3s 842000000ns
[component_container_isolated-2] [ERROR] [1789771500.332730146] [tf_help]: Transform data too old when converting from map to odom
[component_container_isolated-2] [ERROR] [1789771500.332768776] [tf_help]: Data time: 30s 100000000ns, Transform time: 3s 842000000ns
[component_container_isolated-2] [ERROR] [1789771500.381807473] [tf_help]: Transform data too old when converting from map to odom
[component_container_isolated-2] [ERROR] [1789771500.381838135] [tf_help]: Data time: 30s 100000000ns, Transform time: 3s 842000000ns
[component_container_isolated-2] [ERROR] [1789771500.430078899] [tf_help]: Transform data too old when converting from map to odom
[component_container_isolated-2] [ERROR] [1789771500.430108526] [tf_help]: Data time: 30s 100000000ns, Transform time: 3s 842000000ns
[component_container_isolated-2] [ERROR] [1789771500.480170495] [tf_help]: Transform data too old when converting from map to odom
[component_container_isolated-2] [ERROR] [1789771500.480202098] [tf_help]: Data time: 30s 100000000ns, Transform time: 3s 842000000ns
[component_container_isolated-2] [ERROR] [1789771500.530850908] [tf_help]: Transform data too old when converting from map to odom
[component_container_isolated-2] [ERROR] [1789771500.530886249] [tf_help]: Data time: 30s 100000000ns, Transform time: 3s 842000000ns
[component_container_isolated-2] [ERROR] [1789771500.580570552] [tf_help]: Transform data too old when converting from map to odom
[component_container_isolated-2] [ERROR] [1789771500.580607305] [tf_help]: Data time: 30s 100000000ns, Transform time: 3s 842000000ns
[component_container_isolated-2] [ERROR] [1789771500.630255943] [tf_help]: Transform data too old when converting from map to odom
[component_container_isolated-2] [ERROR] [1789771500.630294226] [tf_help]: Data time: 30s 100000000ns, Transform time: 3s 842000000ns
[component_container_isolated-2] [ERROR] [1789771500.680243887] [tf_help]: Transform data too old when converting from map to odom
[component_container_isolated-2] [ERROR] [1789771500.680279851] [tf_help]: Data time: 30s 100000000ns, Transform time: 3s 842000000ns
[component_container_isolated-2] [ERROR] [1789771500.730014350] [tf_help]: Transform data too old when converting from map to odom
[component_container_isolated-2] [ERROR] [1789771500.730044271] [tf_help]: Data time: 30s 100000000ns, Transform time: 3s 842000000ns
[component_container_isolated-2] [ERROR] [1789771500.779963436] [tf_help]: Transform data too old when converting from map to odom
[component_container_isolated-2] [ERROR] [1789771500.779994385] [tf_help]: Data time: 30s 100000000ns, Transform time: 3s 842000000ns
[component_container_isolated-2] [ERROR] [1789771500.830854461] [tf_help]: Transform data too old when converting from map to odom
[component_container_isolated-2] [ERROR] [1789771500.830890831] [tf_help]: Data time: 30s 100000000ns, Transform time: 3s 842000000ns
[component_container_isolated-2] [ERROR] [1789771500.880110672] [tf_help]: Transform data too old when converting from map to odom
[component_container_isolated-2] [ERROR] [1789771500.880146339] [tf_help]: Data time: 30s 100000000ns, Transform time: 3s 842000000ns
[component_container_isolated-2] [ERROR] [1789771500.929951637] [tf_help]: Transform data too old when converting from map to odom
[component_container_isolated-2] [ERROR] [1789771500.929981310] [tf_help]: Data time: 30s 100000000ns, Transform time: 3s 842000000ns
[component_container_isolated-2] [ERROR] [1789771500.980365632] [tf_help]: Transform data too old when converting from map to odom
[component_container_isolated-2] [ERROR] [1789771500.980396146] [tf_help]: Data time: 30s 100000000ns, Transform time: 3s 842000000ns
[component_container_isolated-2] [ERROR] [1789771501.030230497] [tf_help]: Transform data too old when converting from map to odom
[component_container_isolated-2] [ERROR] [1789771501.030266575] [tf_help]: Data time: 30s 100000000ns, Transform time: 3s 842000000ns
[component_container_isolated-2] [INFO] [1789771501.075863323] [controller_server]: Passing new path to controller.
[component_container_isolated-2] [ERROR] [1789771501.080092290] [tf_help]: Transform data too old when converting from map to odom
[component_container_isolated-2] [ERROR] [1789771501.080116036] [tf_help]: Data time: 31s 100000000ns, Transform time: 3s 842000000ns
[component_container_isolated-2] [ERROR] [1789771501.130280587] [tf_help]: Transform data too old when converting from map to odom
[component_container_isolated-2] [ERROR] [1789771501.130332481] [tf_help]: Data time: 31s 100000000ns, Transform time: 3s 842000000ns
[component_container_isolated-2] [ERROR] [1789771501.182847201] [tf_help]: Transform data too old when converting from map to odom
[component_container_isolated-2] [ERROR] [1789771501.182887909] [tf_help]: Data time: 31s 100000000ns, Transform time: 3s 842000000ns
[component_container_isolated-2] [ERROR] [1789771501.230421929] [tf_help]: Transform data too old when converting from map to odom
[component_container_isolated-2] [ERROR] [1789771501.230461581] [tf_help]: Data time: 31s 100000000ns, Transform time: 3s 842000000ns
[component_container_isolated-2] [ERROR] [1789771501.280060840] [tf_help]: Transform data too old when converting from map to odom
[component_container_isolated-2] [ERROR] [1789771501.280093784] [tf_help]: Data time: 31s 100000000ns, Transform time: 3s 842000000ns
[component_container_isolated-2] [ERROR] [1789771501.330534451] [tf_help]: Transform data too old when converting from map to odom
[component_container_isolated-2] [ERROR] [1789771501.330569874] [tf_help]: Data time: 31s 100000000ns, Transform time: 3s 842000000ns
[component_container_isolated-2] [ERROR] [1789771501.379964382] [tf_help]: Transform data too old when converting from map to odom
[component_container_isolated-2] [ERROR] [1789771501.379996108] [tf_help]: Data time: 31s 100000000ns, Transform time: 3s 842000000ns
[component_container_isolated-2] [ERROR] [1789771501.429979246] [tf_help]: Transform data too old when converting from map to odom
[component_container_isolated-2] [ERROR] [1789771501.430015363] [tf_help]: Data time: 31s 100000000ns, Transform time: 3s 842000000ns
[component_container_isolated-2] [ERROR] [1789771501.480350926] [tf_help]: Transform data too old when converting from map to odom
[component_container_isolated-2] [ERROR] [1789771501.480381289] [tf_help]: Data time: 31s 100000000ns, Transform time: 3s 842000000ns
[component_container_isolated-2] [ERROR] [1789771501.530132893] [tf_help]: Transform data too old when converting from map to odom
[component_container_isolated-2] [ERROR] [1789771501.530165633] [tf_help]: Data time: 31s 100000000ns, Transform time: 3s 842000000ns
[component_container_isolated-2] [ERROR] [1789771501.580028513] [tf_help]: Transform data too old when converting from map to odom
[component_container_isolated-2] [ERROR] [1789771501.580071101] [tf_help]: Data time: 31s 100000000ns, Transform time: 3s 842000000ns
[component_container_isolated-2] [ERROR] [1789771501.630610578] [tf_help]: Transform data too old when converting from map to odom
[component_container_isolated-2] [ERROR] [1789771501.630642000] [tf_help]: Data time: 31s 100000000ns, Transform time: 3s 842000000ns
[component_container_isolated-2] [ERROR] [1789771501.680200615] [tf_help]: Transform data too old when converting from map to odom
[component_container_isolated-2] [ERROR] [1789771501.680233066] [tf_help]: Data time: 31s 100000000ns, Transform time: 3s 842000000ns
[component_container_isolated-2] [ERROR] [1789771501.730267030] [tf_help]: Transform data too old when converting from map to odom
[component_container_isolated-2] [ERROR] [1789771501.730298522] [tf_help]: Data time: 31s 100000000ns, Transform time: 3s 842000000ns
[component_container_isolated-2] [ERROR] [1789771501.783665304] [tf_help]: Transform data too old when converting from map to odom
[component_container_isolated-2] [ERROR] [1789771501.783726812] [tf_help]: Data time: 31s 100000000ns, Transform time: 3s 842000000ns
[component_container_isolated-2] [ERROR] [1789771501.831864843] [tf_help]: Transform data too old when converting from map to odom
[component_container_isolated-2] [ERROR] [1789771501.831899773] [tf_help]: Data time: 31s 100000000ns, Transform time: 3s 842000000ns
[component_container_isolated-2] [ERROR] [1789771501.880360608] [tf_help]: Transform data too old when converting from map to odom
[component_container_isolated-2] [ERROR] [1789771501.880391797] [tf_help]: Data time: 31s 100000000ns, Transform time: 3s 842000000ns
[component_container_isolated-2] [ERROR] [1789771501.930257890] [tf_help]: Transform data too old when converting from map to odom
[component_container_isolated-2] [ERROR] [1789771501.930302756] [tf_help]: Data time: 31s 100000000ns, Transform time: 3s 842000000ns
[component_container_isolated-2] [ERROR] [1789771501.980469790] [tf_help]: Transform data too old when converting from map to odom
[component_container_isolated-2] [ERROR] [1789771501.980506281] [tf_help]: Data time: 31s 100000000ns, Transform time: 3s 842000000ns
[component_container_isolated-2] [ERROR] [1789771502.029912397] [tf_help]: Transform data too old when converting from map to odom
[component_container_isolated-2] [ERROR] [1789771502.029944508] [tf_help]: Data time: 31s 100000000ns, Transform time: 3s 842000000ns
[component_container_isolated-2] [INFO] [1789771502.075832728] [controller_server]: Passing new path to controller.
[component_container_isolated-2] [ERROR] [1789771502.081199409] [tf_help]: Transform data too old when converting from map to odom
[component_container_isolated-2] [ERROR] [1789771502.081228770] [tf_help]: Data time: 32s 100000000ns, Transform time: 3s 842000000ns
[component_container_isolated-2] [ERROR] [1789771502.130455664] [tf_help]: Transform data too old when converting from map to odom
[component_container_isolated-2] [ERROR] [1789771502.130488213] [tf_help]: Data time: 32s 100000000ns, Transform time: 3s 842000000ns
[component_container_isolated-2] [ERROR] [1789771502.180094477] [tf_help]: Transform data too old when converting from map to odom
[component_container_isolated-2] [ERROR] [1789771502.180125781] [tf_help]: Data time: 32s 100000000ns, Transform time: 3s 842000000ns
[component_container_isolated-2] [ERROR] [1789771502.230030460] [tf_help]: Transform data too old when converting from map to odom
[component_container_isolated-2] [ERROR] [1789771502.230060992] [tf_help]: Data time: 32s 100000000ns, Transform time: 3s 842000000ns
[component_container_isolated-2] [ERROR] [1789771502.281908821] [tf_help]: Transform data too old when converting from map to odom
[component_container_isolated-2] [ERROR] [1789771502.281940078] [tf_help]: Data time: 32s 100000000ns, Transform time: 3s 842000000ns
[component_container_isolated-2] [ERROR] [1789771502.330375947] [tf_help]: Transform data too old when converting from map to odom
[component_container_isolated-2] [ERROR] [1789771502.330411853] [tf_help]: Data time: 32s 100000000ns, Transform time: 3s 842000000ns
[component_container_isolated-2] [ERROR] [1789771502.380064379] [tf_help]: Transform data too old when converting from map to odom
[component_container_isolated-2] [ERROR] [1789771502.380097889] [tf_help]: Data time: 32s 100000000ns, Transform time: 3s 842000000ns
[component_container_isolated-2] [ERROR] [1789771502.429973254] [tf_help]: Transform data too old when converting from map to odom
[component_container_isolated-2] [ERROR] [1789771502.430004951] [tf_help]: Data time: 32s 100000000ns, Transform time: 3s 842000000ns
[component_container_isolated-2] [ERROR] [1789771502.480028465] [tf_help]: Transform data too old when converting from map to odom
[component_container_isolated-2] [ERROR] [1789771502.480063984] [tf_help]: Data time: 32s 100000000ns, Transform time: 3s 842000000ns
[component_container_isolated-2] [ERROR] [1789771502.530130584] [tf_help]: Transform data too old when converting from map to odom
[component_container_isolated-2] [ERROR] [1789771502.530165399] [tf_help]: Data time: 32s 100000000ns, Transform time: 3s 842000000ns
[component_container_isolated-2] [ERROR] [1789771502.580281419] [tf_help]: Transform data too old when converting from map to odom
[component_container_isolated-2] [ERROR] [1789771502.580311623] [tf_help]: Data time: 32s 100000000ns, Transform time: 3s 842000000ns
[component_container_isolated-2] [ERROR] [1789771502.630043267] [tf_help]: Transform data too old when converting from map to odom
[component_container_isolated-2] [ERROR] [1789771502.630076304] [tf_help]: Data time: 32s 100000000ns, Transform time: 3s 842000000ns
[component_container_isolated-2] [ERROR] [1789771502.680629636] [tf_help]: Transform data too old when converting from map to odom
[component_container_isolated-2] [ERROR] [1789771502.680661187] [tf_help]: Data time: 32s 100000000ns, Transform time: 3s 842000000ns
[component_container_isolated-2] [ERROR] [1789771502.731452622] [tf_help]: Transform data too old when converting from map to odom
[component_container_isolated-2] [ERROR] [1789771502.731494950] [tf_help]: Data time: 32s 100000000ns, Transform time: 3s 842000000ns
[component_container_isolated-2] [ERROR] [1789771502.780206578] [tf_help]: Transform data too old when converting from map to odom
[component_container_isolated-2] [ERROR] [1789771502.780238365] [tf_help]: Data time: 32s 100000000ns, Transform time: 3s 842000000ns
[component_container_isolated-2] [ERROR] [1789771502.830286469] [tf_help]: Transform data too old when converting from map to odom
[component_container_isolated-2] [ERROR] [1789771502.830320568] [tf_help]: Data time: 32s 100000000ns, Transform time: 3s 842000000ns
[component_container_isolated-2] [ERROR] [1789771502.880313084] [tf_help]: Transform data too old when converting from map to odom
[component_container_isolated-2] [ERROR] [1789771502.880345759] [tf_help]: Data time: 32s 100000000ns, Transform time: 3s 842000000ns
[component_container_isolated-2] [ERROR] [1789771502.930407307] [tf_help]: Transform data too old when converting from map to odom
[component_container_isolated-2] [ERROR] [1789771502.930451669] [tf_help]: Data time: 32s 100000000ns, Transform time: 3s 842000000ns
[component_container_isolated-2] [ERROR] [1789771502.980294949] [tf_help]: Transform data too old when converting from map to odom
[component_container_isolated-2] [ERROR] [1789771502.980328287] [tf_help]: Data time: 32s 100000000ns, Transform time: 3s 842000000ns
[component_container_isolated-2] [ERROR] [1789771503.030465663] [tf_help]: Transform data too old when converting from map to odom
[component_container_isolated-2] [ERROR] [1789771503.030502135] [tf_help]: Data time: 32s 100000000ns, Transform time: 3s 842000000ns
[component_container_isolated-2] [INFO] [1789771503.075821753] [controller_server]: Passing new path to controller.
[component_container_isolated-2] [ERROR] [1789771503.080163826] [tf_help]: Transform data too old when converting from map to odom
[component_container_isolated-2] [ERROR] [1789771503.080186668] [tf_help]: Data time: 33s 100000000ns, Transform time: 3s 842000000ns
[component_container_isolated-2] [ERROR] [1789771503.130305367] [tf_help]: Transform data too old when converting from map to odom
[component_container_isolated-2] [ERROR] [1789771503.130339906] [tf_help]: Data time: 33s 100000000ns, Transform time: 3s 842000000ns
[component_container_isolated-2] [ERROR] [1789771503.180190114] [tf_help]: Transform data too old when converting from map to odom
[component_container_isolated-2] [ERROR] [1789771503.180221406] [tf_help]: Data time: 33s 100000000ns, Transform time: 3s 842000000ns
[component_container_isolated-2] [ERROR] [1789771503.230094166] [tf_help]: Transform data too old when converting from map to odom
[component_container_isolated-2] [ERROR] [1789771503.230134155] [tf_help]: Data time: 33s 100000000ns, Transform time: 3s 842000000ns
[component_container_isolated-2] [ERROR] [1789771503.280288716] [tf_help]: Transform data too old when converting from map to odom
[component_container_isolated-2] [ERROR] [1789771503.280320890] [tf_help]: Data time: 33s 100000000ns, Transform time: 3s 842000000ns
[component_container_isolated-2] [ERROR] [1789771503.330103756] [tf_help]: Transform data too old when converting from map to odom
[component_container_isolated-2] [ERROR] [1789771503.330142425] [tf_help]: Data time: 33s 100000000ns, Transform time: 3s 842000000ns
[component_container_isolated-2] [ERROR] [1789771503.380421037] [tf_help]: Transform data too old when converting from map to odom
[component_container_isolated-2] [ERROR] [1789771503.380464148] [tf_help]: Data time: 33s 100000000ns, Transform time: 3s 842000000ns
[component_container_isolated-2] [ERROR] [1789771503.430653185] [tf_help]: Transform data too old when converting from map to odom
[component_container_isolated-2] [ERROR] [1789771503.430689065] [tf_help]: Data time: 33s 100000000ns, Transform time: 3s 842000000ns
[component_container_isolated-2] [ERROR] [1789771503.480418973] [tf_help]: Transform data too old when converting from map to odom
[component_container_isolated-2] [ERROR] [1789771503.480460335] [tf_help]: Data time: 33s 100000000ns, Transform time: 3s 842000000ns
[component_container_isolated-2] [ERROR] [1789771503.530713982] [tf_help]: Transform data too old when converting from map to odom
[component_container_isolated-2] [ERROR] [1789771503.530751320] [tf_help]: Data time: 33s 100000000ns, Transform time: 3s 842000000ns
[component_container_isolated-2] [ERROR] [1789771503.580221545] [tf_help]: Transform data too old when converting from map to odom
[component_container_isolated-2] [ERROR] [1789771503.580255576] [tf_help]: Data time: 33s 100000000ns, Transform time: 3s 842000000ns
[component_container_isolated-2] [ERROR] [1789771503.630025078] [tf_help]: Transform data too old when converting from map to odom
[component_container_isolated-2] [ERROR] [1789771503.630057269] [tf_help]: Data time: 33s 100000000ns, Transform time: 3s 842000000ns
[component_container_isolated-2] [ERROR] [1789771503.680363580] [tf_help]: Transform data too old when converting from map to odom
[component_container_isolated-2] [ERROR] [1789771503.680396515] [tf_help]: Data time: 33s 100000000ns, Transform time: 3s 842000000ns
[component_container_isolated-2] [ERROR] [1789771503.730175141] [tf_help]: Transform data too old when converting from map to odom
[component_container_isolated-2] [ERROR] [1789771503.730210480] [tf_help]: Data time: 33s 100000000ns, Transform time: 3s 842000000ns
[component_container_isolated-2] [ERROR] [1789771503.780206047] [tf_help]: Transform data too old when converting from map to odom
[component_container_isolated-2] [ERROR] [1789771503.780238988] [tf_help]: Data time: 33s 100000000ns, Transform time: 3s 842000000ns
[component_container_isolated-2] [ERROR] [1789771503.830095201] [tf_help]: Transform data too old when converting from map to odom
[component_container_isolated-2] [ERROR] [1789771503.830127421] [tf_help]: Data time: 33s 100000000ns, Transform time: 3s 842000000ns
[component_container_isolated-2] [ERROR] [1789771503.880044067] [tf_help]: Transform data too old when converting from map to odom
[component_container_isolated-2] [ERROR] [1789771503.880075444] [tf_help]: Data time: 33s 100000000ns, Transform time: 3s 842000000ns
[component_container_isolated-2] [ERROR] [1789771503.930160014] [tf_help]: Transform data too old when converting from map to odom
[component_container_isolated-2] [ERROR] [1789771503.930191295] [tf_help]: Data time: 33s 100000000ns, Transform time: 3s 842000000ns
[component_container_isolated-2] [ERROR] [1789771503.980196589] [tf_help]: Transform data too old when converting from map to odom
[component_container_isolated-2] [ERROR] [1789771503.980230257] [tf_help]: Data time: 33s 100000000ns, Transform time: 3s 842000000ns
[component_container_isolated-2] [ERROR] [1789771504.030396337] [tf_help]: Transform data too old when converting from map to odom
[component_container_isolated-2] [ERROR] [1789771504.030433266] [tf_help]: Data time: 33s 100000000ns, Transform time: 3s 842000000ns
[component_container_isolated-2] [ERROR] [1789771504.080173638] [tf_help]: Transform data too old when converting from map to odom
[component_container_isolated-2] [ERROR] [1789771504.080215725] [tf_help]: Data time: 33s 100000000ns, Transform time: 3s 842000000ns
[component_container_isolated-2] [INFO] [1789771504.125856150] [controller_server]: Passing new path to controller.
[component_container_isolated-2] [ERROR] [1789771504.132175612] [tf_help]: Transform data too old when converting from map to odom
[component_container_isolated-2] [ERROR] [1789771504.132207592] [tf_help]: Data time: 34s 100000000ns, Transform time: 3s 842000000ns
[component_container_isolated-2] [ERROR] [1789771504.180635721] [tf_help]: Transform data too old when converting from map to odom
[component_container_isolated-2] [ERROR] [1789771504.180681111] [tf_help]: Data time: 34s 100000000ns, Transform time: 3s 842000000ns
[component_container_isolated-2] [ERROR] [1789771504.230117784] [tf_help]: Transform data too old when converting from map to odom
[component_container_isolated-2] [ERROR] [1789771504.230155512] [tf_help]: Data time: 34s 100000000ns, Transform time: 3s 842000000ns
[component_container_isolated-2] [ERROR] [1789771504.279987807] [tf_help]: Transform data too old when converting from map to odom
[component_container_isolated-2] [ERROR] [1789771504.280021587] [tf_help]: Data time: 34s 100000000ns, Transform time: 3s 842000000ns
[component_container_isolated-2] [ERROR] [1789771504.331900701] [tf_help]: Transform data too old when converting from map to odom
[component_container_isolated-2] [ERROR] [1789771504.331935278] [tf_help]: Data time: 34s 100000000ns, Transform time: 3s 842000000ns
[component_container_isolated-2] [ERROR] [1789771504.380659695] [tf_help]: Transform data too old when converting from map to odom
[component_container_isolated-2] [ERROR] [1789771504.380692147] [tf_help]: Data time: 34s 100000000ns, Transform time: 3s 842000000ns
[component_container_isolated-2] [ERROR] [1789771504.430208958] [tf_help]: Transform data too old when converting from map to odom
[component_container_isolated-2] [ERROR] [1789771504.430240996] [tf_help]: Data time: 34s 100000000ns, Transform time: 3s 842000000ns
[component_container_isolated-2] [ERROR] [1789771504.484815288] [tf_help]: Transform data too old when converting from map to odom
[component_container_isolated-2] [ERROR] [1789771504.484850506] [tf_help]: Data time: 34s 100000000ns, Transform time: 3s 842000000ns
[component_container_isolated-2] [ERROR] [1789771504.530005243] [tf_help]: Transform data too old when converting from map to odom
[component_container_isolated-2] [ERROR] [1789771504.530038072] [tf_help]: Data time: 34s 100000000ns, Transform time: 3s 842000000ns
[component_container_isolated-2] [ERROR] [1789771504.580460344] [tf_help]: Transform data too old when converting from map to odom
[component_container_isolated-2] [ERROR] [1789771504.580492209] [tf_help]: Data time: 34s 100000000ns, Transform time: 3s 842000000ns
[component_container_isolated-2] [ERROR] [1789771504.630265575] [tf_help]: Transform data too old when converting from map to odom
[component_container_isolated-2] [ERROR] [1789771504.630303865] [tf_help]: Data time: 34s 100000000ns, Transform time: 3s 842000000ns
[component_container_isolated-2] [ERROR] [1789771504.680093637] [tf_help]: Transform data too old when converting from map to odom
[component_container_isolated-2] [ERROR] [1789771504.680129132] [tf_help]: Data time: 34s 100000000ns, Transform time: 3s 842000000ns
[component_container_isolated-2] [ERROR] [1789771504.730341970] [tf_help]: Transform data too old when converting from map to odom
[component_container_isolated-2] [ERROR] [1789771504.730378292] [tf_help]: Data time: 34s 100000000ns, Transform time: 3s 842000000ns
[component_container_isolated-2] [ERROR] [1789771504.780122574] [tf_help]: Transform data too old when converting from map to odom
[component_container_isolated-2] [ERROR] [1789771504.780161246] [tf_help]: Data time: 34s 100000000ns, Transform time: 3s 842000000ns
[component_container_isolated-2] [ERROR] [1789771504.830312203] [tf_help]: Transform data too old when converting from map to odom
[component_container_isolated-2] [ERROR] [1789771504.830348224] [tf_help]: Data time: 34s 100000000ns, Transform time: 3s 842000000ns
[component_container_isolated-2] [ERROR] [1789771504.880143595] [tf_help]: Transform data too old when converting from map to odom
[component_container_isolated-2] [ERROR] [1789771504.880188313] [tf_help]: Data time: 34s 100000000ns, Transform time: 3s 842000000ns
[component_container_isolated-2] [ERROR] [1789771504.933523008] [tf_help]: Transform data too old when converting from map to odom
[component_container_isolated-2] [ERROR] [1789771504.933566351] [tf_help]: Data time: 34s 100000000ns, Transform time: 3s 842000000ns
[component_container_isolated-2] [ERROR] [1789771504.980323498] [tf_help]: Transform data too old when converting from map to odom
[component_container_isolated-2] [ERROR] [1789771504.980356423] [tf_help]: Data time: 34s 100000000ns, Transform time: 3s 842000000ns
[component_container_isolated-2] [ERROR] [1789771505.030465513] [tf_help]: Transform data too old when converting from map to odom
[component_container_isolated-2] [ERROR] [1789771505.030511669] [tf_help]: Data time: 34s 100000000ns, Transform time: 3s 842000000ns
[component_container_isolated-2] [ERROR] [1789771505.080112173] [tf_help]: Transform data too old when converting from map to odom
[component_container_isolated-2] [ERROR] [1789771505.080144247] [tf_help]: Data time: 34s 100000000ns, Transform time: 3s 842000000ns
[component_container_isolated-2] [ERROR] [1789771505.130298668] [tf_help]: Transform data too old when converting from map to odom
[component_container_isolated-2] [ERROR] [1789771505.130334823] [tf_help]: Data time: 34s 100000000ns, Transform time: 3s 842000000ns
[component_container_isolated-2] [INFO] [1789771505.175861337] [controller_server]: Passing new path to controller.
[component_container_isolated-2] [ERROR] [1789771505.180530093] [tf_help]: Transform data too old when converting from map to odom
[component_container_isolated-2] [ERROR] [1789771505.180567144] [tf_help]: Data time: 35s 100000000ns, Transform time: 3s 842000000ns
[component_container_isolated-2] [ERROR] [1789771505.230264951] [tf_help]: Transform data too old when converting from map to odom
[component_container_isolated-2] [ERROR] [1789771505.230295704] [tf_help]: Data time: 35s 100000000ns, Transform time: 3s 842000000ns
[component_container_isolated-2] [ERROR] [1789771505.282330094] [tf_help]: Transform data too old when converting from map to odom
[component_container_isolated-2] [ERROR] [1789771505.282369909] [tf_help]: Data time: 35s 100000000ns, Transform time: 3s 842000000ns
[component_container_isolated-2] [ERROR] [1789771505.330234540] [tf_help]: Transform data too old when converting from map to odom
[component_container_isolated-2] [ERROR] [1789771505.330279346] [tf_help]: Data time: 35s 100000000ns, Transform time: 3s 842000000ns
[component_container_isolated-2] [ERROR] [1789771505.380033486] [tf_help]: Transform data too old when converting from map to odom
[component_container_isolated-2] [ERROR] [1789771505.380076569] [tf_help]: Data time: 35s 100000000ns, Transform time: 3s 842000000ns
[component_container_isolated-2] [ERROR] [1789771505.430056089] [tf_help]: Transform data too old when converting from map to odom
[component_container_isolated-2] [ERROR] [1789771505.430091308] [tf_help]: Data time: 35s 100000000ns, Transform time: 3s 842000000ns
[component_container_isolated-2] [ERROR] [1789771505.480774065] [tf_help]: Transform data too old when converting from map to odom
[component_container_isolated-2] [ERROR] [1789771505.480810819] [tf_help]: Data time: 35s 100000000ns, Transform time: 3s 842000000ns
[component_container_isolated-2] [ERROR] [1789771505.530140983] [tf_help]: Transform data too old when converting from map to odom
[component_container_isolated-2] [ERROR] [1789771505.530176503] [tf_help]: Data time: 35s 100000000ns, Transform time: 3s 842000000ns
[component_container_isolated-2] [ERROR] [1789771505.580056489] [tf_help]: Transform data too old when converting from map to odom
[component_container_isolated-2] [ERROR] [1789771505.580087875] [tf_help]: Data time: 35s 100000000ns, Transform time: 3s 842000000ns
[component_container_isolated-2] [ERROR] [1789771505.630097831] [tf_help]: Transform data too old when converting from map to odom
[component_container_isolated-2] [ERROR] [1789771505.630129977] [tf_help]: Data time: 35s 100000000ns, Transform time: 3s 842000000ns
[component_container_isolated-2] [ERROR] [1789771505.680793110] [tf_help]: Transform data too old when converting from map to odom
[component_container_isolated-2] [ERROR] [1789771505.680824059] [tf_help]: Data time: 35s 100000000ns, Transform time: 3s 842000000ns
[component_container_isolated-2] [ERROR] [1789771505.730194905] [tf_help]: Transform data too old when converting from map to odom
[component_container_isolated-2] [ERROR] [1789771505.730227213] [tf_help]: Data time: 35s 100000000ns, Transform time: 3s 842000000ns
[component_container_isolated-2] [ERROR] [1789771505.780318677] [tf_help]: Transform data too old when converting from map to odom
[component_container_isolated-2] [ERROR] [1789771505.780350944] [tf_help]: Data time: 35s 100000000ns, Transform time: 3s 842000000ns
[component_container_isolated-2] [ERROR] [1789771505.830014683] [tf_help]: Transform data too old when converting from map to odom
[component_container_isolated-2] [ERROR] [1789771505.830049226] [tf_help]: Data time: 35s 100000000ns, Transform time: 3s 842000000ns
[component_container_isolated-2] [ERROR] [1789771505.880196639] [tf_help]: Transform data too old when converting from map to odom
[component_container_isolated-2] [ERROR] [1789771505.880232288] [tf_help]: Data time: 35s 100000000ns, Transform time: 3s 842000000ns
[component_container_isolated-2] [ERROR] [1789771505.930126035] [tf_help]: Transform data too old when converting from map to odom
[component_container_isolated-2] [ERROR] [1789771505.930164463] [tf_help]: Data time: 35s 100000000ns, Transform time: 3s 842000000ns
[component_container_isolated-2] [ERROR] [1789771505.980235634] [tf_help]: Transform data too old when converting from map to odom
[component_container_isolated-2] [ERROR] [1789771505.980268400] [tf_help]: Data time: 35s 100000000ns, Transform time: 3s 842000000ns
[component_container_isolated-2] [ERROR] [1789771506.030124843] [tf_help]: Transform data too old when converting from map to odom
[component_container_isolated-2] [ERROR] [1789771506.030158456] [tf_help]: Data time: 35s 100000000ns, Transform time: 3s 842000000ns
[component_container_isolated-2] [ERROR] [1789771506.080094521] [tf_help]: Transform data too old when converting from map to odom
[component_container_isolated-2] [ERROR] [1789771506.080128070] [tf_help]: Data time: 35s 100000000ns, Transform time: 3s 842000000ns
[component_container_isolated-2] [ERROR] [1789771506.130135017] [tf_help]: Transform data too old when converting from map to odom
[component_container_isolated-2] [ERROR] [1789771506.130165598] [tf_help]: Data time: 35s 100000000ns, Transform time: 3s 842000000ns
[component_container_isolated-2] [INFO] [1789771506.175875952] [controller_server]: Passing new path to controller.
[component_container_isolated-2] [ERROR] [1789771506.184122572] [tf_help]: Transform data too old when converting from map to odom
[component_container_isolated-2] [ERROR] [1789771506.184178125] [tf_help]: Data time: 36s 100000000ns, Transform time: 3s 842000000ns
[component_container_isolated-2] [ERROR] [1789771506.233679669] [tf_help]: Transform data too old when converting from map to odom
[component_container_isolated-2] [ERROR] [1789771506.233713659] [tf_help]: Data time: 36s 100000000ns, Transform time: 3s 842000000ns
[component_container_isolated-2] [ERROR] [1789771506.281931362] [tf_help]: Transform data too old when converting from map to odom
[component_container_isolated-2] [ERROR] [1789771506.281965641] [tf_help]: Data time: 36s 100000000ns, Transform time: 3s 842000000ns
[component_container_isolated-2] [ERROR] [1789771506.331412346] [tf_help]: Transform data too old when converting from map to odom
[component_container_isolated-2] [ERROR] [1789771506.331587920] [tf_help]: Data time: 36s 100000000ns, Transform time: 3s 842000000ns
[component_container_isolated-2] [ERROR] [1789771506.380357272] [tf_help]: Transform data too old when converting from map to odom
[component_container_isolated-2] [ERROR] [1789771506.380389646] [tf_help]: Data time: 36s 100000000ns, Transform time: 3s 842000000ns
[component_container_isolated-2] [ERROR] [1789771506.431832721] [tf_help]: Transform data too old when converting from map to odom
[component_container_isolated-2] [ERROR] [1789771506.431865461] [tf_help]: Data time: 36s 100000000ns, Transform time: 3s 842000000ns
[component_container_isolated-2] [ERROR] [1789771506.481511641] [tf_help]: Transform data too old when converting from map to odom
[component_container_isolated-2] [ERROR] [1789771506.481541487] [tf_help]: Data time: 36s 100000000ns, Transform time: 3s 842000000ns
[component_container_isolated-2] [ERROR] [1789771506.531379939] [tf_help]: Transform data too old when converting from map to odom
[component_container_isolated-2] [ERROR] [1789771506.531426607] [tf_help]: Data time: 36s 100000000ns, Transform time: 3s 842000000ns
[component_container_isolated-2] [ERROR] [1789771506.580388195] [tf_help]: Transform data too old when converting from map to odom
[component_container_isolated-2] [ERROR] [1789771506.580428174] [tf_help]: Data time: 36s 100000000ns, Transform time: 3s 842000000ns
[component_container_isolated-2] [ERROR] [1789771506.631364968] [tf_help]: Transform data too old when converting from map to odom
[component_container_isolated-2] [ERROR] [1789771506.631409536] [tf_help]: Data time: 36s 100000000ns, Transform time: 3s 842000000ns
[component_container_isolated-2] [ERROR] [1789771506.681701645] [tf_help]: Transform data too old when converting from map to odom
[component_container_isolated-2] [ERROR] [1789771506.681735585] [tf_help]: Data time: 36s 100000000ns, Transform time: 3s 842000000ns
[component_container_isolated-2] [ERROR] [1789771506.731380191] [tf_help]: Transform data too old when converting from map to odom
[component_container_isolated-2] [ERROR] [1789771506.731412902] [tf_help]: Data time: 36s 100000000ns, Transform time: 3s 842000000ns
[component_container_isolated-2] [ERROR] [1789771506.780389039] [tf_help]: Transform data too old when converting from map to odom
[component_container_isolated-2] [ERROR] [1789771506.780422328] [tf_help]: Data time: 36s 100000000ns, Transform time: 3s 842000000ns
[component_container_isolated-2] [ERROR] [1789771506.830302812] [tf_help]: Transform data too old when converting from map to odom
[component_container_isolated-2] [ERROR] [1789771506.830334332] [tf_help]: Data time: 36s 100000000ns, Transform time: 3s 842000000ns
[component_container_isolated-2] [ERROR] [1789771506.880459522] [tf_help]: Transform data too old when converting from map to odom
[component_container_isolated-2] [ERROR] [1789771506.880498444] [tf_help]: Data time: 36s 100000000ns, Transform time: 3s 842000000ns
[component_container_isolated-2] [ERROR] [1789771506.930024314] [tf_help]: Transform data too old when converting from map to odom
[component_container_isolated-2] [ERROR] [1789771506.930059115] [tf_help]: Data time: 36s 100000000ns, Transform time: 3s 842000000ns
[component_container_isolated-2] [ERROR] [1789771506.980217053] [tf_help]: Transform data too old when converting from map to odom
[component_container_isolated-2] [ERROR] [1789771506.980261942] [tf_help]: Data time: 36s 100000000ns, Transform time: 3s 842000000ns
[component_container_isolated-2] [ERROR] [1789771507.030098333] [tf_help]: Transform data too old when converting from map to odom
[component_container_isolated-2] [ERROR] [1789771507.030130808] [tf_help]: Data time: 36s 100000000ns, Transform time: 3s 842000000ns
[component_container_isolated-2] [ERROR] [1789771507.082230697] [tf_help]: Transform data too old when converting from map to odom
[component_container_isolated-2] [ERROR] [1789771507.082266795] [tf_help]: Data time: 36s 100000000ns, Transform time: 3s 842000000ns
[component_container_isolated-2] [ERROR] [1789771507.131846581] [tf_help]: Transform data too old when converting from map to odom
[component_container_isolated-2] [ERROR] [1789771507.131879374] [tf_help]: Data time: 36s 100000000ns, Transform time: 3s 842000000ns
[component_container_isolated-2] [ERROR] [1789771507.182322749] [tf_help]: Transform data too old when converting from map to odom
[component_container_isolated-2] [ERROR] [1789771507.182354082] [tf_help]: Data time: 36s 100000000ns, Transform time: 3s 842000000ns
[component_container_isolated-2] [INFO] [1789771507.225826280] [controller_server]: Passing new path to controller.
[component_container_isolated-2] [ERROR] [1789771507.230321322] [tf_help]: Transform data too old when converting from map to odom
[component_container_isolated-2] [ERROR] [1789771507.230360596] [tf_help]: Data time: 37s 100000000ns, Transform time: 3s 842000000ns
[component_container_isolated-2] [ERROR] [1789771507.280223503] [tf_help]: Transform data too old when converting from map to odom
[component_container_isolated-2] [ERROR] [1789771507.280260438] [tf_help]: Data time: 37s 100000000ns, Transform time: 3s 842000000ns
[component_container_isolated-2] [ERROR] [1789771507.330308414] [tf_help]: Transform data too old when converting from map to odom
[component_container_isolated-2] [ERROR] [1789771507.330340393] [tf_help]: Data time: 37s 100000000ns, Transform time: 3s 842000000ns
[component_container_isolated-2] [ERROR] [1789771507.380140574] [tf_help]: Transform data too old when converting from map to odom
[component_container_isolated-2] [ERROR] [1789771507.380177166] [tf_help]: Data time: 37s 100000000ns, Transform time: 3s 842000000ns
[component_container_isolated-2] [ERROR] [1789771507.431150934] [tf_help]: Transform data too old when converting from map to odom
[component_container_isolated-2] [ERROR] [1789771507.431207236] [tf_help]: Data time: 37s 100000000ns, Transform time: 3s 842000000ns
[component_container_isolated-2] [ERROR] [1789771507.475859419] [controller_server]: Failed to make progress
[component_container_isolated-2] [WARN] [1789771507.475913054] [controller_server]: [follow_path] [ActionServer] Aborting handle.
[component_container_isolated-2] [INFO] [1789771507.495541285] [local_costmap.local_costmap]: Received request to clear entirely the local_costmap
[component_container_isolated-2] [INFO] [1789771507.495866053] [controller_server]: Received a goal, begin computing control effort.
[component_container_isolated-2] [ERROR] [1789771507.654121738] [tf_help]: Transform data too old when converting from map to odom
[component_container_isolated-2] [ERROR] [1789771507.654186689] [tf_help]: Data time: 37s 100000000ns, Transform time: 3s 842000000ns
[component_container_isolated-2] [WARN] [1789771507.654199030] [controller_server]: Control loop missed its desired rate of 20.0000Hz
[component_container_isolated-2] [ERROR] [1789771507.658780664] [tf_help]: Transform data too old when converting from map to odom
[component_container_isolated-2] [ERROR] [1789771507.658803550] [tf_help]: Data time: 37s 100000000ns, Transform time: 3s 842000000ns
[component_container_isolated-2] [ERROR] [1789771507.713285263] [tf_help]: Transform data too old when converting from map to odom
[component_container_isolated-2] [ERROR] [1789771507.713315639] [tf_help]: Data time: 37s 100000000ns, Transform time: 3s 842000000ns
[component_container_isolated-2] [ERROR] [1789771507.768389977] [tf_help]: Transform data too old when converting from map to odom
[component_container_isolated-2] [ERROR] [1789771507.768432720] [tf_help]: Data time: 37s 100000000ns, Transform time: 3s 842000000ns
[component_container_isolated-2] [ERROR] [1789771507.822964483] [tf_help]: Transform data too old when converting from map to odom
[component_container_isolated-2] [ERROR] [1789771507.823002090] [tf_help]: Data time: 37s 100000000ns, Transform time: 3s 842000000ns
[component_container_isolated-2] [ERROR] [1789771507.877811405] [tf_help]: Transform data too old when converting from map to odom
[component_container_isolated-2] [ERROR] [1789771507.877843000] [tf_help]: Data time: 37s 100000000ns, Transform time: 3s 842000000ns
[component_container_isolated-2] [ERROR] [1789771507.932429176] [tf_help]: Transform data too old when converting from map to odom
[component_container_isolated-2] [ERROR] [1789771507.932463458] [tf_help]: Data time: 37s 100000000ns, Transform time: 3s 842000000ns
[component_container_isolated-2] [ERROR] [1789771507.987070781] [tf_help]: Transform data too old when converting from map to odom
[component_container_isolated-2] [ERROR] [1789771507.987116172] [tf_help]: Data time: 37s 100000000ns, Transform time: 3s 842000000ns
[component_container_isolated-2] [ERROR] [1789771508.044696488] [tf_help]: Transform data too old when converting from map to odom
[component_container_isolated-2] [ERROR] [1789771508.044725639] [tf_help]: Data time: 37s 100000000ns, Transform time: 3s 842000000ns
[component_container_isolated-2] [ERROR] [1789771508.100570960] [tf_help]: Transform data too old when converting from map to odom
[component_container_isolated-2] [ERROR] [1789771508.100612691] [tf_help]: Data time: 37s 100000000ns, Transform time: 3s 842000000ns
[component_container_isolated-2] [ERROR] [1789771508.154885865] [tf_help]: Transform data too old when converting from map to odom
[component_container_isolated-2] [ERROR] [1789771508.154926285] [tf_help]: Data time: 37s 100000000ns, Transform time: 3s 842000000ns
[component_container_isolated-2] [ERROR] [1789771508.212812519] [tf_help]: Transform data too old when converting from map to odom
[component_container_isolated-2] [ERROR] [1789771508.212855528] [tf_help]: Data time: 37s 100000000ns, Transform time: 3s 842000000ns
[component_container_isolated-2] [INFO] [1789771508.254303165] [controller_server]: Passing new path to controller.
[component_container_isolated-2] [ERROR] [1789771508.263117496] [tf_help]: Transform data too old when converting from map to odom
[component_container_isolated-2] [ERROR] [1789771508.263168495] [tf_help]: Data time: 38s 100000000ns, Transform time: 3s 842000000ns
[component_container_isolated-2] [ERROR] [1789771508.312316235] [tf_help]: Transform data too old when converting from map to odom
[component_container_isolated-2] [ERROR] [1789771508.312359007] [tf_help]: Data time: 38s 100000000ns, Transform time: 3s 842000000ns
[component_container_isolated-2] [ERROR] [1789771508.362530839] [tf_help]: Transform data too old when converting from map to odom
[component_container_isolated-2] [ERROR] [1789771508.362579507] [tf_help]: Data time: 38s 100000000ns, Transform time: 3s 842000000ns
[component_container_isolated-2] [ERROR] [1789771508.409275413] [tf_help]: Transform data too old when converting from map to odom
[component_container_isolated-2] [ERROR] [1789771508.409313555] [tf_help]: Data time: 38s 100000000ns, Transform time: 3s 842000000ns
[component_container_isolated-2] [ERROR] [1789771508.458784638] [tf_help]: Transform data too old when converting from map to odom
[component_container_isolated-2] [ERROR] [1789771508.458824844] [tf_help]: Data time: 38s 100000000ns, Transform time: 3s 842000000ns
[component_container_isolated-2] [ERROR] [1789771508.508621008] [tf_help]: Transform data too old when converting from map to odom
[component_container_isolated-2] [ERROR] [1789771508.508658585] [tf_help]: Data time: 38s 100000000ns, Transform time: 3s 842000000ns
[component_container_isolated-2] [ERROR] [1789771508.558678978] [tf_help]: Transform data too old when converting from map to odom
[component_container_isolated-2] [ERROR] [1789771508.558713901] [tf_help]: Data time: 38s 100000000ns, Transform time: 3s 842000000ns
[component_container_isolated-2] [ERROR] [1789771508.608605367] [tf_help]: Transform data too old when converting from map to odom
[component_container_isolated-2] [ERROR] [1789771508.608640012] [tf_help]: Data time: 38s 100000000ns, Transform time: 3s 842000000ns
[component_container_isolated-2] [ERROR] [1789771508.658585455] [tf_help]: Transform data too old when converting from map to odom
[component_container_isolated-2] [ERROR] [1789771508.658618192] [tf_help]: Data time: 38s 100000000ns, Transform time: 3s 842000000ns
[component_container_isolated-2] [ERROR] [1789771508.708558965] [tf_help]: Transform data too old when converting from map to odom
[component_container_isolated-2] [ERROR] [1789771508.708591171] [tf_help]: Data time: 38s 100000000ns, Transform time: 3s 842000000ns
[component_container_isolated-2] [ERROR] [1789771508.758615169] [tf_help]: Transform data too old when converting from map to odom
[component_container_isolated-2] [ERROR] [1789771508.758643063] [tf_help]: Data time: 38s 100000000ns, Transform time: 3s 842000000ns
[component_container_isolated-2] [ERROR] [1789771508.808761137] [tf_help]: Transform data too old when converting from map to odom
[component_container_isolated-2] [ERROR] [1789771508.808798128] [tf_help]: Data time: 38s 100000000ns, Transform time: 3s 842000000ns
[component_container_isolated-2] [ERROR] [1789771508.858547054] [tf_help]: Transform data too old when converting from map to odom
[component_container_isolated-2] [ERROR] [1789771508.858577278] [tf_help]: Data time: 38s 100000000ns, Transform time: 3s 842000000ns
[component_container_isolated-2] [ERROR] [1789771508.908550913] [tf_help]: Transform data too old when converting from map to odom
[component_container_isolated-2] [ERROR] [1789771508.908585146] [tf_help]: Data time: 38s 100000000ns, Transform time: 3s 842000000ns
[component_container_isolated-2] [ERROR] [1789771508.958714018] [tf_help]: Transform data too old when converting from map to odom
[component_container_isolated-2] [ERROR] [1789771508.958747654] [tf_help]: Data time: 38s 100000000ns, Transform time: 3s 842000000ns
[component_container_isolated-2] [ERROR] [1789771509.008669998] [tf_help]: Transform data too old when converting from map to odom
[component_container_isolated-2] [ERROR] [1789771509.008704520] [tf_help]: Data time: 38s 100000000ns, Transform time: 3s 842000000ns
[component_container_isolated-2] [ERROR] [1789771509.058677334] [tf_help]: Transform data too old when converting from map to odom
[component_container_isolated-2] [ERROR] [1789771509.058710856] [tf_help]: Data time: 38s 100000000ns, Transform time: 3s 842000000ns
[component_container_isolated-2] [ERROR] [1789771509.108562701] [tf_help]: Transform data too old when converting from map to odom
[component_container_isolated-2] [ERROR] [1789771509.108594047] [tf_help]: Data time: 38s 100000000ns, Transform time: 3s 842000000ns
[component_container_isolated-2] [ERROR] [1789771509.158578327] [tf_help]: Transform data too old when converting from map to odom
[component_container_isolated-2] [ERROR] [1789771509.158609661] [tf_help]: Data time: 38s 100000000ns, Transform time: 3s 842000000ns
[component_container_isolated-2] [ERROR] [1789771509.208726119] [tf_help]: Transform data too old when converting from map to odom
[component_container_isolated-2] [ERROR] [1789771509.208758713] [tf_help]: Data time: 38s 100000000ns, Transform time: 3s 842000000ns
[component_container_isolated-2] [ERROR] [1789771509.258437582] [tf_help]: Transform data too old when converting from map to odom
[component_container_isolated-2] [ERROR] [1789771509.258469494] [tf_help]: Data time: 38s 100000000ns, Transform time: 3s 842000000ns
[component_container_isolated-2] [INFO] [1789771509.304294697] [controller_server]: Passing new path to controller.
[component_container_isolated-2] [ERROR] [1789771509.308598859] [tf_help]: Transform data too old when converting from map to odom
[component_container_isolated-2] [ERROR] [1789771509.308621799] [tf_help]: Data time: 39s 100000000ns, Transform time: 3s 842000000ns
[component_container_isolated-2] [ERROR] [1789771509.358580567] [tf_help]: Transform data too old when converting from map to odom
[component_container_isolated-2] [ERROR] [1789771509.358610630] [tf_help]: Data time: 39s 100000000ns, Transform time: 3s 842000000ns
[component_container_isolated-2] [ERROR] [1789771509.408836413] [tf_help]: Transform data too old when converting from map to odom
[component_container_isolated-2] [ERROR] [1789771509.408876700] [tf_help]: Data time: 39s 100000000ns, Transform time: 3s 842000000ns
[component_container_isolated-2] [ERROR] [1789771509.458684620] [tf_help]: Transform data too old when converting from map to odom
[component_container_isolated-2] [ERROR] [1789771509.458718665] [tf_help]: Data time: 39s 100000000ns, Transform time: 3s 842000000ns
[component_container_isolated-2] [ERROR] [1789771509.513390687] [tf_help]: Transform data too old when converting from map to odom
[component_container_isolated-2] [ERROR] [1789771509.513445928] [tf_help]: Data time: 39s 100000000ns, Transform time: 3s 842000000ns
[component_container_isolated-2] [ERROR] [1789771509.559654672] [tf_help]: Transform data too old when converting from map to odom
[component_container_isolated-2] [ERROR] [1789771509.559690837] [tf_help]: Data time: 39s 100000000ns, Transform time: 3s 842000000ns
[component_container_isolated-2] [ERROR] [1789771509.610089193] [tf_help]: Transform data too old when converting from map to odom
[component_container_isolated-2] [ERROR] [1789771509.610120901] [tf_help]: Data time: 39s 100000000ns, Transform time: 3s 842000000ns
[component_container_isolated-2] [ERROR] [1789771509.658624280] [tf_help]: Transform data too old when converting from map to odom
[component_container_isolated-2] [ERROR] [1789771509.658657033] [tf_help]: Data time: 39s 100000000ns, Transform time: 3s 842000000ns
[component_container_isolated-2] [ERROR] [1789771509.708494753] [tf_help]: Transform data too old when converting from map to odom
[component_container_isolated-2] [ERROR] [1789771509.708525659] [tf_help]: Data time: 39s 100000000ns, Transform time: 3s 842000000ns
[component_container_isolated-2] [ERROR] [1789771509.758435809] [tf_help]: Transform data too old when converting from map to odom
[component_container_isolated-2] [ERROR] [1789771509.758466897] [tf_help]: Data time: 39s 100000000ns, Transform time: 3s 842000000ns
[component_container_isolated-2] [ERROR] [1789771509.808631855] [tf_help]: Transform data too old when converting from map to odom
[component_container_isolated-2] [ERROR] [1789771509.808670501] [tf_help]: Data time: 39s 100000000ns, Transform time: 3s 842000000ns
[component_container_isolated-2] [ERROR] [1789771509.858995220] [tf_help]: Transform data too old when converting from map to odom
[component_container_isolated-2] [ERROR] [1789771509.859025890] [tf_help]: Data time: 39s 100000000ns, Transform time: 3s 842000000ns
[component_container_isolated-2] [ERROR] [1789771509.908858562] [tf_help]: Transform data too old when converting from map to odom
[component_container_isolated-2] [ERROR] [1789771509.908896578] [tf_help]: Data time: 39s 100000000ns, Transform time: 3s 842000000ns
[component_container_isolated-2] [ERROR] [1789771509.959000906] [tf_help]: Transform data too old when converting from map to odom
[component_container_isolated-2] [ERROR] [1789771509.959039762] [tf_help]: Data time: 39s 100000000ns, Transform time: 3s 842000000ns
[component_container_isolated-2] [ERROR] [1789771510.008793613] [tf_help]: Transform data too old when converting from map to odom
[component_container_isolated-2] [ERROR] [1789771510.008827486] [tf_help]: Data time: 39s 100000000ns, Transform time: 3s 842000000ns
[component_container_isolated-2] [ERROR] [1789771510.058880678] [tf_help]: Transform data too old when converting from map to odom
[component_container_isolated-2] [ERROR] [1789771510.058913833] [tf_help]: Data time: 39s 100000000ns, Transform time: 3s 842000000ns
[component_container_isolated-2] [ERROR] [1789771510.108658681] [tf_help]: Transform data too old when converting from map to odom
[component_container_isolated-2] [ERROR] [1789771510.108690721] [tf_help]: Data time: 39s 100000000ns, Transform time: 3s 842000000ns
[ground_truth_localizer-1] [INFO] [1789771510.149586309] [ground_truth_localizer]: last 10 s: ground truth msgs 294, map->odom published 294 (290 via latest odom TF)
[component_container_isolated-2] [ERROR] [1789771510.158751538] [tf_help]: Transform data too old when converting from map to odom
[component_container_isolated-2] [ERROR] [1789771510.158781979] [tf_help]: Data time: 39s 100000000ns, Transform time: 3s 842000000ns
[component_container_isolated-2] [ERROR] [1789771510.208619156] [tf_help]: Transform data too old when converting from map to odom
[component_container_isolated-2] [ERROR] [1789771510.208652123] [tf_help]: Data time: 39s 100000000ns, Transform time: 3s 842000000ns
[component_container_isolated-2] [ERROR] [1789771510.258457167] [tf_help]: Transform data too old when converting from map to odom
[component_container_isolated-2] [ERROR] [1789771510.258492549] [tf_help]: Data time: 39s 100000000ns, Transform time: 3s 842000000ns
[component_container_isolated-2] [INFO] [1789771510.304306806] [controller_server]: Passing new path to controller.
[component_container_isolated-2] [ERROR] [1789771510.308606236] [tf_help]: Transform data too old when converting from map to odom
[component_container_isolated-2] [ERROR] [1789771510.308638901] [tf_help]: Data time: 40s 100000000ns, Transform time: 3s 842000000ns
[component_container_isolated-2] [ERROR] [1789771510.360451643] [tf_help]: Transform data too old when converting from map to odom
[component_container_isolated-2] [ERROR] [1789771510.360481144] [tf_help]: Data time: 40s 100000000ns, Transform time: 3s 842000000ns
[component_container_isolated-2] [ERROR] [1789771510.409425683] [tf_help]: Transform data too old when converting from map to odom
[component_container_isolated-2] [ERROR] [1789771510.409459510] [tf_help]: Data time: 40s 100000000ns, Transform time: 3s 842000000ns
[component_container_isolated-2] [ERROR] [1789771510.459494835] [tf_help]: Transform data too old when converting from map to odom
[component_container_isolated-2] [ERROR] [1789771510.459525796] [tf_help]: Data time: 40s 100000000ns, Transform time: 3s 842000000ns
[component_container_isolated-2] [ERROR] [1789771510.511055770] [tf_help]: Transform data too old when converting from map to odom
[component_container_isolated-2] [ERROR] [1789771510.511088522] [tf_help]: Data time: 40s 100000000ns, Transform time: 3s 842000000ns
[component_container_isolated-2] [ERROR] [1789771510.560272425] [tf_help]: Transform data too old when converting from map to odom
[component_container_isolated-2] [ERROR] [1789771510.560306746] [tf_help]: Data time: 40s 100000000ns, Transform time: 3s 842000000ns
[component_container_isolated-2] [ERROR] [1789771510.610741021] [tf_help]: Transform data too old when converting from map to odom
[component_container_isolated-2] [ERROR] [1789771510.610773195] [tf_help]: Data time: 40s 100000000ns, Transform time: 3s 842000000ns
[component_container_isolated-2] [ERROR] [1789771510.658870073] [tf_help]: Transform data too old when converting from map to odom
[component_container_isolated-2] [ERROR] [1789771510.658902653] [tf_help]: Data time: 40s 100000000ns, Transform time: 3s 842000000ns
[component_container_isolated-2] [ERROR] [1789771510.708621195] [tf_help]: Transform data too old when converting from map to odom
[component_container_isolated-2] [ERROR] [1789771510.708651605] [tf_help]: Data time: 40s 100000000ns, Transform time: 3s 842000000ns
[component_container_isolated-2] [ERROR] [1789771510.758926210] [tf_help]: Transform data too old when converting from map to odom
[component_container_isolated-2] [ERROR] [1789771510.758961790] [tf_help]: Data time: 40s 100000000ns, Transform time: 3s 842000000ns
[component_container_isolated-2] [ERROR] [1789771510.810292530] [tf_help]: Transform data too old when converting from map to odom
[component_container_isolated-2] [ERROR] [1789771510.810323857] [tf_help]: Data time: 40s 100000000ns, Transform time: 3s 842000000ns
[component_container_isolated-2] [ERROR] [1789771510.859424860] [tf_help]: Transform data too old when converting from map to odom
[component_container_isolated-2] [ERROR] [1789771510.859462961] [tf_help]: Data time: 40s 100000000ns, Transform time: 3s 842000000ns
[component_container_isolated-2] [ERROR] [1789771510.908491834] [tf_help]: Transform data too old when converting from map to odom
[component_container_isolated-2] [ERROR] [1789771510.908525048] [tf_help]: Data time: 40s 100000000ns, Transform time: 3s 842000000ns
[component_container_isolated-2] [ERROR] [1789771510.958423521] [tf_help]: Transform data too old when converting from map to odom
[component_container_isolated-2] [ERROR] [1789771510.958461858] [tf_help]: Data time: 40s 100000000ns, Transform time: 3s 842000000ns
[component_container_isolated-2] [ERROR] [1789771511.008540849] [tf_help]: Transform data too old when converting from map to odom
[component_container_isolated-2] [ERROR] [1789771511.008577189] [tf_help]: Data time: 40s 100000000ns, Transform time: 3s 842000000ns
[component_container_isolated-2] [ERROR] [1789771511.059280155] [tf_help]: Transform data too old when converting from map to odom
[component_container_isolated-2] [ERROR] [1789771511.059316108] [tf_help]: Data time: 40s 100000000ns, Transform time: 3s 842000000ns
[component_container_isolated-2] [ERROR] [1789771511.109114898] [tf_help]: Transform data too old when converting from map to odom
[component_container_isolated-2] [ERROR] [1789771511.109146567] [tf_help]: Data time: 40s 100000000ns, Transform time: 3s 842000000ns
[component_container_isolated-2] [ERROR] [1789771511.159099597] [tf_help]: Transform data too old when converting from map to odom
[component_container_isolated-2] [ERROR] [1789771511.159126069] [tf_help]: Data time: 40s 100000000ns, Transform time: 3s 842000000ns
[component_container_isolated-2] [ERROR] [1789771511.210297233] [tf_help]: Transform data too old when converting from map to odom
[component_container_isolated-2] [ERROR] [1789771511.210329260] [tf_help]: Data time: 40s 100000000ns, Transform time: 3s 842000000ns
[component_container_isolated-2] [ERROR] [1789771511.259015257] [tf_help]: Transform data too old when converting from map to odom
[component_container_isolated-2] [ERROR] [1789771511.259046461] [tf_help]: Data time: 40s 100000000ns, Transform time: 3s 842000000ns
[component_container_isolated-2] [ERROR] [1789771511.309261843] [tf_help]: Transform data too old when converting from map to odom
[component_container_isolated-2] [ERROR] [1789771511.309305467] [tf_help]: Data time: 40s 100000000ns, Transform time: 3s 842000000ns
[component_container_isolated-2] [INFO] [1789771511.354288533] [controller_server]: Passing new path to controller.
[component_container_isolated-2] [ERROR] [1789771511.359169405] [tf_help]: Transform data too old when converting from map to odom
[component_container_isolated-2] [ERROR] [1789771511.359195530] [tf_help]: Data time: 41s 0ns, Transform time: 3s 842000000ns
[component_container_isolated-2] [ERROR] [1789771511.409194637] [tf_help]: Transform data too old when converting from map to odom
[component_container_isolated-2] [ERROR] [1789771511.409227807] [tf_help]: Data time: 41s 0ns, Transform time: 3s 842000000ns
[component_container_isolated-2] [ERROR] [1789771511.459761394] [tf_help]: Transform data too old when converting from map to odom
[component_container_isolated-2] [ERROR] [1789771511.459799484] [tf_help]: Data time: 41s 0ns, Transform time: 3s 842000000ns
[component_container_isolated-2] [ERROR] [1789771511.508764716] [tf_help]: Transform data too old when converting from map to odom
[component_container_isolated-2] [ERROR] [1789771511.508799785] [tf_help]: Data time: 41s 0ns, Transform time: 3s 842000000ns
[component_container_isolated-2] [ERROR] [1789771511.558881138] [tf_help]: Transform data too old when converting from map to odom
[component_container_isolated-2] [ERROR] [1789771511.558916647] [tf_help]: Data time: 41s 0ns, Transform time: 3s 842000000ns
[component_container_isolated-2] [ERROR] [1789771511.608648619] [tf_help]: Transform data too old when converting from map to odom
[component_container_isolated-2] [ERROR] [1789771511.608682754] [tf_help]: Data time: 41s 0ns, Transform time: 3s 842000000ns
[component_container_isolated-2] [ERROR] [1789771511.658941051] [tf_help]: Transform data too old when converting from map to odom
[component_container_isolated-2] [ERROR] [1789771511.658977214] [tf_help]: Data time: 41s 0ns, Transform time: 3s 842000000ns
[component_container_isolated-2] [ERROR] [1789771511.708771049] [tf_help]: Transform data too old when converting from map to odom
[component_container_isolated-2] [ERROR] [1789771511.708805834] [tf_help]: Data time: 41s 0ns, Transform time: 3s 842000000ns
[component_container_isolated-2] [ERROR] [1789771511.758941523] [tf_help]: Transform data too old when converting from map to odom
[component_container_isolated-2] [ERROR] [1789771511.758974368] [tf_help]: Data time: 41s 0ns, Transform time: 3s 842000000ns
[component_container_isolated-2] [ERROR] [1789771511.808724231] [tf_help]: Transform data too old when converting from map to odom
[component_container_isolated-2] [ERROR] [1789771511.808781247] [tf_help]: Data time: 41s 0ns, Transform time: 3s 842000000ns
[component_container_isolated-2] [ERROR] [1789771511.858714424] [tf_help]: Transform data too old when converting from map to odom
[component_container_isolated-2] [ERROR] [1789771511.858750623] [tf_help]: Data time: 41s 0ns, Transform time: 3s 842000000ns
[component_container_isolated-2] [ERROR] [1789771511.909119746] [tf_help]: Transform data too old when converting from map to odom
[component_container_isolated-2] [ERROR] [1789771511.909163112] [tf_help]: Data time: 41s 0ns, Transform time: 3s 842000000ns
[component_container_isolated-2] [ERROR] [1789771511.958809215] [tf_help]: Transform data too old when converting from map to odom
[component_container_isolated-2] [ERROR] [1789771511.958843847] [tf_help]: Data time: 41s 0ns, Transform time: 3s 842000000ns
[component_container_isolated-2] [ERROR] [1789771512.008828556] [tf_help]: Transform data too old when converting from map to odom
[component_container_isolated-2] [ERROR] [1789771512.008864403] [tf_help]: Data time: 41s 0ns, Transform time: 3s 842000000ns
[component_container_isolated-2] [ERROR] [1789771512.058837487] [tf_help]: Transform data too old when converting from map to odom
[component_container_isolated-2] [ERROR] [1789771512.058873232] [tf_help]: Data time: 41s 0ns, Transform time: 3s 842000000ns
[component_container_isolated-2] [ERROR] [1789771512.108879733] [tf_help]: Transform data too old when converting from map to odom
[component_container_isolated-2] [ERROR] [1789771512.108912506] [tf_help]: Data time: 41s 0ns, Transform time: 3s 842000000ns
[component_container_isolated-2] [ERROR] [1789771512.158515587] [tf_help]: Transform data too old when converting from map to odom
[component_container_isolated-2] [ERROR] [1789771512.158549715] [tf_help]: Data time: 41s 0ns, Transform time: 3s 842000000ns
[component_container_isolated-2] [ERROR] [1789771512.208721095] [tf_help]: Transform data too old when converting from map to odom
[component_container_isolated-2] [ERROR] [1789771512.208757281] [tf_help]: Data time: 41s 0ns, Transform time: 3s 842000000ns
[component_container_isolated-2] [ERROR] [1789771512.258415885] [tf_help]: Transform data too old when converting from map to odom
[component_container_isolated-2] [ERROR] [1789771512.258450005] [tf_help]: Data time: 41s 0ns, Transform time: 3s 842000000ns
[component_container_isolated-2] [ERROR] [1789771512.308544692] [tf_help]: Transform data too old when converting from map to odom
[component_container_isolated-2] [ERROR] [1789771512.308576677] [tf_help]: Data time: 41s 0ns, Transform time: 3s 842000000ns
[component_container_isolated-2] [INFO] [1789771512.354288962] [controller_server]: Passing new path to controller.
[component_container_isolated-2] [ERROR] [1789771512.358643382] [tf_help]: Transform data too old when converting from map to odom
[component_container_isolated-2] [ERROR] [1789771512.358684170] [tf_help]: Data time: 42s 0ns, Transform time: 3s 842000000ns
[component_container_isolated-2] [ERROR] [1789771512.408689491] [tf_help]: Transform data too old when converting from map to odom
[component_container_isolated-2] [ERROR] [1789771512.408724127] [tf_help]: Data time: 42s 0ns, Transform time: 3s 842000000ns
[component_container_isolated-2] [ERROR] [1789771512.458725926] [tf_help]: Transform data too old when converting from map to odom
[component_container_isolated-2] [ERROR] [1789771512.458759050] [tf_help]: Data time: 42s 0ns, Transform time: 3s 842000000ns
[component_container_isolated-2] [ERROR] [1789771512.508640875] [tf_help]: Transform data too old when converting from map to odom
[component_container_isolated-2] [ERROR] [1789771512.508672275] [tf_help]: Data time: 42s 0ns, Transform time: 3s 842000000ns
[component_container_isolated-2] [ERROR] [1789771512.559204728] [tf_help]: Transform data too old when converting from map to odom
[component_container_isolated-2] [ERROR] [1789771512.559238234] [tf_help]: Data time: 42s 0ns, Transform time: 3s 842000000ns
[component_container_isolated-2] [ERROR] [1789771512.608576849] [tf_help]: Transform data too old when converting from map to odom
[component_container_isolated-2] [ERROR] [1789771512.608616445] [tf_help]: Data time: 42s 0ns, Transform time: 3s 842000000ns
[component_container_isolated-2] [ERROR] [1789771512.658700110] [tf_help]: Transform data too old when converting from map to odom
[component_container_isolated-2] [ERROR] [1789771512.658732506] [tf_help]: Data time: 42s 0ns, Transform time: 3s 842000000ns
[component_container_isolated-2] [ERROR] [1789771512.708470259] [tf_help]: Transform data too old when converting from map to odom
[component_container_isolated-2] [ERROR] [1789771512.708501470] [tf_help]: Data time: 42s 0ns, Transform time: 3s 842000000ns
[component_container_isolated-2] [ERROR] [1789771512.758531046] [tf_help]: Transform data too old when converting from map to odom
[component_container_isolated-2] [ERROR] [1789771512.758564984] [tf_help]: Data time: 42s 0ns, Transform time: 3s 842000000ns
[component_container_isolated-2] [ERROR] [1789771512.808733969] [tf_help]: Transform data too old when converting from map to odom
[component_container_isolated-2] [ERROR] [1789771512.808768220] [tf_help]: Data time: 42s 0ns, Transform time: 3s 842000000ns
[component_container_isolated-2] [ERROR] [1789771512.858460212] [tf_help]: Transform data too old when converting from map to odom
[component_container_isolated-2] [ERROR] [1789771512.858493101] [tf_help]: Data time: 42s 0ns, Transform time: 3s 842000000ns
[component_container_isolated-2] [ERROR] [1789771512.908445567] [tf_help]: Transform data too old when converting from map to odom
[component_container_isolated-2] [ERROR] [1789771512.908476922] [tf_help]: Data time: 42s 0ns, Transform time: 3s 842000000ns
[component_container_isolated-2] [ERROR] [1789771512.958471904] [tf_help]: Transform data too old when converting from map to odom
[component_container_isolated-2] [ERROR] [1789771512.958501595] [tf_help]: Data time: 42s 0ns, Transform time: 3s 842000000ns
[component_container_isolated-2] [ERROR] [1789771513.008692667] [tf_help]: Transform data too old when converting from map to odom
[component_container_isolated-2] [ERROR] [1789771513.008726410] [tf_help]: Data time: 42s 0ns, Transform time: 3s 842000000ns
[component_container_isolated-2] [ERROR] [1789771513.062538847] [tf_help]: Transform data too old when converting from map to odom
[component_container_isolated-2] [ERROR] [1789771513.062591822] [tf_help]: Data time: 42s 0ns, Transform time: 3s 842000000ns
[component_container_isolated-2] [ERROR] [1789771513.108644062] [tf_help]: Transform data too old when converting from map to odom
[component_container_isolated-2] [ERROR] [1789771513.108677941] [tf_help]: Data time: 42s 0ns, Transform time: 3s 842000000ns
[component_container_isolated-2] [ERROR] [1789771513.159333652] [tf_help]: Transform data too old when converting from map to odom
[component_container_isolated-2] [ERROR] [1789771513.159366163] [tf_help]: Data time: 42s 0ns, Transform time: 3s 842000000ns
[component_container_isolated-2] [ERROR] [1789771513.208743367] [tf_help]: Transform data too old when converting from map to odom
[component_container_isolated-2] [ERROR] [1789771513.208774639] [tf_help]: Data time: 42s 0ns, Transform time: 3s 842000000ns
[component_container_isolated-2] [ERROR] [1789771513.258868655] [tf_help]: Transform data too old when converting from map to odom
[component_container_isolated-2] [ERROR] [1789771513.258897219] [tf_help]: Data time: 42s 0ns, Transform time: 3s 842000000ns
[component_container_isolated-2] [ERROR] [1789771513.308484649] [tf_help]: Transform data too old when converting from map to odom
[component_container_isolated-2] [ERROR] [1789771513.308514387] [tf_help]: Data time: 42s 0ns, Transform time: 3s 842000000ns
[component_container_isolated-2] [ERROR] [1789771513.358465767] [tf_help]: Transform data too old when converting from map to odom
[component_container_isolated-2] [ERROR] [1789771513.358498797] [tf_help]: Data time: 42s 0ns, Transform time: 3s 842000000ns
[component_container_isolated-2] [INFO] [1789771513.404260641] [controller_server]: Passing new path to controller.
[component_container_isolated-2] [ERROR] [1789771513.408820333] [tf_help]: Transform data too old when converting from map to odom
[component_container_isolated-2] [ERROR] [1789771513.408869432] [tf_help]: Data time: 43s 0ns, Transform time: 3s 842000000ns
[component_container_isolated-2] [ERROR] [1789771513.458860428] [tf_help]: Transform data too old when converting from map to odom
[component_container_isolated-2] [ERROR] [1789771513.458893482] [tf_help]: Data time: 43s 0ns, Transform time: 3s 842000000ns
[component_container_isolated-2] [ERROR] [1789771513.508656389] [tf_help]: Transform data too old when converting from map to odom
[component_container_isolated-2] [ERROR] [1789771513.508699012] [tf_help]: Data time: 43s 0ns, Transform time: 3s 842000000ns
[component_container_isolated-2] [ERROR] [1789771513.558437744] [tf_help]: Transform data too old when converting from map to odom
[component_container_isolated-2] [ERROR] [1789771513.558468239] [tf_help]: Data time: 43s 0ns, Transform time: 3s 842000000ns
[component_container_isolated-2] [ERROR] [1789771513.608567132] [tf_help]: Transform data too old when converting from map to odom
[component_container_isolated-2] [ERROR] [1789771513.608598446] [tf_help]: Data time: 43s 0ns, Transform time: 3s 842000000ns
[component_container_isolated-2] [ERROR] [1789771513.658801511] [tf_help]: Transform data too old when converting from map to odom
[component_container_isolated-2] [ERROR] [1789771513.658833763] [tf_help]: Data time: 43s 0ns, Transform time: 3s 842000000ns
[component_container_isolated-2] [ERROR] [1789771513.708561718] [tf_help]: Transform data too old when converting from map to odom
[component_container_isolated-2] [ERROR] [1789771513.708592623] [tf_help]: Data time: 43s 0ns, Transform time: 3s 842000000ns
[component_container_isolated-2] [ERROR] [1789771513.758856030] [tf_help]: Transform data too old when converting from map to odom
[component_container_isolated-2] [ERROR] [1789771513.758888799] [tf_help]: Data time: 43s 0ns, Transform time: 3s 842000000ns
[component_container_isolated-2] [ERROR] [1789771513.808847864] [tf_help]: Transform data too old when converting from map to odom
[component_container_isolated-2] [ERROR] [1789771513.808882389] [tf_help]: Data time: 43s 0ns, Transform time: 3s 842000000ns
[component_container_isolated-2] [ERROR] [1789771513.858758889] [tf_help]: Transform data too old when converting from map to odom
[component_container_isolated-2] [ERROR] [1789771513.858790188] [tf_help]: Data time: 43s 0ns, Transform time: 3s 842000000ns
[component_container_isolated-2] [ERROR] [1789771513.909008352] [tf_help]: Transform data too old when converting from map to odom
[component_container_isolated-2] [ERROR] [1789771513.909044414] [tf_help]: Data time: 43s 0ns, Transform time: 3s 842000000ns
[component_container_isolated-2] [ERROR] [1789771513.958566846] [tf_help]: Transform data too old when converting from map to odom
[component_container_isolated-2] [ERROR] [1789771513.958599518] [tf_help]: Data time: 43s 0ns, Transform time: 3s 842000000ns
[component_container_isolated-2] [ERROR] [1789771514.008671218] [tf_help]: Transform data too old when converting from map to odom
[component_container_isolated-2] [ERROR] [1789771514.008710150] [tf_help]: Data time: 43s 0ns, Transform time: 3s 842000000ns
[component_container_isolated-2] [ERROR] [1789771514.058585362] [tf_help]: Transform data too old when converting from map to odom
[component_container_isolated-2] [ERROR] [1789771514.058617067] [tf_help]: Data time: 43s 0ns, Transform time: 3s 842000000ns
[component_container_isolated-2] [ERROR] [1789771514.108559546] [tf_help]: Transform data too old when converting from map to odom
[component_container_isolated-2] [ERROR] [1789771514.108591120] [tf_help]: Data time: 43s 0ns, Transform time: 3s 842000000ns
[component_container_isolated-2] [ERROR] [1789771514.159209153] [tf_help]: Transform data too old when converting from map to odom
[component_container_isolated-2] [ERROR] [1789771514.159270849] [tf_help]: Data time: 43s 0ns, Transform time: 3s 842000000ns
[component_container_isolated-2] [ERROR] [1789771514.208638425] [tf_help]: Transform data too old when converting from map to odom
[component_container_isolated-2] [ERROR] [1789771514.208670586] [tf_help]: Data time: 43s 0ns, Transform time: 3s 842000000ns
[component_container_isolated-2] [ERROR] [1789771514.258739471] [tf_help]: Transform data too old when converting from map to odom
[component_container_isolated-2] [ERROR] [1789771514.258772239] [tf_help]: Data time: 43s 0ns, Transform time: 3s 842000000ns
[component_container_isolated-2] [ERROR] [1789771514.308648615] [tf_help]: Transform data too old when converting from map to odom
[component_container_isolated-2] [ERROR] [1789771514.308678522] [tf_help]: Data time: 43s 0ns, Transform time: 3s 842000000ns
[component_container_isolated-2] [ERROR] [1789771514.358383616] [tf_help]: Transform data too old when converting from map to odom
[component_container_isolated-2] [ERROR] [1789771514.358418506] [tf_help]: Data time: 43s 0ns, Transform time: 3s 842000000ns
[component_container_isolated-2] [INFO] [1789771514.404259590] [controller_server]: Passing new path to controller.
[component_container_isolated-2] [ERROR] [1789771514.408748030] [tf_help]: Transform data too old when converting from map to odom
[component_container_isolated-2] [ERROR] [1789771514.408772938] [tf_help]: Data time: 44s 0ns, Transform time: 3s 842000000ns
[component_container_isolated-2] [ERROR] [1789771514.461617716] [tf_help]: Transform data too old when converting from map to odom
[component_container_isolated-2] [ERROR] [1789771514.461675857] [tf_help]: Data time: 44s 0ns, Transform time: 3s 842000000ns
[component_container_isolated-2] [ERROR] [1789771514.512077629] [tf_help]: Transform data too old when converting from map to odom
[component_container_isolated-2] [ERROR] [1789771514.512113152] [tf_help]: Data time: 44s 0ns, Transform time: 3s 842000000ns
[component_container_isolated-2] [ERROR] [1789771514.562344359] [tf_help]: Transform data too old when converting from map to odom
[component_container_isolated-2] [ERROR] [1789771514.562388749] [tf_help]: Data time: 44s 0ns, Transform time: 3s 842000000ns
[component_container_isolated-2] [ERROR] [1789771514.613199071] [tf_help]: Transform data too old when converting from map to odom
[component_container_isolated-2] [ERROR] [1789771514.613256533] [tf_help]: Data time: 44s 0ns, Transform time: 3s 842000000ns
[component_container_isolated-2] [ERROR] [1789771514.662416361] [tf_help]: Transform data too old when converting from map to odom
[component_container_isolated-2] [ERROR] [1789771514.662469344] [tf_help]: Data time: 44s 0ns, Transform time: 3s 842000000ns
[component_container_isolated-2] [ERROR] [1789771514.710711594] [tf_help]: Transform data too old when converting from map to odom
[component_container_isolated-2] [ERROR] [1789771514.710746851] [tf_help]: Data time: 44s 0ns, Transform time: 3s 842000000ns
[component_container_isolated-2] [ERROR] [1789771514.758711332] [tf_help]: Transform data too old when converting from map to odom
[component_container_isolated-2] [ERROR] [1789771514.758742157] [tf_help]: Data time: 44s 0ns, Transform time: 3s 842000000ns
[component_container_isolated-2] [ERROR] [1789771514.808594730] [tf_help]: Transform data too old when converting from map to odom
[component_container_isolated-2] [ERROR] [1789771514.808625818] [tf_help]: Data time: 44s 0ns, Transform time: 3s 842000000ns
[component_container_isolated-2] [ERROR] [1789771514.859693937] [tf_help]: Transform data too old when converting from map to odom
[component_container_isolated-2] [ERROR] [1789771514.859723797] [tf_help]: Data time: 44s 0ns, Transform time: 3s 842000000ns
[component_container_isolated-2] [ERROR] [1789771514.908661946] [tf_help]: Transform data too old when converting from map to odom
[component_container_isolated-2] [ERROR] [1789771514.908693854] [tf_help]: Data time: 44s 0ns, Transform time: 3s 842000000ns
[component_container_isolated-2] [ERROR] [1789771514.958958761] [tf_help]: Transform data too old when converting from map to odom
[component_container_isolated-2] [ERROR] [1789771514.958989622] [tf_help]: Data time: 44s 0ns, Transform time: 3s 842000000ns
[component_container_isolated-2] [ERROR] [1789771515.009341853] [tf_help]: Transform data too old when converting from map to odom
[component_container_isolated-2] [ERROR] [1789771515.009373807] [tf_help]: Data time: 44s 0ns, Transform time: 3s 842000000ns
[component_container_isolated-2] [ERROR] [1789771515.059467133] [tf_help]: Transform data too old when converting from map to odom
[component_container_isolated-2] [ERROR] [1789771515.059499627] [tf_help]: Data time: 44s 0ns, Transform time: 3s 842000000ns
[component_container_isolated-2] [ERROR] [1789771515.109401336] [tf_help]: Transform data too old when converting from map to odom
[component_container_isolated-2] [ERROR] [1789771515.109435533] [tf_help]: Data time: 44s 0ns, Transform time: 3s 842000000ns
[component_container_isolated-2] [ERROR] [1789771515.158883978] [tf_help]: Transform data too old when converting from map to odom
[component_container_isolated-2] [ERROR] [1789771515.158914676] [tf_help]: Data time: 44s 0ns, Transform time: 3s 842000000ns
[component_container_isolated-2] [ERROR] [1789771515.208553767] [tf_help]: Transform data too old when converting from map to odom
[component_container_isolated-2] [ERROR] [1789771515.208584910] [tf_help]: Data time: 44s 0ns, Transform time: 3s 842000000ns
[component_container_isolated-2] [ERROR] [1789771515.258719610] [tf_help]: Transform data too old when converting from map to odom
[component_container_isolated-2] [ERROR] [1789771515.258751099] [tf_help]: Data time: 44s 0ns, Transform time: 3s 842000000ns
[component_container_isolated-2] [ERROR] [1789771515.310284681] [tf_help]: Transform data too old when converting from map to odom
[component_container_isolated-2] [ERROR] [1789771515.310321023] [tf_help]: Data time: 44s 0ns, Transform time: 3s 842000000ns
[component_container_isolated-2] [ERROR] [1789771515.358621688] [tf_help]: Transform data too old when converting from map to odom
[component_container_isolated-2] [ERROR] [1789771515.358651727] [tf_help]: Data time: 44s 0ns, Transform time: 3s 842000000ns
[component_container_isolated-2] [ERROR] [1789771515.409658416] [tf_help]: Transform data too old when converting from map to odom
[component_container_isolated-2] [ERROR] [1789771515.409690472] [tf_help]: Data time: 44s 0ns, Transform time: 3s 842000000ns
[component_container_isolated-2] [INFO] [1789771515.454259882] [controller_server]: Passing new path to controller.
[component_container_isolated-2] [ERROR] [1789771515.462239758] [tf_help]: Transform data too old when converting from map to odom
[component_container_isolated-2] [ERROR] [1789771515.462289918] [tf_help]: Data time: 44s 900000000ns, Transform time: 3s 842000000ns
[component_container_isolated-2] [ERROR] [1789771515.509049709] [tf_help]: Transform data too old when converting from map to odom
[component_container_isolated-2] [ERROR] [1789771515.509087322] [tf_help]: Data time: 44s 900000000ns, Transform time: 3s 842000000ns
[component_container_isolated-2] [ERROR] [1789771515.558485652] [tf_help]: Transform data too old when converting from map to odom
[component_container_isolated-2] [ERROR] [1789771515.558518726] [tf_help]: Data time: 44s 900000000ns, Transform time: 3s 842000000ns
[component_container_isolated-2] [ERROR] [1789771515.608439338] [tf_help]: Transform data too old when converting from map to odom
[component_container_isolated-2] [ERROR] [1789771515.608467901] [tf_help]: Data time: 44s 900000000ns, Transform time: 3s 842000000ns
[component_container_isolated-2] [ERROR] [1789771515.658854804] [tf_help]: Transform data too old when converting from map to odom
[component_container_isolated-2] [ERROR] [1789771515.658884369] [tf_help]: Data time: 44s 900000000ns, Transform time: 3s 842000000ns
[component_container_isolated-2] [ERROR] [1789771515.711714480] [tf_help]: Transform data too old when converting from map to odom
[component_container_isolated-2] [ERROR] [1789771515.711760453] [tf_help]: Data time: 44s 900000000ns, Transform time: 3s 842000000ns
[component_container_isolated-2] [ERROR] [1789771515.759420777] [tf_help]: Transform data too old when converting from map to odom
[component_container_isolated-2] [ERROR] [1789771515.759456413] [tf_help]: Data time: 44s 900000000ns, Transform time: 3s 842000000ns
[component_container_isolated-2] [ERROR] [1789771515.809089531] [tf_help]: Transform data too old when converting from map to odom
[component_container_isolated-2] [ERROR] [1789771515.809121159] [tf_help]: Data time: 44s 900000000ns, Transform time: 3s 842000000ns
[component_container_isolated-2] [ERROR] [1789771515.859073525] [tf_help]: Transform data too old when converting from map to odom
[component_container_isolated-2] [ERROR] [1789771515.859104958] [tf_help]: Data time: 44s 900000000ns, Transform time: 3s 842000000ns
[component_container_isolated-2] [ERROR] [1789771515.909069216] [tf_help]: Transform data too old when converting from map to odom
[component_container_isolated-2] [ERROR] [1789771515.909103438] [tf_help]: Data time: 44s 900000000ns, Transform time: 3s 842000000ns
[component_container_isolated-2] [ERROR] [1789771515.959119416] [tf_help]: Transform data too old when converting from map to odom
[component_container_isolated-2] [ERROR] [1789771515.959148549] [tf_help]: Data time: 44s 900000000ns, Transform time: 3s 842000000ns
[component_container_isolated-2] [ERROR] [1789771516.009102063] [tf_help]: Transform data too old when converting from map to odom
[component_container_isolated-2] [ERROR] [1789771516.009136686] [tf_help]: Data time: 44s 900000000ns, Transform time: 3s 842000000ns
[component_container_isolated-2] [ERROR] [1789771516.059058888] [tf_help]: Transform data too old when converting from map to odom
[component_container_isolated-2] [ERROR] [1789771516.059089838] [tf_help]: Data time: 44s 900000000ns, Transform time: 3s 842000000ns
[component_container_isolated-2] [ERROR] [1789771516.108898933] [tf_help]: Transform data too old when converting from map to odom
[component_container_isolated-2] [ERROR] [1789771516.108931081] [tf_help]: Data time: 44s 900000000ns, Transform time: 3s 842000000ns
[component_container_isolated-2] [ERROR] [1789771516.158624421] [tf_help]: Transform data too old when converting from map to odom
[component_container_isolated-2] [ERROR] [1789771516.158660339] [tf_help]: Data time: 44s 900000000ns, Transform time: 3s 842000000ns
[component_container_isolated-2] [ERROR] [1789771516.208610218] [tf_help]: Transform data too old when converting from map to odom
[component_container_isolated-2] [ERROR] [1789771516.208642849] [tf_help]: Data time: 44s 900000000ns, Transform time: 3s 842000000ns
[component_container_isolated-2] [ERROR] [1789771516.258589215] [tf_help]: Transform data too old when converting from map to odom
[component_container_isolated-2] [ERROR] [1789771516.258634740] [tf_help]: Data time: 44s 900000000ns, Transform time: 3s 842000000ns
[component_container_isolated-2] [ERROR] [1789771516.308595938] [tf_help]: Transform data too old when converting from map to odom
[component_container_isolated-2] [ERROR] [1789771516.308626920] [tf_help]: Data time: 44s 900000000ns, Transform time: 3s 842000000ns
[component_container_isolated-2] [ERROR] [1789771516.358843107] [tf_help]: Transform data too old when converting from map to odom
[component_container_isolated-2] [ERROR] [1789771516.358874537] [tf_help]: Data time: 44s 900000000ns, Transform time: 3s 842000000ns
[component_container_isolated-2] [ERROR] [1789771516.408720961] [tf_help]: Transform data too old when converting from map to odom
[component_container_isolated-2] [ERROR] [1789771516.408758286] [tf_help]: Data time: 44s 900000000ns, Transform time: 3s 842000000ns
[component_container_isolated-2] [ERROR] [1789771516.459201423] [tf_help]: Transform data too old when converting from map to odom
[component_container_isolated-2] [ERROR] [1789771516.459235849] [tf_help]: Data time: 44s 900000000ns, Transform time: 3s 842000000ns
[component_container_isolated-2] [INFO] [1789771516.504298055] [controller_server]: Passing new path to controller.
[component_container_isolated-2] [ERROR] [1789771516.508681291] [tf_help]: Transform data too old when converting from map to odom
[component_container_isolated-2] [ERROR] [1789771516.508720498] [tf_help]: Data time: 46s 0ns, Transform time: 3s 842000000ns
[component_container_isolated-2] [ERROR] [1789771516.559066875] [tf_help]: Transform data too old when converting from map to odom
[component_container_isolated-2] [ERROR] [1789771516.559099128] [tf_help]: Data time: 46s 0ns, Transform time: 3s 842000000ns
[component_container_isolated-2] [ERROR] [1789771516.609238333] [tf_help]: Transform data too old when converting from map to odom
[component_container_isolated-2] [ERROR] [1789771516.609270838] [tf_help]: Data time: 46s 0ns, Transform time: 3s 842000000ns
[component_container_isolated-2] [ERROR] [1789771516.658989464] [tf_help]: Transform data too old when converting from map to odom
[component_container_isolated-2] [ERROR] [1789771516.659021299] [tf_help]: Data time: 46s 0ns, Transform time: 3s 842000000ns
[component_container_isolated-2] [ERROR] [1789771516.708661216] [tf_help]: Transform data too old when converting from map to odom
[component_container_isolated-2] [ERROR] [1789771516.708697195] [tf_help]: Data time: 46s 0ns, Transform time: 3s 842000000ns
[component_container_isolated-2] [ERROR] [1789771516.758460431] [tf_help]: Transform data too old when converting from map to odom
[component_container_isolated-2] [ERROR] [1789771516.758494744] [tf_help]: Data time: 46s 0ns, Transform time: 3s 842000000ns
[component_container_isolated-2] [ERROR] [1789771516.808603888] [tf_help]: Transform data too old when converting from map to odom
[component_container_isolated-2] [ERROR] [1789771516.808636978] [tf_help]: Data time: 46s 0ns, Transform time: 3s 842000000ns
[component_container_isolated-2] [ERROR] [1789771516.858969712] [tf_help]: Transform data too old when converting from map to odom
[component_container_isolated-2] [ERROR] [1789771516.859001038] [tf_help]: Data time: 46s 0ns, Transform time: 3s 842000000ns
[component_container_isolated-2] [ERROR] [1789771516.908472629] [tf_help]: Transform data too old when converting from map to odom
[component_container_isolated-2] [ERROR] [1789771516.908507971] [tf_help]: Data time: 46s 0ns, Transform time: 3s 842000000ns
[component_container_isolated-2] [ERROR] [1789771516.958470658] [tf_help]: Transform data too old when converting from map to odom
[component_container_isolated-2] [ERROR] [1789771516.958506346] [tf_help]: Data time: 46s 0ns, Transform time: 3s 842000000ns
[component_container_isolated-2] [ERROR] [1789771517.008753332] [tf_help]: Transform data too old when converting from map to odom
[component_container_isolated-2] [ERROR] [1789771517.008787733] [tf_help]: Data time: 46s 0ns, Transform time: 3s 842000000ns
[component_container_isolated-2] [ERROR] [1789771517.058562938] [tf_help]: Transform data too old when converting from map to odom
[component_container_isolated-2] [ERROR] [1789771517.058598303] [tf_help]: Data time: 46s 0ns, Transform time: 3s 842000000ns
[component_container_isolated-2] [ERROR] [1789771517.108705474] [tf_help]: Transform data too old when converting from map to odom
[component_container_isolated-2] [ERROR] [1789771517.108737866] [tf_help]: Data time: 46s 0ns, Transform time: 3s 842000000ns
[component_container_isolated-2] [ERROR] [1789771517.158749328] [tf_help]: Transform data too old when converting from map to odom
[component_container_isolated-2] [ERROR] [1789771517.158779970] [tf_help]: Data time: 46s 0ns, Transform time: 3s 842000000ns
[component_container_isolated-2] [ERROR] [1789771517.209505186] [tf_help]: Transform data too old when converting from map to odom
[component_container_isolated-2] [ERROR] [1789771517.209538258] [tf_help]: Data time: 46s 0ns, Transform time: 3s 842000000ns
[component_container_isolated-2] [ERROR] [1789771517.259537388] [tf_help]: Transform data too old when converting from map to odom
[component_container_isolated-2] [ERROR] [1789771517.259569957] [tf_help]: Data time: 46s 0ns, Transform time: 3s 842000000ns
[component_container_isolated-2] [ERROR] [1789771517.309542730] [tf_help]: Transform data too old when converting from map to odom
[component_container_isolated-2] [ERROR] [1789771517.309573657] [tf_help]: Data time: 46s 0ns, Transform time: 3s 842000000ns
[component_container_isolated-2] [ERROR] [1789771517.359240619] [tf_help]: Transform data too old when converting from map to odom
[component_container_isolated-2] [ERROR] [1789771517.359273600] [tf_help]: Data time: 46s 0ns, Transform time: 3s 842000000ns
[component_container_isolated-2] [ERROR] [1789771517.409186697] [tf_help]: Transform data too old when converting from map to odom
[component_container_isolated-2] [ERROR] [1789771517.409219823] [tf_help]: Data time: 46s 0ns, Transform time: 3s 842000000ns
[component_container_isolated-2] [ERROR] [1789771517.459174771] [tf_help]: Transform data too old when converting from map to odom
[component_container_isolated-2] [ERROR] [1789771517.459210405] [tf_help]: Data time: 46s 0ns, Transform time: 3s 842000000ns
[component_container_isolated-2] [INFO] [1789771517.504298174] [controller_server]: Passing new path to controller.
[component_container_isolated-2] [ERROR] [1789771517.509457960] [tf_help]: Transform data too old when converting from map to odom
[component_container_isolated-2] [ERROR] [1789771517.509484004] [tf_help]: Data time: 47s 0ns, Transform time: 3s 842000000ns
[component_container_isolated-2] [ERROR] [1789771517.562553883] [tf_help]: Transform data too old when converting from map to odom
[component_container_isolated-2] [ERROR] [1789771517.562604503] [tf_help]: Data time: 47s 0ns, Transform time: 3s 842000000ns
[component_container_isolated-2] [ERROR] [1789771517.609679352] [tf_help]: Transform data too old when converting from map to odom
[component_container_isolated-2] [ERROR] [1789771517.609725144] [tf_help]: Data time: 47s 0ns, Transform time: 3s 842000000ns
[component_container_isolated-2] [ERROR] [1789771517.662878208] [tf_help]: Transform data too old when converting from map to odom
[component_container_isolated-2] [ERROR] [1789771517.662921034] [tf_help]: Data time: 47s 0ns, Transform time: 3s 842000000ns
[component_container_isolated-2] [ERROR] [1789771517.710249806] [tf_help]: Transform data too old when converting from map to odom
[component_container_isolated-2] [ERROR] [1789771517.710287323] [tf_help]: Data time: 47s 0ns, Transform time: 3s 842000000ns
[component_container_isolated-2] [ERROR] [1789771517.758763610] [tf_help]: Transform data too old when converting from map to odom
[component_container_isolated-2] [ERROR] [1789771517.758806264] [tf_help]: Data time: 47s 0ns, Transform time: 3s 842000000ns
[component_container_isolated-2] [ERROR] [1789771517.808660653] [tf_help]: Transform data too old when converting from map to odom
[component_container_isolated-2] [ERROR] [1789771517.808692032] [tf_help]: Data time: 47s 0ns, Transform time: 3s 842000000ns
[component_container_isolated-2] [ERROR] [1789771517.862367075] [tf_help]: Transform data too old when converting from map to odom
[component_container_isolated-2] [ERROR] [1789771517.862409801] [tf_help]: Data time: 47s 0ns, Transform time: 3s 842000000ns
[component_container_isolated-2] [ERROR] [1789771517.912725095] [tf_help]: Transform data too old when converting from map to odom
[component_container_isolated-2] [ERROR] [1789771517.912769039] [tf_help]: Data time: 47s 0ns, Transform time: 3s 842000000ns
[component_container_isolated-2] [ERROR] [1789771517.962400840] [tf_help]: Transform data too old when converting from map to odom
[component_container_isolated-2] [ERROR] [1789771517.962450171] [tf_help]: Data time: 47s 0ns, Transform time: 3s 842000000ns
[component_container_isolated-2] [ERROR] [1789771518.010648103] [tf_help]: Transform data too old when converting from map to odom
[component_container_isolated-2] [ERROR] [1789771518.010688842] [tf_help]: Data time: 47s 0ns, Transform time: 3s 842000000ns
[component_container_isolated-2] [ERROR] [1789771518.061851559] [tf_help]: Transform data too old when converting from map to odom
[component_container_isolated-2] [ERROR] [1789771518.061896875] [tf_help]: Data time: 47s 0ns, Transform time: 3s 842000000ns
[component_container_isolated-2] [ERROR] [1789771518.104345299] [controller_server]: Failed to make progress
[component_container_isolated-2] [WARN] [1789771518.104425912] [controller_server]: [follow_path] [ActionServer] Aborting handle.
[component_container_isolated-2] [INFO] [1789771518.115773085] [behavior_server]: Running spin
[component_container_isolated-2] [INFO] [1789771518.115817163] [behavior_server]: Turning 1.57 for spin behavior.
[component_container_isolated-2] [ERROR] [1789771518.216029297] [behavior_server]: Pose Goes Off Grid.
[component_container_isolated-2] [WARN] [1789771518.216087990] [behavior_server]: Collision Ahead - Exiting Spin
[component_container_isolated-2] [WARN] [1789771518.216093191] [behavior_server]: spin failed
[component_container_isolated-2] [WARN] [1789771518.216099528] [behavior_server]: [spin] [ActionServer] Aborting handle.
[component_container_isolated-2] [INFO] [1789771518.245767293] [behavior_server]: Running wait
[ground_truth_localizer-1] [INFO] [1789771520.657348574] [ground_truth_localizer]: last 10 s: ground truth msgs 294, map->odom published 294 (288 via latest odom TF)
[component_container_isolated-2] [INFO] [1789771523.245934417] [behavior_server]: wait completed successfully
[component_container_isolated-2] [INFO] [1789771523.295741267] [controller_server]: Received a goal, begin computing control effort.
[component_container_isolated-2] [INFO] [1789771523.300374875] [controller_server]: Optimizer reset
[component_container_isolated-2] [ERROR] [1789771523.308977692] [tf_help]: Transform data too old when converting from map to odom
[component_container_isolated-2] [ERROR] [1789771523.309015116] [tf_help]: Data time: 52s 400000000ns, Transform time: 3s 842000000ns
[component_container_isolated-2] [ERROR] [1789771523.353277599] [tf_help]: Transform data too old when converting from map to odom
[component_container_isolated-2] [ERROR] [1789771523.353310782] [tf_help]: Data time: 52s 400000000ns, Transform time: 3s 842000000ns
[component_container_isolated-2] [ERROR] [1789771523.400794945] [tf_help]: Transform data too old when converting from map to odom
[component_container_isolated-2] [ERROR] [1789771523.400844455] [tf_help]: Data time: 52s 400000000ns, Transform time: 3s 842000000ns
[component_container_isolated-2] [ERROR] [1789771523.450756972] [tf_help]: Transform data too old when converting from map to odom
[component_container_isolated-2] [ERROR] [1789771523.450792816] [tf_help]: Data time: 52s 400000000ns, Transform time: 3s 842000000ns
[component_container_isolated-2] [ERROR] [1789771523.500745003] [tf_help]: Transform data too old when converting from map to odom
[component_container_isolated-2] [ERROR] [1789771523.500796484] [tf_help]: Data time: 52s 400000000ns, Transform time: 3s 842000000ns
[component_container_isolated-2] [ERROR] [1789771523.550452786] [tf_help]: Transform data too old when converting from map to odom
[component_container_isolated-2] [ERROR] [1789771523.550497127] [tf_help]: Data time: 52s 400000000ns, Transform time: 3s 842000000ns
[component_container_isolated-2] [ERROR] [1789771523.600448951] [tf_help]: Transform data too old when converting from map to odom
[component_container_isolated-2] [ERROR] [1789771523.600481924] [tf_help]: Data time: 52s 400000000ns, Transform time: 3s 842000000ns
[component_container_isolated-2] [ERROR] [1789771523.650282532] [tf_help]: Transform data too old when converting from map to odom
[component_container_isolated-2] [ERROR] [1789771523.650314933] [tf_help]: Data time: 52s 400000000ns, Transform time: 3s 842000000ns
[component_container_isolated-2] [ERROR] [1789771523.704231238] [tf_help]: Transform data too old when converting from map to odom
[component_container_isolated-2] [ERROR] [1789771523.704276331] [tf_help]: Data time: 52s 400000000ns, Transform time: 3s 842000000ns
[component_container_isolated-2] [ERROR] [1789771523.750911553] [tf_help]: Transform data too old when converting from map to odom
[component_container_isolated-2] [ERROR] [1789771523.750943753] [tf_help]: Data time: 52s 400000000ns, Transform time: 3s 842000000ns
[component_container_isolated-2] [ERROR] [1789771523.800340428] [tf_help]: Transform data too old when converting from map to odom
[component_container_isolated-2] [ERROR] [1789771523.800383885] [tf_help]: Data time: 52s 400000000ns, Transform time: 3s 842000000ns
[component_container_isolated-2] [ERROR] [1789771523.850945694] [tf_help]: Transform data too old when converting from map to odom
[component_container_isolated-2] [ERROR] [1789771523.850979817] [tf_help]: Data time: 52s 400000000ns, Transform time: 3s 842000000ns
[component_container_isolated-2] [ERROR] [1789771523.900370782] [tf_help]: Transform data too old when converting from map to odom
[component_container_isolated-2] [ERROR] [1789771523.900401456] [tf_help]: Data time: 52s 400000000ns, Transform time: 3s 842000000ns
[component_container_isolated-2] [ERROR] [1789771523.950061467] [tf_help]: Transform data too old when converting from map to odom
[component_container_isolated-2] [ERROR] [1789771523.950091819] [tf_help]: Data time: 52s 400000000ns, Transform time: 3s 842000000ns
[component_container_isolated-2] [ERROR] [1789771524.000358292] [tf_help]: Transform data too old when converting from map to odom
[component_container_isolated-2] [ERROR] [1789771524.000396878] [tf_help]: Data time: 52s 400000000ns, Transform time: 3s 842000000ns
[component_container_isolated-2] [ERROR] [1789771524.050508169] [tf_help]: Transform data too old when converting from map to odom
[component_container_isolated-2] [ERROR] [1789771524.050536776] [tf_help]: Data time: 52s 400000000ns, Transform time: 3s 842000000ns
[component_container_isolated-2] [ERROR] [1789771524.100438754] [tf_help]: Transform data too old when converting from map to odom
[component_container_isolated-2] [ERROR] [1789771524.100471881] [tf_help]: Data time: 52s 400000000ns, Transform time: 3s 842000000ns
[component_container_isolated-2] [ERROR] [1789771524.150546139] [tf_help]: Transform data too old when converting from map to odom
[component_container_isolated-2] [ERROR] [1789771524.150586550] [tf_help]: Data time: 52s 400000000ns, Transform time: 3s 842000000ns
[component_container_isolated-2] [ERROR] [1789771524.200588827] [tf_help]: Transform data too old when converting from map to odom
[component_container_isolated-2] [ERROR] [1789771524.200624061] [tf_help]: Data time: 52s 400000000ns, Transform time: 3s 842000000ns
[component_container_isolated-2] [ERROR] [1789771524.250414195] [tf_help]: Transform data too old when converting from map to odom
[component_container_isolated-2] [ERROR] [1789771524.250456113] [tf_help]: Data time: 52s 400000000ns, Transform time: 3s 842000000ns
[component_container_isolated-2] [ERROR] [1789771524.300137787] [tf_help]: Transform data too old when converting from map to odom
[component_container_isolated-2] [ERROR] [1789771524.300168519] [tf_help]: Data time: 52s 400000000ns, Transform time: 3s 842000000ns
[component_container_isolated-2] [INFO] [1789771524.345862476] [controller_server]: Passing new path to controller.
[component_container_isolated-2] [ERROR] [1789771524.350300469] [tf_help]: Transform data too old when converting from map to odom
[component_container_isolated-2] [ERROR] [1789771524.350329145] [tf_help]: Data time: 53s 300000000ns, Transform time: 3s 842000000ns
[component_container_isolated-2] [ERROR] [1789771524.400295718] [tf_help]: Transform data too old when converting from map to odom
[component_container_isolated-2] [ERROR] [1789771524.400330832] [tf_help]: Data time: 53s 300000000ns, Transform time: 3s 842000000ns
[component_container_isolated-2] [ERROR] [1789771524.450277488] [tf_help]: Transform data too old when converting from map to odom
[component_container_isolated-2] [ERROR] [1789771524.450309150] [tf_help]: Data time: 53s 300000000ns, Transform time: 3s 842000000ns
[component_container_isolated-2] [ERROR] [1789771524.500347856] [tf_help]: Transform data too old when converting from map to odom
[component_container_isolated-2] [ERROR] [1789771524.500377609] [tf_help]: Data time: 53s 300000000ns, Transform time: 3s 842000000ns
[component_container_isolated-2] [ERROR] [1789771524.550269725] [tf_help]: Transform data too old when converting from map to odom
[component_container_isolated-2] [ERROR] [1789771524.550315262] [tf_help]: Data time: 53s 300000000ns, Transform time: 3s 842000000ns
[component_container_isolated-2] [ERROR] [1789771524.600103650] [tf_help]: Transform data too old when converting from map to odom
[component_container_isolated-2] [ERROR] [1789771524.600139697] [tf_help]: Data time: 53s 300000000ns, Transform time: 3s 842000000ns
[component_container_isolated-2] [ERROR] [1789771524.650243677] [tf_help]: Transform data too old when converting from map to odom
[component_container_isolated-2] [ERROR] [1789771524.650276712] [tf_help]: Data time: 53s 300000000ns, Transform time: 3s 842000000ns
[component_container_isolated-2] [ERROR] [1789771524.700131613] [tf_help]: Transform data too old when converting from map to odom
[component_container_isolated-2] [ERROR] [1789771524.700164235] [tf_help]: Data time: 53s 300000000ns, Transform time: 3s 842000000ns
[component_container_isolated-2] [ERROR] [1789771524.750124884] [tf_help]: Transform data too old when converting from map to odom
[component_container_isolated-2] [ERROR] [1789771524.750155984] [tf_help]: Data time: 53s 300000000ns, Transform time: 3s 842000000ns
[component_container_isolated-2] [ERROR] [1789771524.800331142] [tf_help]: Transform data too old when converting from map to odom
[component_container_isolated-2] [ERROR] [1789771524.800364170] [tf_help]: Data time: 53s 300000000ns, Transform time: 3s 842000000ns
[component_container_isolated-2] [ERROR] [1789771524.850123726] [tf_help]: Transform data too old when converting from map to odom
[component_container_isolated-2] [ERROR] [1789771524.850156358] [tf_help]: Data time: 53s 300000000ns, Transform time: 3s 842000000ns
[component_container_isolated-2] [ERROR] [1789771524.900181309] [tf_help]: Transform data too old when converting from map to odom
[component_container_isolated-2] [ERROR] [1789771524.900211612] [tf_help]: Data time: 53s 300000000ns, Transform time: 3s 842000000ns
[component_container_isolated-2] [ERROR] [1789771524.950075070] [tf_help]: Transform data too old when converting from map to odom
[component_container_isolated-2] [ERROR] [1789771524.950107269] [tf_help]: Data time: 53s 300000000ns, Transform time: 3s 842000000ns
[component_container_isolated-2] [ERROR] [1789771525.000603512] [tf_help]: Transform data too old when converting from map to odom
[component_container_isolated-2] [ERROR] [1789771525.000638655] [tf_help]: Data time: 53s 300000000ns, Transform time: 3s 842000000ns
[component_container_isolated-2] [ERROR] [1789771525.050325566] [tf_help]: Transform data too old when converting from map to odom
[component_container_isolated-2] [ERROR] [1789771525.050364754] [tf_help]: Data time: 53s 300000000ns, Transform time: 3s 842000000ns
[component_container_isolated-2] [ERROR] [1789771525.100733227] [tf_help]: Transform data too old when converting from map to odom
[component_container_isolated-2] [ERROR] [1789771525.100769730] [tf_help]: Data time: 53s 300000000ns, Transform time: 3s 842000000ns
[component_container_isolated-2] [ERROR] [1789771525.150671069] [tf_help]: Transform data too old when converting from map to odom
[component_container_isolated-2] [ERROR] [1789771525.150701316] [tf_help]: Data time: 53s 300000000ns, Transform time: 3s 842000000ns
[component_container_isolated-2] [ERROR] [1789771525.201014502] [tf_help]: Transform data too old when converting from map to odom
[component_container_isolated-2] [ERROR] [1789771525.201043987] [tf_help]: Data time: 53s 300000000ns, Transform time: 3s 842000000ns
[component_container_isolated-2] [ERROR] [1789771525.250642511] [tf_help]: Transform data too old when converting from map to odom
[component_container_isolated-2] [ERROR] [1789771525.250682226] [tf_help]: Data time: 53s 300000000ns, Transform time: 3s 842000000ns
[component_container_isolated-2] [ERROR] [1789771525.300456268] [tf_help]: Transform data too old when converting from map to odom
[component_container_isolated-2] [ERROR] [1789771525.300490609] [tf_help]: Data time: 53s 300000000ns, Transform time: 3s 842000000ns
[component_container_isolated-2] [ERROR] [1789771525.350237778] [tf_help]: Transform data too old when converting from map to odom
[component_container_isolated-2] [ERROR] [1789771525.350268595] [tf_help]: Data time: 53s 300000000ns, Transform time: 3s 842000000ns
[component_container_isolated-2] [INFO] [1789771525.395863775] [controller_server]: Passing new path to controller.
[component_container_isolated-2] [ERROR] [1789771525.402754878] [tf_help]: Transform data too old when converting from map to odom
[component_container_isolated-2] [ERROR] [1789771525.402784056] [tf_help]: Data time: 54s 200000000ns, Transform time: 3s 842000000ns
[component_container_isolated-2] [ERROR] [1789771525.451044968] [tf_help]: Transform data too old when converting from map to odom
[component_container_isolated-2] [ERROR] [1789771525.451079172] [tf_help]: Data time: 54s 200000000ns, Transform time: 3s 842000000ns
[component_container_isolated-2] [ERROR] [1789771525.501741381] [tf_help]: Transform data too old when converting from map to odom
[component_container_isolated-2] [ERROR] [1789771525.501789140] [tf_help]: Data time: 54s 200000000ns, Transform time: 3s 842000000ns
[component_container_isolated-2] [ERROR] [1789771525.551880774] [tf_help]: Transform data too old when converting from map to odom
[component_container_isolated-2] [ERROR] [1789771525.551935782] [tf_help]: Data time: 54s 200000000ns, Transform time: 3s 842000000ns
[component_container_isolated-2] [ERROR] [1789771525.600382203] [tf_help]: Transform data too old when converting from map to odom
[component_container_isolated-2] [ERROR] [1789771525.600416483] [tf_help]: Data time: 54s 200000000ns, Transform time: 3s 842000000ns
[component_container_isolated-2] [ERROR] [1789771525.653572314] [tf_help]: Transform data too old when converting from map to odom
[component_container_isolated-2] [ERROR] [1789771525.653621760] [tf_help]: Data time: 54s 200000000ns, Transform time: 3s 842000000ns
[component_container_isolated-2] [ERROR] [1789771525.702971895] [tf_help]: Transform data too old when converting from map to odom
[component_container_isolated-2] [ERROR] [1789771525.703006912] [tf_help]: Data time: 54s 200000000ns, Transform time: 3s 842000000ns
[component_container_isolated-2] [ERROR] [1789771525.750326910] [tf_help]: Transform data too old when converting from map to odom
[component_container_isolated-2] [ERROR] [1789771525.750358514] [tf_help]: Data time: 54s 200000000ns, Transform time: 3s 842000000ns
[component_container_isolated-2] [ERROR] [1789771525.800229092] [tf_help]: Transform data too old when converting from map to odom
[component_container_isolated-2] [ERROR] [1789771525.800262694] [tf_help]: Data time: 54s 200000000ns, Transform time: 3s 842000000ns
[component_container_isolated-2] [ERROR] [1789771525.851384418] [tf_help]: Transform data too old when converting from map to odom
[component_container_isolated-2] [ERROR] [1789771525.851457715] [tf_help]: Data time: 54s 200000000ns, Transform time: 3s 842000000ns
[component_container_isolated-2] [ERROR] [1789771525.905089427] [tf_help]: Transform data too old when converting from map to odom
[component_container_isolated-2] [ERROR] [1789771525.905154723] [tf_help]: Data time: 54s 200000000ns, Transform time: 3s 842000000ns
[component_container_isolated-2] [ERROR] [1789771525.954617140] [tf_help]: Transform data too old when converting from map to odom
[component_container_isolated-2] [ERROR] [1789771525.954667707] [tf_help]: Data time: 54s 200000000ns, Transform time: 3s 842000000ns
[component_container_isolated-2] [ERROR] [1789771526.004527662] [tf_help]: Transform data too old when converting from map to odom
[component_container_isolated-2] [ERROR] [1789771526.004577407] [tf_help]: Data time: 54s 200000000ns, Transform time: 3s 842000000ns
[component_container_isolated-2] [ERROR] [1789771526.052083688] [tf_help]: Transform data too old when converting from map to odom
[component_container_isolated-2] [ERROR] [1789771526.052130132] [tf_help]: Data time: 54s 200000000ns, Transform time: 3s 842000000ns
[component_container_isolated-2] [ERROR] [1789771526.100336258] [tf_help]: Transform data too old when converting from map to odom
[component_container_isolated-2] [ERROR] [1789771526.100369155] [tf_help]: Data time: 54s 200000000ns, Transform time: 3s 842000000ns
[component_container_isolated-2] [ERROR] [1789771526.151394507] [tf_help]: Transform data too old when converting from map to odom
[component_container_isolated-2] [ERROR] [1789771526.151426868] [tf_help]: Data time: 54s 200000000ns, Transform time: 3s 842000000ns
[component_container_isolated-2] [ERROR] [1789771526.200414283] [tf_help]: Transform data too old when converting from map to odom
[component_container_isolated-2] [ERROR] [1789771526.200448815] [tf_help]: Data time: 54s 200000000ns, Transform time: 3s 842000000ns
[component_container_isolated-2] [ERROR] [1789771526.250761588] [tf_help]: Transform data too old when converting from map to odom
[component_container_isolated-2] [ERROR] [1789771526.250797624] [tf_help]: Data time: 54s 200000000ns, Transform time: 3s 842000000ns
[component_container_isolated-2] [ERROR] [1789771526.300251955] [tf_help]: Transform data too old when converting from map to odom
[component_container_isolated-2] [ERROR] [1789771526.300286822] [tf_help]: Data time: 54s 200000000ns, Transform time: 3s 842000000ns
[component_container_isolated-2] [ERROR] [1789771526.350457258] [tf_help]: Transform data too old when converting from map to odom
[component_container_isolated-2] [ERROR] [1789771526.350491776] [tf_help]: Data time: 54s 200000000ns, Transform time: 3s 842000000ns
[component_container_isolated-2] [INFO] [1789771526.395863278] [controller_server]: Passing new path to controller.
[component_container_isolated-2] [ERROR] [1789771526.400510841] [tf_help]: Transform data too old when converting from map to odom
[component_container_isolated-2] [ERROR] [1789771526.400537958] [tf_help]: Data time: 55s 200000000ns, Transform time: 3s 842000000ns
[component_container_isolated-2] [ERROR] [1789771526.450441729] [tf_help]: Transform data too old when converting from map to odom
[component_container_isolated-2] [ERROR] [1789771526.450473299] [tf_help]: Data time: 55s 200000000ns, Transform time: 3s 842000000ns
[component_container_isolated-2] [ERROR] [1789771526.504284734] [tf_help]: Transform data too old when converting from map to odom
[component_container_isolated-2] [ERROR] [1789771526.504329358] [tf_help]: Data time: 55s 200000000ns, Transform time: 3s 842000000ns
[component_container_isolated-2] [ERROR] [1789771526.562781908] [tf_help]: Transform data too old when converting from map to odom
[component_container_isolated-2] [ERROR] [1789771526.562839542] [tf_help]: Data time: 55s 200000000ns, Transform time: 3s 842000000ns
[component_container_isolated-2] [ERROR] [1789771526.601438220] [tf_help]: Transform data too old when converting from map to odom
[component_container_isolated-2] [ERROR] [1789771526.601477676] [tf_help]: Data time: 55s 200000000ns, Transform time: 3s 842000000ns
[component_container_isolated-2] [ERROR] [1789771526.651143730] [tf_help]: Transform data too old when converting from map to odom
[component_container_isolated-2] [ERROR] [1789771526.651175438] [tf_help]: Data time: 55s 200000000ns, Transform time: 3s 842000000ns
[component_container_isolated-2] [ERROR] [1789771526.700387714] [tf_help]: Transform data too old when converting from map to odom
[component_container_isolated-2] [ERROR] [1789771526.700423376] [tf_help]: Data time: 55s 200000000ns, Transform time: 3s 842000000ns
[component_container_isolated-2] [ERROR] [1789771526.751984318] [tf_help]: Transform data too old when converting from map to odom
[component_container_isolated-2] [ERROR] [1789771526.752022805] [tf_help]: Data time: 55s 200000000ns, Transform time: 3s 842000000ns
[component_container_isolated-2] [ERROR] [1789771526.801591980] [tf_help]: Transform data too old when converting from map to odom
[component_container_isolated-2] [ERROR] [1789771526.801638980] [tf_help]: Data time: 55s 200000000ns, Transform time: 3s 842000000ns
[component_container_isolated-2] [ERROR] [1789771526.854607762] [tf_help]: Transform data too old when converting from map to odom
[component_container_isolated-2] [ERROR] [1789771526.854665619] [tf_help]: Data time: 55s 200000000ns, Transform time: 3s 842000000ns
[component_container_isolated-2] [ERROR] [1789771526.904244484] [tf_help]: Transform data too old when converting from map to odom
[component_container_isolated-2] [ERROR] [1789771526.904291469] [tf_help]: Data time: 55s 200000000ns, Transform time: 3s 842000000ns
[component_container_isolated-2] [ERROR] [1789771526.954645055] [tf_help]: Transform data too old when converting from map to odom
[component_container_isolated-2] [ERROR] [1789771526.954699937] [tf_help]: Data time: 55s 200000000ns, Transform time: 3s 842000000ns
[component_container_isolated-2] [ERROR] [1789771527.005252667] [tf_help]: Transform data too old when converting from map to odom
[component_container_isolated-2] [ERROR] [1789771527.005990189] [tf_help]: Data time: 55s 200000000ns, Transform time: 3s 842000000ns
[component_container_isolated-2] [ERROR] [1789771527.054596788] [tf_help]: Transform data too old when converting from map to odom
[component_container_isolated-2] [ERROR] [1789771527.054663494] [tf_help]: Data time: 55s 200000000ns, Transform time: 3s 842000000ns
[component_container_isolated-2] [ERROR] [1789771527.104888256] [tf_help]: Transform data too old when converting from map to odom
[component_container_isolated-2] [ERROR] [1789771527.104948715] [tf_help]: Data time: 55s 200000000ns, Transform time: 3s 842000000ns
[component_container_isolated-2] [ERROR] [1789771527.153323520] [tf_help]: Transform data too old when converting from map to odom
[component_container_isolated-2] [ERROR] [1789771527.153362257] [tf_help]: Data time: 55s 200000000ns, Transform time: 3s 842000000ns
[component_container_isolated-2] [ERROR] [1789771527.201229750] [tf_help]: Transform data too old when converting from map to odom
[component_container_isolated-2] [ERROR] [1789771527.201292716] [tf_help]: Data time: 55s 200000000ns, Transform time: 3s 842000000ns
[component_container_isolated-2] [ERROR] [1789771527.250534129] [tf_help]: Transform data too old when converting from map to odom
[component_container_isolated-2] [ERROR] [1789771527.250569702] [tf_help]: Data time: 55s 200000000ns, Transform time: 3s 842000000ns
[component_container_isolated-2] [ERROR] [1789771527.303921538] [tf_help]: Transform data too old when converting from map to odom
[component_container_isolated-2] [ERROR] [1789771527.303955754] [tf_help]: Data time: 55s 200000000ns, Transform time: 3s 842000000ns
[component_container_isolated-2] [ERROR] [1789771527.351283192] [tf_help]: Transform data too old when converting from map to odom
[component_container_isolated-2] [ERROR] [1789771527.351317364] [tf_help]: Data time: 55s 200000000ns, Transform time: 3s 842000000ns
[component_container_isolated-2] [ERROR] [1789771527.404418574] [tf_help]: Transform data too old when converting from map to odom
[component_container_isolated-2] [ERROR] [1789771527.404476746] [tf_help]: Data time: 55s 200000000ns, Transform time: 3s 842000000ns
[component_container_isolated-2] [INFO] [1789771527.445871849] [controller_server]: Passing new path to controller.
[component_container_isolated-2] [ERROR] [1789771527.454533786] [tf_help]: Transform data too old when converting from map to odom
[component_container_isolated-2] [ERROR] [1789771527.454569400] [tf_help]: Data time: 56s 100000000ns, Transform time: 3s 842000000ns
[component_container_isolated-2] [ERROR] [1789771527.502306630] [tf_help]: Transform data too old when converting from map to odom
[component_container_isolated-2] [ERROR] [1789771527.502339654] [tf_help]: Data time: 56s 100000000ns, Transform time: 3s 842000000ns
[component_container_isolated-2] [ERROR] [1789771527.553257187] [tf_help]: Transform data too old when converting from map to odom
[component_container_isolated-2] [ERROR] [1789771527.553285152] [tf_help]: Data time: 56s 100000000ns, Transform time: 3s 842000000ns
[component_container_isolated-2] [ERROR] [1789771527.600163037] [tf_help]: Transform data too old when converting from map to odom
[component_container_isolated-2] [ERROR] [1789771527.600207826] [tf_help]: Data time: 56s 100000000ns, Transform time: 3s 842000000ns
[component_container_isolated-2] [ERROR] [1789771527.652538118] [tf_help]: Transform data too old when converting from map to odom
[component_container_isolated-2] [ERROR] [1789771527.652595452] [tf_help]: Data time: 56s 100000000ns, Transform time: 3s 842000000ns
[component_container_isolated-2] [ERROR] [1789771527.704773177] [tf_help]: Transform data too old when converting from map to odom
[component_container_isolated-2] [ERROR] [1789771527.704820662] [tf_help]: Data time: 56s 100000000ns, Transform time: 3s 842000000ns
[component_container_isolated-2] [ERROR] [1789771527.754321343] [tf_help]: Transform data too old when converting from map to odom
[component_container_isolated-2] [ERROR] [1789771527.754367178] [tf_help]: Data time: 56s 100000000ns, Transform time: 3s 842000000ns
[component_container_isolated-2] [ERROR] [1789771527.800694682] [tf_help]: Transform data too old when converting from map to odom
[component_container_isolated-2] [ERROR] [1789771527.800728650] [tf_help]: Data time: 56s 100000000ns, Transform time: 3s 842000000ns
[component_container_isolated-2] [ERROR] [1789771527.850608773] [tf_help]: Transform data too old when converting from map to odom
[component_container_isolated-2] [ERROR] [1789771527.850639732] [tf_help]: Data time: 56s 100000000ns, Transform time: 3s 842000000ns
[component_container_isolated-2] [ERROR] [1789771527.900743801] [tf_help]: Transform data too old when converting from map to odom
[component_container_isolated-2] [ERROR] [1789771527.900774416] [tf_help]: Data time: 56s 100000000ns, Transform time: 3s 842000000ns
[component_container_isolated-2] [ERROR] [1789771527.954327906] [tf_help]: Transform data too old when converting from map to odom
[component_container_isolated-2] [ERROR] [1789771527.954377699] [tf_help]: Data time: 56s 100000000ns, Transform time: 3s 842000000ns
[component_container_isolated-2] [ERROR] [1789771528.002560671] [tf_help]: Transform data too old when converting from map to odom
[component_container_isolated-2] [ERROR] [1789771528.002589911] [tf_help]: Data time: 56s 100000000ns, Transform time: 3s 842000000ns
[component_container_isolated-2] [ERROR] [1789771528.050335149] [tf_help]: Transform data too old when converting from map to odom
[component_container_isolated-2] [ERROR] [1789771528.050370165] [tf_help]: Data time: 56s 100000000ns, Transform time: 3s 842000000ns
[component_container_isolated-2] [ERROR] [1789771528.100441696] [tf_help]: Transform data too old when converting from map to odom
[component_container_isolated-2] [ERROR] [1789771528.100478848] [tf_help]: Data time: 56s 100000000ns, Transform time: 3s 842000000ns
[component_container_isolated-2] [ERROR] [1789771528.151481941] [tf_help]: Transform data too old when converting from map to odom
[component_container_isolated-2] [ERROR] [1789771528.151512429] [tf_help]: Data time: 56s 100000000ns, Transform time: 3s 842000000ns
[component_container_isolated-2] [ERROR] [1789771528.201117579] [tf_help]: Transform data too old when converting from map to odom
[component_container_isolated-2] [ERROR] [1789771528.201149090] [tf_help]: Data time: 56s 100000000ns, Transform time: 3s 842000000ns
[component_container_isolated-2] [ERROR] [1789771528.251518592] [tf_help]: Transform data too old when converting from map to odom
[component_container_isolated-2] [ERROR] [1789771528.251548027] [tf_help]: Data time: 56s 100000000ns, Transform time: 3s 842000000ns
[component_container_isolated-2] [ERROR] [1789771528.300444838] [tf_help]: Transform data too old when converting from map to odom
[component_container_isolated-2] [ERROR] [1789771528.300477544] [tf_help]: Data time: 56s 100000000ns, Transform time: 3s 842000000ns
[component_container_isolated-2] [ERROR] [1789771528.352479884] [tf_help]: Transform data too old when converting from map to odom
[component_container_isolated-2] [ERROR] [1789771528.352515575] [tf_help]: Data time: 56s 100000000ns, Transform time: 3s 842000000ns
[component_container_isolated-2] [ERROR] [1789771528.400493865] [tf_help]: Transform data too old when converting from map to odom
[component_container_isolated-2] [ERROR] [1789771528.400546403] [tf_help]: Data time: 56s 100000000ns, Transform time: 3s 842000000ns
[component_container_isolated-2] [INFO] [1789771528.445862939] [controller_server]: Passing new path to controller.
[component_container_isolated-2] [ERROR] [1789771528.450265824] [tf_help]: Transform data too old when converting from map to odom
[component_container_isolated-2] [ERROR] [1789771528.450292715] [tf_help]: Data time: 57s 100000000ns, Transform time: 3s 842000000ns
[component_container_isolated-2] [ERROR] [1789771528.500498422] [tf_help]: Transform data too old when converting from map to odom
[component_container_isolated-2] [ERROR] [1789771528.500562259] [tf_help]: Data time: 57s 100000000ns, Transform time: 3s 842000000ns
[component_container_isolated-2] [ERROR] [1789771528.550477509] [tf_help]: Transform data too old when converting from map to odom
[component_container_isolated-2] [ERROR] [1789771528.550510407] [tf_help]: Data time: 57s 100000000ns, Transform time: 3s 842000000ns
[component_container_isolated-2] [ERROR] [1789771528.600622163] [tf_help]: Transform data too old when converting from map to odom
[component_container_isolated-2] [ERROR] [1789771528.600688487] [tf_help]: Data time: 57s 100000000ns, Transform time: 3s 842000000ns
[component_container_isolated-2] [ERROR] [1789771528.650213364] [tf_help]: Transform data too old when converting from map to odom
[component_container_isolated-2] [ERROR] [1789771528.650254974] [tf_help]: Data time: 57s 100000000ns, Transform time: 3s 842000000ns
[component_container_isolated-2] [ERROR] [1789771528.701782456] [tf_help]: Transform data too old when converting from map to odom
[component_container_isolated-2] [ERROR] [1789771528.701823369] [tf_help]: Data time: 57s 100000000ns, Transform time: 3s 842000000ns
[component_container_isolated-2] [ERROR] [1789771528.751357073] [tf_help]: Transform data too old when converting from map to odom
[component_container_isolated-2] [ERROR] [1789771528.751398374] [tf_help]: Data time: 57s 100000000ns, Transform time: 3s 842000000ns
[component_container_isolated-2] [ERROR] [1789771528.800651925] [tf_help]: Transform data too old when converting from map to odom
[component_container_isolated-2] [ERROR] [1789771528.800683320] [tf_help]: Data time: 57s 100000000ns, Transform time: 3s 842000000ns
[component_container_isolated-2] [ERROR] [1789771528.850869503] [tf_help]: Transform data too old when converting from map to odom
[component_container_isolated-2] [ERROR] [1789771528.850908141] [tf_help]: Data time: 57s 100000000ns, Transform time: 3s 842000000ns
[component_container_isolated-2] [ERROR] [1789771528.901101649] [tf_help]: Transform data too old when converting from map to odom
[component_container_isolated-2] [ERROR] [1789771528.901132576] [tf_help]: Data time: 57s 100000000ns, Transform time: 3s 842000000ns
[component_container_isolated-2] [ERROR] [1789771528.950727741] [tf_help]: Transform data too old when converting from map to odom
[component_container_isolated-2] [ERROR] [1789771528.950760169] [tf_help]: Data time: 57s 100000000ns, Transform time: 3s 842000000ns
[component_container_isolated-2] [ERROR] [1789771529.001396605] [tf_help]: Transform data too old when converting from map to odom
[component_container_isolated-2] [ERROR] [1789771529.001435393] [tf_help]: Data time: 57s 100000000ns, Transform time: 3s 842000000ns
[component_container_isolated-2] [ERROR] [1789771529.052952169] [tf_help]: Transform data too old when converting from map to odom
[component_container_isolated-2] [ERROR] [1789771529.053000460] [tf_help]: Data time: 57s 100000000ns, Transform time: 3s 842000000ns
[component_container_isolated-2] [ERROR] [1789771529.100203836] [tf_help]: Transform data too old when converting from map to odom
[component_container_isolated-2] [ERROR] [1789771529.100240930] [tf_help]: Data time: 57s 100000000ns, Transform time: 3s 842000000ns
[component_container_isolated-2] [ERROR] [1789771529.150260661] [tf_help]: Transform data too old when converting from map to odom
[component_container_isolated-2] [ERROR] [1789771529.150291384] [tf_help]: Data time: 57s 100000000ns, Transform time: 3s 842000000ns
[component_container_isolated-2] [ERROR] [1789771529.201220903] [tf_help]: Transform data too old when converting from map to odom
[component_container_isolated-2] [ERROR] [1789771529.201261073] [tf_help]: Data time: 57s 100000000ns, Transform time: 3s 842000000ns
[component_container_isolated-2] [ERROR] [1789771529.250526237] [tf_help]: Transform data too old when converting from map to odom
[component_container_isolated-2] [ERROR] [1789771529.250558820] [tf_help]: Data time: 57s 100000000ns, Transform time: 3s 842000000ns
[component_container_isolated-2] [ERROR] [1789771529.300488685] [tf_help]: Transform data too old when converting from map to odom
[component_container_isolated-2] [ERROR] [1789771529.300521805] [tf_help]: Data time: 57s 100000000ns, Transform time: 3s 842000000ns
[component_container_isolated-2] [ERROR] [1789771529.350513857] [tf_help]: Transform data too old when converting from map to odom
[component_container_isolated-2] [ERROR] [1789771529.350550212] [tf_help]: Data time: 57s 100000000ns, Transform time: 3s 842000000ns
[component_container_isolated-2] [ERROR] [1789771529.401313520] [tf_help]: Transform data too old when converting from map to odom
[component_container_isolated-2] [ERROR] [1789771529.401349077] [tf_help]: Data time: 57s 100000000ns, Transform time: 3s 842000000ns
[component_container_isolated-2] [ERROR] [1789771529.450511899] [tf_help]: Transform data too old when converting from map to odom
[component_container_isolated-2] [ERROR] [1789771529.450543739] [tf_help]: Data time: 57s 100000000ns, Transform time: 3s 842000000ns
[component_container_isolated-2] [INFO] [1789771529.495866585] [controller_server]: Passing new path to controller.
[component_container_isolated-2] [ERROR] [1789771529.501418790] [tf_help]: Transform data too old when converting from map to odom
[component_container_isolated-2] [ERROR] [1789771529.501458123] [tf_help]: Data time: 58s 0ns, Transform time: 3s 842000000ns
[component_container_isolated-2] [ERROR] [1789771529.550256387] [tf_help]: Transform data too old when converting from map to odom
[component_container_isolated-2] [ERROR] [1789771529.550292836] [tf_help]: Data time: 58s 0ns, Transform time: 3s 842000000ns
[component_container_isolated-2] [ERROR] [1789771529.601485435] [tf_help]: Transform data too old when converting from map to odom
[component_container_isolated-2] [ERROR] [1789771529.601525960] [tf_help]: Data time: 58s 0ns, Transform time: 3s 842000000ns
[component_container_isolated-2] [ERROR] [1789771529.652033201] [tf_help]: Transform data too old when converting from map to odom
[component_container_isolated-2] [ERROR] [1789771529.652063602] [tf_help]: Data time: 58s 0ns, Transform time: 3s 842000000ns
[component_container_isolated-2] [ERROR] [1789771529.701626242] [tf_help]: Transform data too old when converting from map to odom
[component_container_isolated-2] [ERROR] [1789771529.701656958] [tf_help]: Data time: 58s 0ns, Transform time: 3s 842000000ns
[component_container_isolated-2] [ERROR] [1789771529.750204231] [tf_help]: Transform data too old when converting from map to odom
[component_container_isolated-2] [ERROR] [1789771529.750241197] [tf_help]: Data time: 58s 0ns, Transform time: 3s 842000000ns
[component_container_isolated-2] [ERROR] [1789771529.800529571] [tf_help]: Transform data too old when converting from map to odom
[component_container_isolated-2] [ERROR] [1789771529.800564544] [tf_help]: Data time: 58s 0ns, Transform time: 3s 842000000ns
[component_container_isolated-2] [ERROR] [1789771529.850980549] [tf_help]: Transform data too old when converting from map to odom
[component_container_isolated-2] [ERROR] [1789771529.851019974] [tf_help]: Data time: 58s 0ns, Transform time: 3s 842000000ns
[component_container_isolated-2] [ERROR] [1789771529.904893655] [tf_help]: Transform data too old when converting from map to odom
[component_container_isolated-2] [ERROR] [1789771529.904942733] [tf_help]: Data time: 58s 0ns, Transform time: 3s 842000000ns
[component_container_isolated-2] [ERROR] [1789771529.952988270] [tf_help]: Transform data too old when converting from map to odom
[component_container_isolated-2] [ERROR] [1789771529.953044482] [tf_help]: Data time: 58s 0ns, Transform time: 3s 842000000ns
[component_container_isolated-2] [ERROR] [1789771530.004689282] [tf_help]: Transform data too old when converting from map to odom
[component_container_isolated-2] [ERROR] [1789771530.004744913] [tf_help]: Data time: 58s 0ns, Transform time: 3s 842000000ns
[component_container_isolated-2] [ERROR] [1789771530.055765971] [tf_help]: Transform data too old when converting from map to odom
[component_container_isolated-2] [ERROR] [1789771530.055824832] [tf_help]: Data time: 58s 0ns, Transform time: 3s 842000000ns
[component_container_isolated-2] [ERROR] [1789771530.105099254] [tf_help]: Transform data too old when converting from map to odom
[component_container_isolated-2] [ERROR] [1789771530.105152312] [tf_help]: Data time: 58s 0ns, Transform time: 3s 842000000ns
[component_container_isolated-2] [ERROR] [1789771530.152898896] [tf_help]: Transform data too old when converting from map to odom
[component_container_isolated-2] [ERROR] [1789771530.152930027] [tf_help]: Data time: 58s 0ns, Transform time: 3s 842000000ns
[component_container_isolated-2] [ERROR] [1789771530.200765687] [tf_help]: Transform data too old when converting from map to odom
[component_container_isolated-2] [ERROR] [1789771530.200800413] [tf_help]: Data time: 58s 0ns, Transform time: 3s 842000000ns
[component_container_isolated-2] [ERROR] [1789771530.254209298] [tf_help]: Transform data too old when converting from map to odom
[component_container_isolated-2] [ERROR] [1789771530.254241527] [tf_help]: Data time: 58s 0ns, Transform time: 3s 842000000ns
[component_container_isolated-2] [ERROR] [1789771530.300858929] [tf_help]: Transform data too old when converting from map to odom
[component_container_isolated-2] [ERROR] [1789771530.300900664] [tf_help]: Data time: 58s 0ns, Transform time: 3s 842000000ns
[component_container_isolated-2] [ERROR] [1789771530.350208988] [tf_help]: Transform data too old when converting from map to odom
[component_container_isolated-2] [ERROR] [1789771530.350245022] [tf_help]: Data time: 58s 0ns, Transform time: 3s 842000000ns
[component_container_isolated-2] [ERROR] [1789771530.403829057] [tf_help]: Transform data too old when converting from map to odom
[component_container_isolated-2] [ERROR] [1789771530.403863651] [tf_help]: Data time: 58s 0ns, Transform time: 3s 842000000ns
[component_container_isolated-2] [ERROR] [1789771530.452863230] [tf_help]: Transform data too old when converting from map to odom
[component_container_isolated-2] [ERROR] [1789771530.452897079] [tf_help]: Data time: 58s 0ns, Transform time: 3s 842000000ns
[component_container_isolated-2] [ERROR] [1789771530.500547337] [tf_help]: Transform data too old when converting from map to odom
[component_container_isolated-2] [ERROR] [1789771530.500597564] [tf_help]: Data time: 58s 0ns, Transform time: 3s 842000000ns
[component_container_isolated-2] [INFO] [1789771530.545869083] [controller_server]: Passing new path to controller.
[component_container_isolated-2] [ERROR] [1789771530.550643719] [tf_help]: Transform data too old when converting from map to odom
[component_container_isolated-2] [ERROR] [1789771530.550672139] [tf_help]: Data time: 58s 900000000ns, Transform time: 3s 842000000ns
[component_container_isolated-2] [ERROR] [1789771530.602935647] [tf_help]: Transform data too old when converting from map to odom
[component_container_isolated-2] [ERROR] [1789771530.602970501] [tf_help]: Data time: 58s 900000000ns, Transform time: 3s 842000000ns
[component_container_isolated-2] [ERROR] [1789771530.651870732] [tf_help]: Transform data too old when converting from map to odom
[component_container_isolated-2] [ERROR] [1789771530.651916067] [tf_help]: Data time: 58s 900000000ns, Transform time: 3s 842000000ns
[component_container_isolated-2] [ERROR] [1789771530.703256883] [tf_help]: Transform data too old when converting from map to odom
[component_container_isolated-2] [ERROR] [1789771530.703314961] [tf_help]: Data time: 58s 900000000ns, Transform time: 3s 842000000ns
[component_container_isolated-2] [ERROR] [1789771530.754330988] [tf_help]: Transform data too old when converting from map to odom
[component_container_isolated-2] [ERROR] [1789771530.754376795] [tf_help]: Data time: 58s 900000000ns, Transform time: 3s 842000000ns
[component_container_isolated-2] [ERROR] [1789771530.812093249] [tf_help]: Transform data too old when converting from map to odom
[component_container_isolated-2] [ERROR] [1789771530.812156144] [tf_help]: Data time: 58s 900000000ns, Transform time: 3s 842000000ns
[component_container_isolated-2] [ERROR] [1789771530.856486147] [tf_help]: Transform data too old when converting from map to odom
[component_container_isolated-2] [ERROR] [1789771530.856547637] [tf_help]: Data time: 58s 900000000ns, Transform time: 3s 842000000ns
[component_container_isolated-2] [ERROR] [1789771530.905004665] [tf_help]: Transform data too old when converting from map to odom
[component_container_isolated-2] [ERROR] [1789771530.905061841] [tf_help]: Data time: 58s 900000000ns, Transform time: 3s 842000000ns
[component_container_isolated-2] [ERROR] [1789771530.954742343] [tf_help]: Transform data too old when converting from map to odom
[component_container_isolated-2] [ERROR] [1789771530.954791710] [tf_help]: Data time: 58s 900000000ns, Transform time: 3s 842000000ns
[component_container_isolated-2] [ERROR] [1789771531.001081491] [tf_help]: Transform data too old when converting from map to odom
[component_container_isolated-2] [ERROR] [1789771531.001122043] [tf_help]: Data time: 58s 900000000ns, Transform time: 3s 842000000ns
[component_container_isolated-2] [ERROR] [1789771531.050313200] [tf_help]: Transform data too old when converting from map to odom
[component_container_isolated-2] [ERROR] [1789771531.050352438] [tf_help]: Data time: 58s 900000000ns, Transform time: 3s 842000000ns
[component_container_isolated-2] [ERROR] [1789771531.100200361] [tf_help]: Transform data too old when converting from map to odom
[component_container_isolated-2] [ERROR] [1789771531.100236535] [tf_help]: Data time: 58s 900000000ns, Transform time: 3s 842000000ns
[component_container_isolated-2] [ERROR] [1789771531.150964251] [tf_help]: Transform data too old when converting from map to odom
[component_container_isolated-2] [ERROR] [1789771531.151000144] [tf_help]: Data time: 58s 900000000ns, Transform time: 3s 842000000ns
[component_container_isolated-2] [ERROR] [1789771531.201160277] [tf_help]: Transform data too old when converting from map to odom
[component_container_isolated-2] [ERROR] [1789771531.201213839] [tf_help]: Data time: 58s 900000000ns, Transform time: 3s 842000000ns
[component_container_isolated-2] [ERROR] [1789771531.253233427] [tf_help]: Transform data too old when converting from map to odom
[component_container_isolated-2] [ERROR] [1789771531.253284057] [tf_help]: Data time: 58s 900000000ns, Transform time: 3s 842000000ns
[component_container_isolated-2] [ERROR] [1789771531.301923802] [tf_help]: Transform data too old when converting from map to odom
[component_container_isolated-2] [ERROR] [1789771531.301970138] [tf_help]: Data time: 58s 900000000ns, Transform time: 3s 842000000ns
[component_container_isolated-2] [ERROR] [1789771531.351128690] [tf_help]: Transform data too old when converting from map to odom
[component_container_isolated-2] [ERROR] [1789771531.351164555] [tf_help]: Data time: 58s 900000000ns, Transform time: 3s 842000000ns
[component_container_isolated-2] [ERROR] [1789771531.407752874] [tf_help]: Transform data too old when converting from map to odom
[component_container_isolated-2] [ERROR] [1789771531.407834990] [tf_help]: Data time: 58s 900000000ns, Transform time: 3s 842000000ns
[component_container_isolated-2] [ERROR] [1789771531.455154363] [tf_help]: Transform data too old when converting from map to odom
[component_container_isolated-2] [ERROR] [1789771531.455214267] [tf_help]: Data time: 58s 900000000ns, Transform time: 3s 842000000ns
[component_container_isolated-2] [ERROR] [1789771531.502217522] [tf_help]: Transform data too old when converting from map to odom
[component_container_isolated-2] [ERROR] [1789771531.502256956] [tf_help]: Data time: 58s 900000000ns, Transform time: 3s 842000000ns
[component_container_isolated-2] [INFO] [1789771531.545881340] [controller_server]: Passing new path to controller.
[component_container_isolated-2] [ERROR] [1789771531.552785452] [tf_help]: Transform data too old when converting from map to odom
[component_container_isolated-2] [ERROR] [1789771531.552820693] [tf_help]: Data time: 59s 900000000ns, Transform time: 3s 842000000ns
[component_container_isolated-2] [ERROR] [1789771531.604447204] [tf_help]: Transform data too old when converting from map to odom
[component_container_isolated-2] [ERROR] [1789771531.604488845] [tf_help]: Data time: 59s 900000000ns, Transform time: 3s 842000000ns
[ground_truth_localizer-1] [INFO] [1789771531.612162922] [ground_truth_localizer]: last 10 s: ground truth msgs 295, map->odom published 295 (292 via latest odom TF)
[component_container_isolated-2] [ERROR] [1789771531.650896010] [tf_help]: Transform data too old when converting from map to odom
[component_container_isolated-2] [ERROR] [1789771531.650929498] [tf_help]: Data time: 59s 900000000ns, Transform time: 3s 842000000ns
[component_container_isolated-2] [ERROR] [1789771531.702044732] [tf_help]: Transform data too old when converting from map to odom
[component_container_isolated-2] [ERROR] [1789771531.702092546] [tf_help]: Data time: 59s 900000000ns, Transform time: 3s 842000000ns
[component_container_isolated-2] [ERROR] [1789771531.751097169] [tf_help]: Transform data too old when converting from map to odom
[component_container_isolated-2] [ERROR] [1789771531.751128338] [tf_help]: Data time: 59s 900000000ns, Transform time: 3s 842000000ns
[component_container_isolated-2] [ERROR] [1789771531.800591865] [tf_help]: Transform data too old when converting from map to odom
[component_container_isolated-2] [ERROR] [1789771531.800670063] [tf_help]: Data time: 59s 900000000ns, Transform time: 3s 842000000ns
[component_container_isolated-2] [ERROR] [1789771531.853898328] [tf_help]: Transform data too old when converting from map to odom
[component_container_isolated-2] [ERROR] [1789771531.853938542] [tf_help]: Data time: 59s 900000000ns, Transform time: 3s 842000000ns
[component_container_isolated-2] [ERROR] [1789771531.900301503] [tf_help]: Transform data too old when converting from map to odom
[component_container_isolated-2] [ERROR] [1789771531.900338420] [tf_help]: Data time: 59s 900000000ns, Transform time: 3s 842000000ns
[component_container_isolated-2] [ERROR] [1789771531.954638844] [tf_help]: Transform data too old when converting from map to odom
[component_container_isolated-2] [ERROR] [1789771531.954679888] [tf_help]: Data time: 59s 900000000ns, Transform time: 3s 842000000ns
[component_container_isolated-2] [ERROR] [1789771532.004965275] [tf_help]: Transform data too old when converting from map to odom
[component_container_isolated-2] [ERROR] [1789771532.005011760] [tf_help]: Data time: 59s 900000000ns, Transform time: 3s 842000000ns
[component_container_isolated-2] [ERROR] [1789771532.054459727] [tf_help]: Transform data too old when converting from map to odom
[component_container_isolated-2] [ERROR] [1789771532.054495260] [tf_help]: Data time: 59s 900000000ns, Transform time: 3s 842000000ns
[component_container_isolated-2] [ERROR] [1789771532.104555385] [tf_help]: Transform data too old when converting from map to odom
[component_container_isolated-2] [ERROR] [1789771532.104617980] [tf_help]: Data time: 59s 900000000ns, Transform time: 3s 842000000ns
[component_container_isolated-2] [ERROR] [1789771532.154682857] [tf_help]: Transform data too old when converting from map to odom
[component_container_isolated-2] [ERROR] [1789771532.154726271] [tf_help]: Data time: 59s 900000000ns, Transform time: 3s 842000000ns
[component_container_isolated-2] [ERROR] [1789771532.201444062] [tf_help]: Transform data too old when converting from map to odom
[component_container_isolated-2] [ERROR] [1789771532.201489753] [tf_help]: Data time: 59s 900000000ns, Transform time: 3s 842000000ns
[component_container_isolated-2] [ERROR] [1789771532.251540249] [tf_help]: Transform data too old when converting from map to odom
[component_container_isolated-2] [ERROR] [1789771532.251598938] [tf_help]: Data time: 59s 900000000ns, Transform time: 3s 842000000ns
[component_container_isolated-2] [ERROR] [1789771532.301000516] [tf_help]: Transform data too old when converting from map to odom
[component_container_isolated-2] [ERROR] [1789771532.301059039] [tf_help]: Data time: 59s 900000000ns, Transform time: 3s 842000000ns
[component_container_isolated-2] [ERROR] [1789771532.350901521] [tf_help]: Transform data too old when converting from map to odom
[component_container_isolated-2] [ERROR] [1789771532.350934459] [tf_help]: Data time: 59s 900000000ns, Transform time: 3s 842000000ns
[component_container_isolated-2] [ERROR] [1789771532.400448006] [tf_help]: Transform data too old when converting from map to odom
[component_container_isolated-2] [ERROR] [1789771532.400499190] [tf_help]: Data time: 59s 900000000ns, Transform time: 3s 842000000ns
[component_container_isolated-2] [ERROR] [1789771532.451117948] [tf_help]: Transform data too old when converting from map to odom
[component_container_isolated-2] [ERROR] [1789771532.451168053] [tf_help]: Data time: 59s 900000000ns, Transform time: 3s 842000000ns
[component_container_isolated-2] [ERROR] [1789771532.501277976] [tf_help]: Transform data too old when converting from map to odom
[component_container_isolated-2] [ERROR] [1789771532.501312482] [tf_help]: Data time: 59s 900000000ns, Transform time: 3s 842000000ns
[component_container_isolated-2] [ERROR] [1789771532.550114336] [tf_help]: Transform data too old when converting from map to odom
[component_container_isolated-2] [ERROR] [1789771532.550146388] [tf_help]: Data time: 59s 900000000ns, Transform time: 3s 842000000ns
[component_container_isolated-2] [INFO] [1789771532.595862497] [controller_server]: Passing new path to controller.
[component_container_isolated-2] [ERROR] [1789771532.600267558] [tf_help]: Transform data too old when converting from map to odom
[component_container_isolated-2] [ERROR] [1789771532.600294544] [tf_help]: Data time: 60s 800000000ns, Transform time: 3s 842000000ns
[component_container_isolated-2] [ERROR] [1789771532.650455925] [tf_help]: Transform data too old when converting from map to odom
[component_container_isolated-2] [ERROR] [1789771532.650490293] [tf_help]: Data time: 60s 800000000ns, Transform time: 3s 842000000ns
[component_container_isolated-2] [ERROR] [1789771532.700071221] [tf_help]: Transform data too old when converting from map to odom
[component_container_isolated-2] [ERROR] [1789771532.700113312] [tf_help]: Data time: 60s 800000000ns, Transform time: 3s 842000000ns
[component_container_isolated-2] [ERROR] [1789771532.750037774] [tf_help]: Transform data too old when converting from map to odom
[component_container_isolated-2] [ERROR] [1789771532.750068370] [tf_help]: Data time: 60s 800000000ns, Transform time: 3s 842000000ns
[component_container_isolated-2] [ERROR] [1789771532.804131656] [tf_help]: Transform data too old when converting from map to odom
[component_container_isolated-2] [ERROR] [1789771532.804178281] [tf_help]: Data time: 60s 800000000ns, Transform time: 3s 842000000ns
[component_container_isolated-2] [ERROR] [1789771532.851295914] [tf_help]: Transform data too old when converting from map to odom
[component_container_isolated-2] [ERROR] [1789771532.851329007] [tf_help]: Data time: 60s 800000000ns, Transform time: 3s 842000000ns
[component_container_isolated-2] [ERROR] [1789771532.900637572] [tf_help]: Transform data too old when converting from map to odom
[component_container_isolated-2] [ERROR] [1789771532.900685834] [tf_help]: Data time: 60s 800000000ns, Transform time: 3s 842000000ns
[component_container_isolated-2] [ERROR] [1789771532.950656019] [tf_help]: Transform data too old when converting from map to odom
[component_container_isolated-2] [ERROR] [1789771532.950720860] [tf_help]: Data time: 60s 800000000ns, Transform time: 3s 842000000ns
[component_container_isolated-2] [ERROR] [1789771533.000664953] [tf_help]: Transform data too old when converting from map to odom
[component_container_isolated-2] [ERROR] [1789771533.000702568] [tf_help]: Data time: 60s 800000000ns, Transform time: 3s 842000000ns
[component_container_isolated-2] [ERROR] [1789771533.052106074] [tf_help]: Transform data too old when converting from map to odom
[component_container_isolated-2] [ERROR] [1789771533.052144732] [tf_help]: Data time: 60s 800000000ns, Transform time: 3s 842000000ns
[component_container_isolated-2] [ERROR] [1789771533.100862586] [tf_help]: Transform data too old when converting from map to odom
[component_container_isolated-2] [ERROR] [1789771533.100894884] [tf_help]: Data time: 60s 800000000ns, Transform time: 3s 842000000ns
[component_container_isolated-2] [ERROR] [1789771533.152003492] [tf_help]: Transform data too old when converting from map to odom
[component_container_isolated-2] [ERROR] [1789771533.152039922] [tf_help]: Data time: 60s 800000000ns, Transform time: 3s 842000000ns
[component_container_isolated-2] [ERROR] [1789771533.200870567] [tf_help]: Transform data too old when converting from map to odom
[component_container_isolated-2] [ERROR] [1789771533.200906005] [tf_help]: Data time: 60s 800000000ns, Transform time: 3s 842000000ns
[component_container_isolated-2] [ERROR] [1789771533.250003720] [tf_help]: Transform data too old when converting from map to odom
[component_container_isolated-2] [ERROR] [1789771533.250034867] [tf_help]: Data time: 60s 800000000ns, Transform time: 3s 842000000ns
[component_container_isolated-2] [ERROR] [1789771533.300399574] [tf_help]: Transform data too old when converting from map to odom
[component_container_isolated-2] [ERROR] [1789771533.300436323] [tf_help]: Data time: 60s 800000000ns, Transform time: 3s 842000000ns
[component_container_isolated-2] [ERROR] [1789771533.350319314] [tf_help]: Transform data too old when converting from map to odom
[component_container_isolated-2] [ERROR] [1789771533.350357012] [tf_help]: Data time: 60s 800000000ns, Transform time: 3s 842000000ns
[component_container_isolated-2] [ERROR] [1789771533.400238016] [tf_help]: Transform data too old when converting from map to odom
[component_container_isolated-2] [ERROR] [1789771533.400273245] [tf_help]: Data time: 60s 800000000ns, Transform time: 3s 842000000ns
[component_container_isolated-2] [ERROR] [1789771533.450599043] [tf_help]: Transform data too old when converting from map to odom
[component_container_isolated-2] [ERROR] [1789771533.450629134] [tf_help]: Data time: 60s 800000000ns, Transform time: 3s 842000000ns
[component_container_isolated-2] [ERROR] [1789771533.500204123] [tf_help]: Transform data too old when converting from map to odom
[component_container_isolated-2] [ERROR] [1789771533.500245317] [tf_help]: Data time: 60s 800000000ns, Transform time: 3s 842000000ns
[component_container_isolated-2] [ERROR] [1789771533.550927406] [tf_help]: Transform data too old when converting from map to odom
[component_container_isolated-2] [ERROR] [1789771533.550957574] [tf_help]: Data time: 60s 800000000ns, Transform time: 3s 842000000ns
[component_container_isolated-2] [INFO] [1789771533.595867365] [controller_server]: Passing new path to controller.
[component_container_isolated-2] [ERROR] [1789771533.601087195] [tf_help]: Transform data too old when converting from map to odom
[component_container_isolated-2] [ERROR] [1789771533.601116667] [tf_help]: Data time: 61s 800000000ns, Transform time: 3s 842000000ns
[component_container_isolated-2] [ERROR] [1789771533.650214488] [tf_help]: Transform data too old when converting from map to odom
[component_container_isolated-2] [ERROR] [1789771533.650246917] [tf_help]: Data time: 61s 800000000ns, Transform time: 3s 842000000ns
[component_container_isolated-2] [ERROR] [1789771533.703964637] [tf_help]: Transform data too old when converting from map to odom
[component_container_isolated-2] [ERROR] [1789771533.704001904] [tf_help]: Data time: 61s 800000000ns, Transform time: 3s 842000000ns
[component_container_isolated-2] [ERROR] [1789771533.751047973] [tf_help]: Transform data too old when converting from map to odom
[component_container_isolated-2] [ERROR] [1789771533.751081157] [tf_help]: Data time: 61s 800000000ns, Transform time: 3s 842000000ns
[component_container_isolated-2] [ERROR] [1789771533.800097378] [tf_help]: Transform data too old when converting from map to odom
[component_container_isolated-2] [ERROR] [1789771533.800131772] [tf_help]: Data time: 61s 800000000ns, Transform time: 3s 842000000ns
[component_container_isolated-2] [ERROR] [1789771533.850438099] [tf_help]: Transform data too old when converting from map to odom
[component_container_isolated-2] [ERROR] [1789771533.850470704] [tf_help]: Data time: 61s 800000000ns, Transform time: 3s 842000000ns
[component_container_isolated-2] [ERROR] [1789771533.901921185] [tf_help]: Transform data too old when converting from map to odom
[component_container_isolated-2] [ERROR] [1789771533.901953521] [tf_help]: Data time: 61s 800000000ns, Transform time: 3s 842000000ns
[component_container_isolated-2] [ERROR] [1789771533.950095186] [tf_help]: Transform data too old when converting from map to odom
[component_container_isolated-2] [ERROR] [1789771533.950130859] [tf_help]: Data time: 61s 800000000ns, Transform time: 3s 842000000ns
[component_container_isolated-2] [ERROR] [1789771534.000455305] [tf_help]: Transform data too old when converting from map to odom
[component_container_isolated-2] [ERROR] [1789771534.000493062] [tf_help]: Data time: 61s 800000000ns, Transform time: 3s 842000000ns
[component_container_isolated-2] [ERROR] [1789771534.050250959] [tf_help]: Transform data too old when converting from map to odom
[component_container_isolated-2] [ERROR] [1789771534.050290236] [tf_help]: Data time: 61s 800000000ns, Transform time: 3s 842000000ns
[component_container_isolated-2] [ERROR] [1789771534.100274106] [tf_help]: Transform data too old when converting from map to odom
[component_container_isolated-2] [ERROR] [1789771534.100307334] [tf_help]: Data time: 61s 800000000ns, Transform time: 3s 842000000ns
[component_container_isolated-2] [ERROR] [1789771534.150102302] [tf_help]: Transform data too old when converting from map to odom
[component_container_isolated-2] [ERROR] [1789771534.150148345] [tf_help]: Data time: 61s 800000000ns, Transform time: 3s 842000000ns
[component_container_isolated-2] [ERROR] [1789771534.200374804] [tf_help]: Transform data too old when converting from map to odom
[component_container_isolated-2] [ERROR] [1789771534.200411340] [tf_help]: Data time: 61s 800000000ns, Transform time: 3s 842000000ns
[component_container_isolated-2] [ERROR] [1789771534.251079884] [tf_help]: Transform data too old when converting from map to odom
[component_container_isolated-2] [ERROR] [1789771534.251114277] [tf_help]: Data time: 61s 800000000ns, Transform time: 3s 842000000ns
[component_container_isolated-2] [ERROR] [1789771534.300566318] [tf_help]: Transform data too old when converting from map to odom
[component_container_isolated-2] [ERROR] [1789771534.300646971] [tf_help]: Data time: 61s 800000000ns, Transform time: 3s 842000000ns
[component_container_isolated-2] [ERROR] [1789771534.345915137] [controller_server]: Failed to make progress
[component_container_isolated-2] [WARN] [1789771534.345983793] [controller_server]: [follow_path] [ActionServer] Aborting handle.
[component_container_isolated-2] [INFO] [1789771534.365590987] [local_costmap.local_costmap]: Received request to clear entirely the local_costmap
[component_container_isolated-2] [INFO] [1789771534.366040171] [controller_server]: Received a goal, begin computing control effort.
[component_container_isolated-2] [ERROR] [1789771534.451697297] [tf_help]: Transform data too old when converting from map to odom
[component_container_isolated-2] [ERROR] [1789771534.451734056] [tf_help]: Data time: 61s 800000000ns, Transform time: 3s 842000000ns
[component_container_isolated-2] [WARN] [1789771534.451740005] [controller_server]: Control loop missed its desired rate of 20.0000Hz
[component_container_isolated-2] [ERROR] [1789771534.455863998] [tf_help]: Transform data too old when converting from map to odom
[component_container_isolated-2] [ERROR] [1789771534.455875924] [tf_help]: Data time: 61s 800000000ns, Transform time: 3s 842000000ns
[component_container_isolated-2] [ERROR] [1789771534.470844206] [tf_help]: Transform data too old when converting from map to odom
[component_container_isolated-2] [ERROR] [1789771534.470876129] [tf_help]: Data time: 61s 800000000ns, Transform time: 3s 842000000ns
[component_container_isolated-2] [ERROR] [1789771534.521145087] [tf_help]: Transform data too old when converting from map to odom
[component_container_isolated-2] [ERROR] [1789771534.521202489] [tf_help]: Data time: 61s 800000000ns, Transform time: 3s 842000000ns
[component_container_isolated-2] [ERROR] [1789771534.571464053] [tf_help]: Transform data too old when converting from map to odom
[component_container_isolated-2] [ERROR] [1789771534.571512705] [tf_help]: Data time: 61s 800000000ns, Transform time: 3s 842000000ns
[component_container_isolated-2] [INFO] [1789771534.616160247] [controller_server]: Passing new path to controller.
[component_container_isolated-2] [ERROR] [1789771534.623822678] [tf_help]: Transform data too old when converting from map to odom
[component_container_isolated-2] [ERROR] [1789771534.623873544] [tf_help]: Data time: 62s 700000000ns, Transform time: 3s 842000000ns
[component_container_isolated-2] [ERROR] [1789771534.673245697] [tf_help]: Transform data too old when converting from map to odom
[component_container_isolated-2] [ERROR] [1789771534.673286333] [tf_help]: Data time: 62s 700000000ns, Transform time: 3s 842000000ns
[component_container_isolated-2] [ERROR] [1789771534.721386156] [tf_help]: Transform data too old when converting from map to odom
[component_container_isolated-2] [ERROR] [1789771534.721420943] [tf_help]: Data time: 62s 700000000ns, Transform time: 3s 842000000ns
[component_container_isolated-2] [ERROR] [1789771534.770699691] [tf_help]: Transform data too old when converting from map to odom
[component_container_isolated-2] [ERROR] [1789771534.770739883] [tf_help]: Data time: 62s 700000000ns, Transform time: 3s 842000000ns
[component_container_isolated-2] [ERROR] [1789771534.820718917] [tf_help]: Transform data too old when converting from map to odom
[component_container_isolated-2] [ERROR] [1789771534.820751591] [tf_help]: Data time: 62s 700000000ns, Transform time: 3s 842000000ns
[component_container_isolated-2] [ERROR] [1789771534.871236500] [tf_help]: Transform data too old when converting from map to odom
[component_container_isolated-2] [ERROR] [1789771534.871280977] [tf_help]: Data time: 62s 700000000ns, Transform time: 3s 842000000ns
[component_container_isolated-2] [ERROR] [1789771534.920822506] [tf_help]: Transform data too old when converting from map to odom
[component_container_isolated-2] [ERROR] [1789771534.920861363] [tf_help]: Data time: 62s 700000000ns, Transform time: 3s 842000000ns
[component_container_isolated-2] [ERROR] [1789771534.970984548] [tf_help]: Transform data too old when converting from map to odom
[component_container_isolated-2] [ERROR] [1789771534.971015463] [tf_help]: Data time: 62s 700000000ns, Transform time: 3s 842000000ns
[component_container_isolated-2] [ERROR] [1789771535.020492888] [tf_help]: Transform data too old when converting from map to odom
[component_container_isolated-2] [ERROR] [1789771535.020526119] [tf_help]: Data time: 62s 700000000ns, Transform time: 3s 842000000ns
[component_container_isolated-2] [ERROR] [1789771535.071528424] [tf_help]: Transform data too old when converting from map to odom
[component_container_isolated-2] [ERROR] [1789771535.071560938] [tf_help]: Data time: 62s 700000000ns, Transform time: 3s 842000000ns
[component_container_isolated-2] [ERROR] [1789771535.121941917] [tf_help]: Transform data too old when converting from map to odom
[component_container_isolated-2] [ERROR] [1789771535.121988064] [tf_help]: Data time: 62s 700000000ns, Transform time: 3s 842000000ns
[component_container_isolated-2] [ERROR] [1789771535.172701808] [tf_help]: Transform data too old when converting from map to odom
[component_container_isolated-2] [ERROR] [1789771535.172734429] [tf_help]: Data time: 62s 700000000ns, Transform time: 3s 842000000ns
[component_container_isolated-2] [ERROR] [1789771535.222379832] [tf_help]: Transform data too old when converting from map to odom
[component_container_isolated-2] [ERROR] [1789771535.222415430] [tf_help]: Data time: 62s 700000000ns, Transform time: 3s 842000000ns
[component_container_isolated-2] [ERROR] [1789771535.274047511] [tf_help]: Transform data too old when converting from map to odom
[component_container_isolated-2] [ERROR] [1789771535.274095426] [tf_help]: Data time: 62s 700000000ns, Transform time: 3s 842000000ns
[component_container_isolated-2] [ERROR] [1789771535.323798850] [tf_help]: Transform data too old when converting from map to odom
[component_container_isolated-2] [ERROR] [1789771535.323835227] [tf_help]: Data time: 62s 700000000ns, Transform time: 3s 842000000ns
[component_container_isolated-2] [ERROR] [1789771535.370453236] [tf_help]: Transform data too old when converting from map to odom
[component_container_isolated-2] [ERROR] [1789771535.370489585] [tf_help]: Data time: 62s 700000000ns, Transform time: 3s 842000000ns
[component_container_isolated-2] [ERROR] [1789771535.421227635] [tf_help]: Transform data too old when converting from map to odom
[component_container_isolated-2] [ERROR] [1789771535.421262205] [tf_help]: Data time: 62s 700000000ns, Transform time: 3s 842000000ns
[component_container_isolated-2] [ERROR] [1789771535.471787411] [tf_help]: Transform data too old when converting from map to odom
[component_container_isolated-2] [ERROR] [1789771535.471826538] [tf_help]: Data time: 62s 700000000ns, Transform time: 3s 842000000ns
[component_container_isolated-2] [ERROR] [1789771535.520633254] [tf_help]: Transform data too old when converting from map to odom
[component_container_isolated-2] [ERROR] [1789771535.520678061] [tf_help]: Data time: 62s 700000000ns, Transform time: 3s 842000000ns
[component_container_isolated-2] [ERROR] [1789771535.570990596] [tf_help]: Transform data too old when converting from map to odom
[component_container_isolated-2] [ERROR] [1789771535.571104523] [tf_help]: Data time: 62s 700000000ns, Transform time: 3s 842000000ns
[component_container_isolated-2] [ERROR] [1789771535.622082088] [tf_help]: Transform data too old when converting from map to odom
[component_container_isolated-2] [ERROR] [1789771535.622130665] [tf_help]: Data time: 62s 700000000ns, Transform time: 3s 842000000ns
[component_container_isolated-2] [INFO] [1789771535.666196506] [controller_server]: Passing new path to controller.
[component_container_isolated-2] [ERROR] [1789771535.671298581] [tf_help]: Transform data too old when converting from map to odom
[component_container_isolated-2] [ERROR] [1789771535.671335740] [tf_help]: Data time: 63s 700000000ns, Transform time: 3s 842000000ns
[component_container_isolated-2] [ERROR] [1789771535.720708613] [tf_help]: Transform data too old when converting from map to odom
[component_container_isolated-2] [ERROR] [1789771535.720743237] [tf_help]: Data time: 63s 700000000ns, Transform time: 3s 842000000ns
[component_container_isolated-2] [ERROR] [1789771535.771582177] [tf_help]: Transform data too old when converting from map to odom
[component_container_isolated-2] [ERROR] [1789771535.771614195] [tf_help]: Data time: 63s 700000000ns, Transform time: 3s 842000000ns
[component_container_isolated-2] [ERROR] [1789771535.821027157] [tf_help]: Transform data too old when converting from map to odom
[component_container_isolated-2] [ERROR] [1789771535.821063728] [tf_help]: Data time: 63s 700000000ns, Transform time: 3s 842000000ns
[component_container_isolated-2] [ERROR] [1789771535.875293830] [tf_help]: Transform data too old when converting from map to odom
[component_container_isolated-2] [ERROR] [1789771535.875364397] [tf_help]: Data time: 63s 700000000ns, Transform time: 3s 842000000ns
[component_container_isolated-2] [ERROR] [1789771535.924877724] [tf_help]: Transform data too old when converting from map to odom
[component_container_isolated-2] [ERROR] [1789771535.924931435] [tf_help]: Data time: 63s 700000000ns, Transform time: 3s 842000000ns
[component_container_isolated-2] [ERROR] [1789771535.972246930] [tf_help]: Transform data too old when converting from map to odom
[component_container_isolated-2] [ERROR] [1789771535.972278292] [tf_help]: Data time: 63s 700000000ns, Transform time: 3s 842000000ns
[component_container_isolated-2] [ERROR] [1789771536.020913321] [tf_help]: Transform data too old when converting from map to odom
[component_container_isolated-2] [ERROR] [1789771536.020939342] [tf_help]: Data time: 63s 700000000ns, Transform time: 3s 842000000ns
[component_container_isolated-2] [ERROR] [1789771536.070905584] [tf_help]: Transform data too old when converting from map to odom
[component_container_isolated-2] [ERROR] [1789771536.070937000] [tf_help]: Data time: 63s 700000000ns, Transform time: 3s 842000000ns
[component_container_isolated-2] [ERROR] [1789771536.124787035] [tf_help]: Transform data too old when converting from map to odom
[component_container_isolated-2] [ERROR] [1789771536.124848773] [tf_help]: Data time: 63s 700000000ns, Transform time: 3s 842000000ns
[component_container_isolated-2] [ERROR] [1789771536.174656749] [tf_help]: Transform data too old when converting from map to odom
[component_container_isolated-2] [ERROR] [1789771536.174719922] [tf_help]: Data time: 63s 700000000ns, Transform time: 3s 842000000ns
[component_container_isolated-2] [ERROR] [1789771536.222206865] [tf_help]: Transform data too old when converting from map to odom
[component_container_isolated-2] [ERROR] [1789771536.222240659] [tf_help]: Data time: 63s 700000000ns, Transform time: 3s 842000000ns
[component_container_isolated-2] [ERROR] [1789771536.272377470] [tf_help]: Transform data too old when converting from map to odom
[component_container_isolated-2] [ERROR] [1789771536.272408232] [tf_help]: Data time: 63s 700000000ns, Transform time: 3s 842000000ns
[component_container_isolated-2] [ERROR] [1789771536.321058678] [tf_help]: Transform data too old when converting from map to odom
[component_container_isolated-2] [ERROR] [1789771536.321104952] [tf_help]: Data time: 63s 700000000ns, Transform time: 3s 842000000ns
[component_container_isolated-2] [ERROR] [1789771536.370835240] [tf_help]: Transform data too old when converting from map to odom
[component_container_isolated-2] [ERROR] [1789771536.370866714] [tf_help]: Data time: 63s 700000000ns, Transform time: 3s 842000000ns
[component_container_isolated-2] [ERROR] [1789771536.420375545] [tf_help]: Transform data too old when converting from map to odom
[component_container_isolated-2] [ERROR] [1789771536.420408226] [tf_help]: Data time: 63s 700000000ns, Transform time: 3s 842000000ns
[component_container_isolated-2] [ERROR] [1789771536.470471505] [tf_help]: Transform data too old when converting from map to odom
[component_container_isolated-2] [ERROR] [1789771536.470504675] [tf_help]: Data time: 63s 700000000ns, Transform time: 3s 842000000ns
[component_container_isolated-2] [ERROR] [1789771536.521122636] [tf_help]: Transform data too old when converting from map to odom
[component_container_isolated-2] [ERROR] [1789771536.521153110] [tf_help]: Data time: 63s 700000000ns, Transform time: 3s 842000000ns
[component_container_isolated-2] [ERROR] [1789771536.571119259] [tf_help]: Transform data too old when converting from map to odom
[component_container_isolated-2] [ERROR] [1789771536.571153195] [tf_help]: Data time: 63s 700000000ns, Transform time: 3s 842000000ns
[component_container_isolated-2] [ERROR] [1789771536.621692703] [tf_help]: Transform data too old when converting from map to odom
[component_container_isolated-2] [ERROR] [1789771536.621738800] [tf_help]: Data time: 63s 700000000ns, Transform time: 3s 842000000ns
[component_container_isolated-2] [ERROR] [1789771536.672183571] [tf_help]: Transform data too old when converting from map to odom
[component_container_isolated-2] [ERROR] [1789771536.672220967] [tf_help]: Data time: 63s 700000000ns, Transform time: 3s 842000000ns
[component_container_isolated-2] [INFO] [1789771536.716192710] [controller_server]: Passing new path to controller.
[component_container_isolated-2] [ERROR] [1789771536.721653600] [tf_help]: Transform data too old when converting from map to odom
[component_container_isolated-2] [ERROR] [1789771536.721691643] [tf_help]: Data time: 64s 600000000ns, Transform time: 3s 842000000ns
[component_container_isolated-2] [ERROR] [1789771536.771277749] [tf_help]: Transform data too old when converting from map to odom
[component_container_isolated-2] [ERROR] [1789771536.771314403] [tf_help]: Data time: 64s 600000000ns, Transform time: 3s 842000000ns
[component_container_isolated-2] [ERROR] [1789771536.821667714] [tf_help]: Transform data too old when converting from map to odom
[component_container_isolated-2] [ERROR] [1789771536.821704005] [tf_help]: Data time: 64s 600000000ns, Transform time: 3s 842000000ns
[component_container_isolated-2] [ERROR] [1789771536.871856985] [tf_help]: Transform data too old when converting from map to odom
[component_container_isolated-2] [ERROR] [1789771536.871890403] [tf_help]: Data time: 64s 600000000ns, Transform time: 3s 842000000ns
[component_container_isolated-2] [ERROR] [1789771536.920381106] [tf_help]: Transform data too old when converting from map to odom
[component_container_isolated-2] [ERROR] [1789771536.920414730] [tf_help]: Data time: 64s 600000000ns, Transform time: 3s 842000000ns
[component_container_isolated-2] [ERROR] [1789771536.970473023] [tf_help]: Transform data too old when converting from map to odom
[component_container_isolated-2] [ERROR] [1789771536.970505257] [tf_help]: Data time: 64s 600000000ns, Transform time: 3s 842000000ns
[component_container_isolated-2] [ERROR] [1789771537.020473913] [tf_help]: Transform data too old when converting from map to odom
[component_container_isolated-2] [ERROR] [1789771537.020508058] [tf_help]: Data time: 64s 600000000ns, Transform time: 3s 842000000ns
[component_container_isolated-2] [ERROR] [1789771537.070595869] [tf_help]: Transform data too old when converting from map to odom
[component_container_isolated-2] [ERROR] [1789771537.070631004] [tf_help]: Data time: 64s 600000000ns, Transform time: 3s 842000000ns
[component_container_isolated-2] [ERROR] [1789771537.120542740] [tf_help]: Transform data too old when converting from map to odom
[component_container_isolated-2] [ERROR] [1789771537.120577201] [tf_help]: Data time: 64s 600000000ns, Transform time: 3s 842000000ns
[component_container_isolated-2] [ERROR] [1789771537.173539830] [tf_help]: Transform data too old when converting from map to odom
[component_container_isolated-2] [ERROR] [1789771537.173578697] [tf_help]: Data time: 64s 600000000ns, Transform time: 3s 842000000ns
[component_container_isolated-2] [ERROR] [1789771537.224680664] [tf_help]: Transform data too old when converting from map to odom
[component_container_isolated-2] [ERROR] [1789771537.224714582] [tf_help]: Data time: 64s 600000000ns, Transform time: 3s 842000000ns
[component_container_isolated-2] [ERROR] [1789771537.271895474] [tf_help]: Transform data too old when converting from map to odom
[component_container_isolated-2] [ERROR] [1789771537.271933034] [tf_help]: Data time: 64s 600000000ns, Transform time: 3s 842000000ns
[component_container_isolated-2] [ERROR] [1789771537.325202041] [tf_help]: Transform data too old when converting from map to odom
[component_container_isolated-2] [ERROR] [1789771537.325249362] [tf_help]: Data time: 64s 600000000ns, Transform time: 3s 842000000ns
[component_container_isolated-2] [ERROR] [1789771537.370749814] [tf_help]: Transform data too old when converting from map to odom
[component_container_isolated-2] [ERROR] [1789771537.370796968] [tf_help]: Data time: 64s 600000000ns, Transform time: 3s 842000000ns
[component_container_isolated-2] [ERROR] [1789771537.420766484] [tf_help]: Transform data too old when converting from map to odom
[component_container_isolated-2] [ERROR] [1789771537.420799869] [tf_help]: Data time: 64s 600000000ns, Transform time: 3s 842000000ns
[component_container_isolated-2] [ERROR] [1789771537.470540017] [tf_help]: Transform data too old when converting from map to odom
[component_container_isolated-2] [ERROR] [1789771537.470576842] [tf_help]: Data time: 64s 600000000ns, Transform time: 3s 842000000ns
[component_container_isolated-2] [ERROR] [1789771537.523732939] [tf_help]: Transform data too old when converting from map to odom
[component_container_isolated-2] [ERROR] [1789771537.523799826] [tf_help]: Data time: 64s 600000000ns, Transform time: 3s 842000000ns
[component_container_isolated-2] [ERROR] [1789771537.570542530] [tf_help]: Transform data too old when converting from map to odom
[component_container_isolated-2] [ERROR] [1789771537.570598001] [tf_help]: Data time: 64s 600000000ns, Transform time: 3s 842000000ns
[component_container_isolated-2] [ERROR] [1789771537.620529710] [tf_help]: Transform data too old when converting from map to odom
[component_container_isolated-2] [ERROR] [1789771537.620572187] [tf_help]: Data time: 64s 600000000ns, Transform time: 3s 842000000ns
[component_container_isolated-2] [ERROR] [1789771537.672854149] [tf_help]: Transform data too old when converting from map to odom
[component_container_isolated-2] [ERROR] [1789771537.672887009] [tf_help]: Data time: 64s 600000000ns, Transform time: 3s 842000000ns
[component_container_isolated-2] [INFO] [1789771537.716161857] [controller_server]: Passing new path to controller.
[component_container_isolated-2] [ERROR] [1789771537.721597272] [tf_help]: Transform data too old when converting from map to odom
[component_container_isolated-2] [ERROR] [1789771537.721633723] [tf_help]: Data time: 65s 600000000ns, Transform time: 3s 842000000ns
[component_container_isolated-2] [ERROR] [1789771537.770653264] [tf_help]: Transform data too old when converting from map to odom
[component_container_isolated-2] [ERROR] [1789771537.770700456] [tf_help]: Data time: 65s 600000000ns, Transform time: 3s 842000000ns
[component_container_isolated-2] [ERROR] [1789771537.820600072] [tf_help]: Transform data too old when converting from map to odom
[component_container_isolated-2] [ERROR] [1789771537.820638061] [tf_help]: Data time: 65s 600000000ns, Transform time: 3s 842000000ns
[component_container_isolated-2] [ERROR] [1789771537.871052753] [tf_help]: Transform data too old when converting from map to odom
[component_container_isolated-2] [ERROR] [1789771537.871084920] [tf_help]: Data time: 65s 600000000ns, Transform time: 3s 842000000ns
[component_container_isolated-2] [ERROR] [1789771537.922354620] [tf_help]: Transform data too old when converting from map to odom
[component_container_isolated-2] [ERROR] [1789771537.922396823] [tf_help]: Data time: 65s 600000000ns, Transform time: 3s 842000000ns
[component_container_isolated-2] [ERROR] [1789771537.970657559] [tf_help]: Transform data too old when converting from map to odom
[component_container_isolated-2] [ERROR] [1789771537.970687847] [tf_help]: Data time: 65s 600000000ns, Transform time: 3s 842000000ns
[component_container_isolated-2] [ERROR] [1789771538.020461838] [tf_help]: Transform data too old when converting from map to odom
[component_container_isolated-2] [ERROR] [1789771538.020493776] [tf_help]: Data time: 65s 600000000ns, Transform time: 3s 842000000ns
[component_container_isolated-2] [ERROR] [1789771538.071075133] [tf_help]: Transform data too old when converting from map to odom
[component_container_isolated-2] [ERROR] [1789771538.071110682] [tf_help]: Data time: 65s 600000000ns, Transform time: 3s 842000000ns
[component_container_isolated-2] [ERROR] [1789771538.121326024] [tf_help]: Transform data too old when converting from map to odom
[component_container_isolated-2] [ERROR] [1789771538.121386235] [tf_help]: Data time: 65s 600000000ns, Transform time: 3s 842000000ns
[component_container_isolated-2] [ERROR] [1789771538.171043486] [tf_help]: Transform data too old when converting from map to odom
[component_container_isolated-2] [ERROR] [1789771538.171109152] [tf_help]: Data time: 65s 600000000ns, Transform time: 3s 842000000ns
[component_container_isolated-2] [ERROR] [1789771538.225225963] [tf_help]: Transform data too old when converting from map to odom
[component_container_isolated-2] [ERROR] [1789771538.225276690] [tf_help]: Data time: 65s 600000000ns, Transform time: 3s 842000000ns
[component_container_isolated-2] [ERROR] [1789771538.274544692] [tf_help]: Transform data too old when converting from map to odom
[component_container_isolated-2] [ERROR] [1789771538.274592008] [tf_help]: Data time: 65s 600000000ns, Transform time: 3s 842000000ns
[component_container_isolated-2] [ERROR] [1789771538.322045506] [tf_help]: Transform data too old when converting from map to odom
[component_container_isolated-2] [ERROR] [1789771538.322091964] [tf_help]: Data time: 65s 600000000ns, Transform time: 3s 842000000ns
[component_container_isolated-2] [ERROR] [1789771538.370890838] [tf_help]: Transform data too old when converting from map to odom
[component_container_isolated-2] [ERROR] [1789771538.370924899] [tf_help]: Data time: 65s 600000000ns, Transform time: 3s 842000000ns
[component_container_isolated-2] [ERROR] [1789771538.424368962] [tf_help]: Transform data too old when converting from map to odom
[component_container_isolated-2] [ERROR] [1789771538.424416277] [tf_help]: Data time: 65s 600000000ns, Transform time: 3s 842000000ns
[component_container_isolated-2] [ERROR] [1789771538.472949269] [tf_help]: Transform data too old when converting from map to odom
[component_container_isolated-2] [ERROR] [1789771538.472984417] [tf_help]: Data time: 65s 600000000ns, Transform time: 3s 842000000ns
[component_container_isolated-2] [ERROR] [1789771538.521048589] [tf_help]: Transform data too old when converting from map to odom
[component_container_isolated-2] [ERROR] [1789771538.521080671] [tf_help]: Data time: 65s 600000000ns, Transform time: 3s 842000000ns
[component_container_isolated-2] [ERROR] [1789771538.571451944] [tf_help]: Transform data too old when converting from map to odom
[component_container_isolated-2] [ERROR] [1789771538.571484581] [tf_help]: Data time: 65s 600000000ns, Transform time: 3s 842000000ns
[component_container_isolated-2] [ERROR] [1789771538.620675752] [tf_help]: Transform data too old when converting from map to odom
[component_container_isolated-2] [ERROR] [1789771538.620708805] [tf_help]: Data time: 65s 600000000ns, Transform time: 3s 842000000ns
[component_container_isolated-2] [ERROR] [1789771538.671624654] [tf_help]: Transform data too old when converting from map to odom
[component_container_isolated-2] [ERROR] [1789771538.671659738] [tf_help]: Data time: 65s 600000000ns, Transform time: 3s 842000000ns
[component_container_isolated-2] [ERROR] [1789771538.720540242] [tf_help]: Transform data too old when converting from map to odom
[component_container_isolated-2] [ERROR] [1789771538.720574417] [tf_help]: Data time: 65s 600000000ns, Transform time: 3s 842000000ns
[component_container_isolated-2] [INFO] [1789771538.766199012] [controller_server]: Passing new path to controller.
[component_container_isolated-2] [ERROR] [1789771538.770780480] [tf_help]: Transform data too old when converting from map to odom
[component_container_isolated-2] [ERROR] [1789771538.770815272] [tf_help]: Data time: 66s 600000000ns, Transform time: 3s 842000000ns
[component_container_isolated-2] [ERROR] [1789771538.821002654] [tf_help]: Transform data too old when converting from map to odom
[component_container_isolated-2] [ERROR] [1789771538.821035854] [tf_help]: Data time: 66s 600000000ns, Transform time: 3s 842000000ns
[component_container_isolated-2] [ERROR] [1789771538.871362505] [tf_help]: Transform data too old when converting from map to odom
[component_container_isolated-2] [ERROR] [1789771538.871398115] [tf_help]: Data time: 66s 600000000ns, Transform time: 3s 842000000ns
[component_container_isolated-2] [ERROR] [1789771538.921498313] [tf_help]: Transform data too old when converting from map to odom
[component_container_isolated-2] [ERROR] [1789771538.921529752] [tf_help]: Data time: 66s 600000000ns, Transform time: 3s 842000000ns
[component_container_isolated-2] [ERROR] [1789771538.970669889] [tf_help]: Transform data too old when converting from map to odom
[component_container_isolated-2] [ERROR] [1789771538.970705034] [tf_help]: Data time: 66s 600000000ns, Transform time: 3s 842000000ns
[component_container_isolated-2] [ERROR] [1789771539.022194895] [tf_help]: Transform data too old when converting from map to odom
[component_container_isolated-2] [ERROR] [1789771539.022235379] [tf_help]: Data time: 66s 600000000ns, Transform time: 3s 842000000ns
[component_container_isolated-2] [ERROR] [1789771539.071520472] [tf_help]: Transform data too old when converting from map to odom
[component_container_isolated-2] [ERROR] [1789771539.071558752] [tf_help]: Data time: 66s 600000000ns, Transform time: 3s 842000000ns
[component_container_isolated-2] [ERROR] [1789771539.121477200] [tf_help]: Transform data too old when converting from map to odom
[component_container_isolated-2] [ERROR] [1789771539.121510144] [tf_help]: Data time: 66s 600000000ns, Transform time: 3s 842000000ns
[component_container_isolated-2] [ERROR] [1789771539.170544489] [tf_help]: Transform data too old when converting from map to odom
[component_container_isolated-2] [ERROR] [1789771539.170578570] [tf_help]: Data time: 66s 600000000ns, Transform time: 3s 842000000ns
[component_container_isolated-2] [ERROR] [1789771539.221951161] [tf_help]: Transform data too old when converting from map to odom
[component_container_isolated-2] [ERROR] [1789771539.221981235] [tf_help]: Data time: 66s 600000000ns, Transform time: 3s 842000000ns
[component_container_isolated-2] [ERROR] [1789771539.271224932] [tf_help]: Transform data too old when converting from map to odom
[component_container_isolated-2] [ERROR] [1789771539.271256894] [tf_help]: Data time: 66s 600000000ns, Transform time: 3s 842000000ns
[component_container_isolated-2] [ERROR] [1789771539.321327581] [tf_help]: Transform data too old when converting from map to odom
[component_container_isolated-2] [ERROR] [1789771539.321358691] [tf_help]: Data time: 66s 600000000ns, Transform time: 3s 842000000ns
[component_container_isolated-2] [ERROR] [1789771539.370945821] [tf_help]: Transform data too old when converting from map to odom
[component_container_isolated-2] [ERROR] [1789771539.370975367] [tf_help]: Data time: 66s 600000000ns, Transform time: 3s 842000000ns
[component_container_isolated-2] [ERROR] [1789771539.421418049] [tf_help]: Transform data too old when converting from map to odom
[component_container_isolated-2] [ERROR] [1789771539.421457831] [tf_help]: Data time: 66s 600000000ns, Transform time: 3s 842000000ns
[component_container_isolated-2] [ERROR] [1789771539.473393499] [tf_help]: Transform data too old when converting from map to odom
[component_container_isolated-2] [ERROR] [1789771539.473422766] [tf_help]: Data time: 66s 600000000ns, Transform time: 3s 842000000ns
[component_container_isolated-2] [ERROR] [1789771539.521722869] [tf_help]: Transform data too old when converting from map to odom
[component_container_isolated-2] [ERROR] [1789771539.521751308] [tf_help]: Data time: 66s 600000000ns, Transform time: 3s 842000000ns
[component_container_isolated-2] [ERROR] [1789771539.575026538] [tf_help]: Transform data too old when converting from map to odom
[component_container_isolated-2] [ERROR] [1789771539.575075442] [tf_help]: Data time: 66s 600000000ns, Transform time: 3s 842000000ns
[component_container_isolated-2] [ERROR] [1789771539.624917326] [tf_help]: Transform data too old when converting from map to odom
[component_container_isolated-2] [ERROR] [1789771539.624951572] [tf_help]: Data time: 66s 600000000ns, Transform time: 3s 842000000ns
[component_container_isolated-2] [ERROR] [1789771539.671780834] [tf_help]: Transform data too old when converting from map to odom
[component_container_isolated-2] [ERROR] [1789771539.671808739] [tf_help]: Data time: 66s 600000000ns, Transform time: 3s 842000000ns
[component_container_isolated-2] [ERROR] [1789771539.720946163] [tf_help]: Transform data too old when converting from map to odom
[component_container_isolated-2] [ERROR] [1789771539.720978609] [tf_help]: Data time: 66s 600000000ns, Transform time: 3s 842000000ns
[component_container_isolated-2] [INFO] [1789771539.766160786] [controller_server]: Passing new path to controller.
[component_container_isolated-2] [ERROR] [1789771539.770826366] [tf_help]: Transform data too old when converting from map to odom
[component_container_isolated-2] [ERROR] [1789771539.770848548] [tf_help]: Data time: 67s 600000000ns, Transform time: 3s 842000000ns
[component_container_isolated-2] [ERROR] [1789771539.824808011] [tf_help]: Transform data too old when converting from map to odom
[component_container_isolated-2] [ERROR] [1789771539.824853359] [tf_help]: Data time: 67s 600000000ns, Transform time: 3s 842000000ns
[component_container_isolated-2] [ERROR] [1789771539.873614650] [tf_help]: Transform data too old when converting from map to odom
[component_container_isolated-2] [ERROR] [1789771539.873647515] [tf_help]: Data time: 67s 600000000ns, Transform time: 3s 842000000ns
[component_container_isolated-2] [ERROR] [1789771539.924248407] [tf_help]: Transform data too old when converting from map to odom
[component_container_isolated-2] [ERROR] [1789771539.924278801] [tf_help]: Data time: 67s 600000000ns, Transform time: 3s 842000000ns
[component_container_isolated-2] [ERROR] [1789771539.971068211] [tf_help]: Transform data too old when converting from map to odom
[component_container_isolated-2] [ERROR] [1789771539.971100962] [tf_help]: Data time: 67s 600000000ns, Transform time: 3s 842000000ns
[component_container_isolated-2] [ERROR] [1789771540.020674441] [tf_help]: Transform data too old when converting from map to odom
[component_container_isolated-2] [ERROR] [1789771540.020722713] [tf_help]: Data time: 67s 600000000ns, Transform time: 3s 842000000ns
[component_container_isolated-2] [ERROR] [1789771540.074193326] [tf_help]: Transform data too old when converting from map to odom
[component_container_isolated-2] [ERROR] [1789771540.074263100] [tf_help]: Data time: 67s 600000000ns, Transform time: 3s 842000000ns
[component_container_isolated-2] [ERROR] [1789771540.122570170] [tf_help]: Transform data too old when converting from map to odom
[component_container_isolated-2] [ERROR] [1789771540.122627144] [tf_help]: Data time: 67s 600000000ns, Transform time: 3s 842000000ns
[component_container_isolated-2] [ERROR] [1789771540.172684683] [tf_help]: Transform data too old when converting from map to odom
[component_container_isolated-2] [ERROR] [1789771540.172719007] [tf_help]: Data time: 67s 600000000ns, Transform time: 3s 842000000ns
[component_container_isolated-2] [ERROR] [1789771540.223425988] [tf_help]: Transform data too old when converting from map to odom
[component_container_isolated-2] [ERROR] [1789771540.223478260] [tf_help]: Data time: 67s 600000000ns, Transform time: 3s 842000000ns
[component_container_isolated-2] [ERROR] [1789771540.274915454] [tf_help]: Transform data too old when converting from map to odom
[component_container_isolated-2] [ERROR] [1789771540.274960615] [tf_help]: Data time: 67s 600000000ns, Transform time: 3s 842000000ns
[component_container_isolated-2] [ERROR] [1789771540.321320003] [tf_help]: Transform data too old when converting from map to odom
[component_container_isolated-2] [ERROR] [1789771540.321354213] [tf_help]: Data time: 67s 600000000ns, Transform time: 3s 842000000ns
[component_container_isolated-2] [ERROR] [1789771540.370512185] [tf_help]: Transform data too old when converting from map to odom
[component_container_isolated-2] [ERROR] [1789771540.370542805] [tf_help]: Data time: 67s 600000000ns, Transform time: 3s 842000000ns
[component_container_isolated-2] [ERROR] [1789771540.420736633] [tf_help]: Transform data too old when converting from map to odom
[component_container_isolated-2] [ERROR] [1789771540.420764100] [tf_help]: Data time: 67s 600000000ns, Transform time: 3s 842000000ns
[component_container_isolated-2] [ERROR] [1789771540.470695352] [tf_help]: Transform data too old when converting from map to odom
[component_container_isolated-2] [ERROR] [1789771540.470732538] [tf_help]: Data time: 67s 600000000ns, Transform time: 3s 842000000ns
[component_container_isolated-2] [ERROR] [1789771540.520649778] [tf_help]: Transform data too old when converting from map to odom
[component_container_isolated-2] [ERROR] [1789771540.520686927] [tf_help]: Data time: 67s 600000000ns, Transform time: 3s 842000000ns
[component_container_isolated-2] [ERROR] [1789771540.570496546] [tf_help]: Transform data too old when converting from map to odom
[component_container_isolated-2] [ERROR] [1789771540.570534518] [tf_help]: Data time: 67s 600000000ns, Transform time: 3s 842000000ns
[component_container_isolated-2] [ERROR] [1789771540.620901070] [tf_help]: Transform data too old when converting from map to odom
[component_container_isolated-2] [ERROR] [1789771540.620942673] [tf_help]: Data time: 67s 600000000ns, Transform time: 3s 842000000ns
[component_container_isolated-2] [ERROR] [1789771540.671100870] [tf_help]: Transform data too old when converting from map to odom
[component_container_isolated-2] [ERROR] [1789771540.671132862] [tf_help]: Data time: 67s 600000000ns, Transform time: 3s 842000000ns
[component_container_isolated-2] [ERROR] [1789771540.725117027] [tf_help]: Transform data too old when converting from map to odom
[component_container_isolated-2] [ERROR] [1789771540.725159198] [tf_help]: Data time: 67s 600000000ns, Transform time: 3s 842000000ns
[component_container_isolated-2] [ERROR] [1789771540.774419057] [tf_help]: Transform data too old when converting from map to odom
[component_container_isolated-2] [ERROR] [1789771540.774471538] [tf_help]: Data time: 67s 600000000ns, Transform time: 3s 842000000ns
[component_container_isolated-2] [INFO] [1789771540.816172553] [controller_server]: Passing new path to controller.
[component_container_isolated-2] [ERROR] [1789771540.827579983] [tf_help]: Transform data too old when converting from map to odom
[component_container_isolated-2] [ERROR] [1789771540.827614388] [tf_help]: Data time: 68s 600000000ns, Transform time: 3s 842000000ns
[component_container_isolated-2] [ERROR] [1789771540.872574451] [tf_help]: Transform data too old when converting from map to odom
[component_container_isolated-2] [ERROR] [1789771540.872605397] [tf_help]: Data time: 68s 600000000ns, Transform time: 3s 842000000ns
[component_container_isolated-2] [ERROR] [1789771540.921657366] [tf_help]: Transform data too old when converting from map to odom
[component_container_isolated-2] [ERROR] [1789771540.921689267] [tf_help]: Data time: 68s 600000000ns, Transform time: 3s 842000000ns
[component_container_isolated-2] [ERROR] [1789771540.970535620] [tf_help]: Transform data too old when converting from map to odom
[component_container_isolated-2] [ERROR] [1789771540.970567679] [tf_help]: Data time: 68s 600000000ns, Transform time: 3s 842000000ns
[component_container_isolated-2] [ERROR] [1789771541.020854367] [tf_help]: Transform data too old when converting from map to odom
[component_container_isolated-2] [ERROR] [1789771541.020899182] [tf_help]: Data time: 68s 600000000ns, Transform time: 3s 842000000ns
[component_container_isolated-2] [ERROR] [1789771541.070692745] [tf_help]: Transform data too old when converting from map to odom
[component_container_isolated-2] [ERROR] [1789771541.070726976] [tf_help]: Data time: 68s 600000000ns, Transform time: 3s 842000000ns
[component_container_isolated-2] [ERROR] [1789771541.121307728] [tf_help]: Transform data too old when converting from map to odom
[component_container_isolated-2] [ERROR] [1789771541.121340100] [tf_help]: Data time: 68s 600000000ns, Transform time: 3s 842000000ns
[component_container_isolated-2] [ERROR] [1789771541.172975950] [tf_help]: Transform data too old when converting from map to odom
[component_container_isolated-2] [ERROR] [1789771541.173007180] [tf_help]: Data time: 68s 600000000ns, Transform time: 3s 842000000ns
[component_container_isolated-2] [ERROR] [1789771541.221488082] [tf_help]: Transform data too old when converting from map to odom
[component_container_isolated-2] [ERROR] [1789771541.221532639] [tf_help]: Data time: 68s 600000000ns, Transform time: 3s 842000000ns
[component_container_isolated-2] [ERROR] [1789771541.272337583] [tf_help]: Transform data too old when converting from map to odom
[component_container_isolated-2] [ERROR] [1789771541.272381349] [tf_help]: Data time: 68s 600000000ns, Transform time: 3s 842000000ns
[component_container_isolated-2] [ERROR] [1789771541.321969413] [tf_help]: Transform data too old when converting from map to odom
[component_container_isolated-2] [ERROR] [1789771541.322008367] [tf_help]: Data time: 68s 600000000ns, Transform time: 3s 842000000ns
[component_container_isolated-2] [ERROR] [1789771541.370975464] [tf_help]: Transform data too old when converting from map to odom
[component_container_isolated-2] [ERROR] [1789771541.371013052] [tf_help]: Data time: 68s 600000000ns, Transform time: 3s 842000000ns
[component_container_isolated-2] [ERROR] [1789771541.420801022] [tf_help]: Transform data too old when converting from map to odom
[component_container_isolated-2] [ERROR] [1789771541.420842577] [tf_help]: Data time: 68s 600000000ns, Transform time: 3s 842000000ns
[component_container_isolated-2] [ERROR] [1789771541.470714035] [tf_help]: Transform data too old when converting from map to odom
[component_container_isolated-2] [ERROR] [1789771541.470749527] [tf_help]: Data time: 68s 600000000ns, Transform time: 3s 842000000ns
[component_container_isolated-2] [ERROR] [1789771541.520529514] [tf_help]: Transform data too old when converting from map to odom
[component_container_isolated-2] [ERROR] [1789771541.520563338] [tf_help]: Data time: 68s 600000000ns, Transform time: 3s 842000000ns
[component_container_isolated-2] [ERROR] [1789771541.570894608] [tf_help]: Transform data too old when converting from map to odom
[component_container_isolated-2] [ERROR] [1789771541.570929079] [tf_help]: Data time: 68s 600000000ns, Transform time: 3s 842000000ns
[component_container_isolated-2] [ERROR] [1789771541.620800554] [tf_help]: Transform data too old when converting from map to odom
[component_container_isolated-2] [ERROR] [1789771541.620832647] [tf_help]: Data time: 68s 600000000ns, Transform time: 3s 842000000ns
[component_container_isolated-2] [ERROR] [1789771541.670747775] [tf_help]: Transform data too old when converting from map to odom
[component_container_isolated-2] [ERROR] [1789771541.670796488] [tf_help]: Data time: 68s 600000000ns, Transform time: 3s 842000000ns
[component_container_isolated-2] [ERROR] [1789771541.720537717] [tf_help]: Transform data too old when converting from map to odom
[component_container_isolated-2] [ERROR] [1789771541.720571156] [tf_help]: Data time: 68s 600000000ns, Transform time: 3s 842000000ns
[component_container_isolated-2] [ERROR] [1789771541.771389443] [tf_help]: Transform data too old when converting from map to odom
[component_container_isolated-2] [ERROR] [1789771541.771426446] [tf_help]: Data time: 68s 600000000ns, Transform time: 3s 842000000ns
[component_container_isolated-2] [WARN] [1789771541.795926322] [planner_server]: Planner loop missed its desired rate of 20.0000 Hz. Current loop rate is 10.0000 Hz
[component_container_isolated-2] [INFO] [1789771541.816192865] [controller_server]: Passing new path to controller.
[component_container_isolated-2] [ERROR] [1789771541.822888018] [tf_help]: Transform data too old when converting from map to odom
[component_container_isolated-2] [ERROR] [1789771541.822923806] [tf_help]: Data time: 69s 600000000ns, Transform time: 3s 842000000ns
[component_container_isolated-2] [ERROR] [1789771541.871724273] [tf_help]: Transform data too old when converting from map to odom
[component_container_isolated-2] [ERROR] [1789771541.871765533] [tf_help]: Data time: 69s 600000000ns, Transform time: 3s 842000000ns
[component_container_isolated-2] [ERROR] [1789771541.921450257] [tf_help]: Transform data too old when converting from map to odom
[component_container_isolated-2] [ERROR] [1789771541.921492648] [tf_help]: Data time: 69s 600000000ns, Transform time: 3s 842000000ns
[component_container_isolated-2] [ERROR] [1789771541.974574273] [tf_help]: Transform data too old when converting from map to odom
[component_container_isolated-2] [ERROR] [1789771541.974638355] [tf_help]: Data time: 69s 600000000ns, Transform time: 3s 842000000ns
[component_container_isolated-2] [ERROR] [1789771542.024128604] [tf_help]: Transform data too old when converting from map to odom
[component_container_isolated-2] [ERROR] [1789771542.024163426] [tf_help]: Data time: 69s 600000000ns, Transform time: 3s 842000000ns
[component_container_isolated-2] [ERROR] [1789771542.070570264] [tf_help]: Transform data too old when converting from map to odom
[component_container_isolated-2] [ERROR] [1789771542.070603646] [tf_help]: Data time: 69s 600000000ns, Transform time: 3s 842000000ns
[component_container_isolated-2] [ERROR] [1789771542.120551165] [tf_help]: Transform data too old when converting from map to odom
[component_container_isolated-2] [ERROR] [1789771542.120585304] [tf_help]: Data time: 69s 600000000ns, Transform time: 3s 842000000ns
[component_container_isolated-2] [ERROR] [1789771542.170854499] [tf_help]: Transform data too old when converting from map to odom
[component_container_isolated-2] [ERROR] [1789771542.170887872] [tf_help]: Data time: 69s 600000000ns, Transform time: 3s 842000000ns
[ground_truth_localizer-1] [INFO] [1789771542.205483104] [ground_truth_localizer]: last 10 s: ground truth msgs 294, map->odom published 294 (294 via latest odom TF)
[component_container_isolated-2] [ERROR] [1789771542.220908753] [tf_help]: Transform data too old when converting from map to odom
[component_container_isolated-2] [ERROR] [1789771542.220943683] [tf_help]: Data time: 69s 600000000ns, Transform time: 3s 842000000ns
[component_container_isolated-2] [ERROR] [1789771542.270514092] [tf_help]: Transform data too old when converting from map to odom
[component_container_isolated-2] [ERROR] [1789771542.270547045] [tf_help]: Data time: 69s 600000000ns, Transform time: 3s 842000000ns
[component_container_isolated-2] [ERROR] [1789771542.320525373] [tf_help]: Transform data too old when converting from map to odom
[component_container_isolated-2] [ERROR] [1789771542.320554468] [tf_help]: Data time: 69s 600000000ns, Transform time: 3s 842000000ns
[component_container_isolated-2] [ERROR] [1789771542.370365257] [tf_help]: Transform data too old when converting from map to odom
[component_container_isolated-2] [ERROR] [1789771542.370400498] [tf_help]: Data time: 69s 600000000ns, Transform time: 3s 842000000ns
[component_container_isolated-2] [ERROR] [1789771542.420859453] [tf_help]: Transform data too old when converting from map to odom
[component_container_isolated-2] [ERROR] [1789771542.420894128] [tf_help]: Data time: 69s 600000000ns, Transform time: 3s 842000000ns
[component_container_isolated-2] [ERROR] [1789771542.470698408] [tf_help]: Transform data too old when converting from map to odom
[component_container_isolated-2] [ERROR] [1789771542.470735004] [tf_help]: Data time: 69s 600000000ns, Transform time: 3s 842000000ns
[component_container_isolated-2] [ERROR] [1789771542.521879877] [tf_help]: Transform data too old when converting from map to odom
[component_container_isolated-2] [ERROR] [1789771542.521934934] [tf_help]: Data time: 69s 600000000ns, Transform time: 3s 842000000ns
[component_container_isolated-2] [ERROR] [1789771542.571910847] [tf_help]: Transform data too old when converting from map to odom
[component_container_isolated-2] [ERROR] [1789771542.571972582] [tf_help]: Data time: 69s 600000000ns, Transform time: 3s 842000000ns
[component_container_isolated-2] [ERROR] [1789771542.621207566] [tf_help]: Transform data too old when converting from map to odom
[component_container_isolated-2] [ERROR] [1789771542.621238489] [tf_help]: Data time: 69s 600000000ns, Transform time: 3s 842000000ns
[component_container_isolated-2] [ERROR] [1789771542.670781288] [tf_help]: Transform data too old when converting from map to odom
[component_container_isolated-2] [ERROR] [1789771542.670835592] [tf_help]: Data time: 69s 600000000ns, Transform time: 3s 842000000ns
[component_container_isolated-2] [ERROR] [1789771542.720508813] [tf_help]: Transform data too old when converting from map to odom
[component_container_isolated-2] [ERROR] [1789771542.720542973] [tf_help]: Data time: 69s 600000000ns, Transform time: 3s 842000000ns
[component_container_isolated-2] [ERROR] [1789771542.770589656] [tf_help]: Transform data too old when converting from map to odom
[component_container_isolated-2] [ERROR] [1789771542.770625239] [tf_help]: Data time: 69s 600000000ns, Transform time: 3s 842000000ns
[component_container_isolated-2] [ERROR] [1789771542.820684441] [tf_help]: Transform data too old when converting from map to odom
[component_container_isolated-2] [ERROR] [1789771542.820720067] [tf_help]: Data time: 69s 600000000ns, Transform time: 3s 842000000ns
[component_container_isolated-2] [INFO] [1789771542.866202595] [controller_server]: Passing new path to controller.
[component_container_isolated-2] [ERROR] [1789771542.870826993] [tf_help]: Transform data too old when converting from map to odom
[component_container_isolated-2] [ERROR] [1789771542.870857100] [tf_help]: Data time: 70s 500000000ns, Transform time: 3s 842000000ns
[component_container_isolated-2] [ERROR] [1789771542.922929099] [tf_help]: Transform data too old when converting from map to odom
[component_container_isolated-2] [ERROR] [1789771542.922969344] [tf_help]: Data time: 70s 500000000ns, Transform time: 3s 842000000ns
[component_container_isolated-2] [ERROR] [1789771542.970791188] [tf_help]: Transform data too old when converting from map to odom
[component_container_isolated-2] [ERROR] [1789771542.970831892] [tf_help]: Data time: 70s 500000000ns, Transform time: 3s 842000000ns
[component_container_isolated-2] [ERROR] [1789771543.025009251] [tf_help]: Transform data too old when converting from map to odom
[component_container_isolated-2] [ERROR] [1789771543.025055406] [tf_help]: Data time: 70s 500000000ns, Transform time: 3s 842000000ns
[component_container_isolated-2] [ERROR] [1789771543.074665284] [tf_help]: Transform data too old when converting from map to odom
[component_container_isolated-2] [ERROR] [1789771543.074708313] [tf_help]: Data time: 70s 500000000ns, Transform time: 3s 842000000ns
[component_container_isolated-2] [ERROR] [1789771543.120740077] [tf_help]: Transform data too old when converting from map to odom
[component_container_isolated-2] [ERROR] [1789771543.120777749] [tf_help]: Data time: 70s 500000000ns, Transform time: 3s 842000000ns
[component_container_isolated-2] [ERROR] [1789771543.170636276] [tf_help]: Transform data too old when converting from map to odom
[component_container_isolated-2] [ERROR] [1789771543.170671256] [tf_help]: Data time: 70s 500000000ns, Transform time: 3s 842000000ns
[component_container_isolated-2] [ERROR] [1789771543.222335784] [tf_help]: Transform data too old when converting from map to odom
[component_container_isolated-2] [ERROR] [1789771543.222365936] [tf_help]: Data time: 70s 500000000ns, Transform time: 3s 842000000ns
[component_container_isolated-2] [ERROR] [1789771543.274361127] [tf_help]: Transform data too old when converting from map to odom
[component_container_isolated-2] [ERROR] [1789771543.274409395] [tf_help]: Data time: 70s 500000000ns, Transform time: 3s 842000000ns
[component_container_isolated-2] [ERROR] [1789771543.322526287] [tf_help]: Transform data too old when converting from map to odom
[component_container_isolated-2] [ERROR] [1789771543.322572754] [tf_help]: Data time: 70s 500000000ns, Transform time: 3s 842000000ns
[component_container_isolated-2] [ERROR] [1789771543.371407742] [tf_help]: Transform data too old when converting from map to odom
[component_container_isolated-2] [ERROR] [1789771543.371441922] [tf_help]: Data time: 70s 500000000ns, Transform time: 3s 842000000ns
[component_container_isolated-2] [ERROR] [1789771543.421260881] [tf_help]: Transform data too old when converting from map to odom
[component_container_isolated-2] [ERROR] [1789771543.421303588] [tf_help]: Data time: 70s 500000000ns, Transform time: 3s 842000000ns
[component_container_isolated-2] [ERROR] [1789771543.470635816] [tf_help]: Transform data too old when converting from map to odom
[component_container_isolated-2] [ERROR] [1789771543.470676623] [tf_help]: Data time: 70s 500000000ns, Transform time: 3s 842000000ns
[component_container_isolated-2] [ERROR] [1789771543.520645135] [tf_help]: Transform data too old when converting from map to odom
[component_container_isolated-2] [ERROR] [1789771543.520677278] [tf_help]: Data time: 70s 500000000ns, Transform time: 3s 842000000ns
[component_container_isolated-2] [ERROR] [1789771543.573147438] [tf_help]: Transform data too old when converting from map to odom
[component_container_isolated-2] [ERROR] [1789771543.573179137] [tf_help]: Data time: 70s 500000000ns, Transform time: 3s 842000000ns
[component_container_isolated-2] [ERROR] [1789771543.620538104] [tf_help]: Transform data too old when converting from map to odom
[component_container_isolated-2] [ERROR] [1789771543.620570745] [tf_help]: Data time: 70s 500000000ns, Transform time: 3s 842000000ns
[component_container_isolated-2] [ERROR] [1789771543.672299346] [tf_help]: Transform data too old when converting from map to odom
[component_container_isolated-2] [ERROR] [1789771543.672343063] [tf_help]: Data time: 70s 500000000ns, Transform time: 3s 842000000ns
[component_container_isolated-2] [ERROR] [1789771543.720493229] [tf_help]: Transform data too old when converting from map to odom
[component_container_isolated-2] [ERROR] [1789771543.720533483] [tf_help]: Data time: 70s 500000000ns, Transform time: 3s 842000000ns
[component_container_isolated-2] [ERROR] [1789771543.770489486] [tf_help]: Transform data too old when converting from map to odom
[component_container_isolated-2] [ERROR] [1789771543.770521272] [tf_help]: Data time: 70s 500000000ns, Transform time: 3s 842000000ns
[component_container_isolated-2] [ERROR] [1789771543.820631098] [tf_help]: Transform data too old when converting from map to odom
[component_container_isolated-2] [ERROR] [1789771543.820675007] [tf_help]: Data time: 70s 500000000ns, Transform time: 3s 842000000ns
[component_container_isolated-2] [ERROR] [1789771543.870579400] [tf_help]: Transform data too old when converting from map to odom
[component_container_isolated-2] [ERROR] [1789771543.870610987] [tf_help]: Data time: 70s 500000000ns, Transform time: 3s 842000000ns
[component_container_isolated-2] [INFO] [1789771543.916197498] [controller_server]: Passing new path to controller.
[component_container_isolated-2] [ERROR] [1789771543.920644406] [tf_help]: Transform data too old when converting from map to odom
[component_container_isolated-2] [ERROR] [1789771543.920669548] [tf_help]: Data time: 71s 500000000ns, Transform time: 3s 842000000ns
[component_container_isolated-2] [ERROR] [1789771543.971652044] [tf_help]: Transform data too old when converting from map to odom
[component_container_isolated-2] [ERROR] [1789771543.971682086] [tf_help]: Data time: 71s 500000000ns, Transform time: 3s 842000000ns
[component_container_isolated-2] [ERROR] [1789771544.021041393] [tf_help]: Transform data too old when converting from map to odom
[component_container_isolated-2] [ERROR] [1789771544.021072720] [tf_help]: Data time: 71s 500000000ns, Transform time: 3s 842000000ns
[component_container_isolated-2] [ERROR] [1789771544.070772777] [tf_help]: Transform data too old when converting from map to odom
[component_container_isolated-2] [ERROR] [1789771544.070825472] [tf_help]: Data time: 71s 500000000ns, Transform time: 3s 842000000ns
[component_container_isolated-2] [ERROR] [1789771544.120721587] [tf_help]: Transform data too old when converting from map to odom
[component_container_isolated-2] [ERROR] [1789771544.120755234] [tf_help]: Data time: 71s 500000000ns, Transform time: 3s 842000000ns
[component_container_isolated-2] [ERROR] [1789771544.170749889] [tf_help]: Transform data too old when converting from map to odom
[component_container_isolated-2] [ERROR] [1789771544.170782496] [tf_help]: Data time: 71s 500000000ns, Transform time: 3s 842000000ns
[component_container_isolated-2] [ERROR] [1789771544.223222438] [tf_help]: Transform data too old when converting from map to odom
[component_container_isolated-2] [ERROR] [1789771544.223270659] [tf_help]: Data time: 71s 500000000ns, Transform time: 3s 842000000ns
[component_container_isolated-2] [ERROR] [1789771544.272084022] [tf_help]: Transform data too old when converting from map to odom
[component_container_isolated-2] [ERROR] [1789771544.272120224] [tf_help]: Data time: 71s 500000000ns, Transform time: 3s 842000000ns
[component_container_isolated-2] [ERROR] [1789771544.321346604] [tf_help]: Transform data too old when converting from map to odom
[component_container_isolated-2] [ERROR] [1789771544.321385275] [tf_help]: Data time: 71s 500000000ns, Transform time: 3s 842000000ns
[component_container_isolated-2] [ERROR] [1789771544.374852934] [tf_help]: Transform data too old when converting from map to odom
[component_container_isolated-2] [ERROR] [1789771544.374902241] [tf_help]: Data time: 71s 500000000ns, Transform time: 3s 842000000ns
[component_container_isolated-2] [ERROR] [1789771544.421721221] [tf_help]: Transform data too old when converting from map to odom
[component_container_isolated-2] [ERROR] [1789771544.421754413] [tf_help]: Data time: 71s 500000000ns, Transform time: 3s 842000000ns
[component_container_isolated-2] [ERROR] [1789771544.471618549] [tf_help]: Transform data too old when converting from map to odom
[component_container_isolated-2] [ERROR] [1789771544.471651035] [tf_help]: Data time: 71s 500000000ns, Transform time: 3s 842000000ns
[component_container_isolated-2] [ERROR] [1789771544.520756681] [tf_help]: Transform data too old when converting from map to odom
[component_container_isolated-2] [ERROR] [1789771544.520792123] [tf_help]: Data time: 71s 500000000ns, Transform time: 3s 842000000ns
[component_container_isolated-2] [ERROR] [1789771544.570784911] [tf_help]: Transform data too old when converting from map to odom
[component_container_isolated-2] [ERROR] [1789771544.570818302] [tf_help]: Data time: 71s 500000000ns, Transform time: 3s 842000000ns
[component_container_isolated-2] [ERROR] [1789771544.620508726] [tf_help]: Transform data too old when converting from map to odom
[component_container_isolated-2] [ERROR] [1789771544.620554802] [tf_help]: Data time: 71s 500000000ns, Transform time: 3s 842000000ns
[component_container_isolated-2] [ERROR] [1789771544.670486034] [tf_help]: Transform data too old when converting from map to odom
[component_container_isolated-2] [ERROR] [1789771544.670518725] [tf_help]: Data time: 71s 500000000ns, Transform time: 3s 842000000ns
[component_container_isolated-2] [ERROR] [1789771544.724846626] [tf_help]: Transform data too old when converting from map to odom
[component_container_isolated-2] [ERROR] [1789771544.724894332] [tf_help]: Data time: 71s 500000000ns, Transform time: 3s 842000000ns
[component_container_isolated-2] [ERROR] [1789771544.771659041] [tf_help]: Transform data too old when converting from map to odom
[component_container_isolated-2] [ERROR] [1789771544.771695252] [tf_help]: Data time: 71s 500000000ns, Transform time: 3s 842000000ns
[component_container_isolated-2] [ERROR] [1789771544.820799291] [tf_help]: Transform data too old when converting from map to odom
[component_container_isolated-2] [ERROR] [1789771544.820839462] [tf_help]: Data time: 71s 500000000ns, Transform time: 3s 842000000ns
[component_container_isolated-2] [ERROR] [1789771544.870503927] [tf_help]: Transform data too old when converting from map to odom
[component_container_isolated-2] [ERROR] [1789771544.870536960] [tf_help]: Data time: 71s 500000000ns, Transform time: 3s 842000000ns
[component_container_isolated-2] [INFO] [1789771544.916164523] [controller_server]: Passing new path to controller.
[component_container_isolated-2] [ERROR] [1789771544.920667616] [tf_help]: Transform data too old when converting from map to odom
[component_container_isolated-2] [ERROR] [1789771544.920692193] [tf_help]: Data time: 72s 500000000ns, Transform time: 3s 842000000ns
[component_container_isolated-2] [ERROR] [1789771544.970531408] [tf_help]: Transform data too old when converting from map to odom
[component_container_isolated-2] [ERROR] [1789771544.970571084] [tf_help]: Data time: 72s 500000000ns, Transform time: 3s 842000000ns
[component_container_isolated-2] [ERROR] [1789771545.016229192] [controller_server]: Failed to make progress
[component_container_isolated-2] [WARN] [1789771545.016303904] [controller_server]: [follow_path] [ActionServer] Aborting handle.
[component_container_isolated-2] [INFO] [1789771545.035770510] [behavior_server]: Running backup
[component_container_isolated-2] [INFO] [1789771545.035954807] [behavior_server]: DriveOnHeading: no acceleration or deceleration limits set
[component_container_isolated-2] [ERROR] [1789771545.036032715] [behavior_server]: Pose Goes Off Grid.
[component_container_isolated-2] [WARN] [1789771545.036094331] [behavior_server]: Collision Ahead - Exiting DriveOnHeading
[component_container_isolated-2] [WARN] [1789771545.036108451] [behavior_server]: backup failed
[component_container_isolated-2] [WARN] [1789771545.036123210] [behavior_server]: [backup] [ActionServer] Aborting handle.
[component_container_isolated-2] [INFO] [1789771545.065695925] [local_costmap.local_costmap]: Received request to clear entirely the local_costmap
[component_container_isolated-2] [INFO] [1789771545.065906839] [global_costmap.global_costmap]: Received request to clear entirely the global_costmap
[component_container_isolated-2] [WARN] [1789771545.906476504] [planner_server]: Planner loop missed its desired rate of 20.0000 Hz. Current loop rate is 1.2500 Hz
[component_container_isolated-2] [INFO] [1789771545.925727188] [controller_server]: Received a goal, begin computing control effort.
[component_container_isolated-2] [ERROR] [1789771545.932014572] [tf_help]: Transform data too old when converting from map to odom
[component_container_isolated-2] [ERROR] [1789771545.932061168] [tf_help]: Data time: 73s 500000000ns, Transform time: 3s 842000000ns
[component_container_isolated-2] [ERROR] [1789771545.980959052] [tf_help]: Transform data too old when converting from map to odom
[component_container_isolated-2] [ERROR] [1789771545.981006830] [tf_help]: Data time: 73s 500000000ns, Transform time: 3s 842000000ns
[component_container_isolated-2] [ERROR] [1789771546.031418499] [tf_help]: Transform data too old when converting from map to odom
[component_container_isolated-2] [ERROR] [1789771546.031471123] [tf_help]: Data time: 73s 500000000ns, Transform time: 3s 842000000ns
[component_container_isolated-2] [ERROR] [1789771546.081014498] [tf_help]: Transform data too old when converting from map to odom
[component_container_isolated-2] [ERROR] [1789771546.081052356] [tf_help]: Data time: 73s 500000000ns, Transform time: 3s 842000000ns
[component_container_isolated-2] [ERROR] [1789771546.130281423] [tf_help]: Transform data too old when converting from map to odom
[component_container_isolated-2] [ERROR] [1789771546.130315547] [tf_help]: Data time: 73s 500000000ns, Transform time: 3s 842000000ns
[component_container_isolated-2] [ERROR] [1789771546.186160310] [tf_help]: Transform data too old when converting from map to odom
[component_container_isolated-2] [ERROR] [1789771546.186208981] [tf_help]: Data time: 73s 500000000ns, Transform time: 3s 842000000ns
[component_container_isolated-2] [ERROR] [1789771546.234545715] [tf_help]: Transform data too old when converting from map to odom
[component_container_isolated-2] [ERROR] [1789771546.234593466] [tf_help]: Data time: 73s 500000000ns, Transform time: 3s 842000000ns
[component_container_isolated-2] [ERROR] [1789771546.281815445] [tf_help]: Transform data too old when converting from map to odom
[component_container_isolated-2] [ERROR] [1789771546.281865643] [tf_help]: Data time: 73s 500000000ns, Transform time: 3s 842000000ns
[component_container_isolated-2] [ERROR] [1789771546.331919954] [tf_help]: Transform data too old when converting from map to odom
[component_container_isolated-2] [ERROR] [1789771546.331952030] [tf_help]: Data time: 73s 500000000ns, Transform time: 3s 842000000ns
[component_container_isolated-2] [ERROR] [1789771546.380345022] [tf_help]: Transform data too old when converting from map to odom
[component_container_isolated-2] [ERROR] [1789771546.380378688] [tf_help]: Data time: 73s 500000000ns, Transform time: 3s 842000000ns
[component_container_isolated-2] [ERROR] [1789771546.430539259] [tf_help]: Transform data too old when converting from map to odom
[component_container_isolated-2] [ERROR] [1789771546.430571209] [tf_help]: Data time: 73s 500000000ns, Transform time: 3s 842000000ns
[component_container_isolated-2] [ERROR] [1789771546.480412336] [tf_help]: Transform data too old when converting from map to odom
[component_container_isolated-2] [ERROR] [1789771546.480458834] [tf_help]: Data time: 73s 500000000ns, Transform time: 3s 842000000ns
[component_container_isolated-2] [ERROR] [1789771546.530722660] [tf_help]: Transform data too old when converting from map to odom
[component_container_isolated-2] [ERROR] [1789771546.530758132] [tf_help]: Data time: 73s 500000000ns, Transform time: 3s 842000000ns
[component_container_isolated-2] [ERROR] [1789771546.580471354] [tf_help]: Transform data too old when converting from map to odom
[component_container_isolated-2] [ERROR] [1789771546.580501036] [tf_help]: Data time: 73s 500000000ns, Transform time: 3s 842000000ns
[component_container_isolated-2] [ERROR] [1789771546.630278199] [tf_help]: Transform data too old when converting from map to odom
[component_container_isolated-2] [ERROR] [1789771546.630312086] [tf_help]: Data time: 73s 500000000ns, Transform time: 3s 842000000ns
[component_container_isolated-2] [ERROR] [1789771546.680363908] [tf_help]: Transform data too old when converting from map to odom
[component_container_isolated-2] [ERROR] [1789771546.680404733] [tf_help]: Data time: 73s 500000000ns, Transform time: 3s 842000000ns
[component_container_isolated-2] [ERROR] [1789771546.730330998] [tf_help]: Transform data too old when converting from map to odom
[component_container_isolated-2] [ERROR] [1789771546.730364625] [tf_help]: Data time: 73s 500000000ns, Transform time: 3s 842000000ns
[component_container_isolated-2] [ERROR] [1789771546.782689133] [tf_help]: Transform data too old when converting from map to odom
[component_container_isolated-2] [ERROR] [1789771546.782743357] [tf_help]: Data time: 73s 500000000ns, Transform time: 3s 842000000ns
[component_container_isolated-2] [ERROR] [1789771546.830921466] [tf_help]: Transform data too old when converting from map to odom
[component_container_isolated-2] [ERROR] [1789771546.830961233] [tf_help]: Data time: 73s 500000000ns, Transform time: 3s 842000000ns
[component_container_isolated-2] [ERROR] [1789771546.882216485] [tf_help]: Transform data too old when converting from map to odom
[component_container_isolated-2] [ERROR] [1789771546.882250728] [tf_help]: Data time: 73s 500000000ns, Transform time: 3s 842000000ns
[component_container_isolated-2] [ERROR] [1789771546.930630088] [tf_help]: Transform data too old when converting from map to odom
[component_container_isolated-2] [ERROR] [1789771546.930665485] [tf_help]: Data time: 73s 500000000ns, Transform time: 3s 842000000ns
[component_container_isolated-2] [INFO] [1789771546.975868064] [controller_server]: Passing new path to controller.
[component_container_isolated-2] [ERROR] [1789771546.980813777] [tf_help]: Transform data too old when converting from map to odom
[component_container_isolated-2] [ERROR] [1789771546.980857550] [tf_help]: Data time: 74s 500000000ns, Transform time: 3s 842000000ns
[component_container_isolated-2] [ERROR] [1789771547.030435869] [tf_help]: Transform data too old when converting from map to odom
[component_container_isolated-2] [ERROR] [1789771547.030468046] [tf_help]: Data time: 74s 500000000ns, Transform time: 3s 842000000ns
[component_container_isolated-2] [ERROR] [1789771547.081848332] [tf_help]: Transform data too old when converting from map to odom
[component_container_isolated-2] [ERROR] [1789771547.081893186] [tf_help]: Data time: 74s 500000000ns, Transform time: 3s 842000000ns
[component_container_isolated-2] [ERROR] [1789771547.131305130] [tf_help]: Transform data too old when converting from map to odom
[component_container_isolated-2] [ERROR] [1789771547.131334729] [tf_help]: Data time: 74s 500000000ns, Transform time: 3s 842000000ns
[component_container_isolated-2] [ERROR] [1789771547.181069146] [tf_help]: Transform data too old when converting from map to odom
[component_container_isolated-2] [ERROR] [1789771547.181139535] [tf_help]: Data time: 74s 500000000ns, Transform time: 3s 842000000ns
[component_container_isolated-2] [ERROR] [1789771547.231739989] [tf_help]: Transform data too old when converting from map to odom
[component_container_isolated-2] [ERROR] [1789771547.231774228] [tf_help]: Data time: 74s 500000000ns, Transform time: 3s 842000000ns
[component_container_isolated-2] [ERROR] [1789771547.281174545] [tf_help]: Transform data too old when converting from map to odom
[component_container_isolated-2] [ERROR] [1789771547.281207038] [tf_help]: Data time: 74s 500000000ns, Transform time: 3s 842000000ns
[component_container_isolated-2] [ERROR] [1789771547.330597836] [tf_help]: Transform data too old when converting from map to odom
[component_container_isolated-2] [ERROR] [1789771547.330633139] [tf_help]: Data time: 74s 500000000ns, Transform time: 3s 842000000ns
[component_container_isolated-2] [ERROR] [1789771547.382263156] [tf_help]: Transform data too old when converting from map to odom
[component_container_isolated-2] [ERROR] [1789771547.382294975] [tf_help]: Data time: 74s 500000000ns, Transform time: 3s 842000000ns
[component_container_isolated-2] [ERROR] [1789771547.431837323] [tf_help]: Transform data too old when converting from map to odom
[component_container_isolated-2] [ERROR] [1789771547.431869657] [tf_help]: Data time: 74s 500000000ns, Transform time: 3s 842000000ns
[component_container_isolated-2] [ERROR] [1789771547.481211842] [tf_help]: Transform data too old when converting from map to odom
[component_container_isolated-2] [ERROR] [1789771547.481256382] [tf_help]: Data time: 74s 500000000ns, Transform time: 3s 842000000ns
[component_container_isolated-2] [ERROR] [1789771547.530697844] [tf_help]: Transform data too old when converting from map to odom
[component_container_isolated-2] [ERROR] [1789771547.530750602] [tf_help]: Data time: 74s 500000000ns, Transform time: 3s 842000000ns
[component_container_isolated-2] [ERROR] [1789771547.581378000] [tf_help]: Transform data too old when converting from map to odom
[component_container_isolated-2] [ERROR] [1789771547.581419844] [tf_help]: Data time: 74s 500000000ns, Transform time: 3s 842000000ns
[component_container_isolated-2] [ERROR] [1789771547.630596165] [tf_help]: Transform data too old when converting from map to odom
[component_container_isolated-2] [ERROR] [1789771547.630634847] [tf_help]: Data time: 74s 500000000ns, Transform time: 3s 842000000ns
[component_container_isolated-2] [ERROR] [1789771547.680419641] [tf_help]: Transform data too old when converting from map to odom
[component_container_isolated-2] [ERROR] [1789771547.680469683] [tf_help]: Data time: 74s 500000000ns, Transform time: 3s 842000000ns
[component_container_isolated-2] [ERROR] [1789771547.730424214] [tf_help]: Transform data too old when converting from map to odom
[component_container_isolated-2] [ERROR] [1789771547.730464302] [tf_help]: Data time: 74s 500000000ns, Transform time: 3s 842000000ns
[component_container_isolated-2] [ERROR] [1789771547.780499558] [tf_help]: Transform data too old when converting from map to odom
[component_container_isolated-2] [ERROR] [1789771547.780536040] [tf_help]: Data time: 74s 500000000ns, Transform time: 3s 842000000ns
[component_container_isolated-2] [ERROR] [1789771547.830234643] [tf_help]: Transform data too old when converting from map to odom
[component_container_isolated-2] [ERROR] [1789771547.830268890] [tf_help]: Data time: 74s 500000000ns, Transform time: 3s 842000000ns
[component_container_isolated-2] [ERROR] [1789771547.881534829] [tf_help]: Transform data too old when converting from map to odom
[component_container_isolated-2] [ERROR] [1789771547.881568737] [tf_help]: Data time: 74s 500000000ns, Transform time: 3s 842000000ns
[component_container_isolated-2] [ERROR] [1789771547.930625321] [tf_help]: Transform data too old when converting from map to odom
[component_container_isolated-2] [ERROR] [1789771547.930656859] [tf_help]: Data time: 74s 500000000ns, Transform time: 3s 842000000ns
[component_container_isolated-2] [ERROR] [1789771547.980929181] [tf_help]: Transform data too old when converting from map to odom
[component_container_isolated-2] [ERROR] [1789771547.980965320] [tf_help]: Data time: 74s 500000000ns, Transform time: 3s 842000000ns
[component_container_isolated-2] [INFO] [1789771548.025865289] [controller_server]: Passing new path to controller.
[component_container_isolated-2] [ERROR] [1789771548.030711655] [tf_help]: Transform data too old when converting from map to odom
[component_container_isolated-2] [ERROR] [1789771548.030735868] [tf_help]: Data time: 75s 500000000ns, Transform time: 3s 842000000ns
[component_container_isolated-2] [ERROR] [1789771548.081238455] [tf_help]: Transform data too old when converting from map to odom
[component_container_isolated-2] [ERROR] [1789771548.081273071] [tf_help]: Data time: 75s 500000000ns, Transform time: 3s 842000000ns
[component_container_isolated-2] [ERROR] [1789771548.131118912] [tf_help]: Transform data too old when converting from map to odom
[component_container_isolated-2] [ERROR] [1789771548.131154071] [tf_help]: Data time: 75s 500000000ns, Transform time: 3s 842000000ns
[component_container_isolated-2] [ERROR] [1789771548.180765935] [tf_help]: Transform data too old when converting from map to odom
[component_container_isolated-2] [ERROR] [1789771548.180814619] [tf_help]: Data time: 75s 500000000ns, Transform time: 3s 842000000ns
[component_container_isolated-2] [ERROR] [1789771548.233943484] [tf_help]: Transform data too old when converting from map to odom
[component_container_isolated-2] [ERROR] [1789771548.233987163] [tf_help]: Data time: 75s 500000000ns, Transform time: 3s 842000000ns
[component_container_isolated-2] [ERROR] [1789771548.281976214] [tf_help]: Transform data too old when converting from map to odom
[component_container_isolated-2] [ERROR] [1789771548.282013899] [tf_help]: Data time: 75s 500000000ns, Transform time: 3s 842000000ns
[component_container_isolated-2] [ERROR] [1789771548.330190901] [tf_help]: Transform data too old when converting from map to odom
[component_container_isolated-2] [ERROR] [1789771548.330230653] [tf_help]: Data time: 75s 500000000ns, Transform time: 3s 842000000ns
[component_container_isolated-2] [ERROR] [1789771548.381184205] [tf_help]: Transform data too old when converting from map to odom
[component_container_isolated-2] [ERROR] [1789771548.381231304] [tf_help]: Data time: 75s 500000000ns, Transform time: 3s 842000000ns
[component_container_isolated-2] [ERROR] [1789771548.430807540] [tf_help]: Transform data too old when converting from map to odom
[component_container_isolated-2] [ERROR] [1789771548.430843560] [tf_help]: Data time: 75s 500000000ns, Transform time: 3s 842000000ns
[component_container_isolated-2] [ERROR] [1789771548.481698390] [tf_help]: Transform data too old when converting from map to odom
[component_container_isolated-2] [ERROR] [1789771548.481730567] [tf_help]: Data time: 75s 500000000ns, Transform time: 3s 842000000ns
[component_container_isolated-2] [ERROR] [1789771548.530156444] [tf_help]: Transform data too old when converting from map to odom
[component_container_isolated-2] [ERROR] [1789771548.530196429] [tf_help]: Data time: 75s 500000000ns, Transform time: 3s 842000000ns
[component_container_isolated-2] [ERROR] [1789771548.580744445] [tf_help]: Transform data too old when converting from map to odom
[component_container_isolated-2] [ERROR] [1789771548.580781562] [tf_help]: Data time: 75s 500000000ns, Transform time: 3s 842000000ns
[component_container_isolated-2] [ERROR] [1789771548.630123368] [tf_help]: Transform data too old when converting from map to odom
[component_container_isolated-2] [ERROR] [1789771548.630155858] [tf_help]: Data time: 75s 500000000ns, Transform time: 3s 842000000ns
[component_container_isolated-2] [ERROR] [1789771548.680377018] [tf_help]: Transform data too old when converting from map to odom
[component_container_isolated-2] [ERROR] [1789771548.680410851] [tf_help]: Data time: 75s 500000000ns, Transform time: 3s 842000000ns
[component_container_isolated-2] [ERROR] [1789771548.731543817] [tf_help]: Transform data too old when converting from map to odom
[component_container_isolated-2] [ERROR] [1789771548.731577802] [tf_help]: Data time: 75s 500000000ns, Transform time: 3s 842000000ns
[component_container_isolated-2] [ERROR] [1789771548.780658811] [tf_help]: Transform data too old when converting from map to odom
[component_container_isolated-2] [ERROR] [1789771548.780693342] [tf_help]: Data time: 75s 500000000ns, Transform time: 3s 842000000ns
[component_container_isolated-2] [ERROR] [1789771548.830530352] [tf_help]: Transform data too old when converting from map to odom
[component_container_isolated-2] [ERROR] [1789771548.830563676] [tf_help]: Data time: 75s 500000000ns, Transform time: 3s 842000000ns
[component_container_isolated-2] [ERROR] [1789771548.880590628] [tf_help]: Transform data too old when converting from map to odom
[component_container_isolated-2] [ERROR] [1789771548.880625821] [tf_help]: Data time: 75s 500000000ns, Transform time: 3s 842000000ns
[component_container_isolated-2] [ERROR] [1789771548.930364883] [tf_help]: Transform data too old when converting from map to odom
[component_container_isolated-2] [ERROR] [1789771548.930398799] [tf_help]: Data time: 75s 500000000ns, Transform time: 3s 842000000ns
[component_container_isolated-2] [ERROR] [1789771548.980224613] [tf_help]: Transform data too old when converting from map to odom
[component_container_isolated-2] [ERROR] [1789771548.980257484] [tf_help]: Data time: 75s 500000000ns, Transform time: 3s 842000000ns
[component_container_isolated-2] [INFO] [1789771549.025862515] [controller_server]: Passing new path to controller.
[component_container_isolated-2] [ERROR] [1789771549.030312297] [tf_help]: Transform data too old when converting from map to odom
[component_container_isolated-2] [ERROR] [1789771549.030337992] [tf_help]: Data time: 76s 500000000ns, Transform time: 3s 842000000ns
[component_container_isolated-2] [ERROR] [1789771549.080157496] [tf_help]: Transform data too old when converting from map to odom
[component_container_isolated-2] [ERROR] [1789771549.080194488] [tf_help]: Data time: 76s 500000000ns, Transform time: 3s 842000000ns
[component_container_isolated-2] [ERROR] [1789771549.130270484] [tf_help]: Transform data too old when converting from map to odom
[component_container_isolated-2] [ERROR] [1789771549.130315168] [tf_help]: Data time: 76s 500000000ns, Transform time: 3s 842000000ns
[component_container_isolated-2] [ERROR] [1789771549.181620698] [tf_help]: Transform data too old when converting from map to odom
[component_container_isolated-2] [ERROR] [1789771549.181675229] [tf_help]: Data time: 76s 500000000ns, Transform time: 3s 842000000ns
[component_container_isolated-2] [ERROR] [1789771549.235941248] [tf_help]: Transform data too old when converting from map to odom
[component_container_isolated-2] [ERROR] [1789771549.235990103] [tf_help]: Data time: 76s 500000000ns, Transform time: 3s 842000000ns
[component_container_isolated-2] [ERROR] [1789771549.285256832] [tf_help]: Transform data too old when converting from map to odom
[component_container_isolated-2] [ERROR] [1789771549.285296095] [tf_help]: Data time: 76s 500000000ns, Transform time: 3s 842000000ns
[component_container_isolated-2] [ERROR] [1789771549.331262838] [tf_help]: Transform data too old when converting from map to odom
[component_container_isolated-2] [ERROR] [1789771549.331297526] [tf_help]: Data time: 76s 500000000ns, Transform time: 3s 842000000ns
[component_container_isolated-2] [ERROR] [1789771549.380983698] [tf_help]: Transform data too old when converting from map to odom
[component_container_isolated-2] [ERROR] [1789771549.381033796] [tf_help]: Data time: 76s 500000000ns, Transform time: 3s 842000000ns
[component_container_isolated-2] [ERROR] [1789771549.430807349] [tf_help]: Transform data too old when converting from map to odom
[component_container_isolated-2] [ERROR] [1789771549.430843359] [tf_help]: Data time: 76s 500000000ns, Transform time: 3s 842000000ns
[component_container_isolated-2] [ERROR] [1789771549.480253103] [tf_help]: Transform data too old when converting from map to odom
[component_container_isolated-2] [ERROR] [1789771549.480286791] [tf_help]: Data time: 76s 500000000ns, Transform time: 3s 842000000ns
[component_container_isolated-2] [ERROR] [1789771549.530379084] [tf_help]: Transform data too old when converting from map to odom
[component_container_isolated-2] [ERROR] [1789771549.530411788] [tf_help]: Data time: 76s 500000000ns, Transform time: 3s 842000000ns
[component_container_isolated-2] [ERROR] [1789771549.581041170] [tf_help]: Transform data too old when converting from map to odom
[component_container_isolated-2] [ERROR] [1789771549.581074086] [tf_help]: Data time: 76s 500000000ns, Transform time: 3s 842000000ns
[component_container_isolated-2] [ERROR] [1789771549.630254928] [tf_help]: Transform data too old when converting from map to odom
[component_container_isolated-2] [ERROR] [1789771549.630288698] [tf_help]: Data time: 76s 500000000ns, Transform time: 3s 842000000ns
[component_container_isolated-2] [ERROR] [1789771549.682050302] [tf_help]: Transform data too old when converting from map to odom
[component_container_isolated-2] [ERROR] [1789771549.682082667] [tf_help]: Data time: 76s 500000000ns, Transform time: 3s 842000000ns
[component_container_isolated-2] [ERROR] [1789771549.733663710] [tf_help]: Transform data too old when converting from map to odom
[component_container_isolated-2] [ERROR] [1789771549.733708691] [tf_help]: Data time: 76s 500000000ns, Transform time: 3s 842000000ns
[component_container_isolated-2] [ERROR] [1789771549.783611891] [tf_help]: Transform data too old when converting from map to odom
[component_container_isolated-2] [ERROR] [1789771549.783656807] [tf_help]: Data time: 76s 500000000ns, Transform time: 3s 842000000ns
[component_container_isolated-2] [ERROR] [1789771549.831649350] [tf_help]: Transform data too old when converting from map to odom
[component_container_isolated-2] [ERROR] [1789771549.831678855] [tf_help]: Data time: 76s 500000000ns, Transform time: 3s 842000000ns
[component_container_isolated-2] [ERROR] [1789771549.880314145] [tf_help]: Transform data too old when converting from map to odom
[component_container_isolated-2] [ERROR] [1789771549.880349697] [tf_help]: Data time: 76s 500000000ns, Transform time: 3s 842000000ns
[component_container_isolated-2] [ERROR] [1789771549.934995216] [tf_help]: Transform data too old when converting from map to odom
[component_container_isolated-2] [ERROR] [1789771549.935049075] [tf_help]: Data time: 76s 500000000ns, Transform time: 3s 842000000ns
[component_container_isolated-2] [ERROR] [1789771549.984479258] [tf_help]: Transform data too old when converting from map to odom
[component_container_isolated-2] [ERROR] [1789771549.984523929] [tf_help]: Data time: 76s 500000000ns, Transform time: 3s 842000000ns
[component_container_isolated-2] [ERROR] [1789771550.034288926] [tf_help]: Transform data too old when converting from map to odom
[component_container_isolated-2] [ERROR] [1789771550.034340124] [tf_help]: Data time: 76s 500000000ns, Transform time: 3s 842000000ns
[component_container_isolated-2] [INFO] [1789771550.075867845] [controller_server]: Passing new path to controller.
[component_container_isolated-2] [ERROR] [1789771550.084189922] [tf_help]: Transform data too old when converting from map to odom
[component_container_isolated-2] [ERROR] [1789771550.084236610] [tf_help]: Data time: 77s 500000000ns, Transform time: 3s 842000000ns
[component_container_isolated-2] [ERROR] [1789771550.134020347] [tf_help]: Transform data too old when converting from map to odom
[component_container_isolated-2] [ERROR] [1789771550.134053441] [tf_help]: Data time: 77s 500000000ns, Transform time: 3s 842000000ns
[component_container_isolated-2] [ERROR] [1789771550.182946693] [tf_help]: Transform data too old when converting from map to odom
[component_container_isolated-2] [ERROR] [1789771550.182981789] [tf_help]: Data time: 77s 500000000ns, Transform time: 3s 842000000ns
[component_container_isolated-2] [ERROR] [1789771550.230541709] [tf_help]: Transform data too old when converting from map to odom
[component_container_isolated-2] [ERROR] [1789771550.230579286] [tf_help]: Data time: 77s 500000000ns, Transform time: 3s 842000000ns
[component_container_isolated-2] [ERROR] [1789771550.280471201] [tf_help]: Transform data too old when converting from map to odom
[component_container_isolated-2] [ERROR] [1789771550.280504354] [tf_help]: Data time: 77s 500000000ns, Transform time: 3s 842000000ns
[component_container_isolated-2] [ERROR] [1789771550.330281929] [tf_help]: Transform data too old when converting from map to odom
[component_container_isolated-2] [ERROR] [1789771550.330343848] [tf_help]: Data time: 77s 500000000ns, Transform time: 3s 842000000ns
[component_container_isolated-2] [ERROR] [1789771550.380344465] [tf_help]: Transform data too old when converting from map to odom
[component_container_isolated-2] [ERROR] [1789771550.380375779] [tf_help]: Data time: 77s 500000000ns, Transform time: 3s 842000000ns
[component_container_isolated-2] [ERROR] [1789771550.430085343] [tf_help]: Transform data too old when converting from map to odom
[component_container_isolated-2] [ERROR] [1789771550.430116018] [tf_help]: Data time: 77s 500000000ns, Transform time: 3s 842000000ns
[component_container_isolated-2] [ERROR] [1789771550.480700000] [tf_help]: Transform data too old when converting from map to odom
[component_container_isolated-2] [ERROR] [1789771550.480735809] [tf_help]: Data time: 77s 500000000ns, Transform time: 3s 842000000ns
[component_container_isolated-2] [ERROR] [1789771550.530450677] [tf_help]: Transform data too old when converting from map to odom
[component_container_isolated-2] [ERROR] [1789771550.530483437] [tf_help]: Data time: 77s 500000000ns, Transform time: 3s 842000000ns
[component_container_isolated-2] [ERROR] [1789771550.580480680] [tf_help]: Transform data too old when converting from map to odom
[component_container_isolated-2] [ERROR] [1789771550.580514616] [tf_help]: Data time: 77s 500000000ns, Transform time: 3s 842000000ns
[component_container_isolated-2] [ERROR] [1789771550.630673380] [tf_help]: Transform data too old when converting from map to odom
[component_container_isolated-2] [ERROR] [1789771550.630708138] [tf_help]: Data time: 77s 500000000ns, Transform time: 3s 842000000ns
[component_container_isolated-2] [ERROR] [1789771550.683978746] [tf_help]: Transform data too old when converting from map to odom
[component_container_isolated-2] [ERROR] [1789771550.684026064] [tf_help]: Data time: 77s 500000000ns, Transform time: 3s 842000000ns
[component_container_isolated-2] [ERROR] [1789771550.733878614] [tf_help]: Transform data too old when converting from map to odom
[component_container_isolated-2] [ERROR] [1789771550.733912896] [tf_help]: Data time: 77s 500000000ns, Transform time: 3s 842000000ns
[component_container_isolated-2] [ERROR] [1789771550.780280791] [tf_help]: Transform data too old when converting from map to odom
[component_container_isolated-2] [ERROR] [1789771550.780313445] [tf_help]: Data time: 77s 500000000ns, Transform time: 3s 842000000ns
[component_container_isolated-2] [ERROR] [1789771550.830557363] [tf_help]: Transform data too old when converting from map to odom
[component_container_isolated-2] [ERROR] [1789771550.830589858] [tf_help]: Data time: 77s 500000000ns, Transform time: 3s 842000000ns
[component_container_isolated-2] [ERROR] [1789771550.880539667] [tf_help]: Transform data too old when converting from map to odom
[component_container_isolated-2] [ERROR] [1789771550.880573673] [tf_help]: Data time: 77s 500000000ns, Transform time: 3s 842000000ns
[component_container_isolated-2] [ERROR] [1789771550.930300481] [tf_help]: Transform data too old when converting from map to odom
[component_container_isolated-2] [ERROR] [1789771550.930335435] [tf_help]: Data time: 77s 500000000ns, Transform time: 3s 842000000ns
[component_container_isolated-2] [ERROR] [1789771550.982545543] [tf_help]: Transform data too old when converting from map to odom
[component_container_isolated-2] [ERROR] [1789771550.982580783] [tf_help]: Data time: 77s 500000000ns, Transform time: 3s 842000000ns
[component_container_isolated-2] [ERROR] [1789771551.033980792] [tf_help]: Transform data too old when converting from map to odom
[component_container_isolated-2] [ERROR] [1789771551.034024866] [tf_help]: Data time: 77s 500000000ns, Transform time: 3s 842000000ns
[component_container_isolated-2] [INFO] [1789771551.075870612] [controller_server]: Passing new path to controller.
[component_container_isolated-2] [ERROR] [1789771551.085109173] [tf_help]: Transform data too old when converting from map to odom
[component_container_isolated-2] [ERROR] [1789771551.085171819] [tf_help]: Data time: 78s 300000000ns, Transform time: 3s 842000000ns
[component_container_isolated-2] [ERROR] [1789771551.132450722] [tf_help]: Transform data too old when converting from map to odom
[component_container_isolated-2] [ERROR] [1789771551.132489217] [tf_help]: Data time: 78s 300000000ns, Transform time: 3s 842000000ns
[component_container_isolated-2] [ERROR] [1789771551.180304778] [tf_help]: Transform data too old when converting from map to odom
[component_container_isolated-2] [ERROR] [1789771551.180339918] [tf_help]: Data time: 78s 300000000ns, Transform time: 3s 842000000ns
[component_container_isolated-2] [ERROR] [1789771551.233834201] [tf_help]: Transform data too old when converting from map to odom
[component_container_isolated-2] [ERROR] [1789771551.233889184] [tf_help]: Data time: 78s 300000000ns, Transform time: 3s 842000000ns
[component_container_isolated-2] [ERROR] [1789771551.282065049] [tf_help]: Transform data too old when converting from map to odom
[component_container_isolated-2] [ERROR] [1789771551.282101793] [tf_help]: Data time: 78s 300000000ns, Transform time: 3s 842000000ns
[component_container_isolated-2] [ERROR] [1789771551.330328993] [tf_help]: Transform data too old when converting from map to odom
[component_container_isolated-2] [ERROR] [1789771551.330373480] [tf_help]: Data time: 78s 300000000ns, Transform time: 3s 842000000ns
[component_container_isolated-2] [ERROR] [1789771551.380565526] [tf_help]: Transform data too old when converting from map to odom
[component_container_isolated-2] [ERROR] [1789771551.380597972] [tf_help]: Data time: 78s 300000000ns, Transform time: 3s 842000000ns
[component_container_isolated-2] [ERROR] [1789771551.430027823] [tf_help]: Transform data too old when converting from map to odom
[component_container_isolated-2] [ERROR] [1789771551.430060122] [tf_help]: Data time: 78s 300000000ns, Transform time: 3s 842000000ns
[component_container_isolated-2] [ERROR] [1789771551.480225670] [tf_help]: Transform data too old when converting from map to odom
[component_container_isolated-2] [ERROR] [1789771551.480267127] [tf_help]: Data time: 78s 300000000ns, Transform time: 3s 842000000ns
[component_container_isolated-2] [ERROR] [1789771551.530132359] [tf_help]: Transform data too old when converting from map to odom
[component_container_isolated-2] [ERROR] [1789771551.530166203] [tf_help]: Data time: 78s 300000000ns, Transform time: 3s 842000000ns
[component_container_isolated-2] [ERROR] [1789771551.580366659] [tf_help]: Transform data too old when converting from map to odom
[component_container_isolated-2] [ERROR] [1789771551.580406606] [tf_help]: Data time: 78s 300000000ns, Transform time: 3s 842000000ns
[component_container_isolated-2] [ERROR] [1789771551.630217447] [tf_help]: Transform data too old when converting from map to odom
[component_container_isolated-2] [ERROR] [1789771551.630252164] [tf_help]: Data time: 78s 300000000ns, Transform time: 3s 842000000ns
[component_container_isolated-2] [ERROR] [1789771551.680797869] [tf_help]: Transform data too old when converting from map to odom
[component_container_isolated-2] [ERROR] [1789771551.680829435] [tf_help]: Data time: 78s 300000000ns, Transform time: 3s 842000000ns
[component_container_isolated-2] [ERROR] [1789771551.731865720] [tf_help]: Transform data too old when converting from map to odom
[component_container_isolated-2] [ERROR] [1789771551.731895804] [tf_help]: Data time: 78s 300000000ns, Transform time: 3s 842000000ns
[component_container_isolated-2] [ERROR] [1789771551.780177802] [tf_help]: Transform data too old when converting from map to odom
[component_container_isolated-2] [ERROR] [1789771551.780212689] [tf_help]: Data time: 78s 300000000ns, Transform time: 3s 842000000ns
[component_container_isolated-2] [ERROR] [1789771551.830276183] [tf_help]: Transform data too old when converting from map to odom
[component_container_isolated-2] [ERROR] [1789771551.830306600] [tf_help]: Data time: 78s 300000000ns, Transform time: 3s 842000000ns
[component_container_isolated-2] [ERROR] [1789771551.883577468] [tf_help]: Transform data too old when converting from map to odom
[component_container_isolated-2] [ERROR] [1789771551.883629666] [tf_help]: Data time: 78s 300000000ns, Transform time: 3s 842000000ns
[component_container_isolated-2] [ERROR] [1789771551.932439895] [tf_help]: Transform data too old when converting from map to odom
[component_container_isolated-2] [ERROR] [1789771551.932478830] [tf_help]: Data time: 78s 300000000ns, Transform time: 3s 842000000ns
[component_container_isolated-2] [ERROR] [1789771551.980853637] [tf_help]: Transform data too old when converting from map to odom
[component_container_isolated-2] [ERROR] [1789771551.980895588] [tf_help]: Data time: 78s 300000000ns, Transform time: 3s 842000000ns
[component_container_isolated-2] [ERROR] [1789771552.030303611] [tf_help]: Transform data too old when converting from map to odom
[component_container_isolated-2] [ERROR] [1789771552.030344211] [tf_help]: Data time: 78s 300000000ns, Transform time: 3s 842000000ns
[component_container_isolated-2] [ERROR] [1789771552.082511320] [tf_help]: Transform data too old when converting from map to odom
[component_container_isolated-2] [ERROR] [1789771552.082545764] [tf_help]: Data time: 78s 300000000ns, Transform time: 3s 842000000ns
[component_container_isolated-2] [INFO] [1789771552.125862415] [controller_server]: Passing new path to controller.
[component_container_isolated-2] [ERROR] [1789771552.130408420] [tf_help]: Transform data too old when converting from map to odom
[component_container_isolated-2] [ERROR] [1789771552.130437430] [tf_help]: Data time: 79s 500000000ns, Transform time: 3s 842000000ns
[component_container_isolated-2] [ERROR] [1789771552.180308077] [tf_help]: Transform data too old when converting from map to odom
[component_container_isolated-2] [ERROR] [1789771552.180340320] [tf_help]: Data time: 79s 500000000ns, Transform time: 3s 842000000ns
[component_container_isolated-2] [ERROR] [1789771552.230416846] [tf_help]: Transform data too old when converting from map to odom
[component_container_isolated-2] [ERROR] [1789771552.230456399] [tf_help]: Data time: 79s 500000000ns, Transform time: 3s 842000000ns
[component_container_isolated-2] [ERROR] [1789771552.282382274] [tf_help]: Transform data too old when converting from map to odom
[component_container_isolated-2] [ERROR] [1789771552.282424567] [tf_help]: Data time: 79s 500000000ns, Transform time: 3s 842000000ns
[component_container_isolated-2] [ERROR] [1789771552.331089902] [tf_help]: Transform data too old when converting from map to odom
[component_container_isolated-2] [ERROR] [1789771552.331136604] [tf_help]: Data time: 79s 500000000ns, Transform time: 3s 842000000ns
[component_container_isolated-2] [ERROR] [1789771552.381508015] [tf_help]: Transform data too old when converting from map to odom
[component_container_isolated-2] [ERROR] [1789771552.381541654] [tf_help]: Data time: 79s 500000000ns, Transform time: 3s 842000000ns
[component_container_isolated-2] [ERROR] [1789771552.431124900] [tf_help]: Transform data too old when converting from map to odom
[component_container_isolated-2] [ERROR] [1789771552.431164950] [tf_help]: Data time: 79s 500000000ns, Transform time: 3s 842000000ns
[component_container_isolated-2] [ERROR] [1789771552.482833028] [tf_help]: Transform data too old when converting from map to odom
[component_container_isolated-2] [ERROR] [1789771552.482866058] [tf_help]: Data time: 79s 500000000ns, Transform time: 3s 842000000ns
[component_container_isolated-2] [ERROR] [1789771552.533689881] [tf_help]: Transform data too old when converting from map to odom
[component_container_isolated-2] [ERROR] [1789771552.533720823] [tf_help]: Data time: 79s 500000000ns, Transform time: 3s 842000000ns
[ground_truth_localizer-1] [INFO] [1789771552.572922043] [ground_truth_localizer]: last 10 s: ground truth msgs 294, map->odom published 294 (294 via latest odom TF)
[component_container_isolated-2] [ERROR] [1789771552.580242927] [tf_help]: Transform data too old when converting from map to odom
[component_container_isolated-2] [ERROR] [1789771552.580277684] [tf_help]: Data time: 79s 500000000ns, Transform time: 3s 842000000ns
[component_container_isolated-2] [ERROR] [1789771552.630434348] [tf_help]: Transform data too old when converting from map to odom
[component_container_isolated-2] [ERROR] [1789771552.630467290] [tf_help]: Data time: 79s 500000000ns, Transform time: 3s 842000000ns
[component_container_isolated-2] [ERROR] [1789771552.680763498] [tf_help]: Transform data too old when converting from map to odom
[component_container_isolated-2] [ERROR] [1789771552.680793921] [tf_help]: Data time: 79s 500000000ns, Transform time: 3s 842000000ns
[component_container_isolated-2] [ERROR] [1789771552.731389828] [tf_help]: Transform data too old when converting from map to odom
[component_container_isolated-2] [ERROR] [1789771552.731423818] [tf_help]: Data time: 79s 500000000ns, Transform time: 3s 842000000ns
[component_container_isolated-2] [ERROR] [1789771552.784906175] [tf_help]: Transform data too old when converting from map to odom
[component_container_isolated-2] [ERROR] [1789771552.784955677] [tf_help]: Data time: 79s 500000000ns, Transform time: 3s 842000000ns
[component_container_isolated-2] [ERROR] [1789771552.832726152] [tf_help]: Transform data too old when converting from map to odom
[component_container_isolated-2] [ERROR] [1789771552.832758967] [tf_help]: Data time: 79s 500000000ns, Transform time: 3s 842000000ns
[component_container_isolated-2] [ERROR] [1789771552.881656205] [tf_help]: Transform data too old when converting from map to odom
[component_container_isolated-2] [ERROR] [1789771552.881689431] [tf_help]: Data time: 79s 500000000ns, Transform time: 3s 842000000ns
[component_container_isolated-2] [ERROR] [1789771552.930156569] [tf_help]: Transform data too old when converting from map to odom
[component_container_isolated-2] [ERROR] [1789771552.930190927] [tf_help]: Data time: 79s 500000000ns, Transform time: 3s 842000000ns
[component_container_isolated-2] [ERROR] [1789771552.981335993] [tf_help]: Transform data too old when converting from map to odom
[component_container_isolated-2] [ERROR] [1789771552.981371840] [tf_help]: Data time: 79s 500000000ns, Transform time: 3s 842000000ns
[component_container_isolated-2] [ERROR] [1789771553.031670032] [tf_help]: Transform data too old when converting from map to odom
[component_container_isolated-2] [ERROR] [1789771553.031711742] [tf_help]: Data time: 79s 500000000ns, Transform time: 3s 842000000ns
[component_container_isolated-2] [ERROR] [1789771553.083898037] [tf_help]: Transform data too old when converting from map to odom
[component_container_isolated-2] [ERROR] [1789771553.083934165] [tf_help]: Data time: 79s 500000000ns, Transform time: 3s 842000000ns
[component_container_isolated-2] [ERROR] [1789771553.130361062] [tf_help]: Transform data too old when converting from map to odom
[component_container_isolated-2] [ERROR] [1789771553.130398923] [tf_help]: Data time: 79s 500000000ns, Transform time: 3s 842000000ns
[component_container_isolated-2] [INFO] [1789771553.175864627] [controller_server]: Passing new path to controller.
[component_container_isolated-2] [ERROR] [1789771553.183892632] [tf_help]: Transform data too old when converting from map to odom
[component_container_isolated-2] [ERROR] [1789771553.183942205] [tf_help]: Data time: 80s 500000000ns, Transform time: 3s 842000000ns
[component_container_isolated-2] [ERROR] [1789771553.234019506] [tf_help]: Transform data too old when converting from map to odom
[component_container_isolated-2] [ERROR] [1789771553.234060695] [tf_help]: Data time: 80s 500000000ns, Transform time: 3s 842000000ns
[component_container_isolated-2] [ERROR] [1789771553.284180172] [tf_help]: Transform data too old when converting from map to odom
[component_container_isolated-2] [ERROR] [1789771553.284224793] [tf_help]: Data time: 80s 500000000ns, Transform time: 3s 842000000ns
[component_container_isolated-2] [ERROR] [1789771553.334071447] [tf_help]: Transform data too old when converting from map to odom
[component_container_isolated-2] [ERROR] [1789771553.334115084] [tf_help]: Data time: 80s 500000000ns, Transform time: 3s 842000000ns
[component_container_isolated-2] [ERROR] [1789771553.381770870] [tf_help]: Transform data too old when converting from map to odom
[component_container_isolated-2] [ERROR] [1789771553.381805519] [tf_help]: Data time: 80s 500000000ns, Transform time: 3s 842000000ns
[component_container_isolated-2] [ERROR] [1789771553.430604794] [tf_help]: Transform data too old when converting from map to odom
[component_container_isolated-2] [ERROR] [1789771553.430637912] [tf_help]: Data time: 80s 500000000ns, Transform time: 3s 842000000ns
[component_container_isolated-2] [ERROR] [1789771553.480423129] [tf_help]: Transform data too old when converting from map to odom
[component_container_isolated-2] [ERROR] [1789771553.480485133] [tf_help]: Data time: 80s 500000000ns, Transform time: 3s 842000000ns
[component_container_isolated-2] [ERROR] [1789771553.530316991] [tf_help]: Transform data too old when converting from map to odom
[component_container_isolated-2] [ERROR] [1789771553.530354093] [tf_help]: Data time: 80s 500000000ns, Transform time: 3s 842000000ns
[component_container_isolated-2] [ERROR] [1789771553.581605949] [tf_help]: Transform data too old when converting from map to odom
[component_container_isolated-2] [ERROR] [1789771553.581640896] [tf_help]: Data time: 80s 500000000ns, Transform time: 3s 842000000ns
[component_container_isolated-2] [ERROR] [1789771553.631565244] [tf_help]: Transform data too old when converting from map to odom
[component_container_isolated-2] [ERROR] [1789771553.631599485] [tf_help]: Data time: 80s 500000000ns, Transform time: 3s 842000000ns
[component_container_isolated-2] [ERROR] [1789771553.681545138] [tf_help]: Transform data too old when converting from map to odom
[component_container_isolated-2] [ERROR] [1789771553.681598024] [tf_help]: Data time: 80s 500000000ns, Transform time: 3s 842000000ns
[component_container_isolated-2] [ERROR] [1789771553.731751076] [tf_help]: Transform data too old when converting from map to odom
[component_container_isolated-2] [ERROR] [1789771553.731787261] [tf_help]: Data time: 80s 500000000ns, Transform time: 3s 842000000ns
[component_container_isolated-2] [ERROR] [1789771553.781267305] [tf_help]: Transform data too old when converting from map to odom
[component_container_isolated-2] [ERROR] [1789771553.781301925] [tf_help]: Data time: 80s 500000000ns, Transform time: 3s 842000000ns
[component_container_isolated-2] [ERROR] [1789771553.832981826] [tf_help]: Transform data too old when converting from map to odom
[component_container_isolated-2] [ERROR] [1789771553.833016151] [tf_help]: Data time: 80s 500000000ns, Transform time: 3s 842000000ns
[component_container_isolated-2] [ERROR] [1789771553.884941833] [tf_help]: Transform data too old when converting from map to odom
[component_container_isolated-2] [ERROR] [1789771553.884987972] [tf_help]: Data time: 80s 500000000ns, Transform time: 3s 842000000ns
[component_container_isolated-2] [ERROR] [1789771553.932300333] [tf_help]: Transform data too old when converting from map to odom
[component_container_isolated-2] [ERROR] [1789771553.932331295] [tf_help]: Data time: 80s 500000000ns, Transform time: 3s 842000000ns
[component_container_isolated-2] [ERROR] [1789771553.981600643] [tf_help]: Transform data too old when converting from map to odom
[component_container_isolated-2] [ERROR] [1789771553.981632671] [tf_help]: Data time: 80s 500000000ns, Transform time: 3s 842000000ns
[component_container_isolated-2] [ERROR] [1789771554.031427154] [tf_help]: Transform data too old when converting from map to odom
[component_container_isolated-2] [ERROR] [1789771554.031466734] [tf_help]: Data time: 80s 500000000ns, Transform time: 3s 842000000ns
[component_container_isolated-2] [ERROR] [1789771554.081677463] [tf_help]: Transform data too old when converting from map to odom
[component_container_isolated-2] [ERROR] [1789771554.081713832] [tf_help]: Data time: 80s 500000000ns, Transform time: 3s 842000000ns
[component_container_isolated-2] [ERROR] [1789771554.131536637] [tf_help]: Transform data too old when converting from map to odom
[component_container_isolated-2] [ERROR] [1789771554.131570026] [tf_help]: Data time: 80s 500000000ns, Transform time: 3s 842000000ns
[component_container_isolated-2] [INFO] [1789771554.175867227] [controller_server]: Passing new path to controller.
[component_container_isolated-2] [ERROR] [1789771554.180765008] [tf_help]: Transform data too old when converting from map to odom
[component_container_isolated-2] [ERROR] [1789771554.180803607] [tf_help]: Data time: 81s 400000000ns, Transform time: 3s 842000000ns
[component_container_isolated-2] [ERROR] [1789771554.234445426] [tf_help]: Transform data too old when converting from map to odom
[component_container_isolated-2] [ERROR] [1789771554.234494972] [tf_help]: Data time: 81s 400000000ns, Transform time: 3s 842000000ns
[component_container_isolated-2] [ERROR] [1789771554.283533311] [tf_help]: Transform data too old when converting from map to odom
[component_container_isolated-2] [ERROR] [1789771554.283579117] [tf_help]: Data time: 81s 400000000ns, Transform time: 3s 842000000ns
[component_container_isolated-2] [ERROR] [1789771554.333380508] [tf_help]: Transform data too old when converting from map to odom
[component_container_isolated-2] [ERROR] [1789771554.333414628] [tf_help]: Data time: 81s 400000000ns, Transform time: 3s 842000000ns
[component_container_isolated-2] [ERROR] [1789771554.382204653] [tf_help]: Transform data too old when converting from map to odom
[component_container_isolated-2] [ERROR] [1789771554.382239454] [tf_help]: Data time: 81s 400000000ns, Transform time: 3s 842000000ns
[component_container_isolated-2] [ERROR] [1789771554.431249734] [tf_help]: Transform data too old when converting from map to odom
[component_container_isolated-2] [ERROR] [1789771554.431289314] [tf_help]: Data time: 81s 400000000ns, Transform time: 3s 842000000ns
[component_container_isolated-2] [ERROR] [1789771554.483059295] [tf_help]: Transform data too old when converting from map to odom
[component_container_isolated-2] [ERROR] [1789771554.483091864] [tf_help]: Data time: 81s 400000000ns, Transform time: 3s 842000000ns
[component_container_isolated-2] [ERROR] [1789771554.530665176] [tf_help]: Transform data too old when converting from map to odom
[component_container_isolated-2] [ERROR] [1789771554.530702267] [tf_help]: Data time: 81s 400000000ns, Transform time: 3s 842000000ns
[component_container_isolated-2] [ERROR] [1789771554.580761157] [tf_help]: Transform data too old when converting from map to odom
[component_container_isolated-2] [ERROR] [1789771554.580795675] [tf_help]: Data time: 81s 400000000ns, Transform time: 3s 842000000ns
[component_container_isolated-2] [ERROR] [1789771554.630703360] [tf_help]: Transform data too old when converting from map to odom
[component_container_isolated-2] [ERROR] [1789771554.630739093] [tf_help]: Data time: 81s 400000000ns, Transform time: 3s 842000000ns
[component_container_isolated-2] [ERROR] [1789771554.682583921] [tf_help]: Transform data too old when converting from map to odom
[component_container_isolated-2] [ERROR] [1789771554.682630366] [tf_help]: Data time: 81s 400000000ns, Transform time: 3s 842000000ns
[component_container_isolated-2] [ERROR] [1789771554.730793862] [tf_help]: Transform data too old when converting from map to odom
[component_container_isolated-2] [ERROR] [1789771554.730839114] [tf_help]: Data time: 81s 400000000ns, Transform time: 3s 842000000ns
[component_container_isolated-2] [ERROR] [1789771554.781545659] [tf_help]: Transform data too old when converting from map to odom
[component_container_isolated-2] [ERROR] [1789771554.781579482] [tf_help]: Data time: 81s 400000000ns, Transform time: 3s 842000000ns
[component_container_isolated-2] [ERROR] [1789771554.830287599] [tf_help]: Transform data too old when converting from map to odom
[component_container_isolated-2] [ERROR] [1789771554.830323581] [tf_help]: Data time: 81s 400000000ns, Transform time: 3s 842000000ns
[component_container_isolated-2] [ERROR] [1789771554.880597756] [tf_help]: Transform data too old when converting from map to odom
[component_container_isolated-2] [ERROR] [1789771554.880646821] [tf_help]: Data time: 81s 400000000ns, Transform time: 3s 842000000ns
[component_container_isolated-2] [ERROR] [1789771554.931058014] [tf_help]: Transform data too old when converting from map to odom
[component_container_isolated-2] [ERROR] [1789771554.931092115] [tf_help]: Data time: 81s 400000000ns, Transform time: 3s 842000000ns
[component_container_isolated-2] [ERROR] [1789771554.981091733] [tf_help]: Transform data too old when converting from map to odom
[component_container_isolated-2] [ERROR] [1789771554.981125117] [tf_help]: Data time: 81s 400000000ns, Transform time: 3s 842000000ns
[component_container_isolated-2] [ERROR] [1789771555.030738973] [tf_help]: Transform data too old when converting from map to odom
[component_container_isolated-2] [ERROR] [1789771555.030778278] [tf_help]: Data time: 81s 400000000ns, Transform time: 3s 842000000ns
[component_container_isolated-2] [ERROR] [1789771555.083952065] [tf_help]: Transform data too old when converting from map to odom
[component_container_isolated-2] [ERROR] [1789771555.083997816] [tf_help]: Data time: 81s 400000000ns, Transform time: 3s 842000000ns
[component_container_isolated-2] [ERROR] [1789771555.134041001] [tf_help]: Transform data too old when converting from map to odom
[component_container_isolated-2] [ERROR] [1789771555.134081712] [tf_help]: Data time: 81s 400000000ns, Transform time: 3s 842000000ns
[component_container_isolated-2] [ERROR] [1789771555.180787642] [tf_help]: Transform data too old when converting from map to odom
[component_container_isolated-2] [ERROR] [1789771555.180820971] [tf_help]: Data time: 81s 400000000ns, Transform time: 3s 842000000ns
[component_container_isolated-2] [INFO] [1789771555.225867527] [controller_server]: Passing new path to controller.
[component_container_isolated-2] [ERROR] [1789771555.230549302] [tf_help]: Transform data too old when converting from map to odom
[component_container_isolated-2] [ERROR] [1789771555.230582273] [tf_help]: Data time: 82s 400000000ns, Transform time: 3s 842000000ns
[component_container_isolated-2] [ERROR] [1789771555.280778943] [tf_help]: Transform data too old when converting from map to odom
[component_container_isolated-2] [ERROR] [1789771555.280818893] [tf_help]: Data time: 82s 400000000ns, Transform time: 3s 842000000ns
[component_container_isolated-2] [ERROR] [1789771555.330292596] [tf_help]: Transform data too old when converting from map to odom
[component_container_isolated-2] [ERROR] [1789771555.330326029] [tf_help]: Data time: 82s 400000000ns, Transform time: 3s 842000000ns
[component_container_isolated-2] [ERROR] [1789771555.381138485] [tf_help]: Transform data too old when converting from map to odom
[component_container_isolated-2] [ERROR] [1789771555.381171866] [tf_help]: Data time: 82s 400000000ns, Transform time: 3s 842000000ns
[component_container_isolated-2] [ERROR] [1789771555.431932161] [tf_help]: Transform data too old when converting from map to odom
[component_container_isolated-2] [ERROR] [1789771555.431971968] [tf_help]: Data time: 82s 400000000ns, Transform time: 3s 842000000ns
[component_container_isolated-2] [ERROR] [1789771555.480670488] [tf_help]: Transform data too old when converting from map to odom
[component_container_isolated-2] [ERROR] [1789771555.480718631] [tf_help]: Data time: 82s 400000000ns, Transform time: 3s 842000000ns
[component_container_isolated-2] [ERROR] [1789771555.530486964] [tf_help]: Transform data too old when converting from map to odom
[component_container_isolated-2] [ERROR] [1789771555.530520646] [tf_help]: Data time: 82s 400000000ns, Transform time: 3s 842000000ns
[component_container_isolated-2] [ERROR] [1789771555.582037297] [tf_help]: Transform data too old when converting from map to odom
[component_container_isolated-2] [ERROR] [1789771555.582073824] [tf_help]: Data time: 82s 400000000ns, Transform time: 3s 842000000ns
[component_container_isolated-2] [ERROR] [1789771555.631306649] [tf_help]: Transform data too old when converting from map to odom
[component_container_isolated-2] [ERROR] [1789771555.631357382] [tf_help]: Data time: 82s 400000000ns, Transform time: 3s 842000000ns
[component_container_isolated-2] [ERROR] [1789771555.683090513] [tf_help]: Transform data too old when converting from map to odom
[component_container_isolated-2] [ERROR] [1789771555.683146072] [tf_help]: Data time: 82s 400000000ns, Transform time: 3s 842000000ns
[component_container_isolated-2] [ERROR] [1789771555.730988092] [tf_help]: Transform data too old when converting from map to odom
[component_container_isolated-2] [ERROR] [1789771555.731023255] [tf_help]: Data time: 82s 400000000ns, Transform time: 3s 842000000ns
[component_container_isolated-2] [ERROR] [1789771555.781648166] [tf_help]: Transform data too old when converting from map to odom
[component_container_isolated-2] [ERROR] [1789771555.781685403] [tf_help]: Data time: 82s 400000000ns, Transform time: 3s 842000000ns
[component_container_isolated-2] [ERROR] [1789771555.830610116] [tf_help]: Transform data too old when converting from map to odom
[component_container_isolated-2] [ERROR] [1789771555.830644792] [tf_help]: Data time: 82s 400000000ns, Transform time: 3s 842000000ns
[component_container_isolated-2] [ERROR] [1789771555.880349950] [tf_help]: Transform data too old when converting from map to odom
[component_container_isolated-2] [ERROR] [1789771555.880396275] [tf_help]: Data time: 82s 400000000ns, Transform time: 3s 842000000ns
[component_container_isolated-2] [ERROR] [1789771555.930345562] [tf_help]: Transform data too old when converting from map to odom
[component_container_isolated-2] [ERROR] [1789771555.930378297] [tf_help]: Data time: 82s 400000000ns, Transform time: 3s 842000000ns
[component_container_isolated-2] [ERROR] [1789771555.980983584] [tf_help]: Transform data too old when converting from map to odom
[component_container_isolated-2] [ERROR] [1789771555.981032101] [tf_help]: Data time: 82s 400000000ns, Transform time: 3s 842000000ns
[component_container_isolated-2] [ERROR] [1789771556.030623347] [tf_help]: Transform data too old when converting from map to odom
[component_container_isolated-2] [ERROR] [1789771556.030660765] [tf_help]: Data time: 82s 400000000ns, Transform time: 3s 842000000ns
[component_container_isolated-2] [ERROR] [1789771556.080683770] [tf_help]: Transform data too old when converting from map to odom
[component_container_isolated-2] [ERROR] [1789771556.080731700] [tf_help]: Data time: 82s 400000000ns, Transform time: 3s 842000000ns
[component_container_isolated-2] [ERROR] [1789771556.130513163] [tf_help]: Transform data too old when converting from map to odom
[component_container_isolated-2] [ERROR] [1789771556.130549128] [tf_help]: Data time: 82s 400000000ns, Transform time: 3s 842000000ns
[component_container_isolated-2] [ERROR] [1789771556.180655660] [tf_help]: Transform data too old when converting from map to odom
[component_container_isolated-2] [ERROR] [1789771556.180691688] [tf_help]: Data time: 82s 400000000ns, Transform time: 3s 842000000ns
[component_container_isolated-2] [INFO] [1789771556.225863998] [controller_server]: Passing new path to controller.
[component_container_isolated-2] [ERROR] [1789771556.230523624] [tf_help]: Transform data too old when converting from map to odom
[component_container_isolated-2] [ERROR] [1789771556.230549649] [tf_help]: Data time: 83s 300000000ns, Transform time: 3s 842000000ns
[component_container_isolated-2] [ERROR] [1789771556.280152173] [tf_help]: Transform data too old when converting from map to odom
[component_container_isolated-2] [ERROR] [1789771556.280185472] [tf_help]: Data time: 83s 300000000ns, Transform time: 3s 842000000ns
[component_container_isolated-2] [ERROR] [1789771556.330494021] [tf_help]: Transform data too old when converting from map to odom
[component_container_isolated-2] [ERROR] [1789771556.330531256] [tf_help]: Data time: 83s 300000000ns, Transform time: 3s 842000000ns
[component_container_isolated-2] [ERROR] [1789771556.382741316] [tf_help]: Transform data too old when converting from map to odom
[component_container_isolated-2] [ERROR] [1789771556.382838147] [tf_help]: Data time: 83s 300000000ns, Transform time: 3s 842000000ns
[component_container_isolated-2] [ERROR] [1789771556.430888180] [tf_help]: Transform data too old when converting from map to odom
[component_container_isolated-2] [ERROR] [1789771556.430923587] [tf_help]: Data time: 83s 300000000ns, Transform time: 3s 842000000ns
[component_container_isolated-2] [ERROR] [1789771556.481173164] [tf_help]: Transform data too old when converting from map to odom
[component_container_isolated-2] [ERROR] [1789771556.481204891] [tf_help]: Data time: 83s 300000000ns, Transform time: 3s 842000000ns
[component_container_isolated-2] [ERROR] [1789771556.525946250] [controller_server]: Failed to make progress
[component_container_isolated-2] [WARN] [1789771556.526017743] [controller_server]: [follow_path] [ActionServer] Aborting handle.
[component_container_isolated-2] [INFO] [1789771556.545600239] [local_costmap.local_costmap]: Received request to clear entirely the local_costmap
[component_container_isolated-2] [INFO] [1789771556.545962840] [controller_server]: Received a goal, begin computing control effort.
[component_container_isolated-2] [ERROR] [1789771556.650588509] [tf_help]: Transform data too old when converting from map to odom
[component_container_isolated-2] [ERROR] [1789771556.650645516] [tf_help]: Data time: 83s 300000000ns, Transform time: 3s 842000000ns
[component_container_isolated-2] [WARN] [1789771556.650652571] [controller_server]: Control loop missed its desired rate of 20.0000Hz
[component_container_isolated-2] [ERROR] [1789771556.654756290] [tf_help]: Transform data too old when converting from map to odom
[component_container_isolated-2] [ERROR] [1789771556.654772252] [tf_help]: Data time: 83s 300000000ns, Transform time: 3s 842000000ns
[component_container_isolated-2] [ERROR] [1789771556.709730746] [tf_help]: Transform data too old when converting from map to odom
[component_container_isolated-2] [ERROR] [1789771556.709765005] [tf_help]: Data time: 83s 300000000ns, Transform time: 3s 842000000ns
[component_container_isolated-2] [ERROR] [1789771556.764350074] [tf_help]: Transform data too old when converting from map to odom
[component_container_isolated-2] [ERROR] [1789771556.764382113] [tf_help]: Data time: 83s 300000000ns, Transform time: 3s 842000000ns
[component_container_isolated-2] [ERROR] [1789771556.818963473] [tf_help]: Transform data too old when converting from map to odom
[component_container_isolated-2] [ERROR] [1789771556.818996254] [tf_help]: Data time: 83s 300000000ns, Transform time: 3s 842000000ns
[component_container_isolated-2] [ERROR] [1789771556.873410593] [tf_help]: Transform data too old when converting from map to odom
[component_container_isolated-2] [ERROR] [1789771556.873448910] [tf_help]: Data time: 83s 300000000ns, Transform time: 3s 842000000ns
[component_container_isolated-2] [ERROR] [1789771556.928056231] [tf_help]: Transform data too old when converting from map to odom
[component_container_isolated-2] [ERROR] [1789771556.928089624] [tf_help]: Data time: 83s 300000000ns, Transform time: 3s 842000000ns
[component_container_isolated-2] [ERROR] [1789771556.982812665] [tf_help]: Transform data too old when converting from map to odom
[component_container_isolated-2] [ERROR] [1789771556.982845167] [tf_help]: Data time: 83s 300000000ns, Transform time: 3s 842000000ns
[component_container_isolated-2] [ERROR] [1789771557.037182596] [tf_help]: Transform data too old when converting from map to odom
[component_container_isolated-2] [ERROR] [1789771557.037215616] [tf_help]: Data time: 83s 300000000ns, Transform time: 3s 842000000ns
[component_container_isolated-2] [ERROR] [1789771557.092243216] [tf_help]: Transform data too old when converting from map to odom
[component_container_isolated-2] [ERROR] [1789771557.092279993] [tf_help]: Data time: 83s 300000000ns, Transform time: 3s 842000000ns
[component_container_isolated-2] [ERROR] [1789771557.147100773] [tf_help]: Transform data too old when converting from map to odom
[component_container_isolated-2] [ERROR] [1789771557.147154128] [tf_help]: Data time: 83s 300000000ns, Transform time: 3s 842000000ns
[component_container_isolated-2] [ERROR] [1789771557.201434962] [tf_help]: Transform data too old when converting from map to odom
[component_container_isolated-2] [ERROR] [1789771557.201466287] [tf_help]: Data time: 83s 300000000ns, Transform time: 3s 842000000ns
[component_container_isolated-2] [INFO] [1789771557.250711099] [controller_server]: Passing new path to controller.
[component_container_isolated-2] [ERROR] [1789771557.255135171] [tf_help]: Transform data too old when converting from map to odom
[component_container_isolated-2] [ERROR] [1789771557.255155485] [tf_help]: Data time: 84s 300000000ns, Transform time: 3s 842000000ns
[component_container_isolated-2] [ERROR] [1789771557.305040628] [tf_help]: Transform data too old when converting from map to odom
[component_container_isolated-2] [ERROR] [1789771557.305078252] [tf_help]: Data time: 84s 300000000ns, Transform time: 3s 842000000ns
[component_container_isolated-2] [ERROR] [1789771557.356640575] [tf_help]: Transform data too old when converting from map to odom
[component_container_isolated-2] [ERROR] [1789771557.356671015] [tf_help]: Data time: 84s 300000000ns, Transform time: 3s 842000000ns
[component_container_isolated-2] [ERROR] [1789771557.405286582] [tf_help]: Transform data too old when converting from map to odom
[component_container_isolated-2] [ERROR] [1789771557.405335877] [tf_help]: Data time: 84s 300000000ns, Transform time: 3s 842000000ns
[component_container_isolated-2] [ERROR] [1789771557.455640708] [tf_help]: Transform data too old when converting from map to odom
[component_container_isolated-2] [ERROR] [1789771557.455675675] [tf_help]: Data time: 84s 300000000ns, Transform time: 3s 842000000ns
[component_container_isolated-2] [ERROR] [1789771557.505269519] [tf_help]: Transform data too old when converting from map to odom
[component_container_isolated-2] [ERROR] [1789771557.505299947] [tf_help]: Data time: 84s 300000000ns, Transform time: 3s 842000000ns
[component_container_isolated-2] [ERROR] [1789771557.555055775] [tf_help]: Transform data too old when converting from map to odom
[component_container_isolated-2] [ERROR] [1789771557.555087461] [tf_help]: Data time: 84s 300000000ns, Transform time: 3s 842000000ns
[component_container_isolated-2] [ERROR] [1789771557.604985230] [tf_help]: Transform data too old when converting from map to odom
[component_container_isolated-2] [ERROR] [1789771557.605017667] [tf_help]: Data time: 84s 300000000ns, Transform time: 3s 842000000ns
[component_container_isolated-2] [ERROR] [1789771557.659113783] [tf_help]: Transform data too old when converting from map to odom
[component_container_isolated-2] [ERROR] [1789771557.659142458] [tf_help]: Data time: 84s 300000000ns, Transform time: 3s 842000000ns
[component_container_isolated-2] [ERROR] [1789771557.705138147] [tf_help]: Transform data too old when converting from map to odom
[component_container_isolated-2] [ERROR] [1789771557.705169534] [tf_help]: Data time: 84s 300000000ns, Transform time: 3s 842000000ns
[component_container_isolated-2] [ERROR] [1789771557.755303556] [tf_help]: Transform data too old when converting from map to odom
[component_container_isolated-2] [ERROR] [1789771557.755335801] [tf_help]: Data time: 84s 300000000ns, Transform time: 3s 842000000ns
[component_container_isolated-2] [ERROR] [1789771557.805109926] [tf_help]: Transform data too old when converting from map to odom
[component_container_isolated-2] [ERROR] [1789771557.805142623] [tf_help]: Data time: 84s 300000000ns, Transform time: 3s 842000000ns
[component_container_isolated-2] [ERROR] [1789771557.855092087] [tf_help]: Transform data too old when converting from map to odom
[component_container_isolated-2] [ERROR] [1789771557.855126894] [tf_help]: Data time: 84s 300000000ns, Transform time: 3s 842000000ns
[component_container_isolated-2] [ERROR] [1789771557.905273082] [tf_help]: Transform data too old when converting from map to odom
[component_container_isolated-2] [ERROR] [1789771557.905306874] [tf_help]: Data time: 84s 300000000ns, Transform time: 3s 842000000ns
[component_container_isolated-2] [ERROR] [1789771557.956217753] [tf_help]: Transform data too old when converting from map to odom
[component_container_isolated-2] [ERROR] [1789771557.956248577] [tf_help]: Data time: 84s 300000000ns, Transform time: 3s 842000000ns
[component_container_isolated-2] [ERROR] [1789771558.005237669] [tf_help]: Transform data too old when converting from map to odom
[component_container_isolated-2] [ERROR] [1789771558.005278539] [tf_help]: Data time: 84s 300000000ns, Transform time: 3s 842000000ns
[component_container_isolated-2] [ERROR] [1789771558.054970227] [tf_help]: Transform data too old when converting from map to odom
[component_container_isolated-2] [ERROR] [1789771558.055009278] [tf_help]: Data time: 84s 300000000ns, Transform time: 3s 842000000ns
[component_container_isolated-2] [ERROR] [1789771558.104946254] [tf_help]: Transform data too old when converting from map to odom
[component_container_isolated-2] [ERROR] [1789771558.104977055] [tf_help]: Data time: 84s 300000000ns, Transform time: 3s 842000000ns
[component_container_isolated-2] [ERROR] [1789771558.155027262] [tf_help]: Transform data too old when converting from map to odom
[component_container_isolated-2] [ERROR] [1789771558.155059898] [tf_help]: Data time: 84s 300000000ns, Transform time: 3s 842000000ns
[component_container_isolated-2] [ERROR] [1789771558.205048866] [tf_help]: Transform data too old when converting from map to odom
[component_container_isolated-2] [ERROR] [1789771558.205082802] [tf_help]: Data time: 84s 300000000ns, Transform time: 3s 842000000ns
[component_container_isolated-2] [ERROR] [1789771558.255142089] [tf_help]: Transform data too old when converting from map to odom
[component_container_isolated-2] [ERROR] [1789771558.255174924] [tf_help]: Data time: 84s 300000000ns, Transform time: 3s 842000000ns
[component_container_isolated-2] [INFO] [1789771558.300715737] [controller_server]: Passing new path to controller.
[component_container_isolated-2] [ERROR] [1789771558.305485556] [tf_help]: Transform data too old when converting from map to odom
[component_container_isolated-2] [ERROR] [1789771558.305514074] [tf_help]: Data time: 85s 300000000ns, Transform time: 3s 842000000ns
[component_container_isolated-2] [ERROR] [1789771558.355110280] [tf_help]: Transform data too old when converting from map to odom
[component_container_isolated-2] [ERROR] [1789771558.355145053] [tf_help]: Data time: 85s 300000000ns, Transform time: 3s 842000000ns
[component_container_isolated-2] [ERROR] [1789771558.405323359] [tf_help]: Transform data too old when converting from map to odom
[component_container_isolated-2] [ERROR] [1789771558.405354739] [tf_help]: Data time: 85s 300000000ns, Transform time: 3s 842000000ns
[component_container_isolated-2] [ERROR] [1789771558.455363754] [tf_help]: Transform data too old when converting from map to odom
[component_container_isolated-2] [ERROR] [1789771558.455405074] [tf_help]: Data time: 85s 300000000ns, Transform time: 3s 842000000ns
[component_container_isolated-2] [ERROR] [1789771558.506043548] [tf_help]: Transform data too old when converting from map to odom
[component_container_isolated-2] [ERROR] [1789771558.506080750] [tf_help]: Data time: 85s 300000000ns, Transform time: 3s 842000000ns
[component_container_isolated-2] [ERROR] [1789771558.555248364] [tf_help]: Transform data too old when converting from map to odom
[component_container_isolated-2] [ERROR] [1789771558.555279612] [tf_help]: Data time: 85s 300000000ns, Transform time: 3s 842000000ns
[component_container_isolated-2] [ERROR] [1789771558.605170683] [tf_help]: Transform data too old when converting from map to odom
[component_container_isolated-2] [ERROR] [1789771558.605200466] [tf_help]: Data time: 85s 300000000ns, Transform time: 3s 842000000ns
[component_container_isolated-2] [ERROR] [1789771558.655312833] [tf_help]: Transform data too old when converting from map to odom
[component_container_isolated-2] [ERROR] [1789771558.655346966] [tf_help]: Data time: 85s 300000000ns, Transform time: 3s 842000000ns
[component_container_isolated-2] [ERROR] [1789771558.705507526] [tf_help]: Transform data too old when converting from map to odom
[component_container_isolated-2] [ERROR] [1789771558.705547405] [tf_help]: Data time: 85s 300000000ns, Transform time: 3s 842000000ns
[component_container_isolated-2] [ERROR] [1789771558.756012859] [tf_help]: Transform data too old when converting from map to odom
[component_container_isolated-2] [ERROR] [1789771558.756043126] [tf_help]: Data time: 85s 300000000ns, Transform time: 3s 842000000ns
[component_container_isolated-2] [ERROR] [1789771558.805517905] [tf_help]: Transform data too old when converting from map to odom
[component_container_isolated-2] [ERROR] [1789771558.805553751] [tf_help]: Data time: 85s 300000000ns, Transform time: 3s 842000000ns
[component_container_isolated-2] [ERROR] [1789771558.855618013] [tf_help]: Transform data too old when converting from map to odom
[component_container_isolated-2] [ERROR] [1789771558.855651934] [tf_help]: Data time: 85s 300000000ns, Transform time: 3s 842000000ns
[component_container_isolated-2] [ERROR] [1789771558.905090984] [tf_help]: Transform data too old when converting from map to odom
[component_container_isolated-2] [ERROR] [1789771558.905122310] [tf_help]: Data time: 85s 300000000ns, Transform time: 3s 842000000ns
[component_container_isolated-2] [ERROR] [1789771558.955142879] [tf_help]: Transform data too old when converting from map to odom
[component_container_isolated-2] [ERROR] [1789771558.955177237] [tf_help]: Data time: 85s 300000000ns, Transform time: 3s 842000000ns
[component_container_isolated-2] [ERROR] [1789771559.005227292] [tf_help]: Transform data too old when converting from map to odom
[component_container_isolated-2] [ERROR] [1789771559.005261744] [tf_help]: Data time: 85s 300000000ns, Transform time: 3s 842000000ns
[component_container_isolated-2] [ERROR] [1789771559.055156925] [tf_help]: Transform data too old when converting from map to odom
[component_container_isolated-2] [ERROR] [1789771559.055192890] [tf_help]: Data time: 85s 300000000ns, Transform time: 3s 842000000ns
[component_container_isolated-2] [ERROR] [1789771559.106747222] [tf_help]: Transform data too old when converting from map to odom
[component_container_isolated-2] [ERROR] [1789771559.106782180] [tf_help]: Data time: 85s 300000000ns, Transform time: 3s 842000000ns
[component_container_isolated-2] [ERROR] [1789771559.154973843] [tf_help]: Transform data too old when converting from map to odom
[component_container_isolated-2] [ERROR] [1789771559.155008178] [tf_help]: Data time: 85s 300000000ns, Transform time: 3s 842000000ns
[component_container_isolated-2] [ERROR] [1789771559.205516030] [tf_help]: Transform data too old when converting from map to odom
[component_container_isolated-2] [ERROR] [1789771559.205547428] [tf_help]: Data time: 85s 300000000ns, Transform time: 3s 842000000ns
[component_container_isolated-2] [ERROR] [1789771559.255011616] [tf_help]: Transform data too old when converting from map to odom
[component_container_isolated-2] [ERROR] [1789771559.255046105] [tf_help]: Data time: 85s 300000000ns, Transform time: 3s 842000000ns
[component_container_isolated-2] [ERROR] [1789771559.305145390] [tf_help]: Transform data too old when converting from map to odom
[component_container_isolated-2] [ERROR] [1789771559.305176110] [tf_help]: Data time: 85s 300000000ns, Transform time: 3s 842000000ns
[component_container_isolated-2] [INFO] [1789771559.350716130] [controller_server]: Passing new path to controller.
[component_container_isolated-2] [ERROR] [1789771559.355257298] [tf_help]: Transform data too old when converting from map to odom
[component_container_isolated-2] [ERROR] [1789771559.355283888] [tf_help]: Data time: 86s 300000000ns, Transform time: 3s 842000000ns
[component_container_isolated-2] [ERROR] [1789771559.405186094] [tf_help]: Transform data too old when converting from map to odom
[component_container_isolated-2] [ERROR] [1789771559.405226539] [tf_help]: Data time: 86s 300000000ns, Transform time: 3s 842000000ns
[component_container_isolated-2] [ERROR] [1789771559.455173669] [tf_help]: Transform data too old when converting from map to odom
[component_container_isolated-2] [ERROR] [1789771559.455213823] [tf_help]: Data time: 86s 300000000ns, Transform time: 3s 842000000ns
[component_container_isolated-2] [ERROR] [1789771559.505470620] [tf_help]: Transform data too old when converting from map to odom
[component_container_isolated-2] [ERROR] [1789771559.505506248] [tf_help]: Data time: 86s 300000000ns, Transform time: 3s 842000000ns
[component_container_isolated-2] [ERROR] [1789771559.555243080] [tf_help]: Transform data too old when converting from map to odom
[component_container_isolated-2] [ERROR] [1789771559.555275728] [tf_help]: Data time: 86s 300000000ns, Transform time: 3s 842000000ns
[component_container_isolated-2] [ERROR] [1789771559.605527240] [tf_help]: Transform data too old when converting from map to odom
[component_container_isolated-2] [ERROR] [1789771559.605566082] [tf_help]: Data time: 86s 300000000ns, Transform time: 3s 842000000ns
[component_container_isolated-2] [ERROR] [1789771559.655671840] [tf_help]: Transform data too old when converting from map to odom
[component_container_isolated-2] [ERROR] [1789771559.655714195] [tf_help]: Data time: 86s 300000000ns, Transform time: 3s 842000000ns
[component_container_isolated-2] [ERROR] [1789771559.705363544] [tf_help]: Transform data too old when converting from map to odom
[component_container_isolated-2] [ERROR] [1789771559.705399182] [tf_help]: Data time: 86s 300000000ns, Transform time: 3s 842000000ns
[component_container_isolated-2] [ERROR] [1789771559.755140721] [tf_help]: Transform data too old when converting from map to odom
[component_container_isolated-2] [ERROR] [1789771559.755178848] [tf_help]: Data time: 86s 300000000ns, Transform time: 3s 842000000ns
[component_container_isolated-2] [ERROR] [1789771559.805954141] [tf_help]: Transform data too old when converting from map to odom
[component_container_isolated-2] [ERROR] [1789771559.805986504] [tf_help]: Data time: 86s 300000000ns, Transform time: 3s 842000000ns
[component_container_isolated-2] [ERROR] [1789771559.855164450] [tf_help]: Transform data too old when converting from map to odom
[component_container_isolated-2] [ERROR] [1789771559.855197792] [tf_help]: Data time: 86s 300000000ns, Transform time: 3s 842000000ns
[component_container_isolated-2] [ERROR] [1789771559.905776135] [tf_help]: Transform data too old when converting from map to odom
[component_container_isolated-2] [ERROR] [1789771559.905807071] [tf_help]: Data time: 86s 300000000ns, Transform time: 3s 842000000ns
[component_container_isolated-2] [ERROR] [1789771559.956763570] [tf_help]: Transform data too old when converting from map to odom
[component_container_isolated-2] [ERROR] [1789771559.956800505] [tf_help]: Data time: 86s 300000000ns, Transform time: 3s 842000000ns
[component_container_isolated-2] [ERROR] [1789771560.008328650] [tf_help]: Transform data too old when converting from map to odom
[component_container_isolated-2] [ERROR] [1789771560.008363222] [tf_help]: Data time: 86s 300000000ns, Transform time: 3s 842000000ns
[component_container_isolated-2] [ERROR] [1789771560.055599793] [tf_help]: Transform data too old when converting from map to odom
[component_container_isolated-2] [ERROR] [1789771560.055633359] [tf_help]: Data time: 86s 300000000ns, Transform time: 3s 842000000ns
[component_container_isolated-2] [ERROR] [1789771560.105542898] [tf_help]: Transform data too old when converting from map to odom
[component_container_isolated-2] [ERROR] [1789771560.105581310] [tf_help]: Data time: 86s 300000000ns, Transform time: 3s 842000000ns
[component_container_isolated-2] [ERROR] [1789771560.155540317] [tf_help]: Transform data too old when converting from map to odom
[component_container_isolated-2] [ERROR] [1789771560.155575787] [tf_help]: Data time: 86s 300000000ns, Transform time: 3s 842000000ns
[component_container_isolated-2] [ERROR] [1789771560.205128202] [tf_help]: Transform data too old when converting from map to odom
[component_container_isolated-2] [ERROR] [1789771560.205170166] [tf_help]: Data time: 86s 300000000ns, Transform time: 3s 842000000ns
[component_container_isolated-2] [ERROR] [1789771560.255603119] [tf_help]: Transform data too old when converting from map to odom
[component_container_isolated-2] [ERROR] [1789771560.255643033] [tf_help]: Data time: 86s 300000000ns, Transform time: 3s 842000000ns
[component_container_isolated-2] [ERROR] [1789771560.305415694] [tf_help]: Transform data too old when converting from map to odom
[component_container_isolated-2] [ERROR] [1789771560.305454027] [tf_help]: Data time: 86s 300000000ns, Transform time: 3s 842000000ns
[component_container_isolated-2] [INFO] [1789771560.350718910] [controller_server]: Passing new path to controller.
[component_container_isolated-2] [ERROR] [1789771560.355484014] [tf_help]: Transform data too old when converting from map to odom
[component_container_isolated-2] [ERROR] [1789771560.355522448] [tf_help]: Data time: 87s 300000000ns, Transform time: 3s 842000000ns
[component_container_isolated-2] [ERROR] [1789771560.405350467] [tf_help]: Transform data too old when converting from map to odom
[component_container_isolated-2] [ERROR] [1789771560.405429957] [tf_help]: Data time: 87s 300000000ns, Transform time: 3s 842000000ns
[component_container_isolated-2] [ERROR] [1789771560.455544553] [tf_help]: Transform data too old when converting from map to odom
[component_container_isolated-2] [ERROR] [1789771560.455579102] [tf_help]: Data time: 87s 300000000ns, Transform time: 3s 842000000ns
[component_container_isolated-2] [ERROR] [1789771560.505580000] [tf_help]: Transform data too old when converting from map to odom
[component_container_isolated-2] [ERROR] [1789771560.505613753] [tf_help]: Data time: 87s 300000000ns, Transform time: 3s 842000000ns
[component_container_isolated-2] [ERROR] [1789771560.563825940] [tf_help]: Transform data too old when converting from map to odom
[component_container_isolated-2] [ERROR] [1789771560.563896373] [tf_help]: Data time: 87s 300000000ns, Transform time: 3s 842000000ns
[component_container_isolated-2] [ERROR] [1789771560.606551202] [tf_help]: Transform data too old when converting from map to odom
[component_container_isolated-2] [ERROR] [1789771560.606585535] [tf_help]: Data time: 87s 300000000ns, Transform time: 3s 842000000ns
[component_container_isolated-2] [ERROR] [1789771560.655176139] [tf_help]: Transform data too old when converting from map to odom
[component_container_isolated-2] [ERROR] [1789771560.655213086] [tf_help]: Data time: 87s 300000000ns, Transform time: 3s 842000000ns
[component_container_isolated-2] [ERROR] [1789771560.705160699] [tf_help]: Transform data too old when converting from map to odom
[component_container_isolated-2] [ERROR] [1789771560.705189902] [tf_help]: Data time: 87s 300000000ns, Transform time: 3s 842000000ns
[component_container_isolated-2] [ERROR] [1789771560.755056381] [tf_help]: Transform data too old when converting from map to odom
[component_container_isolated-2] [ERROR] [1789771560.755086666] [tf_help]: Data time: 87s 300000000ns, Transform time: 3s 842000000ns
[component_container_isolated-2] [ERROR] [1789771560.805214428] [tf_help]: Transform data too old when converting from map to odom
[component_container_isolated-2] [ERROR] [1789771560.805243502] [tf_help]: Data time: 87s 300000000ns, Transform time: 3s 842000000ns
[component_container_isolated-2] [ERROR] [1789771560.855100148] [tf_help]: Transform data too old when converting from map to odom
[component_container_isolated-2] [ERROR] [1789771560.855135514] [tf_help]: Data time: 87s 300000000ns, Transform time: 3s 842000000ns
[component_container_isolated-2] [ERROR] [1789771560.905751252] [tf_help]: Transform data too old when converting from map to odom
[component_container_isolated-2] [ERROR] [1789771560.905782648] [tf_help]: Data time: 87s 300000000ns, Transform time: 3s 842000000ns
[component_container_isolated-2] [ERROR] [1789771560.956919152] [tf_help]: Transform data too old when converting from map to odom
[component_container_isolated-2] [ERROR] [1789771560.956950673] [tf_help]: Data time: 87s 300000000ns, Transform time: 3s 842000000ns
[component_container_isolated-2] [ERROR] [1789771561.012545124] [tf_help]: Transform data too old when converting from map to odom
[component_container_isolated-2] [ERROR] [1789771561.012625270] [tf_help]: Data time: 87s 300000000ns, Transform time: 3s 842000000ns
[component_container_isolated-2] [ERROR] [1789771561.056992377] [tf_help]: Transform data too old when converting from map to odom
[component_container_isolated-2] [ERROR] [1789771561.057030057] [tf_help]: Data time: 87s 300000000ns, Transform time: 3s 842000000ns
[component_container_isolated-2] [ERROR] [1789771561.105873372] [tf_help]: Transform data too old when converting from map to odom
[component_container_isolated-2] [ERROR] [1789771561.105903944] [tf_help]: Data time: 87s 300000000ns, Transform time: 3s 842000000ns
[component_container_isolated-2] [ERROR] [1789771561.155436198] [tf_help]: Transform data too old when converting from map to odom
[component_container_isolated-2] [ERROR] [1789771561.155477214] [tf_help]: Data time: 87s 300000000ns, Transform time: 3s 842000000ns
[component_container_isolated-2] [ERROR] [1789771561.205336766] [tf_help]: Transform data too old when converting from map to odom
[component_container_isolated-2] [ERROR] [1789771561.205369636] [tf_help]: Data time: 87s 300000000ns, Transform time: 3s 842000000ns
[component_container_isolated-2] [ERROR] [1789771561.255561289] [tf_help]: Transform data too old when converting from map to odom
[component_container_isolated-2] [ERROR] [1789771561.255605099] [tf_help]: Data time: 87s 300000000ns, Transform time: 3s 842000000ns
[component_container_isolated-2] [ERROR] [1789771561.305233061] [tf_help]: Transform data too old when converting from map to odom
[component_container_isolated-2] [ERROR] [1789771561.305263591] [tf_help]: Data time: 87s 300000000ns, Transform time: 3s 842000000ns
[component_container_isolated-2] [ERROR] [1789771561.355114107] [tf_help]: Transform data too old when converting from map to odom
[component_container_isolated-2] [ERROR] [1789771561.355146003] [tf_help]: Data time: 87s 300000000ns, Transform time: 3s 842000000ns
[component_container_isolated-2] [INFO] [1789771561.400715003] [controller_server]: Passing new path to controller.
[component_container_isolated-2] [ERROR] [1789771561.405271858] [tf_help]: Transform data too old when converting from map to odom
[component_container_isolated-2] [ERROR] [1789771561.405308871] [tf_help]: Data time: 88s 300000000ns, Transform time: 3s 842000000ns
[component_container_isolated-2] [ERROR] [1789771561.455306822] [tf_help]: Transform data too old when converting from map to odom
[component_container_isolated-2] [ERROR] [1789771561.455338561] [tf_help]: Data time: 88s 300000000ns, Transform time: 3s 842000000ns
[component_container_isolated-2] [ERROR] [1789771561.504988317] [tf_help]: Transform data too old when converting from map to odom
[component_container_isolated-2] [ERROR] [1789771561.505020309] [tf_help]: Data time: 88s 300000000ns, Transform time: 3s 842000000ns
[component_container_isolated-2] [ERROR] [1789771561.555164785] [tf_help]: Transform data too old when converting from map to odom
[component_container_isolated-2] [ERROR] [1789771561.555207554] [tf_help]: Data time: 88s 300000000ns, Transform time: 3s 842000000ns
[component_container_isolated-2] [ERROR] [1789771561.605150225] [tf_help]: Transform data too old when converting from map to odom
[component_container_isolated-2] [ERROR] [1789771561.605179817] [tf_help]: Data time: 88s 300000000ns, Transform time: 3s 842000000ns
[component_container_isolated-2] [ERROR] [1789771561.655238795] [tf_help]: Transform data too old when converting from map to odom
[component_container_isolated-2] [ERROR] [1789771561.655277010] [tf_help]: Data time: 88s 300000000ns, Transform time: 3s 842000000ns
[component_container_isolated-2] [ERROR] [1789771561.705514737] [tf_help]: Transform data too old when converting from map to odom
[component_container_isolated-2] [ERROR] [1789771561.705557251] [tf_help]: Data time: 88s 300000000ns, Transform time: 3s 842000000ns
[component_container_isolated-2] [ERROR] [1789771561.755237719] [tf_help]: Transform data too old when converting from map to odom
[component_container_isolated-2] [ERROR] [1789771561.755268478] [tf_help]: Data time: 88s 300000000ns, Transform time: 3s 842000000ns
[component_container_isolated-2] [ERROR] [1789771561.805711988] [tf_help]: Transform data too old when converting from map to odom
[component_container_isolated-2] [ERROR] [1789771561.805749476] [tf_help]: Data time: 88s 300000000ns, Transform time: 3s 842000000ns
[component_container_isolated-2] [ERROR] [1789771561.855655610] [tf_help]: Transform data too old when converting from map to odom
[component_container_isolated-2] [ERROR] [1789771561.855687876] [tf_help]: Data time: 88s 300000000ns, Transform time: 3s 842000000ns
[component_container_isolated-2] [ERROR] [1789771561.905247550] [tf_help]: Transform data too old when converting from map to odom
[component_container_isolated-2] [ERROR] [1789771561.905276394] [tf_help]: Data time: 88s 300000000ns, Transform time: 3s 842000000ns
[component_container_isolated-2] [ERROR] [1789771561.955446389] [tf_help]: Transform data too old when converting from map to odom
[component_container_isolated-2] [ERROR] [1789771561.955477608] [tf_help]: Data time: 88s 300000000ns, Transform time: 3s 842000000ns
[component_container_isolated-2] [ERROR] [1789771562.005205519] [tf_help]: Transform data too old when converting from map to odom
[component_container_isolated-2] [ERROR] [1789771562.005235375] [tf_help]: Data time: 88s 300000000ns, Transform time: 3s 842000000ns
[component_container_isolated-2] [ERROR] [1789771562.055410632] [tf_help]: Transform data too old when converting from map to odom
[component_container_isolated-2] [ERROR] [1789771562.055464256] [tf_help]: Data time: 88s 300000000ns, Transform time: 3s 842000000ns
[component_container_isolated-2] [ERROR] [1789771562.105425895] [tf_help]: Transform data too old when converting from map to odom
[component_container_isolated-2] [ERROR] [1789771562.105461324] [tf_help]: Data time: 88s 300000000ns, Transform time: 3s 842000000ns
[component_container_isolated-2] [ERROR] [1789771562.155112687] [tf_help]: Transform data too old when converting from map to odom
[component_container_isolated-2] [ERROR] [1789771562.155148260] [tf_help]: Data time: 88s 300000000ns, Transform time: 3s 842000000ns
[component_container_isolated-2] [ERROR] [1789771562.205120457] [tf_help]: Transform data too old when converting from map to odom
[component_container_isolated-2] [ERROR] [1789771562.205152646] [tf_help]: Data time: 88s 300000000ns, Transform time: 3s 842000000ns
[component_container_isolated-2] [ERROR] [1789771562.255461817] [tf_help]: Transform data too old when converting from map to odom
[component_container_isolated-2] [ERROR] [1789771562.255493168] [tf_help]: Data time: 88s 300000000ns, Transform time: 3s 842000000ns
[component_container_isolated-2] [ERROR] [1789771562.305216899] [tf_help]: Transform data too old when converting from map to odom
[component_container_isolated-2] [ERROR] [1789771562.305257293] [tf_help]: Data time: 88s 300000000ns, Transform time: 3s 842000000ns
[component_container_isolated-2] [ERROR] [1789771562.355151136] [tf_help]: Transform data too old when converting from map to odom
[component_container_isolated-2] [ERROR] [1789771562.355183911] [tf_help]: Data time: 88s 300000000ns, Transform time: 3s 842000000ns
[component_container_isolated-2] [INFO] [1789771562.400714861] [controller_server]: Passing new path to controller.
[component_container_isolated-2] [ERROR] [1789771562.405296197] [tf_help]: Transform data too old when converting from map to odom
[component_container_isolated-2] [ERROR] [1789771562.405345215] [tf_help]: Data time: 89s 300000000ns, Transform time: 3s 842000000ns
[component_container_isolated-2] [ERROR] [1789771562.455617313] [tf_help]: Transform data too old when converting from map to odom
[component_container_isolated-2] [ERROR] [1789771562.455649369] [tf_help]: Data time: 89s 300000000ns, Transform time: 3s 842000000ns
[component_container_isolated-2] [ERROR] [1789771562.506614494] [tf_help]: Transform data too old when converting from map to odom
[component_container_isolated-2] [ERROR] [1789771562.506641279] [tf_help]: Data time: 89s 300000000ns, Transform time: 3s 842000000ns
[component_container_isolated-2] [ERROR] [1789771562.555952286] [tf_help]: Transform data too old when converting from map to odom
[component_container_isolated-2] [ERROR] [1789771562.555982132] [tf_help]: Data time: 89s 300000000ns, Transform time: 3s 842000000ns
[component_container_isolated-2] [ERROR] [1789771562.605366137] [tf_help]: Transform data too old when converting from map to odom
[component_container_isolated-2] [ERROR] [1789771562.605403880] [tf_help]: Data time: 89s 300000000ns, Transform time: 3s 842000000ns
[component_container_isolated-2] [ERROR] [1789771562.655088372] [tf_help]: Transform data too old when converting from map to odom
[component_container_isolated-2] [ERROR] [1789771562.655121114] [tf_help]: Data time: 89s 300000000ns, Transform time: 3s 842000000ns
[component_container_isolated-2] [ERROR] [1789771562.705027119] [tf_help]: Transform data too old when converting from map to odom
[component_container_isolated-2] [ERROR] [1789771562.705064686] [tf_help]: Data time: 89s 300000000ns, Transform time: 3s 842000000ns
[component_container_isolated-2] [ERROR] [1789771562.755954499] [tf_help]: Transform data too old when converting from map to odom
[component_container_isolated-2] [ERROR] [1789771562.755986023] [tf_help]: Data time: 89s 300000000ns, Transform time: 3s 842000000ns
[component_container_isolated-2] [ERROR] [1789771562.805151795] [tf_help]: Transform data too old when converting from map to odom
[component_container_isolated-2] [ERROR] [1789771562.805182162] [tf_help]: Data time: 89s 300000000ns, Transform time: 3s 842000000ns
[component_container_isolated-2] [ERROR] [1789771562.855579293] [tf_help]: Transform data too old when converting from map to odom
[component_container_isolated-2] [ERROR] [1789771562.855612826] [tf_help]: Data time: 89s 300000000ns, Transform time: 3s 842000000ns
[component_container_isolated-2] [ERROR] [1789771562.905648801] [tf_help]: Transform data too old when converting from map to odom
[component_container_isolated-2] [ERROR] [1789771562.905683777] [tf_help]: Data time: 89s 300000000ns, Transform time: 3s 842000000ns
[component_container_isolated-2] [ERROR] [1789771562.955333299] [tf_help]: Transform data too old when converting from map to odom
[component_container_isolated-2] [ERROR] [1789771562.955372130] [tf_help]: Data time: 89s 300000000ns, Transform time: 3s 842000000ns
[component_container_isolated-2] [ERROR] [1789771563.005997310] [tf_help]: Transform data too old when converting from map to odom
[component_container_isolated-2] [ERROR] [1789771563.006036632] [tf_help]: Data time: 89s 300000000ns, Transform time: 3s 842000000ns
[component_container_isolated-2] [ERROR] [1789771563.055577414] [tf_help]: Transform data too old when converting from map to odom
[component_container_isolated-2] [ERROR] [1789771563.055611357] [tf_help]: Data time: 89s 300000000ns, Transform time: 3s 842000000ns
[ground_truth_localizer-1] [INFO] [1789771563.089951072] [ground_truth_localizer]: last 10 s: ground truth msgs 294, map->odom published 294 (292 via latest odom TF)
[component_container_isolated-2] [ERROR] [1789771563.105111943] [tf_help]: Transform data too old when converting from map to odom
[component_container_isolated-2] [ERROR] [1789771563.105144899] [tf_help]: Data time: 89s 300000000ns, Transform time: 3s 842000000ns
[component_container_isolated-2] [ERROR] [1789771563.155167002] [tf_help]: Transform data too old when converting from map to odom
[component_container_isolated-2] [ERROR] [1789771563.155202399] [tf_help]: Data time: 89s 300000000ns, Transform time: 3s 842000000ns
[component_container_isolated-2] [ERROR] [1789771563.205518252] [tf_help]: Transform data too old when converting from map to odom
[component_container_isolated-2] [ERROR] [1789771563.205562775] [tf_help]: Data time: 89s 300000000ns, Transform time: 3s 842000000ns
[component_container_isolated-2] [ERROR] [1789771563.255234344] [tf_help]: Transform data too old when converting from map to odom
[component_container_isolated-2] [ERROR] [1789771563.255272581] [tf_help]: Data time: 89s 300000000ns, Transform time: 3s 842000000ns
[component_container_isolated-2] [ERROR] [1789771563.305116892] [tf_help]: Transform data too old when converting from map to odom
[component_container_isolated-2] [ERROR] [1789771563.305158924] [tf_help]: Data time: 89s 300000000ns, Transform time: 3s 842000000ns
[component_container_isolated-2] [ERROR] [1789771563.355242353] [tf_help]: Transform data too old when converting from map to odom
[component_container_isolated-2] [ERROR] [1789771563.355278454] [tf_help]: Data time: 89s 300000000ns, Transform time: 3s 842000000ns
[component_container_isolated-2] [ERROR] [1789771563.409199462] [tf_help]: Transform data too old when converting from map to odom
[component_container_isolated-2] [ERROR] [1789771563.409232669] [tf_help]: Data time: 89s 300000000ns, Transform time: 3s 842000000ns
[component_container_isolated-2] [INFO] [1789771563.450714970] [controller_server]: Passing new path to controller.
[component_container_isolated-2] [ERROR] [1789771563.456974614] [tf_help]: Transform data too old when converting from map to odom
[component_container_isolated-2] [ERROR] [1789771563.457049173] [tf_help]: Data time: 90s 200000000ns, Transform time: 3s 842000000ns
[component_container_isolated-2] [ERROR] [1789771563.505861778] [tf_help]: Transform data too old when converting from map to odom
[component_container_isolated-2] [ERROR] [1789771563.505893379] [tf_help]: Data time: 90s 200000000ns, Transform time: 3s 842000000ns
[component_container_isolated-2] [ERROR] [1789771563.557834444] [tf_help]: Transform data too old when converting from map to odom
[component_container_isolated-2] [ERROR] [1789771563.557864264] [tf_help]: Data time: 90s 200000000ns, Transform time: 3s 842000000ns
[component_container_isolated-2] [ERROR] [1789771563.605525058] [tf_help]: Transform data too old when converting from map to odom
[component_container_isolated-2] [ERROR] [1789771563.605556045] [tf_help]: Data time: 90s 200000000ns, Transform time: 3s 842000000ns
[component_container_isolated-2] [ERROR] [1789771563.655045601] [tf_help]: Transform data too old when converting from map to odom
[component_container_isolated-2] [ERROR] [1789771563.655076198] [tf_help]: Data time: 90s 200000000ns, Transform time: 3s 842000000ns
[component_container_isolated-2] [ERROR] [1789771563.705377063] [tf_help]: Transform data too old when converting from map to odom
[component_container_isolated-2] [ERROR] [1789771563.705407540] [tf_help]: Data time: 90s 200000000ns, Transform time: 3s 842000000ns
[component_container_isolated-2] [ERROR] [1789771563.756117977] [tf_help]: Transform data too old when converting from map to odom
[component_container_isolated-2] [ERROR] [1789771563.756150557] [tf_help]: Data time: 90s 200000000ns, Transform time: 3s 842000000ns
[component_container_isolated-2] [ERROR] [1789771563.804987706] [tf_help]: Transform data too old when converting from map to odom
[component_container_isolated-2] [ERROR] [1789771563.805019131] [tf_help]: Data time: 90s 200000000ns, Transform time: 3s 842000000ns
[component_container_isolated-2] [ERROR] [1789771563.855148286] [tf_help]: Transform data too old when converting from map to odom
[component_container_isolated-2] [ERROR] [1789771563.855199467] [tf_help]: Data time: 90s 200000000ns, Transform time: 3s 842000000ns
[component_container_isolated-2] [ERROR] [1789771563.906256721] [tf_help]: Transform data too old when converting from map to odom
[component_container_isolated-2] [ERROR] [1789771563.906295875] [tf_help]: Data time: 90s 200000000ns, Transform time: 3s 842000000ns
[component_container_isolated-2] [ERROR] [1789771563.954945964] [tf_help]: Transform data too old when converting from map to odom
[component_container_isolated-2] [ERROR] [1789771563.954978389] [tf_help]: Data time: 90s 200000000ns, Transform time: 3s 842000000ns
[component_container_isolated-2] [ERROR] [1789771564.005503929] [tf_help]: Transform data too old when converting from map to odom
[component_container_isolated-2] [ERROR] [1789771564.005542745] [tf_help]: Data time: 90s 200000000ns, Transform time: 3s 842000000ns
[component_container_isolated-2] [ERROR] [1789771564.055141490] [tf_help]: Transform data too old when converting from map to odom
[component_container_isolated-2] [ERROR] [1789771564.055174493] [tf_help]: Data time: 90s 200000000ns, Transform time: 3s 842000000ns
[component_container_isolated-2] [ERROR] [1789771564.106263935] [tf_help]: Transform data too old when converting from map to odom
[component_container_isolated-2] [ERROR] [1789771564.106296227] [tf_help]: Data time: 90s 200000000ns, Transform time: 3s 842000000ns
[component_container_isolated-2] [ERROR] [1789771564.155046132] [tf_help]: Transform data too old when converting from map to odom
[component_container_isolated-2] [ERROR] [1789771564.155078330] [tf_help]: Data time: 90s 200000000ns, Transform time: 3s 842000000ns
[component_container_isolated-2] [ERROR] [1789771564.205205556] [tf_help]: Transform data too old when converting from map to odom
[component_container_isolated-2] [ERROR] [1789771564.205235618] [tf_help]: Data time: 90s 200000000ns, Transform time: 3s 842000000ns
[component_container_isolated-2] [ERROR] [1789771564.255236282] [tf_help]: Transform data too old when converting from map to odom
[component_container_isolated-2] [ERROR] [1789771564.255268910] [tf_help]: Data time: 90s 200000000ns, Transform time: 3s 842000000ns
[component_container_isolated-2] [ERROR] [1789771564.305388660] [tf_help]: Transform data too old when converting from map to odom
[component_container_isolated-2] [ERROR] [1789771564.305421458] [tf_help]: Data time: 90s 200000000ns, Transform time: 3s 842000000ns
[component_container_isolated-2] [ERROR] [1789771564.355074645] [tf_help]: Transform data too old when converting from map to odom
[component_container_isolated-2] [ERROR] [1789771564.355109960] [tf_help]: Data time: 90s 200000000ns, Transform time: 3s 842000000ns
[component_container_isolated-2] [ERROR] [1789771564.406589968] [tf_help]: Transform data too old when converting from map to odom
[component_container_isolated-2] [ERROR] [1789771564.406621723] [tf_help]: Data time: 90s 200000000ns, Transform time: 3s 842000000ns
[component_container_isolated-2] [ERROR] [1789771564.455077089] [tf_help]: Transform data too old when converting from map to odom
[component_container_isolated-2] [ERROR] [1789771564.455118840] [tf_help]: Data time: 90s 200000000ns, Transform time: 3s 842000000ns
[component_container_isolated-2] [INFO] [1789771564.500760485] [controller_server]: Passing new path to controller.
[component_container_isolated-2] [ERROR] [1789771564.505166612] [tf_help]: Transform data too old when converting from map to odom
[component_container_isolated-2] [ERROR] [1789771564.505188754] [tf_help]: Data time: 91s 200000000ns, Transform time: 3s 842000000ns
[component_container_isolated-2] [ERROR] [1789771564.555409659] [tf_help]: Transform data too old when converting from map to odom
[component_container_isolated-2] [ERROR] [1789771564.555439644] [tf_help]: Data time: 91s 200000000ns, Transform time: 3s 842000000ns
[component_container_isolated-2] [ERROR] [1789771564.605354009] [tf_help]: Transform data too old when converting from map to odom
[component_container_isolated-2] [ERROR] [1789771564.605422556] [tf_help]: Data time: 91s 200000000ns, Transform time: 3s 842000000ns
[component_container_isolated-2] [ERROR] [1789771564.655270334] [tf_help]: Transform data too old when converting from map to odom
[component_container_isolated-2] [ERROR] [1789771564.655301728] [tf_help]: Data time: 91s 200000000ns, Transform time: 3s 842000000ns
[component_container_isolated-2] [ERROR] [1789771564.705112131] [tf_help]: Transform data too old when converting from map to odom
[component_container_isolated-2] [ERROR] [1789771564.705147417] [tf_help]: Data time: 91s 200000000ns, Transform time: 3s 842000000ns
[component_container_isolated-2] [ERROR] [1789771564.755070515] [tf_help]: Transform data too old when converting from map to odom
[component_container_isolated-2] [ERROR] [1789771564.755103291] [tf_help]: Data time: 91s 200000000ns, Transform time: 3s 842000000ns
[component_container_isolated-2] [ERROR] [1789771564.805239219] [tf_help]: Transform data too old when converting from map to odom
[component_container_isolated-2] [ERROR] [1789771564.805268152] [tf_help]: Data time: 91s 200000000ns, Transform time: 3s 842000000ns
[component_container_isolated-2] [ERROR] [1789771564.855798002] [tf_help]: Transform data too old when converting from map to odom
[component_container_isolated-2] [ERROR] [1789771564.855832206] [tf_help]: Data time: 91s 200000000ns, Transform time: 3s 842000000ns
[component_container_isolated-2] [ERROR] [1789771564.905218275] [tf_help]: Transform data too old when converting from map to odom
[component_container_isolated-2] [ERROR] [1789771564.905244813] [tf_help]: Data time: 91s 200000000ns, Transform time: 3s 842000000ns
[component_container_isolated-2] [ERROR] [1789771564.955315388] [tf_help]: Transform data too old when converting from map to odom
[component_container_isolated-2] [ERROR] [1789771564.955347373] [tf_help]: Data time: 91s 200000000ns, Transform time: 3s 842000000ns
[component_container_isolated-2] [ERROR] [1789771565.005321849] [tf_help]: Transform data too old when converting from map to odom
[component_container_isolated-2] [ERROR] [1789771565.005353118] [tf_help]: Data time: 91s 200000000ns, Transform time: 3s 842000000ns
[component_container_isolated-2] [ERROR] [1789771565.055266140] [tf_help]: Transform data too old when converting from map to odom
[component_container_isolated-2] [ERROR] [1789771565.055311612] [tf_help]: Data time: 91s 200000000ns, Transform time: 3s 842000000ns
[component_container_isolated-2] [ERROR] [1789771565.105374801] [tf_help]: Transform data too old when converting from map to odom
[component_container_isolated-2] [ERROR] [1789771565.105412675] [tf_help]: Data time: 91s 200000000ns, Transform time: 3s 842000000ns
[component_container_isolated-2] [ERROR] [1789771565.155421288] [tf_help]: Transform data too old when converting from map to odom
[component_container_isolated-2] [ERROR] [1789771565.155455830] [tf_help]: Data time: 91s 200000000ns, Transform time: 3s 842000000ns
[component_container_isolated-2] [ERROR] [1789771565.205537552] [tf_help]: Transform data too old when converting from map to odom
[component_container_isolated-2] [ERROR] [1789771565.205570943] [tf_help]: Data time: 91s 200000000ns, Transform time: 3s 842000000ns
[component_container_isolated-2] [ERROR] [1789771565.255246372] [tf_help]: Transform data too old when converting from map to odom
[component_container_isolated-2] [ERROR] [1789771565.255279285] [tf_help]: Data time: 91s 200000000ns, Transform time: 3s 842000000ns
[component_container_isolated-2] [ERROR] [1789771565.305590834] [tf_help]: Transform data too old when converting from map to odom
[component_container_isolated-2] [ERROR] [1789771565.305632014] [tf_help]: Data time: 91s 200000000ns, Transform time: 3s 842000000ns
[component_container_isolated-2] [ERROR] [1789771565.355411200] [tf_help]: Transform data too old when converting from map to odom
[component_container_isolated-2] [ERROR] [1789771565.355451263] [tf_help]: Data time: 91s 200000000ns, Transform time: 3s 842000000ns
[component_container_isolated-2] [ERROR] [1789771565.405213740] [tf_help]: Transform data too old when converting from map to odom
[component_container_isolated-2] [ERROR] [1789771565.405244921] [tf_help]: Data time: 91s 200000000ns, Transform time: 3s 842000000ns
[component_container_isolated-2] [ERROR] [1789771565.455246033] [tf_help]: Transform data too old when converting from map to odom
[component_container_isolated-2] [ERROR] [1789771565.455280974] [tf_help]: Data time: 91s 200000000ns, Transform time: 3s 842000000ns
[component_container_isolated-2] [INFO] [1789771565.500716621] [controller_server]: Passing new path to controller.
[component_container_isolated-2] [ERROR] [1789771565.505182331] [tf_help]: Transform data too old when converting from map to odom
[component_container_isolated-2] [ERROR] [1789771565.505205285] [tf_help]: Data time: 92s 200000000ns, Transform time: 3s 842000000ns
[component_container_isolated-2] [ERROR] [1789771565.555409014] [tf_help]: Transform data too old when converting from map to odom
[component_container_isolated-2] [ERROR] [1789771565.555443224] [tf_help]: Data time: 92s 200000000ns, Transform time: 3s 842000000ns
[component_container_isolated-2] [ERROR] [1789771565.605348111] [tf_help]: Transform data too old when converting from map to odom
[component_container_isolated-2] [ERROR] [1789771565.605379121] [tf_help]: Data time: 92s 200000000ns, Transform time: 3s 842000000ns
[component_container_isolated-2] [ERROR] [1789771565.655370706] [tf_help]: Transform data too old when converting from map to odom
[component_container_isolated-2] [ERROR] [1789771565.655407943] [tf_help]: Data time: 92s 200000000ns, Transform time: 3s 842000000ns
[component_container_isolated-2] [ERROR] [1789771565.710523685] [tf_help]: Transform data too old when converting from map to odom
[component_container_isolated-2] [ERROR] [1789771565.710568842] [tf_help]: Data time: 92s 200000000ns, Transform time: 3s 842000000ns
[component_container_isolated-2] [ERROR] [1789771565.755235201] [tf_help]: Transform data too old when converting from map to odom
[component_container_isolated-2] [ERROR] [1789771565.755269692] [tf_help]: Data time: 92s 200000000ns, Transform time: 3s 842000000ns
[component_container_isolated-2] [ERROR] [1789771565.805562823] [tf_help]: Transform data too old when converting from map to odom
[component_container_isolated-2] [ERROR] [1789771565.805630182] [tf_help]: Data time: 92s 200000000ns, Transform time: 3s 842000000ns
[component_container_isolated-2] [ERROR] [1789771565.855220113] [tf_help]: Transform data too old when converting from map to odom
[component_container_isolated-2] [ERROR] [1789771565.855250634] [tf_help]: Data time: 92s 200000000ns, Transform time: 3s 842000000ns
[component_container_isolated-2] [ERROR] [1789771565.905098208] [tf_help]: Transform data too old when converting from map to odom
[component_container_isolated-2] [ERROR] [1789771565.905129024] [tf_help]: Data time: 92s 200000000ns, Transform time: 3s 842000000ns
[component_container_isolated-2] [ERROR] [1789771565.954946298] [tf_help]: Transform data too old when converting from map to odom
[component_container_isolated-2] [ERROR] [1789771565.954977581] [tf_help]: Data time: 92s 200000000ns, Transform time: 3s 842000000ns
[component_container_isolated-2] [ERROR] [1789771566.005703428] [tf_help]: Transform data too old when converting from map to odom
[component_container_isolated-2] [ERROR] [1789771566.005735109] [tf_help]: Data time: 92s 200000000ns, Transform time: 3s 842000000ns
[component_container_isolated-2] [ERROR] [1789771566.055103080] [tf_help]: Transform data too old when converting from map to odom
[component_container_isolated-2] [ERROR] [1789771566.055134246] [tf_help]: Data time: 92s 200000000ns, Transform time: 3s 842000000ns
[component_container_isolated-2] [ERROR] [1789771566.105084857] [tf_help]: Transform data too old when converting from map to odom
[component_container_isolated-2] [ERROR] [1789771566.105121373] [tf_help]: Data time: 92s 200000000ns, Transform time: 3s 842000000ns
[component_container_isolated-2] [ERROR] [1789771566.155539855] [tf_help]: Transform data too old when converting from map to odom
[component_container_isolated-2] [ERROR] [1789771566.155566590] [tf_help]: Data time: 92s 200000000ns, Transform time: 3s 842000000ns
[component_container_isolated-2] [ERROR] [1789771566.205303910] [tf_help]: Transform data too old when converting from map to odom
[component_container_isolated-2] [ERROR] [1789771566.205335258] [tf_help]: Data time: 92s 200000000ns, Transform time: 3s 842000000ns
[component_container_isolated-2] [ERROR] [1789771566.255361004] [tf_help]: Transform data too old when converting from map to odom
[component_container_isolated-2] [ERROR] [1789771566.255392676] [tf_help]: Data time: 92s 200000000ns, Transform time: 3s 842000000ns
[component_container_isolated-2] [ERROR] [1789771566.304942855] [tf_help]: Transform data too old when converting from map to odom
[component_container_isolated-2] [ERROR] [1789771566.304972798] [tf_help]: Data time: 92s 200000000ns, Transform time: 3s 842000000ns
[component_container_isolated-2] [ERROR] [1789771566.355234563] [tf_help]: Transform data too old when converting from map to odom
[component_container_isolated-2] [ERROR] [1789771566.355265270] [tf_help]: Data time: 92s 200000000ns, Transform time: 3s 842000000ns
[component_container_isolated-2] [ERROR] [1789771566.405893882] [tf_help]: Transform data too old when converting from map to odom
[component_container_isolated-2] [ERROR] [1789771566.405929514] [tf_help]: Data time: 92s 200000000ns, Transform time: 3s 842000000ns
[component_container_isolated-2] [ERROR] [1789771566.455196450] [tf_help]: Transform data too old when converting from map to odom
[component_container_isolated-2] [ERROR] [1789771566.455228590] [tf_help]: Data time: 92s 200000000ns, Transform time: 3s 842000000ns
[component_container_isolated-2] [ERROR] [1789771566.505240658] [tf_help]: Transform data too old when converting from map to odom
[component_container_isolated-2] [ERROR] [1789771566.505274135] [tf_help]: Data time: 92s 200000000ns, Transform time: 3s 842000000ns
[component_container_isolated-2] [INFO] [1789771566.550717556] [controller_server]: Passing new path to controller.
[component_container_isolated-2] [ERROR] [1789771566.555179802] [tf_help]: Transform data too old when converting from map to odom
[component_container_isolated-2] [ERROR] [1789771566.555208480] [tf_help]: Data time: 93s 200000000ns, Transform time: 3s 842000000ns
[component_container_isolated-2] [ERROR] [1789771566.605090047] [tf_help]: Transform data too old when converting from map to odom
[component_container_isolated-2] [ERROR] [1789771566.605123925] [tf_help]: Data time: 93s 200000000ns, Transform time: 3s 842000000ns
[component_container_isolated-2] [ERROR] [1789771566.655170385] [tf_help]: Transform data too old when converting from map to odom
[component_container_isolated-2] [ERROR] [1789771566.655203162] [tf_help]: Data time: 93s 200000000ns, Transform time: 3s 842000000ns
[component_container_isolated-2] [ERROR] [1789771566.705304602] [tf_help]: Transform data too old when converting from map to odom
[component_container_isolated-2] [ERROR] [1789771566.705337708] [tf_help]: Data time: 93s 200000000ns, Transform time: 3s 842000000ns
[component_container_isolated-2] [ERROR] [1789771566.755017172] [tf_help]: Transform data too old when converting from map to odom
[component_container_isolated-2] [ERROR] [1789771566.755052866] [tf_help]: Data time: 93s 200000000ns, Transform time: 3s 842000000ns
[component_container_isolated-2] [ERROR] [1789771566.805045093] [tf_help]: Transform data too old when converting from map to odom
[component_container_isolated-2] [ERROR] [1789771566.805096425] [tf_help]: Data time: 93s 200000000ns, Transform time: 3s 842000000ns
[component_container_isolated-2] [ERROR] [1789771566.856659804] [tf_help]: Transform data too old when converting from map to odom
[component_container_isolated-2] [ERROR] [1789771566.856694714] [tf_help]: Data time: 93s 200000000ns, Transform time: 3s 842000000ns
[component_container_isolated-2] [ERROR] [1789771566.905849518] [tf_help]: Transform data too old when converting from map to odom
[component_container_isolated-2] [ERROR] [1789771566.905886064] [tf_help]: Data time: 93s 200000000ns, Transform time: 3s 842000000ns
[component_container_isolated-2] [ERROR] [1789771566.955883650] [tf_help]: Transform data too old when converting from map to odom
[component_container_isolated-2] [ERROR] [1789771566.955915340] [tf_help]: Data time: 93s 200000000ns, Transform time: 3s 842000000ns
[component_container_isolated-2] [ERROR] [1789771567.005065023] [tf_help]: Transform data too old when converting from map to odom
[component_container_isolated-2] [ERROR] [1789771567.005097049] [tf_help]: Data time: 93s 200000000ns, Transform time: 3s 842000000ns
[component_container_isolated-2] [ERROR] [1789771567.055139593] [tf_help]: Transform data too old when converting from map to odom
[component_container_isolated-2] [ERROR] [1789771567.055176771] [tf_help]: Data time: 93s 200000000ns, Transform time: 3s 842000000ns
[component_container_isolated-2] [ERROR] [1789771567.105247535] [tf_help]: Transform data too old when converting from map to odom
[component_container_isolated-2] [ERROR] [1789771567.105277404] [tf_help]: Data time: 93s 200000000ns, Transform time: 3s 842000000ns
[component_container_isolated-2] [ERROR] [1789771567.150751383] [controller_server]: Failed to make progress
[component_container_isolated-2] [WARN] [1789771567.150818624] [controller_server]: [follow_path] [ActionServer] Aborting handle.
[component_container_isolated-2] [INFO] [1789771567.165895954] [behavior_server]: Running spin
[component_container_isolated-2] [INFO] [1789771567.165993523] [behavior_server]: Turning 1.57 for spin behavior.
[component_container_isolated-2] [ERROR] [1789771567.266211056] [behavior_server]: Pose Goes Off Grid.
[component_container_isolated-2] [WARN] [1789771567.266296057] [behavior_server]: Collision Ahead - Exiting Spin
[component_container_isolated-2] [WARN] [1789771567.266310936] [behavior_server]: spin failed
[component_container_isolated-2] [WARN] [1789771567.266324521] [behavior_server]: [spin] [ActionServer] Aborting handle.
[component_container_isolated-2] [INFO] [1789771567.295686317] [behavior_server]: Running wait
[component_container_isolated-2] [INFO] [1789771572.295853228] [behavior_server]: wait completed successfully
[component_container_isolated-2] [INFO] [1789771572.345639754] [controller_server]: Received a goal, begin computing control effort.
[component_container_isolated-2] [INFO] [1789771572.348927918] [controller_server]: Optimizer reset
[component_container_isolated-2] [ERROR] [1789771572.353746226] [tf_help]: Transform data too old when converting from map to odom
[component_container_isolated-2] [ERROR] [1789771572.353770055] [tf_help]: Data time: 98s 900000000ns, Transform time: 3s 842000000ns
[component_container_isolated-2] [ERROR] [1789771572.400644737] [tf_help]: Transform data too old when converting from map to odom
[component_container_isolated-2] [ERROR] [1789771572.400684980] [tf_help]: Data time: 98s 900000000ns, Transform time: 3s 842000000ns
[component_container_isolated-2] [ERROR] [1789771572.450625823] [tf_help]: Transform data too old when converting from map to odom
[component_container_isolated-2] [ERROR] [1789771572.450670489] [tf_help]: Data time: 98s 900000000ns, Transform time: 3s 842000000ns
[component_container_isolated-2] [ERROR] [1789771572.500235995] [tf_help]: Transform data too old when converting from map to odom
[component_container_isolated-2] [ERROR] [1789771572.500268783] [tf_help]: Data time: 98s 900000000ns, Transform time: 3s 842000000ns
[component_container_isolated-2] [ERROR] [1789771572.550494391] [tf_help]: Transform data too old when converting from map to odom
[component_container_isolated-2] [ERROR] [1789771572.550538165] [tf_help]: Data time: 98s 900000000ns, Transform time: 3s 842000000ns
[component_container_isolated-2] [ERROR] [1789771572.600283074] [tf_help]: Transform data too old when converting from map to odom
[component_container_isolated-2] [ERROR] [1789771572.600314538] [tf_help]: Data time: 98s 900000000ns, Transform time: 3s 842000000ns
[component_container_isolated-2] [ERROR] [1789771572.650748223] [tf_help]: Transform data too old when converting from map to odom
[component_container_isolated-2] [ERROR] [1789771572.650780975] [tf_help]: Data time: 98s 900000000ns, Transform time: 3s 842000000ns
[component_container_isolated-2] [ERROR] [1789771572.700157063] [tf_help]: Transform data too old when converting from map to odom
[component_container_isolated-2] [ERROR] [1789771572.700190306] [tf_help]: Data time: 98s 900000000ns, Transform time: 3s 842000000ns
[component_container_isolated-2] [ERROR] [1789771572.750344817] [tf_help]: Transform data too old when converting from map to odom
[component_container_isolated-2] [ERROR] [1789771572.750403280] [tf_help]: Data time: 98s 900000000ns, Transform time: 3s 842000000ns
[component_container_isolated-2] [ERROR] [1789771572.800281658] [tf_help]: Transform data too old when converting from map to odom
[component_container_isolated-2] [ERROR] [1789771572.800312417] [tf_help]: Data time: 98s 900000000ns, Transform time: 3s 842000000ns
[component_container_isolated-2] [ERROR] [1789771572.853977696] [tf_help]: Transform data too old when converting from map to odom
[component_container_isolated-2] [ERROR] [1789771572.854022850] [tf_help]: Data time: 98s 900000000ns, Transform time: 3s 842000000ns
[component_container_isolated-2] [ERROR] [1789771572.904323199] [tf_help]: Transform data too old when converting from map to odom
[component_container_isolated-2] [ERROR] [1789771572.904367587] [tf_help]: Data time: 98s 900000000ns, Transform time: 3s 842000000ns
[component_container_isolated-2] [ERROR] [1789771572.953847970] [tf_help]: Transform data too old when converting from map to odom
[component_container_isolated-2] [ERROR] [1789771572.953884616] [tf_help]: Data time: 98s 900000000ns, Transform time: 3s 842000000ns
[component_container_isolated-2] [ERROR] [1789771573.000196221] [tf_help]: Transform data too old when converting from map to odom
[component_container_isolated-2] [ERROR] [1789771573.000230279] [tf_help]: Data time: 98s 900000000ns, Transform time: 3s 842000000ns
[component_container_isolated-2] [ERROR] [1789771573.050239695] [tf_help]: Transform data too old when converting from map to odom
[component_container_isolated-2] [ERROR] [1789771573.050276034] [tf_help]: Data time: 98s 900000000ns, Transform time: 3s 842000000ns
[component_container_isolated-2] [ERROR] [1789771573.100007694] [tf_help]: Transform data too old when converting from map to odom
[component_container_isolated-2] [ERROR] [1789771573.100040575] [tf_help]: Data time: 98s 900000000ns, Transform time: 3s 842000000ns
[component_container_isolated-2] [ERROR] [1789771573.150274988] [tf_help]: Transform data too old when converting from map to odom
[component_container_isolated-2] [ERROR] [1789771573.150321624] [tf_help]: Data time: 98s 900000000ns, Transform time: 3s 842000000ns
[component_container_isolated-2] [ERROR] [1789771573.201646765] [tf_help]: Transform data too old when converting from map to odom
[component_container_isolated-2] [ERROR] [1789771573.201681370] [tf_help]: Data time: 98s 900000000ns, Transform time: 3s 842000000ns
[component_container_isolated-2] [ERROR] [1789771573.250518912] [tf_help]: Transform data too old when converting from map to odom
[component_container_isolated-2] [ERROR] [1789771573.250550373] [tf_help]: Data time: 98s 900000000ns, Transform time: 3s 842000000ns
[component_container_isolated-2] [ERROR] [1789771573.301550858] [tf_help]: Transform data too old when converting from map to odom
[component_container_isolated-2] [ERROR] [1789771573.301583136] [tf_help]: Data time: 98s 900000000ns, Transform time: 3s 842000000ns
[component_container_isolated-2] [ERROR] [1789771573.350697871] [tf_help]: Transform data too old when converting from map to odom
[component_container_isolated-2] [ERROR] [1789771573.350733782] [tf_help]: Data time: 98s 900000000ns, Transform time: 3s 842000000ns
[component_container_isolated-2] [INFO] [1789771573.395804120] [controller_server]: Passing new path to controller.
[component_container_isolated-2] [ERROR] [1789771573.400175979] [tf_help]: Transform data too old when converting from map to odom
[component_container_isolated-2] [ERROR] [1789771573.400206341] [tf_help]: Data time: 99s 900000000ns, Transform time: 3s 842000000ns
[ground_truth_localizer-1] [INFO] [1789771573.430302996] [ground_truth_localizer]: last 10 s: ground truth msgs 294, map->odom published 294 (287 via latest odom TF)
[component_container_isolated-2] [ERROR] [1789771573.450093395] [tf_help]: Transform data too old when converting from map to odom
[component_container_isolated-2] [ERROR] [1789771573.450140643] [tf_help]: Data time: 99s 900000000ns, Transform time: 3s 842000000ns
[component_container_isolated-2] [ERROR] [1789771573.501224347] [tf_help]: Transform data too old when converting from map to odom
[component_container_isolated-2] [ERROR] [1789771573.501262338] [tf_help]: Data time: 99s 900000000ns, Transform time: 3s 842000000ns
[component_container_isolated-2] [ERROR] [1789771573.550841249] [tf_help]: Transform data too old when converting from map to odom
[component_container_isolated-2] [ERROR] [1789771573.550872717] [tf_help]: Data time: 99s 900000000ns, Transform time: 3s 842000000ns
[component_container_isolated-2] [ERROR] [1789771573.600016375] [tf_help]: Transform data too old when converting from map to odom
[component_container_isolated-2] [ERROR] [1789771573.600047516] [tf_help]: Data time: 99s 900000000ns, Transform time: 3s 842000000ns
[component_container_isolated-2] [ERROR] [1789771573.650471911] [tf_help]: Transform data too old when converting from map to odom
[component_container_isolated-2] [ERROR] [1789771573.650504410] [tf_help]: Data time: 99s 900000000ns, Transform time: 3s 842000000ns
[component_container_isolated-2] [ERROR] [1789771573.700441848] [tf_help]: Transform data too old when converting from map to odom
[component_container_isolated-2] [ERROR] [1789771573.700474614] [tf_help]: Data time: 99s 900000000ns, Transform time: 3s 842000000ns
[component_container_isolated-2] [ERROR] [1789771573.753953766] [tf_help]: Transform data too old when converting from map to odom
[component_container_isolated-2] [ERROR] [1789771573.754007958] [tf_help]: Data time: 99s 900000000ns, Transform time: 3s 842000000ns
[component_container_isolated-2] [ERROR] [1789771573.803971694] [tf_help]: Transform data too old when converting from map to odom
[component_container_isolated-2] [ERROR] [1789771573.804016215] [tf_help]: Data time: 99s 900000000ns, Transform time: 3s 842000000ns
[component_container_isolated-2] [ERROR] [1789771573.855169291] [tf_help]: Transform data too old when converting from map to odom
[component_container_isolated-2] [ERROR] [1789771573.855225384] [tf_help]: Data time: 99s 900000000ns, Transform time: 3s 842000000ns
[component_container_isolated-2] [ERROR] [1789771573.907038772] [tf_help]: Transform data too old when converting from map to odom
[component_container_isolated-2] [ERROR] [1789771573.907079968] [tf_help]: Data time: 99s 900000000ns, Transform time: 3s 842000000ns
[component_container_isolated-2] [ERROR] [1789771573.954742385] [tf_help]: Transform data too old when converting from map to odom
[component_container_isolated-2] [ERROR] [1789771573.954773815] [tf_help]: Data time: 99s 900000000ns, Transform time: 3s 842000000ns
[component_container_isolated-2] [ERROR] [1789771574.000440235] [tf_help]: Transform data too old when converting from map to odom
[component_container_isolated-2] [ERROR] [1789771574.000473885] [tf_help]: Data time: 99s 900000000ns, Transform time: 3s 842000000ns
[component_container_isolated-2] [ERROR] [1789771574.056013349] [tf_help]: Transform data too old when converting from map to odom
[component_container_isolated-2] [ERROR] [1789771574.056051767] [tf_help]: Data time: 99s 900000000ns, Transform time: 3s 842000000ns
[component_container_isolated-2] [ERROR] [1789771574.099921838] [tf_help]: Transform data too old when converting from map to odom
[component_container_isolated-2] [ERROR] [1789771574.099953640] [tf_help]: Data time: 99s 900000000ns, Transform time: 3s 842000000ns
[component_container_isolated-2] [ERROR] [1789771574.150118404] [tf_help]: Transform data too old when converting from map to odom
[component_container_isolated-2] [ERROR] [1789771574.150151578] [tf_help]: Data time: 99s 900000000ns, Transform time: 3s 842000000ns
[component_container_isolated-2] [ERROR] [1789771574.204128364] [tf_help]: Transform data too old when converting from map to odom
[component_container_isolated-2] [ERROR] [1789771574.204176540] [tf_help]: Data time: 99s 900000000ns, Transform time: 3s 842000000ns
[component_container_isolated-2] [ERROR] [1789771574.254331799] [tf_help]: Transform data too old when converting from map to odom
[component_container_isolated-2] [ERROR] [1789771574.254373160] [tf_help]: Data time: 99s 900000000ns, Transform time: 3s 842000000ns
[component_container_isolated-2] [ERROR] [1789771574.304495190] [tf_help]: Transform data too old when converting from map to odom
[component_container_isolated-2] [ERROR] [1789771574.304537128] [tf_help]: Data time: 99s 900000000ns, Transform time: 3s 842000000ns
[component_container_isolated-2] [ERROR] [1789771574.354278317] [tf_help]: Transform data too old when converting from map to odom
[component_container_isolated-2] [ERROR] [1789771574.354319017] [tf_help]: Data time: 99s 900000000ns, Transform time: 3s 842000000ns
[component_container_isolated-2] [ERROR] [1789771574.402842791] [tf_help]: Transform data too old when converting from map to odom
[component_container_isolated-2] [ERROR] [1789771574.402896675] [tf_help]: Data time: 99s 900000000ns, Transform time: 3s 842000000ns
[component_container_isolated-2] [INFO] [1789771574.445821225] [controller_server]: Passing new path to controller.
[component_container_isolated-2] [ERROR] [1789771574.451781175] [tf_help]: Transform data too old when converting from map to odom
[component_container_isolated-2] [ERROR] [1789771574.451829261] [tf_help]: Data time: 100s 800000000ns, Transform time: 3s 842000000ns
[component_container_isolated-2] [ERROR] [1789771574.501837958] [tf_help]: Transform data too old when converting from map to odom
[component_container_isolated-2] [ERROR] [1789771574.501878617] [tf_help]: Data time: 100s 800000000ns, Transform time: 3s 842000000ns
[component_container_isolated-2] [ERROR] [1789771574.550501727] [tf_help]: Transform data too old when converting from map to odom
[component_container_isolated-2] [ERROR] [1789771574.550538212] [tf_help]: Data time: 100s 800000000ns, Transform time: 3s 842000000ns
[component_container_isolated-2] [ERROR] [1789771574.601361365] [tf_help]: Transform data too old when converting from map to odom
[component_container_isolated-2] [ERROR] [1789771574.601401368] [tf_help]: Data time: 100s 800000000ns, Transform time: 3s 842000000ns
[component_container_isolated-2] [ERROR] [1789771574.651439597] [tf_help]: Transform data too old when converting from map to odom
[component_container_isolated-2] [ERROR] [1789771574.651475923] [tf_help]: Data time: 100s 800000000ns, Transform time: 3s 842000000ns
[component_container_isolated-2] [ERROR] [1789771574.701254943] [tf_help]: Transform data too old when converting from map to odom
[component_container_isolated-2] [ERROR] [1789771574.701296455] [tf_help]: Data time: 100s 800000000ns, Transform time: 3s 842000000ns
[component_container_isolated-2] [ERROR] [1789771574.750243443] [tf_help]: Transform data too old when converting from map to odom
[component_container_isolated-2] [ERROR] [1789771574.750274979] [tf_help]: Data time: 100s 800000000ns, Transform time: 3s 842000000ns
[component_container_isolated-2] [ERROR] [1789771574.801392809] [tf_help]: Transform data too old when converting from map to odom
[component_container_isolated-2] [ERROR] [1789771574.801427658] [tf_help]: Data time: 100s 800000000ns, Transform time: 3s 842000000ns
[component_container_isolated-2] [ERROR] [1789771574.857653073] [tf_help]: Transform data too old when converting from map to odom
[component_container_isolated-2] [ERROR] [1789771574.857681723] [tf_help]: Data time: 100s 800000000ns, Transform time: 3s 842000000ns
[component_container_isolated-2] [ERROR] [1789771574.901684745] [tf_help]: Transform data too old when converting from map to odom
[component_container_isolated-2] [ERROR] [1789771574.901718806] [tf_help]: Data time: 100s 800000000ns, Transform time: 3s 842000000ns
[component_container_isolated-2] [ERROR] [1789771574.950302577] [tf_help]: Transform data too old when converting from map to odom
[component_container_isolated-2] [ERROR] [1789771574.950334503] [tf_help]: Data time: 100s 800000000ns, Transform time: 3s 842000000ns
[component_container_isolated-2] [ERROR] [1789771575.000203851] [tf_help]: Transform data too old when converting from map to odom
[component_container_isolated-2] [ERROR] [1789771575.000240721] [tf_help]: Data time: 100s 800000000ns, Transform time: 3s 842000000ns
[component_container_isolated-2] [ERROR] [1789771575.050504143] [tf_help]: Transform data too old when converting from map to odom
[component_container_isolated-2] [ERROR] [1789771575.050537372] [tf_help]: Data time: 100s 800000000ns, Transform time: 3s 842000000ns
[component_container_isolated-2] [ERROR] [1789771575.100413301] [tf_help]: Transform data too old when converting from map to odom
[component_container_isolated-2] [ERROR] [1789771575.100456212] [tf_help]: Data time: 100s 800000000ns, Transform time: 3s 842000000ns
[component_container_isolated-2] [ERROR] [1789771575.150421977] [tf_help]: Transform data too old when converting from map to odom
[component_container_isolated-2] [ERROR] [1789771575.150459857] [tf_help]: Data time: 100s 800000000ns, Transform time: 3s 842000000ns
[component_container_isolated-2] [ERROR] [1789771575.200202011] [tf_help]: Transform data too old when converting from map to odom
[component_container_isolated-2] [ERROR] [1789771575.200233373] [tf_help]: Data time: 100s 800000000ns, Transform time: 3s 842000000ns
[component_container_isolated-2] [ERROR] [1789771575.250205297] [tf_help]: Transform data too old when converting from map to odom
[component_container_isolated-2] [ERROR] [1789771575.250235701] [tf_help]: Data time: 100s 800000000ns, Transform time: 3s 842000000ns
[component_container_isolated-2] [ERROR] [1789771575.300282781] [tf_help]: Transform data too old when converting from map to odom
[component_container_isolated-2] [ERROR] [1789771575.300315418] [tf_help]: Data time: 100s 800000000ns, Transform time: 3s 842000000ns
[component_container_isolated-2] [ERROR] [1789771575.350167973] [tf_help]: Transform data too old when converting from map to odom
[component_container_isolated-2] [ERROR] [1789771575.350201391] [tf_help]: Data time: 100s 800000000ns, Transform time: 3s 842000000ns
[component_container_isolated-2] [ERROR] [1789771575.400002540] [tf_help]: Transform data too old when converting from map to odom
[component_container_isolated-2] [ERROR] [1789771575.400033737] [tf_help]: Data time: 100s 800000000ns, Transform time: 3s 842000000ns
[component_container_isolated-2] [INFO] [1789771575.445777712] [controller_server]: Passing new path to controller.
[component_container_isolated-2] [ERROR] [1789771575.450686319] [tf_help]: Transform data too old when converting from map to odom
[component_container_isolated-2] [ERROR] [1789771575.450719347] [tf_help]: Data time: 101s 900000000ns, Transform time: 3s 842000000ns
[component_container_isolated-2] [ERROR] [1789771575.500096629] [tf_help]: Transform data too old when converting from map to odom
[component_container_isolated-2] [ERROR] [1789771575.500128086] [tf_help]: Data time: 101s 900000000ns, Transform time: 3s 842000000ns
[component_container_isolated-2] [ERROR] [1789771575.550301747] [tf_help]: Transform data too old when converting from map to odom
[component_container_isolated-2] [ERROR] [1789771575.550341188] [tf_help]: Data time: 101s 900000000ns, Transform time: 3s 842000000ns
[component_container_isolated-2] [ERROR] [1789771575.600151679] [tf_help]: Transform data too old when converting from map to odom
[component_container_isolated-2] [ERROR] [1789771575.600186496] [tf_help]: Data time: 101s 900000000ns, Transform time: 3s 842000000ns
[component_container_isolated-2] [ERROR] [1789771575.652576780] [tf_help]: Transform data too old when converting from map to odom
[component_container_isolated-2] [ERROR] [1789771575.652618135] [tf_help]: Data time: 101s 900000000ns, Transform time: 3s 842000000ns
[component_container_isolated-2] [ERROR] [1789771575.702789516] [tf_help]: Transform data too old when converting from map to odom
[component_container_isolated-2] [ERROR] [1789771575.702823027] [tf_help]: Data time: 101s 900000000ns, Transform time: 3s 842000000ns
[component_container_isolated-2] [ERROR] [1789771575.754073082] [tf_help]: Transform data too old when converting from map to odom
[component_container_isolated-2] [ERROR] [1789771575.754116220] [tf_help]: Data time: 101s 900000000ns, Transform time: 3s 842000000ns
[component_container_isolated-2] [ERROR] [1789771575.804152696] [tf_help]: Transform data too old when converting from map to odom
[component_container_isolated-2] [ERROR] [1789771575.804202327] [tf_help]: Data time: 101s 900000000ns, Transform time: 3s 842000000ns
[component_container_isolated-2] [ERROR] [1789771575.854439266] [tf_help]: Transform data too old when converting from map to odom
[component_container_isolated-2] [ERROR] [1789771575.854487870] [tf_help]: Data time: 101s 900000000ns, Transform time: 3s 842000000ns
[component_container_isolated-2] [ERROR] [1789771575.903933993] [tf_help]: Transform data too old when converting from map to odom
[component_container_isolated-2] [ERROR] [1789771575.903979654] [tf_help]: Data time: 101s 900000000ns, Transform time: 3s 842000000ns
[component_container_isolated-2] [ERROR] [1789771575.953699881] [tf_help]: Transform data too old when converting from map to odom
[component_container_isolated-2] [ERROR] [1789771575.953734832] [tf_help]: Data time: 101s 900000000ns, Transform time: 3s 842000000ns
[component_container_isolated-2] [ERROR] [1789771576.000276368] [tf_help]: Transform data too old when converting from map to odom
[component_container_isolated-2] [ERROR] [1789771576.000314815] [tf_help]: Data time: 101s 900000000ns, Transform time: 3s 842000000ns
[component_container_isolated-2] [ERROR] [1789771576.050404588] [tf_help]: Transform data too old when converting from map to odom
[component_container_isolated-2] [ERROR] [1789771576.050441803] [tf_help]: Data time: 101s 900000000ns, Transform time: 3s 842000000ns
[component_container_isolated-2] [ERROR] [1789771576.101637818] [tf_help]: Transform data too old when converting from map to odom
[component_container_isolated-2] [ERROR] [1789771576.101698654] [tf_help]: Data time: 101s 900000000ns, Transform time: 3s 842000000ns
[component_container_isolated-2] [ERROR] [1789771576.150262207] [tf_help]: Transform data too old when converting from map to odom
[component_container_isolated-2] [ERROR] [1789771576.150298096] [tf_help]: Data time: 101s 900000000ns, Transform time: 3s 842000000ns
[component_container_isolated-2] [ERROR] [1789771576.200159746] [tf_help]: Transform data too old when converting from map to odom
[component_container_isolated-2] [ERROR] [1789771576.200192418] [tf_help]: Data time: 101s 900000000ns, Transform time: 3s 842000000ns
[component_container_isolated-2] [ERROR] [1789771576.251695715] [tf_help]: Transform data too old when converting from map to odom
[component_container_isolated-2] [ERROR] [1789771576.251745483] [tf_help]: Data time: 101s 900000000ns, Transform time: 3s 842000000ns
[component_container_isolated-2] [ERROR] [1789771576.300704853] [tf_help]: Transform data too old when converting from map to odom
[component_container_isolated-2] [ERROR] [1789771576.300738879] [tf_help]: Data time: 101s 900000000ns, Transform time: 3s 842000000ns
[component_container_isolated-2] [ERROR] [1789771576.352243382] [tf_help]: Transform data too old when converting from map to odom
[component_container_isolated-2] [ERROR] [1789771576.352286822] [tf_help]: Data time: 101s 900000000ns, Transform time: 3s 842000000ns
[component_container_isolated-2] [ERROR] [1789771576.402708766] [tf_help]: Transform data too old when converting from map to odom
[component_container_isolated-2] [ERROR] [1789771576.402749319] [tf_help]: Data time: 101s 900000000ns, Transform time: 3s 842000000ns
[component_container_isolated-2] [ERROR] [1789771576.450299665] [tf_help]: Transform data too old when converting from map to odom
[component_container_isolated-2] [ERROR] [1789771576.450330544] [tf_help]: Data time: 101s 900000000ns, Transform time: 3s 842000000ns
[component_container_isolated-2] [INFO] [1789771576.495771546] [controller_server]: Passing new path to controller.
[component_container_isolated-2] [ERROR] [1789771576.500285128] [tf_help]: Transform data too old when converting from map to odom
[component_container_isolated-2] [ERROR] [1789771576.500324043] [tf_help]: Data time: 102s 900000000ns, Transform time: 3s 842000000ns
[component_container_isolated-2] [ERROR] [1789771576.550277092] [tf_help]: Transform data too old when converting from map to odom
[component_container_isolated-2] [ERROR] [1789771576.550312580] [tf_help]: Data time: 102s 900000000ns, Transform time: 3s 842000000ns
[component_container_isolated-2] [ERROR] [1789771576.601269672] [tf_help]: Transform data too old when converting from map to odom
[component_container_isolated-2] [ERROR] [1789771576.601320893] [tf_help]: Data time: 102s 900000000ns, Transform time: 3s 842000000ns
[component_container_isolated-2] [ERROR] [1789771576.655376726] [tf_help]: Transform data too old when converting from map to odom
[component_container_isolated-2] [ERROR] [1789771576.655428706] [tf_help]: Data time: 102s 900000000ns, Transform time: 3s 842000000ns
[component_container_isolated-2] [ERROR] [1789771576.701860167] [tf_help]: Transform data too old when converting from map to odom
[component_container_isolated-2] [ERROR] [1789771576.701898350] [tf_help]: Data time: 102s 900000000ns, Transform time: 3s 842000000ns
[component_container_isolated-2] [ERROR] [1789771576.753166473] [tf_help]: Transform data too old when converting from map to odom
[component_container_isolated-2] [ERROR] [1789771576.753211907] [tf_help]: Data time: 102s 900000000ns, Transform time: 3s 842000000ns
[component_container_isolated-2] [ERROR] [1789771576.800478695] [tf_help]: Transform data too old when converting from map to odom
[component_container_isolated-2] [ERROR] [1789771576.800511635] [tf_help]: Data time: 102s 900000000ns, Transform time: 3s 842000000ns
[component_container_isolated-2] [ERROR] [1789771576.850293041] [tf_help]: Transform data too old when converting from map to odom
[component_container_isolated-2] [ERROR] [1789771576.850328241] [tf_help]: Data time: 102s 900000000ns, Transform time: 3s 842000000ns
[component_container_isolated-2] [ERROR] [1789771576.902908470] [tf_help]: Transform data too old when converting from map to odom
[component_container_isolated-2] [ERROR] [1789771576.902939120] [tf_help]: Data time: 102s 900000000ns, Transform time: 3s 842000000ns
[component_container_isolated-2] [ERROR] [1789771576.951382796] [tf_help]: Transform data too old when converting from map to odom
[component_container_isolated-2] [ERROR] [1789771576.951418457] [tf_help]: Data time: 102s 900000000ns, Transform time: 3s 842000000ns
[component_container_isolated-2] [ERROR] [1789771577.001276454] [tf_help]: Transform data too old when converting from map to odom
[component_container_isolated-2] [ERROR] [1789771577.001313141] [tf_help]: Data time: 102s 900000000ns, Transform time: 3s 842000000ns
[component_container_isolated-2] [ERROR] [1789771577.051172620] [tf_help]: Transform data too old when converting from map to odom
[component_container_isolated-2] [ERROR] [1789771577.051204184] [tf_help]: Data time: 102s 900000000ns, Transform time: 3s 842000000ns
[component_container_isolated-2] [ERROR] [1789771577.104870831] [tf_help]: Transform data too old when converting from map to odom
[component_container_isolated-2] [ERROR] [1789771577.104920418] [tf_help]: Data time: 102s 900000000ns, Transform time: 3s 842000000ns
[component_container_isolated-2] [ERROR] [1789771577.150883653] [tf_help]: Transform data too old when converting from map to odom
[component_container_isolated-2] [ERROR] [1789771577.150917413] [tf_help]: Data time: 102s 900000000ns, Transform time: 3s 842000000ns
[component_container_isolated-2] [ERROR] [1789771577.201140590] [tf_help]: Transform data too old when converting from map to odom
[component_container_isolated-2] [ERROR] [1789771577.201175749] [tf_help]: Data time: 102s 900000000ns, Transform time: 3s 842000000ns
[component_container_isolated-2] [ERROR] [1789771577.251054147] [tf_help]: Transform data too old when converting from map to odom
[component_container_isolated-2] [ERROR] [1789771577.251087551] [tf_help]: Data time: 102s 900000000ns, Transform time: 3s 842000000ns
[component_container_isolated-2] [ERROR] [1789771577.299954709] [tf_help]: Transform data too old when converting from map to odom
[component_container_isolated-2] [ERROR] [1789771577.299985858] [tf_help]: Data time: 102s 900000000ns, Transform time: 3s 842000000ns
[component_container_isolated-2] [ERROR] [1789771577.350281197] [tf_help]: Transform data too old when converting from map to odom
[component_container_isolated-2] [ERROR] [1789771577.350315319] [tf_help]: Data time: 102s 900000000ns, Transform time: 3s 842000000ns
[component_container_isolated-2] [ERROR] [1789771577.403389116] [tf_help]: Transform data too old when converting from map to odom
[component_container_isolated-2] [ERROR] [1789771577.403441666] [tf_help]: Data time: 102s 900000000ns, Transform time: 3s 842000000ns
[component_container_isolated-2] [ERROR] [1789771577.452169248] [tf_help]: Transform data too old when converting from map to odom
[component_container_isolated-2] [ERROR] [1789771577.452205017] [tf_help]: Data time: 102s 900000000ns, Transform time: 3s 842000000ns
[component_container_isolated-2] [INFO] [1789771577.495772523] [controller_server]: Passing new path to controller.
[component_container_isolated-2] [ERROR] [1789771577.502263201] [tf_help]: Transform data too old when converting from map to odom
[component_container_isolated-2] [ERROR] [1789771577.502324575] [tf_help]: Data time: 103s 900000000ns, Transform time: 3s 842000000ns
[component_container_isolated-2] [ERROR] [1789771577.551091806] [tf_help]: Transform data too old when converting from map to odom
[component_container_isolated-2] [ERROR] [1789771577.551127702] [tf_help]: Data time: 103s 900000000ns, Transform time: 3s 842000000ns
[component_container_isolated-2] [ERROR] [1789771577.600191845] [tf_help]: Transform data too old when converting from map to odom
[component_container_isolated-2] [ERROR] [1789771577.600226953] [tf_help]: Data time: 103s 900000000ns, Transform time: 3s 842000000ns
[component_container_isolated-2] [ERROR] [1789771577.650924333] [tf_help]: Transform data too old when converting from map to odom
[component_container_isolated-2] [ERROR] [1789771577.650957828] [tf_help]: Data time: 103s 900000000ns, Transform time: 3s 842000000ns
[component_container_isolated-2] [ERROR] [1789771577.702808077] [tf_help]: Transform data too old when converting from map to odom
[component_container_isolated-2] [ERROR] [1789771577.702851575] [tf_help]: Data time: 103s 900000000ns, Transform time: 3s 842000000ns
[component_container_isolated-2] [ERROR] [1789771577.750316576] [tf_help]: Transform data too old when converting from map to odom
[component_container_isolated-2] [ERROR] [1789771577.750350249] [tf_help]: Data time: 103s 900000000ns, Transform time: 3s 842000000ns
[component_container_isolated-2] [ERROR] [1789771577.800321669] [tf_help]: Transform data too old when converting from map to odom
[component_container_isolated-2] [ERROR] [1789771577.800353487] [tf_help]: Data time: 103s 900000000ns, Transform time: 3s 842000000ns
[component_container_isolated-2] [ERROR] [1789771577.850231195] [tf_help]: Transform data too old when converting from map to odom
[component_container_isolated-2] [ERROR] [1789771577.850262875] [tf_help]: Data time: 103s 900000000ns, Transform time: 3s 842000000ns
[component_container_isolated-2] [ERROR] [1789771577.900049996] [tf_help]: Transform data too old when converting from map to odom
[component_container_isolated-2] [ERROR] [1789771577.900082593] [tf_help]: Data time: 103s 900000000ns, Transform time: 3s 842000000ns
[component_container_isolated-2] [ERROR] [1789771577.950127758] [tf_help]: Transform data too old when converting from map to odom
[component_container_isolated-2] [ERROR] [1789771577.950160416] [tf_help]: Data time: 103s 900000000ns, Transform time: 3s 842000000ns
[component_container_isolated-2] [ERROR] [1789771578.000653624] [tf_help]: Transform data too old when converting from map to odom
[component_container_isolated-2] [ERROR] [1789771578.000691409] [tf_help]: Data time: 103s 900000000ns, Transform time: 3s 842000000ns
[component_container_isolated-2] [ERROR] [1789771578.050364139] [tf_help]: Transform data too old when converting from map to odom
[component_container_isolated-2] [ERROR] [1789771578.050399923] [tf_help]: Data time: 103s 900000000ns, Transform time: 3s 842000000ns
[component_container_isolated-2] [ERROR] [1789771578.100079870] [tf_help]: Transform data too old when converting from map to odom
[component_container_isolated-2] [ERROR] [1789771578.100112494] [tf_help]: Data time: 103s 900000000ns, Transform time: 3s 842000000ns
[component_container_isolated-2] [ERROR] [1789771578.151140779] [tf_help]: Transform data too old when converting from map to odom
[component_container_isolated-2] [ERROR] [1789771578.151173403] [tf_help]: Data time: 103s 900000000ns, Transform time: 3s 842000000ns
[component_container_isolated-2] [ERROR] [1789771578.200322577] [tf_help]: Transform data too old when converting from map to odom
[component_container_isolated-2] [ERROR] [1789771578.200356651] [tf_help]: Data time: 103s 900000000ns, Transform time: 3s 842000000ns
[component_container_isolated-2] [ERROR] [1789771578.250718176] [tf_help]: Transform data too old when converting from map to odom
[component_container_isolated-2] [ERROR] [1789771578.250750880] [tf_help]: Data time: 103s 900000000ns, Transform time: 3s 842000000ns
[component_container_isolated-2] [ERROR] [1789771578.300167769] [tf_help]: Transform data too old when converting from map to odom
[component_container_isolated-2] [ERROR] [1789771578.300203585] [tf_help]: Data time: 103s 900000000ns, Transform time: 3s 842000000ns
[component_container_isolated-2] [ERROR] [1789771578.350440705] [tf_help]: Transform data too old when converting from map to odom
[component_container_isolated-2] [ERROR] [1789771578.350479188] [tf_help]: Data time: 103s 900000000ns, Transform time: 3s 842000000ns
[component_container_isolated-2] [ERROR] [1789771578.400465346] [tf_help]: Transform data too old when converting from map to odom
[component_container_isolated-2] [ERROR] [1789771578.400504407] [tf_help]: Data time: 103s 900000000ns, Transform time: 3s 842000000ns
[component_container_isolated-2] [ERROR] [1789771578.450497952] [tf_help]: Transform data too old when converting from map to odom
[component_container_isolated-2] [ERROR] [1789771578.450546983] [tf_help]: Data time: 103s 900000000ns, Transform time: 3s 842000000ns
[component_container_isolated-2] [ERROR] [1789771578.500360609] [tf_help]: Transform data too old when converting from map to odom
[component_container_isolated-2] [ERROR] [1789771578.500409907] [tf_help]: Data time: 103s 900000000ns, Transform time: 3s 842000000ns
[component_container_isolated-2] [INFO] [1789771578.545804598] [controller_server]: Passing new path to controller.
[component_container_isolated-2] [ERROR] [1789771578.550329343] [tf_help]: Transform data too old when converting from map to odom
[component_container_isolated-2] [ERROR] [1789771578.550360119] [tf_help]: Data time: 104s 900000000ns, Transform time: 3s 842000000ns
[component_container_isolated-2] [ERROR] [1789771578.600188282] [tf_help]: Transform data too old when converting from map to odom
[component_container_isolated-2] [ERROR] [1789771578.600223360] [tf_help]: Data time: 104s 900000000ns, Transform time: 3s 842000000ns
[component_container_isolated-2] [ERROR] [1789771578.653612073] [tf_help]: Transform data too old when converting from map to odom
[component_container_isolated-2] [ERROR] [1789771578.653656677] [tf_help]: Data time: 104s 900000000ns, Transform time: 3s 842000000ns
[component_container_isolated-2] [ERROR] [1789771578.703954398] [tf_help]: Transform data too old when converting from map to odom
[component_container_isolated-2] [ERROR] [1789771578.703996750] [tf_help]: Data time: 104s 900000000ns, Transform time: 3s 842000000ns
[component_container_isolated-2] [ERROR] [1789771578.753836943] [tf_help]: Transform data too old when converting from map to odom
[component_container_isolated-2] [ERROR] [1789771578.753874757] [tf_help]: Data time: 104s 900000000ns, Transform time: 3s 842000000ns
[component_container_isolated-2] [ERROR] [1789771578.800216568] [tf_help]: Transform data too old when converting from map to odom
[component_container_isolated-2] [ERROR] [1789771578.800258943] [tf_help]: Data time: 104s 900000000ns, Transform time: 3s 842000000ns
[component_container_isolated-2] [ERROR] [1789771578.850397639] [tf_help]: Transform data too old when converting from map to odom
[component_container_isolated-2] [ERROR] [1789771578.850444355] [tf_help]: Data time: 104s 900000000ns, Transform time: 3s 842000000ns
[component_container_isolated-2] [ERROR] [1789771578.900594080] [tf_help]: Transform data too old when converting from map to odom
[component_container_isolated-2] [ERROR] [1789771578.900630038] [tf_help]: Data time: 104s 900000000ns, Transform time: 3s 842000000ns
[component_container_isolated-2] [ERROR] [1789771578.950227946] [tf_help]: Transform data too old when converting from map to odom
[component_container_isolated-2] [ERROR] [1789771578.950262800] [tf_help]: Data time: 104s 900000000ns, Transform time: 3s 842000000ns
[component_container_isolated-2] [ERROR] [1789771579.000731497] [tf_help]: Transform data too old when converting from map to odom
[component_container_isolated-2] [ERROR] [1789771579.000770439] [tf_help]: Data time: 104s 900000000ns, Transform time: 3s 842000000ns
[component_container_isolated-2] [ERROR] [1789771579.050669961] [tf_help]: Transform data too old when converting from map to odom
[component_container_isolated-2] [ERROR] [1789771579.050702696] [tf_help]: Data time: 104s 900000000ns, Transform time: 3s 842000000ns
[component_container_isolated-2] [ERROR] [1789771579.100871972] [tf_help]: Transform data too old when converting from map to odom
[component_container_isolated-2] [ERROR] [1789771579.100911629] [tf_help]: Data time: 104s 900000000ns, Transform time: 3s 842000000ns
[component_container_isolated-2] [ERROR] [1789771579.150274027] [tf_help]: Transform data too old when converting from map to odom
[component_container_isolated-2] [ERROR] [1789771579.150310790] [tf_help]: Data time: 104s 900000000ns, Transform time: 3s 842000000ns
[component_container_isolated-2] [ERROR] [1789771579.201112937] [tf_help]: Transform data too old when converting from map to odom
[component_container_isolated-2] [ERROR] [1789771579.201149746] [tf_help]: Data time: 104s 900000000ns, Transform time: 3s 842000000ns
[component_container_isolated-2] [ERROR] [1789771579.250463339] [tf_help]: Transform data too old when converting from map to odom
[component_container_isolated-2] [ERROR] [1789771579.250493639] [tf_help]: Data time: 104s 900000000ns, Transform time: 3s 842000000ns
[component_container_isolated-2] [ERROR] [1789771579.300222282] [tf_help]: Transform data too old when converting from map to odom
[component_container_isolated-2] [ERROR] [1789771579.300253643] [tf_help]: Data time: 104s 900000000ns, Transform time: 3s 842000000ns
[component_container_isolated-2] [ERROR] [1789771579.350259935] [tf_help]: Transform data too old when converting from map to odom
[component_container_isolated-2] [ERROR] [1789771579.350304552] [tf_help]: Data time: 104s 900000000ns, Transform time: 3s 842000000ns
[component_container_isolated-2] [ERROR] [1789771579.400795876] [tf_help]: Transform data too old when converting from map to odom
[component_container_isolated-2] [ERROR] [1789771579.400829298] [tf_help]: Data time: 104s 900000000ns, Transform time: 3s 842000000ns
[component_container_isolated-2] [ERROR] [1789771579.450673808] [tf_help]: Transform data too old when converting from map to odom
[component_container_isolated-2] [ERROR] [1789771579.450711838] [tf_help]: Data time: 104s 900000000ns, Transform time: 3s 842000000ns
[component_container_isolated-2] [ERROR] [1789771579.501429682] [tf_help]: Transform data too old when converting from map to odom
[component_container_isolated-2] [ERROR] [1789771579.501478802] [tf_help]: Data time: 104s 900000000ns, Transform time: 3s 842000000ns
[component_container_isolated-2] [ERROR] [1789771579.551078945] [tf_help]: Transform data too old when converting from map to odom
[component_container_isolated-2] [ERROR] [1789771579.551112476] [tf_help]: Data time: 104s 900000000ns, Transform time: 3s 842000000ns
[component_container_isolated-2] [INFO] [1789771579.595784072] [controller_server]: Passing new path to controller.
[component_container_isolated-2] [ERROR] [1789771579.601404206] [tf_help]: Transform data too old when converting from map to odom
[component_container_isolated-2] [ERROR] [1789771579.601435024] [tf_help]: Data time: 105s 900000000ns, Transform time: 3s 842000000ns
[component_container_isolated-2] [ERROR] [1789771579.651319234] [tf_help]: Transform data too old when converting from map to odom
[component_container_isolated-2] [ERROR] [1789771579.651350228] [tf_help]: Data time: 105s 900000000ns, Transform time: 3s 842000000ns
[component_container_isolated-2] [ERROR] [1789771579.700268857] [tf_help]: Transform data too old when converting from map to odom
[component_container_isolated-2] [ERROR] [1789771579.700305217] [tf_help]: Data time: 105s 900000000ns, Transform time: 3s 842000000ns
[component_container_isolated-2] [ERROR] [1789771579.750615413] [tf_help]: Transform data too old when converting from map to odom
[component_container_isolated-2] [ERROR] [1789771579.750651542] [tf_help]: Data time: 105s 900000000ns, Transform time: 3s 842000000ns
[component_container_isolated-2] [ERROR] [1789771579.802694376] [tf_help]: Transform data too old when converting from map to odom
[component_container_isolated-2] [ERROR] [1789771579.802727257] [tf_help]: Data time: 105s 900000000ns, Transform time: 3s 842000000ns
[component_container_isolated-2] [ERROR] [1789771579.854153906] [tf_help]: Transform data too old when converting from map to odom
[component_container_isolated-2] [ERROR] [1789771579.854197698] [tf_help]: Data time: 105s 900000000ns, Transform time: 3s 842000000ns
[component_container_isolated-2] [ERROR] [1789771579.902353903] [tf_help]: Transform data too old when converting from map to odom
[component_container_isolated-2] [ERROR] [1789771579.902396468] [tf_help]: Data time: 105s 900000000ns, Transform time: 3s 842000000ns
[component_container_isolated-2] [ERROR] [1789771579.954296668] [tf_help]: Transform data too old when converting from map to odom
[component_container_isolated-2] [ERROR] [1789771579.954341119] [tf_help]: Data time: 105s 900000000ns, Transform time: 3s 842000000ns
[component_container_isolated-2] [ERROR] [1789771580.003028900] [tf_help]: Transform data too old when converting from map to odom
[component_container_isolated-2] [ERROR] [1789771580.003073923] [tf_help]: Data time: 105s 900000000ns, Transform time: 3s 842000000ns
[component_container_isolated-2] [ERROR] [1789771580.049984724] [tf_help]: Transform data too old when converting from map to odom
[component_container_isolated-2] [ERROR] [1789771580.050020825] [tf_help]: Data time: 105s 900000000ns, Transform time: 3s 842000000ns
[component_container_isolated-2] [ERROR] [1789771580.100749063] [tf_help]: Transform data too old when converting from map to odom
[component_container_isolated-2] [ERROR] [1789771580.100784668] [tf_help]: Data time: 105s 900000000ns, Transform time: 3s 842000000ns
[component_container_isolated-2] [ERROR] [1789771580.151187978] [tf_help]: Transform data too old when converting from map to odom
[component_container_isolated-2] [ERROR] [1789771580.151220722] [tf_help]: Data time: 105s 900000000ns, Transform time: 3s 842000000ns
[component_container_isolated-2] [ERROR] [1789771580.200709576] [tf_help]: Transform data too old when converting from map to odom
[component_container_isolated-2] [ERROR] [1789771580.200762302] [tf_help]: Data time: 105s 900000000ns, Transform time: 3s 842000000ns
[component_container_isolated-2] [ERROR] [1789771580.254649701] [tf_help]: Transform data too old when converting from map to odom
[component_container_isolated-2] [ERROR] [1789771580.254693227] [tf_help]: Data time: 105s 900000000ns, Transform time: 3s 842000000ns
[component_container_isolated-2] [ERROR] [1789771580.302025377] [tf_help]: Transform data too old when converting from map to odom
[component_container_isolated-2] [ERROR] [1789771580.302056717] [tf_help]: Data time: 105s 900000000ns, Transform time: 3s 842000000ns
[component_container_isolated-2] [ERROR] [1789771580.352643015] [tf_help]: Transform data too old when converting from map to odom
[component_container_isolated-2] [ERROR] [1789771580.352694351] [tf_help]: Data time: 105s 900000000ns, Transform time: 3s 842000000ns
[component_container_isolated-2] [ERROR] [1789771580.404598247] [tf_help]: Transform data too old when converting from map to odom
[component_container_isolated-2] [ERROR] [1789771580.404646494] [tf_help]: Data time: 105s 900000000ns, Transform time: 3s 842000000ns
[component_container_isolated-2] [ERROR] [1789771580.453034983] [tf_help]: Transform data too old when converting from map to odom
[component_container_isolated-2] [ERROR] [1789771580.453072467] [tf_help]: Data time: 105s 900000000ns, Transform time: 3s 842000000ns
[component_container_isolated-2] [ERROR] [1789771580.502880894] [tf_help]: Transform data too old when converting from map to odom
[component_container_isolated-2] [ERROR] [1789771580.502974717] [tf_help]: Data time: 105s 900000000ns, Transform time: 3s 842000000ns
[component_container_isolated-2] [ERROR] [1789771580.550545391] [tf_help]: Transform data too old when converting from map to odom
[component_container_isolated-2] [ERROR] [1789771580.550579413] [tf_help]: Data time: 105s 900000000ns, Transform time: 3s 842000000ns
[component_container_isolated-2] [INFO] [1789771580.595811906] [controller_server]: Passing new path to controller.
[component_container_isolated-2] [ERROR] [1789771580.600995132] [tf_help]: Transform data too old when converting from map to odom
[component_container_isolated-2] [ERROR] [1789771580.601023603] [tf_help]: Data time: 106s 800000000ns, Transform time: 3s 842000000ns
[component_container_isolated-2] [ERROR] [1789771580.650471235] [tf_help]: Transform data too old when converting from map to odom
[component_container_isolated-2] [ERROR] [1789771580.650507523] [tf_help]: Data time: 106s 800000000ns, Transform time: 3s 842000000ns
[component_container_isolated-2] [ERROR] [1789771580.700578599] [tf_help]: Transform data too old when converting from map to odom
[component_container_isolated-2] [ERROR] [1789771580.700610598] [tf_help]: Data time: 106s 800000000ns, Transform time: 3s 842000000ns
[component_container_isolated-2] [ERROR] [1789771580.751245297] [tf_help]: Transform data too old when converting from map to odom
[component_container_isolated-2] [ERROR] [1789771580.751276135] [tf_help]: Data time: 106s 800000000ns, Transform time: 3s 842000000ns
[component_container_isolated-2] [ERROR] [1789771580.800355392] [tf_help]: Transform data too old when converting from map to odom
[component_container_isolated-2] [ERROR] [1789771580.800388433] [tf_help]: Data time: 106s 800000000ns, Transform time: 3s 842000000ns
[component_container_isolated-2] [ERROR] [1789771580.850501295] [tf_help]: Transform data too old when converting from map to odom
[component_container_isolated-2] [ERROR] [1789771580.850533683] [tf_help]: Data time: 106s 800000000ns, Transform time: 3s 842000000ns
[component_container_isolated-2] [ERROR] [1789771580.900614269] [tf_help]: Transform data too old when converting from map to odom
[component_container_isolated-2] [ERROR] [1789771580.900667112] [tf_help]: Data time: 106s 800000000ns, Transform time: 3s 842000000ns
[component_container_isolated-2] [ERROR] [1789771580.951042905] [tf_help]: Transform data too old when converting from map to odom
[component_container_isolated-2] [ERROR] [1789771580.951077001] [tf_help]: Data time: 106s 800000000ns, Transform time: 3s 842000000ns
[component_container_isolated-2] [ERROR] [1789771581.002731818] [tf_help]: Transform data too old when converting from map to odom
[component_container_isolated-2] [ERROR] [1789771581.002768223] [tf_help]: Data time: 106s 800000000ns, Transform time: 3s 842000000ns
[component_container_isolated-2] [ERROR] [1789771581.050367255] [tf_help]: Transform data too old when converting from map to odom
[component_container_isolated-2] [ERROR] [1789771581.050405404] [tf_help]: Data time: 106s 800000000ns, Transform time: 3s 842000000ns
[component_container_isolated-2] [ERROR] [1789771581.100812050] [tf_help]: Transform data too old when converting from map to odom
[component_container_isolated-2] [ERROR] [1789771581.100850535] [tf_help]: Data time: 106s 800000000ns, Transform time: 3s 842000000ns
[component_container_isolated-2] [ERROR] [1789771581.152521869] [tf_help]: Transform data too old when converting from map to odom
[component_container_isolated-2] [ERROR] [1789771581.152557231] [tf_help]: Data time: 106s 800000000ns, Transform time: 3s 842000000ns
[component_container_isolated-2] [ERROR] [1789771581.201139935] [tf_help]: Transform data too old when converting from map to odom
[component_container_isolated-2] [ERROR] [1789771581.201180781] [tf_help]: Data time: 106s 800000000ns, Transform time: 3s 842000000ns
[component_container_isolated-2] [ERROR] [1789771581.250160619] [tf_help]: Transform data too old when converting from map to odom
[component_container_isolated-2] [ERROR] [1789771581.250197388] [tf_help]: Data time: 106s 800000000ns, Transform time: 3s 842000000ns
[component_container_isolated-2] [ERROR] [1789771581.300196450] [tf_help]: Transform data too old when converting from map to odom
[component_container_isolated-2] [ERROR] [1789771581.300233820] [tf_help]: Data time: 106s 800000000ns, Transform time: 3s 842000000ns
[component_container_isolated-2] [ERROR] [1789771581.350320152] [tf_help]: Transform data too old when converting from map to odom
[component_container_isolated-2] [ERROR] [1789771581.350379758] [tf_help]: Data time: 106s 800000000ns, Transform time: 3s 842000000ns
[component_container_isolated-2] [ERROR] [1789771581.400597893] [tf_help]: Transform data too old when converting from map to odom
[component_container_isolated-2] [ERROR] [1789771581.400634869] [tf_help]: Data time: 106s 800000000ns, Transform time: 3s 842000000ns
[component_container_isolated-2] [ERROR] [1789771581.450410483] [tf_help]: Transform data too old when converting from map to odom
[component_container_isolated-2] [ERROR] [1789771581.450444813] [tf_help]: Data time: 106s 800000000ns, Transform time: 3s 842000000ns
[component_container_isolated-2] [ERROR] [1789771581.500621250] [tf_help]: Transform data too old when converting from map to odom
[component_container_isolated-2] [ERROR] [1789771581.500666607] [tf_help]: Data time: 106s 800000000ns, Transform time: 3s 842000000ns
[component_container_isolated-2] [ERROR] [1789771581.550077162] [tf_help]: Transform data too old when converting from map to odom
[component_container_isolated-2] [ERROR] [1789771581.550111877] [tf_help]: Data time: 106s 800000000ns, Transform time: 3s 842000000ns
[component_container_isolated-2] [ERROR] [1789771581.600446697] [tf_help]: Transform data too old when converting from map to odom
[component_container_isolated-2] [ERROR] [1789771581.600489503] [tf_help]: Data time: 106s 800000000ns, Transform time: 3s 842000000ns
[component_container_isolated-2] [INFO] [1789771581.645776599] [controller_server]: Passing new path to controller.
[component_container_isolated-2] [ERROR] [1789771581.650949497] [tf_help]: Transform data too old when converting from map to odom
[component_container_isolated-2] [ERROR] [1789771581.650980638] [tf_help]: Data time: 108s 0ns, Transform time: 3s 842000000ns
[component_container_isolated-2] [ERROR] [1789771581.700129263] [tf_help]: Transform data too old when converting from map to odom
[component_container_isolated-2] [ERROR] [1789771581.700168486] [tf_help]: Data time: 108s 0ns, Transform time: 3s 842000000ns
[component_container_isolated-2] [ERROR] [1789771581.751000308] [tf_help]: Transform data too old when converting from map to odom
[component_container_isolated-2] [ERROR] [1789771581.751035348] [tf_help]: Data time: 108s 0ns, Transform time: 3s 842000000ns
[component_container_isolated-2] [ERROR] [1789771581.801593241] [tf_help]: Transform data too old when converting from map to odom
[component_container_isolated-2] [ERROR] [1789771581.801624333] [tf_help]: Data time: 108s 0ns, Transform time: 3s 842000000ns
[component_container_isolated-2] [ERROR] [1789771581.850320438] [tf_help]: Transform data too old when converting from map to odom
[component_container_isolated-2] [ERROR] [1789771581.850350787] [tf_help]: Data time: 108s 0ns, Transform time: 3s 842000000ns
[component_container_isolated-2] [ERROR] [1789771581.900017157] [tf_help]: Transform data too old when converting from map to odom
[component_container_isolated-2] [ERROR] [1789771581.900050736] [tf_help]: Data time: 108s 0ns, Transform time: 3s 842000000ns
[component_container_isolated-2] [ERROR] [1789771581.950043702] [tf_help]: Transform data too old when converting from map to odom
[component_container_isolated-2] [ERROR] [1789771581.950075861] [tf_help]: Data time: 108s 0ns, Transform time: 3s 842000000ns
[component_container_isolated-2] [ERROR] [1789771582.001041214] [tf_help]: Transform data too old when converting from map to odom
[component_container_isolated-2] [ERROR] [1789771582.001079110] [tf_help]: Data time: 108s 0ns, Transform time: 3s 842000000ns
[component_container_isolated-2] [ERROR] [1789771582.050359687] [tf_help]: Transform data too old when converting from map to odom
[component_container_isolated-2] [ERROR] [1789771582.050402619] [tf_help]: Data time: 108s 0ns, Transform time: 3s 842000000ns
[component_container_isolated-2] [ERROR] [1789771582.101154497] [tf_help]: Transform data too old when converting from map to odom
[component_container_isolated-2] [ERROR] [1789771582.101208327] [tf_help]: Data time: 108s 0ns, Transform time: 3s 842000000ns
[component_container_isolated-2] [ERROR] [1789771582.151326477] [tf_help]: Transform data too old when converting from map to odom
[component_container_isolated-2] [ERROR] [1789771582.151357974] [tf_help]: Data time: 108s 0ns, Transform time: 3s 842000000ns
[component_container_isolated-2] [ERROR] [1789771582.202136805] [tf_help]: Transform data too old when converting from map to odom
[component_container_isolated-2] [ERROR] [1789771582.202168662] [tf_help]: Data time: 108s 0ns, Transform time: 3s 842000000ns
[component_container_isolated-2] [ERROR] [1789771582.250366025] [tf_help]: Transform data too old when converting from map to odom
[component_container_isolated-2] [ERROR] [1789771582.250399145] [tf_help]: Data time: 108s 0ns, Transform time: 3s 842000000ns
[component_container_isolated-2] [ERROR] [1789771582.299970237] [tf_help]: Transform data too old when converting from map to odom
[component_container_isolated-2] [ERROR] [1789771582.300007927] [tf_help]: Data time: 108s 0ns, Transform time: 3s 842000000ns
[component_container_isolated-2] [ERROR] [1789771582.350193063] [tf_help]: Transform data too old when converting from map to odom
[component_container_isolated-2] [ERROR] [1789771582.350236769] [tf_help]: Data time: 108s 0ns, Transform time: 3s 842000000ns
[component_container_isolated-2] [ERROR] [1789771582.400183253] [tf_help]: Transform data too old when converting from map to odom
[component_container_isolated-2] [ERROR] [1789771582.400230041] [tf_help]: Data time: 108s 0ns, Transform time: 3s 842000000ns
[component_container_isolated-2] [ERROR] [1789771582.450108526] [tf_help]: Transform data too old when converting from map to odom
[component_container_isolated-2] [ERROR] [1789771582.450144096] [tf_help]: Data time: 108s 0ns, Transform time: 3s 842000000ns
[component_container_isolated-2] [ERROR] [1789771582.500297240] [tf_help]: Transform data too old when converting from map to odom
[component_container_isolated-2] [ERROR] [1789771582.500329934] [tf_help]: Data time: 108s 0ns, Transform time: 3s 842000000ns
[component_container_isolated-2] [ERROR] [1789771582.550238209] [tf_help]: Transform data too old when converting from map to odom
[component_container_isolated-2] [ERROR] [1789771582.550285434] [tf_help]: Data time: 108s 0ns, Transform time: 3s 842000000ns
[component_container_isolated-2] [ERROR] [1789771582.600317764] [tf_help]: Transform data too old when converting from map to odom
[component_container_isolated-2] [ERROR] [1789771582.600351661] [tf_help]: Data time: 108s 0ns, Transform time: 3s 842000000ns
[component_container_isolated-2] [INFO] [1789771582.645806382] [controller_server]: Passing new path to controller.
[component_container_isolated-2] [ERROR] [1789771582.654104375] [tf_help]: Transform data too old when converting from map to odom
[component_container_isolated-2] [ERROR] [1789771582.654141832] [tf_help]: Data time: 108s 900000000ns, Transform time: 3s 842000000ns
[component_container_isolated-2] [ERROR] [1789771582.695818571] [controller_server]: Failed to make progress
[component_container_isolated-2] [WARN] [1789771582.695908664] [controller_server]: [follow_path] [ActionServer] Aborting handle.
[component_container_isolated-2] [INFO] [1789771582.715642654] [local_costmap.local_costmap]: Received request to clear entirely the local_costmap
[component_container_isolated-2] [INFO] [1789771582.716154651] [controller_server]: Received a goal, begin computing control effort.
[component_container_isolated-2] [ERROR] [1789771582.850794296] [tf_help]: Transform data too old when converting from map to odom
[component_container_isolated-2] [ERROR] [1789771582.850843292] [tf_help]: Data time: 108s 900000000ns, Transform time: 3s 842000000ns
[component_container_isolated-2] [WARN] [1789771582.850851888] [controller_server]: Control loop missed its desired rate of 20.0000Hz
[component_container_isolated-2] [ERROR] [1789771582.855965896] [tf_help]: Transform data too old when converting from map to odom
[component_container_isolated-2] [ERROR] [1789771582.855982155] [tf_help]: Data time: 108s 900000000ns, Transform time: 3s 842000000ns
[component_container_isolated-2] [ERROR] [1789771582.912674206] [tf_help]: Transform data too old when converting from map to odom
[component_container_isolated-2] [ERROR] [1789771582.912745610] [tf_help]: Data time: 108s 900000000ns, Transform time: 3s 842000000ns
[component_container_isolated-2] [ERROR] [1789771582.967264550] [tf_help]: Transform data too old when converting from map to odom
[component_container_isolated-2] [ERROR] [1789771582.967299201] [tf_help]: Data time: 108s 900000000ns, Transform time: 3s 842000000ns
[component_container_isolated-2] [ERROR] [1789771583.025900444] [tf_help]: Transform data too old when converting from map to odom
[component_container_isolated-2] [ERROR] [1789771583.025947605] [tf_help]: Data time: 108s 900000000ns, Transform time: 3s 842000000ns
[component_container_isolated-2] [ERROR] [1789771583.084638274] [tf_help]: Transform data too old when converting from map to odom
[component_container_isolated-2] [ERROR] [1789771583.084669367] [tf_help]: Data time: 108s 900000000ns, Transform time: 3s 842000000ns
[component_container_isolated-2] [ERROR] [1789771583.139211527] [tf_help]: Transform data too old when converting from map to odom
[component_container_isolated-2] [ERROR] [1789771583.139245267] [tf_help]: Data time: 108s 900000000ns, Transform time: 3s 842000000ns
[component_container_isolated-2] [ERROR] [1789771583.193731899] [tf_help]: Transform data too old when converting from map to odom
[component_container_isolated-2] [ERROR] [1789771583.193762394] [tf_help]: Data time: 108s 900000000ns, Transform time: 3s 842000000ns
[component_container_isolated-2] [ERROR] [1789771583.248068883] [tf_help]: Transform data too old when converting from map to odom
[component_container_isolated-2] [ERROR] [1789771583.248099429] [tf_help]: Data time: 108s 900000000ns, Transform time: 3s 842000000ns
[component_container_isolated-2] [ERROR] [1789771583.302601520] [tf_help]: Transform data too old when converting from map to odom
[component_container_isolated-2] [ERROR] [1789771583.302632041] [tf_help]: Data time: 108s 900000000ns, Transform time: 3s 842000000ns
[component_container_isolated-2] [ERROR] [1789771583.355320113] [tf_help]: Transform data too old when converting from map to odom
[component_container_isolated-2] [ERROR] [1789771583.355349104] [tf_help]: Data time: 108s 900000000ns, Transform time: 3s 842000000ns
[component_container_isolated-2] [ERROR] [1789771583.405711444] [tf_help]: Transform data too old when converting from map to odom
[component_container_isolated-2] [ERROR] [1789771583.405759407] [tf_help]: Data time: 108s 900000000ns, Transform time: 3s 842000000ns
[component_container_isolated-2] [ERROR] [1789771583.455544955] [tf_help]: Transform data too old when converting from map to odom
[component_container_isolated-2] [ERROR] [1789771583.455579711] [tf_help]: Data time: 108s 900000000ns, Transform time: 3s 842000000ns
[component_container_isolated-2] [ERROR] [1789771583.505987349] [tf_help]: Transform data too old when converting from map to odom
[component_container_isolated-2] [ERROR] [1789771583.506019862] [tf_help]: Data time: 108s 900000000ns, Transform time: 3s 842000000ns
[component_container_isolated-2] [ERROR] [1789771583.555847149] [tf_help]: Transform data too old when converting from map to odom
[component_container_isolated-2] [ERROR] [1789771583.555876197] [tf_help]: Data time: 108s 900000000ns, Transform time: 3s 842000000ns
[ground_truth_localizer-1] [INFO] [1789771583.601416520] [ground_truth_localizer]: last 10 s: ground truth msgs 294, map->odom published 294 (294 via latest odom TF)
[component_container_isolated-2] [ERROR] [1789771583.605699710] [tf_help]: Transform data too old when converting from map to odom
[component_container_isolated-2] [ERROR] [1789771583.605724564] [tf_help]: Data time: 108s 900000000ns, Transform time: 3s 842000000ns
[component_container_isolated-2] [ERROR] [1789771583.657074563] [tf_help]: Transform data too old when converting from map to odom
[component_container_isolated-2] [ERROR] [1789771583.657105954] [tf_help]: Data time: 108s 900000000ns, Transform time: 3s 842000000ns
[component_container_isolated-2] [INFO] [1789771583.700910293] [controller_server]: Passing new path to controller.
[component_container_isolated-2] [ERROR] [1789771583.705945441] [tf_help]: Transform data too old when converting from map to odom
[component_container_isolated-2] [ERROR] [1789771583.705977265] [tf_help]: Data time: 110s 0ns, Transform time: 3s 842000000ns
[component_container_isolated-2] [ERROR] [1789771583.755358948] [tf_help]: Transform data too old when converting from map to odom
[component_container_isolated-2] [ERROR] [1789771583.755394104] [tf_help]: Data time: 110s 0ns, Transform time: 3s 842000000ns
[component_container_isolated-2] [ERROR] [1789771583.805276072] [tf_help]: Transform data too old when converting from map to odom
[component_container_isolated-2] [ERROR] [1789771583.805306256] [tf_help]: Data time: 110s 0ns, Transform time: 3s 842000000ns
[component_container_isolated-2] [ERROR] [1789771583.857750602] [tf_help]: Transform data too old when converting from map to odom
[component_container_isolated-2] [ERROR] [1789771583.857816784] [tf_help]: Data time: 110s 0ns, Transform time: 3s 842000000ns
[component_container_isolated-2] [ERROR] [1789771583.905987339] [tf_help]: Transform data too old when converting from map to odom
[component_container_isolated-2] [ERROR] [1789771583.906018407] [tf_help]: Data time: 110s 0ns, Transform time: 3s 842000000ns
[component_container_isolated-2] [ERROR] [1789771583.955160958] [tf_help]: Transform data too old when converting from map to odom
[component_container_isolated-2] [ERROR] [1789771583.955190606] [tf_help]: Data time: 110s 0ns, Transform time: 3s 842000000ns
[component_container_isolated-2] [ERROR] [1789771584.005299587] [tf_help]: Transform data too old when converting from map to odom
[component_container_isolated-2] [ERROR] [1789771584.005330863] [tf_help]: Data time: 110s 0ns, Transform time: 3s 842000000ns
[component_container_isolated-2] [ERROR] [1789771584.056023954] [tf_help]: Transform data too old when converting from map to odom
[component_container_isolated-2] [ERROR] [1789771584.056056168] [tf_help]: Data time: 110s 0ns, Transform time: 3s 842000000ns
[component_container_isolated-2] [ERROR] [1789771584.105246303] [tf_help]: Transform data too old when converting from map to odom
[component_container_isolated-2] [ERROR] [1789771584.105275901] [tf_help]: Data time: 110s 0ns, Transform time: 3s 842000000ns
[component_container_isolated-2] [ERROR] [1789771584.155235145] [tf_help]: Transform data too old when converting from map to odom
[component_container_isolated-2] [ERROR] [1789771584.155268606] [tf_help]: Data time: 110s 0ns, Transform time: 3s 842000000ns
[component_container_isolated-2] [ERROR] [1789771584.205352913] [tf_help]: Transform data too old when converting from map to odom
[component_container_isolated-2] [ERROR] [1789771584.205385979] [tf_help]: Data time: 110s 0ns, Transform time: 3s 842000000ns
[component_container_isolated-2] [ERROR] [1789771584.255886194] [tf_help]: Transform data too old when converting from map to odom
[component_container_isolated-2] [ERROR] [1789771584.255925863] [tf_help]: Data time: 110s 0ns, Transform time: 3s 842000000ns
[component_container_isolated-2] [ERROR] [1789771584.305319939] [tf_help]: Transform data too old when converting from map to odom
[component_container_isolated-2] [ERROR] [1789771584.305352413] [tf_help]: Data time: 110s 0ns, Transform time: 3s 842000000ns
[component_container_isolated-2] [ERROR] [1789771584.355218220] [tf_help]: Transform data too old when converting from map to odom
[component_container_isolated-2] [ERROR] [1789771584.355256852] [tf_help]: Data time: 110s 0ns, Transform time: 3s 842000000ns
[component_container_isolated-2] [ERROR] [1789771584.406106964] [tf_help]: Transform data too old when converting from map to odom
[component_container_isolated-2] [ERROR] [1789771584.406141791] [tf_help]: Data time: 110s 0ns, Transform time: 3s 842000000ns
[component_container_isolated-2] [ERROR] [1789771584.455312074] [tf_help]: Transform data too old when converting from map to odom
[component_container_isolated-2] [ERROR] [1789771584.455344619] [tf_help]: Data time: 110s 0ns, Transform time: 3s 842000000ns
[component_container_isolated-2] [ERROR] [1789771584.508697857] [tf_help]: Transform data too old when converting from map to odom
[component_container_isolated-2] [ERROR] [1789771584.508742181] [tf_help]: Data time: 110s 0ns, Transform time: 3s 842000000ns
[component_container_isolated-2] [ERROR] [1789771584.555580611] [tf_help]: Transform data too old when converting from map to odom
[component_container_isolated-2] [ERROR] [1789771584.555612690] [tf_help]: Data time: 110s 0ns, Transform time: 3s 842000000ns
[component_container_isolated-2] [ERROR] [1789771584.605363693] [tf_help]: Transform data too old when converting from map to odom
[component_container_isolated-2] [ERROR] [1789771584.605395694] [tf_help]: Data time: 110s 0ns, Transform time: 3s 842000000ns
[component_container_isolated-2] [ERROR] [1789771584.656494768] [tf_help]: Transform data too old when converting from map to odom
[component_container_isolated-2] [ERROR] [1789771584.656523406] [tf_help]: Data time: 110s 0ns, Transform time: 3s 842000000ns
[component_container_isolated-2] [ERROR] [1789771584.706942445] [tf_help]: Transform data too old when converting from map to odom
[component_container_isolated-2] [ERROR] [1789771584.706973610] [tf_help]: Data time: 110s 0ns, Transform time: 3s 842000000ns
[component_container_isolated-2] [INFO] [1789771584.750911207] [controller_server]: Passing new path to controller.
[component_container_isolated-2] [ERROR] [1789771584.755339998] [tf_help]: Transform data too old when converting from map to odom
[component_container_isolated-2] [ERROR] [1789771584.755369473] [tf_help]: Data time: 111s 0ns, Transform time: 3s 842000000ns
[component_container_isolated-2] [ERROR] [1789771584.809288783] [tf_help]: Transform data too old when converting from map to odom
[component_container_isolated-2] [ERROR] [1789771584.809339647] [tf_help]: Data time: 111s 0ns, Transform time: 3s 842000000ns
[component_container_isolated-2] [ERROR] [1789771584.856709360] [tf_help]: Transform data too old when converting from map to odom
[component_container_isolated-2] [ERROR] [1789771584.856751789] [tf_help]: Data time: 111s 0ns, Transform time: 3s 842000000ns
[component_container_isolated-2] [ERROR] [1789771584.905370957] [tf_help]: Transform data too old when converting from map to odom
[component_container_isolated-2] [ERROR] [1789771584.905404495] [tf_help]: Data time: 111s 0ns, Transform time: 3s 842000000ns
[component_container_isolated-2] [ERROR] [1789771584.955388471] [tf_help]: Transform data too old when converting from map to odom
[component_container_isolated-2] [ERROR] [1789771584.955419781] [tf_help]: Data time: 111s 0ns, Transform time: 3s 842000000ns
[component_container_isolated-2] [ERROR] [1789771585.005482434] [tf_help]: Transform data too old when converting from map to odom
[component_container_isolated-2] [ERROR] [1789771585.005537249] [tf_help]: Data time: 111s 0ns, Transform time: 3s 842000000ns
[component_container_isolated-2] [ERROR] [1789771585.055295030] [tf_help]: Transform data too old when converting from map to odom
[component_container_isolated-2] [ERROR] [1789771585.055328601] [tf_help]: Data time: 111s 0ns, Transform time: 3s 842000000ns
[component_container_isolated-2] [ERROR] [1789771585.105289980] [tf_help]: Transform data too old when converting from map to odom
[component_container_isolated-2] [ERROR] [1789771585.105322583] [tf_help]: Data time: 111s 0ns, Transform time: 3s 842000000ns
[component_container_isolated-2] [ERROR] [1789771585.155634105] [tf_help]: Transform data too old when converting from map to odom
[component_container_isolated-2] [ERROR] [1789771585.155668792] [tf_help]: Data time: 111s 0ns, Transform time: 3s 842000000ns
[component_container_isolated-2] [ERROR] [1789771585.205367796] [tf_help]: Transform data too old when converting from map to odom
[component_container_isolated-2] [ERROR] [1789771585.205402416] [tf_help]: Data time: 111s 0ns, Transform time: 3s 842000000ns
[component_container_isolated-2] [ERROR] [1789771585.255844826] [tf_help]: Transform data too old when converting from map to odom
[component_container_isolated-2] [ERROR] [1789771585.255879396] [tf_help]: Data time: 111s 0ns, Transform time: 3s 842000000ns
[component_container_isolated-2] [ERROR] [1789771585.305167916] [tf_help]: Transform data too old when converting from map to odom
[component_container_isolated-2] [ERROR] [1789771585.305200561] [tf_help]: Data time: 111s 0ns, Transform time: 3s 842000000ns
[component_container_isolated-2] [ERROR] [1789771585.359718884] [tf_help]: Transform data too old when converting from map to odom
[component_container_isolated-2] [ERROR] [1789771585.359752939] [tf_help]: Data time: 111s 0ns, Transform time: 3s 842000000ns
[component_container_isolated-2] [ERROR] [1789771585.409004793] [tf_help]: Transform data too old when converting from map to odom
[component_container_isolated-2] [ERROR] [1789771585.409051831] [tf_help]: Data time: 111s 0ns, Transform time: 3s 842000000ns
[component_container_isolated-2] [ERROR] [1789771585.458942976] [tf_help]: Transform data too old when converting from map to odom
[component_container_isolated-2] [ERROR] [1789771585.458976334] [tf_help]: Data time: 111s 0ns, Transform time: 3s 842000000ns
[component_container_isolated-2] [ERROR] [1789771585.505867057] [tf_help]: Transform data too old when converting from map to odom
[component_container_isolated-2] [ERROR] [1789771585.505908002] [tf_help]: Data time: 111s 0ns, Transform time: 3s 842000000ns
[component_container_isolated-2] [ERROR] [1789771585.555748145] [tf_help]: Transform data too old when converting from map to odom
[component_container_isolated-2] [ERROR] [1789771585.555779368] [tf_help]: Data time: 111s 0ns, Transform time: 3s 842000000ns
[component_container_isolated-2] [ERROR] [1789771585.606021536] [tf_help]: Transform data too old when converting from map to odom
[component_container_isolated-2] [ERROR] [1789771585.606067550] [tf_help]: Data time: 111s 0ns, Transform time: 3s 842000000ns
[component_container_isolated-2] [ERROR] [1789771585.659382035] [tf_help]: Transform data too old when converting from map to odom
[component_container_isolated-2] [ERROR] [1789771585.659417288] [tf_help]: Data time: 111s 0ns, Transform time: 3s 842000000ns
[component_container_isolated-2] [ERROR] [1789771585.705299875] [tf_help]: Transform data too old when converting from map to odom
[component_container_isolated-2] [ERROR] [1789771585.705331860] [tf_help]: Data time: 111s 0ns, Transform time: 3s 842000000ns
[component_container_isolated-2] [INFO] [1789771585.750915758] [controller_server]: Passing new path to controller.
[component_container_isolated-2] [ERROR] [1789771585.757437485] [tf_help]: Transform data too old when converting from map to odom
[component_container_isolated-2] [ERROR] [1789771585.757466964] [tf_help]: Data time: 112s 0ns, Transform time: 3s 842000000ns
[component_container_isolated-2] [ERROR] [1789771585.805525435] [tf_help]: Transform data too old when converting from map to odom
[component_container_isolated-2] [ERROR] [1789771585.805559985] [tf_help]: Data time: 112s 0ns, Transform time: 3s 842000000ns
[component_container_isolated-2] [ERROR] [1789771585.855507803] [tf_help]: Transform data too old when converting from map to odom
[component_container_isolated-2] [ERROR] [1789771585.855538994] [tf_help]: Data time: 112s 0ns, Transform time: 3s 842000000ns
[component_container_isolated-2] [ERROR] [1789771585.908891404] [tf_help]: Transform data too old when converting from map to odom
[component_container_isolated-2] [ERROR] [1789771585.908933764] [tf_help]: Data time: 112s 0ns, Transform time: 3s 842000000ns
[component_container_isolated-2] [ERROR] [1789771585.955153711] [tf_help]: Transform data too old when converting from map to odom
[component_container_isolated-2] [ERROR] [1789771585.955195733] [tf_help]: Data time: 112s 0ns, Transform time: 3s 842000000ns
[component_container_isolated-2] [ERROR] [1789771586.005262781] [tf_help]: Transform data too old when converting from map to odom
[component_container_isolated-2] [ERROR] [1789771586.005296682] [tf_help]: Data time: 112s 0ns, Transform time: 3s 842000000ns
[component_container_isolated-2] [ERROR] [1789771586.055722527] [tf_help]: Transform data too old when converting from map to odom
[component_container_isolated-2] [ERROR] [1789771586.055763200] [tf_help]: Data time: 112s 0ns, Transform time: 3s 842000000ns
[component_container_isolated-2] [ERROR] [1789771586.105377351] [tf_help]: Transform data too old when converting from map to odom
[component_container_isolated-2] [ERROR] [1789771586.105411090] [tf_help]: Data time: 112s 0ns, Transform time: 3s 842000000ns
[component_container_isolated-2] [ERROR] [1789771586.155231085] [tf_help]: Transform data too old when converting from map to odom
[component_container_isolated-2] [ERROR] [1789771586.155266512] [tf_help]: Data time: 112s 0ns, Transform time: 3s 842000000ns
[component_container_isolated-2] [ERROR] [1789771586.205406638] [tf_help]: Transform data too old when converting from map to odom
[component_container_isolated-2] [ERROR] [1789771586.205442400] [tf_help]: Data time: 112s 0ns, Transform time: 3s 842000000ns
[component_container_isolated-2] [ERROR] [1789771586.255295745] [tf_help]: Transform data too old when converting from map to odom
[component_container_isolated-2] [ERROR] [1789771586.255325767] [tf_help]: Data time: 112s 0ns, Transform time: 3s 842000000ns
[component_container_isolated-2] [ERROR] [1789771586.305546141] [tf_help]: Transform data too old when converting from map to odom
[component_container_isolated-2] [ERROR] [1789771586.305578213] [tf_help]: Data time: 112s 0ns, Transform time: 3s 842000000ns
[component_container_isolated-2] [ERROR] [1789771586.355277747] [tf_help]: Transform data too old when converting from map to odom
[component_container_isolated-2] [ERROR] [1789771586.355309443] [tf_help]: Data time: 112s 0ns, Transform time: 3s 842000000ns
[component_container_isolated-2] [ERROR] [1789771586.408460440] [tf_help]: Transform data too old when converting from map to odom
[component_container_isolated-2] [ERROR] [1789771586.408491765] [tf_help]: Data time: 112s 0ns, Transform time: 3s 842000000ns
[component_container_isolated-2] [ERROR] [1789771586.455562844] [tf_help]: Transform data too old when converting from map to odom
[component_container_isolated-2] [ERROR] [1789771586.455593986] [tf_help]: Data time: 112s 0ns, Transform time: 3s 842000000ns
[component_container_isolated-2] [ERROR] [1789771586.505540896] [tf_help]: Transform data too old when converting from map to odom
[component_container_isolated-2] [ERROR] [1789771586.505572142] [tf_help]: Data time: 112s 0ns, Transform time: 3s 842000000ns
[component_container_isolated-2] [ERROR] [1789771586.555515326] [tf_help]: Transform data too old when converting from map to odom
[component_container_isolated-2] [ERROR] [1789771586.555548619] [tf_help]: Data time: 112s 0ns, Transform time: 3s 842000000ns
[component_container_isolated-2] [ERROR] [1789771586.605286483] [tf_help]: Transform data too old when converting from map to odom
[component_container_isolated-2] [ERROR] [1789771586.605316604] [tf_help]: Data time: 112s 0ns, Transform time: 3s 842000000ns
[component_container_isolated-2] [ERROR] [1789771586.655641887] [tf_help]: Transform data too old when converting from map to odom
[component_container_isolated-2] [ERROR] [1789771586.655674010] [tf_help]: Data time: 112s 0ns, Transform time: 3s 842000000ns
[component_container_isolated-2] [ERROR] [1789771586.705387719] [tf_help]: Transform data too old when converting from map to odom
[component_container_isolated-2] [ERROR] [1789771586.705440563] [tf_help]: Data time: 112s 0ns, Transform time: 3s 842000000ns
[component_container_isolated-2] [ERROR] [1789771586.755279857] [tf_help]: Transform data too old when converting from map to odom
[component_container_isolated-2] [ERROR] [1789771586.755311807] [tf_help]: Data time: 112s 0ns, Transform time: 3s 842000000ns
[component_container_isolated-2] [INFO] [1789771586.800955403] [controller_server]: Passing new path to controller.
[component_container_isolated-2] [ERROR] [1789771586.805516596] [tf_help]: Transform data too old when converting from map to odom
[component_container_isolated-2] [ERROR] [1789771586.805546050] [tf_help]: Data time: 113s 100000000ns, Transform time: 3s 842000000ns
[component_container_isolated-2] [ERROR] [1789771586.855380231] [tf_help]: Transform data too old when converting from map to odom
[component_container_isolated-2] [ERROR] [1789771586.855413337] [tf_help]: Data time: 113s 100000000ns, Transform time: 3s 842000000ns
[component_container_isolated-2] [ERROR] [1789771586.905385005] [tf_help]: Transform data too old when converting from map to odom
[component_container_isolated-2] [ERROR] [1789771586.905416514] [tf_help]: Data time: 113s 100000000ns, Transform time: 3s 842000000ns
[component_container_isolated-2] [ERROR] [1789771586.955162546] [tf_help]: Transform data too old when converting from map to odom
[component_container_isolated-2] [ERROR] [1789771586.955193454] [tf_help]: Data time: 113s 100000000ns, Transform time: 3s 842000000ns
[component_container_isolated-2] [ERROR] [1789771587.005110747] [tf_help]: Transform data too old when converting from map to odom
[component_container_isolated-2] [ERROR] [1789771587.005141808] [tf_help]: Data time: 113s 100000000ns, Transform time: 3s 842000000ns
[component_container_isolated-2] [ERROR] [1789771587.055508666] [tf_help]: Transform data too old when converting from map to odom
[component_container_isolated-2] [ERROR] [1789771587.055541286] [tf_help]: Data time: 113s 100000000ns, Transform time: 3s 842000000ns
[component_container_isolated-2] [ERROR] [1789771587.105369092] [tf_help]: Transform data too old when converting from map to odom
[component_container_isolated-2] [ERROR] [1789771587.105402138] [tf_help]: Data time: 113s 100000000ns, Transform time: 3s 842000000ns
[component_container_isolated-2] [ERROR] [1789771587.155415786] [tf_help]: Transform data too old when converting from map to odom
[component_container_isolated-2] [ERROR] [1789771587.155453848] [tf_help]: Data time: 113s 100000000ns, Transform time: 3s 842000000ns
[component_container_isolated-2] [ERROR] [1789771587.205332075] [tf_help]: Transform data too old when converting from map to odom
[component_container_isolated-2] [ERROR] [1789771587.205363748] [tf_help]: Data time: 113s 100000000ns, Transform time: 3s 842000000ns
[component_container_isolated-2] [ERROR] [1789771587.255523302] [tf_help]: Transform data too old when converting from map to odom
[component_container_isolated-2] [ERROR] [1789771587.255555425] [tf_help]: Data time: 113s 100000000ns, Transform time: 3s 842000000ns
[component_container_isolated-2] [ERROR] [1789771587.305566626] [tf_help]: Transform data too old when converting from map to odom
[component_container_isolated-2] [ERROR] [1789771587.305604608] [tf_help]: Data time: 113s 100000000ns, Transform time: 3s 842000000ns
[component_container_isolated-2] [ERROR] [1789771587.358929848] [tf_help]: Transform data too old when converting from map to odom
[component_container_isolated-2] [ERROR] [1789771587.358973672] [tf_help]: Data time: 113s 100000000ns, Transform time: 3s 842000000ns
[component_container_isolated-2] [ERROR] [1789771587.407348921] [tf_help]: Transform data too old when converting from map to odom
[component_container_isolated-2] [ERROR] [1789771587.407382129] [tf_help]: Data time: 113s 100000000ns, Transform time: 3s 842000000ns
[component_container_isolated-2] [ERROR] [1789771587.455229503] [tf_help]: Transform data too old when converting from map to odom
[component_container_isolated-2] [ERROR] [1789771587.455260312] [tf_help]: Data time: 113s 100000000ns, Transform time: 3s 842000000ns
[component_container_isolated-2] [ERROR] [1789771587.505230496] [tf_help]: Transform data too old when converting from map to odom
[component_container_isolated-2] [ERROR] [1789771587.505260247] [tf_help]: Data time: 113s 100000000ns, Transform time: 3s 842000000ns
[component_container_isolated-2] [ERROR] [1789771587.555128838] [tf_help]: Transform data too old when converting from map to odom
[component_container_isolated-2] [ERROR] [1789771587.555168322] [tf_help]: Data time: 113s 100000000ns, Transform time: 3s 842000000ns
[component_container_isolated-2] [ERROR] [1789771587.609984452] [tf_help]: Transform data too old when converting from map to odom
[component_container_isolated-2] [ERROR] [1789771587.610028517] [tf_help]: Data time: 113s 100000000ns, Transform time: 3s 842000000ns
[component_container_isolated-2] [ERROR] [1789771587.655601485] [tf_help]: Transform data too old when converting from map to odom
[component_container_isolated-2] [ERROR] [1789771587.655633401] [tf_help]: Data time: 113s 100000000ns, Transform time: 3s 842000000ns
[component_container_isolated-2] [ERROR] [1789771587.705200216] [tf_help]: Transform data too old when converting from map to odom
[component_container_isolated-2] [ERROR] [1789771587.705242993] [tf_help]: Data time: 113s 100000000ns, Transform time: 3s 842000000ns
[component_container_isolated-2] [ERROR] [1789771587.759812002] [tf_help]: Transform data too old when converting from map to odom
[component_container_isolated-2] [ERROR] [1789771587.759863717] [tf_help]: Data time: 113s 100000000ns, Transform time: 3s 842000000ns
[component_container_isolated-2] [INFO] [1789771587.800960836] [controller_server]: Passing new path to controller.
[component_container_isolated-2] [ERROR] [1789771587.805948093] [tf_help]: Transform data too old when converting from map to odom
[component_container_isolated-2] [ERROR] [1789771587.805979081] [tf_help]: Data time: 114s 100000000ns, Transform time: 3s 842000000ns
[component_container_isolated-2] [ERROR] [1789771587.855282020] [tf_help]: Transform data too old when converting from map to odom
[component_container_isolated-2] [ERROR] [1789771587.855311585] [tf_help]: Data time: 114s 100000000ns, Transform time: 3s 842000000ns
[component_container_isolated-2] [ERROR] [1789771587.905351884] [tf_help]: Transform data too old when converting from map to odom
[component_container_isolated-2] [ERROR] [1789771587.905383671] [tf_help]: Data time: 114s 100000000ns, Transform time: 3s 842000000ns
[component_container_isolated-2] [ERROR] [1789771587.955170117] [tf_help]: Transform data too old when converting from map to odom
[component_container_isolated-2] [ERROR] [1789771587.955202049] [tf_help]: Data time: 114s 100000000ns, Transform time: 3s 842000000ns
[component_container_isolated-2] [ERROR] [1789771588.005389773] [tf_help]: Transform data too old when converting from map to odom
[component_container_isolated-2] [ERROR] [1789771588.005422018] [tf_help]: Data time: 114s 100000000ns, Transform time: 3s 842000000ns
[component_container_isolated-2] [ERROR] [1789771588.055560842] [tf_help]: Transform data too old when converting from map to odom
[component_container_isolated-2] [ERROR] [1789771588.055598093] [tf_help]: Data time: 114s 100000000ns, Transform time: 3s 842000000ns
[component_container_isolated-2] [ERROR] [1789771588.105365234] [tf_help]: Transform data too old when converting from map to odom
[component_container_isolated-2] [ERROR] [1789771588.105399541] [tf_help]: Data time: 114s 100000000ns, Transform time: 3s 842000000ns
[component_container_isolated-2] [ERROR] [1789771588.157991653] [tf_help]: Transform data too old when converting from map to odom
[component_container_isolated-2] [ERROR] [1789771588.158023792] [tf_help]: Data time: 114s 100000000ns, Transform time: 3s 842000000ns
[component_container_isolated-2] [ERROR] [1789771588.205232842] [tf_help]: Transform data too old when converting from map to odom
[component_container_isolated-2] [ERROR] [1789771588.205262426] [tf_help]: Data time: 114s 100000000ns, Transform time: 3s 842000000ns
[component_container_isolated-2] [ERROR] [1789771588.255137712] [tf_help]: Transform data too old when converting from map to odom
[component_container_isolated-2] [ERROR] [1789771588.255169553] [tf_help]: Data time: 114s 100000000ns, Transform time: 3s 842000000ns
[component_container_isolated-2] [ERROR] [1789771588.305334088] [tf_help]: Transform data too old when converting from map to odom
[component_container_isolated-2] [ERROR] [1789771588.305366995] [tf_help]: Data time: 114s 100000000ns, Transform time: 3s 842000000ns
[component_container_isolated-2] [ERROR] [1789771588.355472492] [tf_help]: Transform data too old when converting from map to odom
[component_container_isolated-2] [ERROR] [1789771588.355506018] [tf_help]: Data time: 114s 100000000ns, Transform time: 3s 842000000ns
[component_container_isolated-2] [ERROR] [1789771588.405530301] [tf_help]: Transform data too old when converting from map to odom
[component_container_isolated-2] [ERROR] [1789771588.405576202] [tf_help]: Data time: 114s 100000000ns, Transform time: 3s 842000000ns
[component_container_isolated-2] [ERROR] [1789771588.455413477] [tf_help]: Transform data too old when converting from map to odom
[component_container_isolated-2] [ERROR] [1789771588.455451539] [tf_help]: Data time: 114s 100000000ns, Transform time: 3s 842000000ns
[component_container_isolated-2] [ERROR] [1789771588.505213396] [tf_help]: Transform data too old when converting from map to odom
[component_container_isolated-2] [ERROR] [1789771588.505243526] [tf_help]: Data time: 114s 100000000ns, Transform time: 3s 842000000ns
[component_container_isolated-2] [ERROR] [1789771588.555445056] [tf_help]: Transform data too old when converting from map to odom
[component_container_isolated-2] [ERROR] [1789771588.555476660] [tf_help]: Data time: 114s 100000000ns, Transform time: 3s 842000000ns
[component_container_isolated-2] [ERROR] [1789771588.605177260] [tf_help]: Transform data too old when converting from map to odom
[component_container_isolated-2] [ERROR] [1789771588.605207616] [tf_help]: Data time: 114s 100000000ns, Transform time: 3s 842000000ns
[component_container_isolated-2] [ERROR] [1789771588.655341268] [tf_help]: Transform data too old when converting from map to odom
[component_container_isolated-2] [ERROR] [1789771588.655373923] [tf_help]: Data time: 114s 100000000ns, Transform time: 3s 842000000ns
[component_container_isolated-2] [ERROR] [1789771588.705183390] [tf_help]: Transform data too old when converting from map to odom
[component_container_isolated-2] [ERROR] [1789771588.705212166] [tf_help]: Data time: 114s 100000000ns, Transform time: 3s 842000000ns
[component_container_isolated-2] [ERROR] [1789771588.755355458] [tf_help]: Transform data too old when converting from map to odom
[component_container_isolated-2] [ERROR] [1789771588.755390192] [tf_help]: Data time: 114s 100000000ns, Transform time: 3s 842000000ns
[component_container_isolated-2] [ERROR] [1789771588.805616311] [tf_help]: Transform data too old when converting from map to odom
[component_container_isolated-2] [ERROR] [1789771588.805657177] [tf_help]: Data time: 114s 100000000ns, Transform time: 3s 842000000ns
[component_container_isolated-2] [INFO] [1789771588.850916163] [controller_server]: Passing new path to controller.
[component_container_isolated-2] [ERROR] [1789771588.855536239] [tf_help]: Transform data too old when converting from map to odom
[component_container_isolated-2] [ERROR] [1789771588.855567284] [tf_help]: Data time: 115s 100000000ns, Transform time: 3s 842000000ns
[component_container_isolated-2] [ERROR] [1789771588.909239843] [tf_help]: Transform data too old when converting from map to odom
[component_container_isolated-2] [ERROR] [1789771588.909286592] [tf_help]: Data time: 115s 100000000ns, Transform time: 3s 842000000ns
[component_container_isolated-2] [ERROR] [1789771588.957807175] [tf_help]: Transform data too old when converting from map to odom
[component_container_isolated-2] [ERROR] [1789771588.957840170] [tf_help]: Data time: 115s 100000000ns, Transform time: 3s 842000000ns
[component_container_isolated-2] [ERROR] [1789771589.005218935] [tf_help]: Transform data too old when converting from map to odom
[component_container_isolated-2] [ERROR] [1789771589.005250727] [tf_help]: Data time: 115s 100000000ns, Transform time: 3s 842000000ns
[component_container_isolated-2] [ERROR] [1789771589.055485686] [tf_help]: Transform data too old when converting from map to odom
[component_container_isolated-2] [ERROR] [1789771589.055516820] [tf_help]: Data time: 115s 100000000ns, Transform time: 3s 842000000ns
[component_container_isolated-2] [ERROR] [1789771589.105507240] [tf_help]: Transform data too old when converting from map to odom
[component_container_isolated-2] [ERROR] [1789771589.105540838] [tf_help]: Data time: 115s 100000000ns, Transform time: 3s 842000000ns
[component_container_isolated-2] [ERROR] [1789771589.155396166] [tf_help]: Transform data too old when converting from map to odom
[component_container_isolated-2] [ERROR] [1789771589.155428555] [tf_help]: Data time: 115s 100000000ns, Transform time: 3s 842000000ns
[component_container_isolated-2] [ERROR] [1789771589.205518840] [tf_help]: Transform data too old when converting from map to odom
[component_container_isolated-2] [ERROR] [1789771589.205553698] [tf_help]: Data time: 115s 100000000ns, Transform time: 3s 842000000ns
[component_container_isolated-2] [ERROR] [1789771589.255192097] [tf_help]: Transform data too old when converting from map to odom
[component_container_isolated-2] [ERROR] [1789771589.255223449] [tf_help]: Data time: 115s 100000000ns, Transform time: 3s 842000000ns
[component_container_isolated-2] [ERROR] [1789771589.305338454] [tf_help]: Transform data too old when converting from map to odom
[component_container_isolated-2] [ERROR] [1789771589.305367908] [tf_help]: Data time: 115s 100000000ns, Transform time: 3s 842000000ns
[component_container_isolated-2] [ERROR] [1789771589.356164999] [tf_help]: Transform data too old when converting from map to odom
[component_container_isolated-2] [ERROR] [1789771589.356196948] [tf_help]: Data time: 115s 100000000ns, Transform time: 3s 842000000ns
[component_container_isolated-2] [ERROR] [1789771589.406334535] [tf_help]: Transform data too old when converting from map to odom
[component_container_isolated-2] [ERROR] [1789771589.406375516] [tf_help]: Data time: 115s 100000000ns, Transform time: 3s 842000000ns
[component_container_isolated-2] [ERROR] [1789771589.455249841] [tf_help]: Transform data too old when converting from map to odom
[component_container_isolated-2] [ERROR] [1789771589.455280988] [tf_help]: Data time: 115s 100000000ns, Transform time: 3s 842000000ns
[component_container_isolated-2] [ERROR] [1789771589.505756149] [tf_help]: Transform data too old when converting from map to odom
[component_container_isolated-2] [ERROR] [1789771589.505790108] [tf_help]: Data time: 115s 100000000ns, Transform time: 3s 842000000ns
[component_container_isolated-2] [ERROR] [1789771589.557094263] [tf_help]: Transform data too old when converting from map to odom
[component_container_isolated-2] [ERROR] [1789771589.557128340] [tf_help]: Data time: 115s 100000000ns, Transform time: 3s 842000000ns
[component_container_isolated-2] [ERROR] [1789771589.605340829] [tf_help]: Transform data too old when converting from map to odom
[component_container_isolated-2] [ERROR] [1789771589.605375099] [tf_help]: Data time: 115s 100000000ns, Transform time: 3s 842000000ns
[component_container_isolated-2] [ERROR] [1789771589.655460411] [tf_help]: Transform data too old when converting from map to odom
[component_container_isolated-2] [ERROR] [1789771589.655492808] [tf_help]: Data time: 115s 100000000ns, Transform time: 3s 842000000ns
[component_container_isolated-2] [ERROR] [1789771589.705308972] [tf_help]: Transform data too old when converting from map to odom
[component_container_isolated-2] [ERROR] [1789771589.705340306] [tf_help]: Data time: 115s 100000000ns, Transform time: 3s 842000000ns
[component_container_isolated-2] [ERROR] [1789771589.755348601] [tf_help]: Transform data too old when converting from map to odom
[component_container_isolated-2] [ERROR] [1789771589.755378725] [tf_help]: Data time: 115s 100000000ns, Transform time: 3s 842000000ns
[component_container_isolated-2] [ERROR] [1789771589.805301560] [tf_help]: Transform data too old when converting from map to odom
[component_container_isolated-2] [ERROR] [1789771589.805334135] [tf_help]: Data time: 115s 100000000ns, Transform time: 3s 842000000ns
[component_container_isolated-2] [INFO] [1789771589.850952901] [controller_server]: Passing new path to controller.
[component_container_isolated-2] [ERROR] [1789771589.855427264] [tf_help]: Transform data too old when converting from map to odom
[component_container_isolated-2] [ERROR] [1789771589.855457592] [tf_help]: Data time: 116s 100000000ns, Transform time: 3s 842000000ns
[component_container_isolated-2] [ERROR] [1789771589.905440538] [tf_help]: Transform data too old when converting from map to odom
[component_container_isolated-2] [ERROR] [1789771589.905475821] [tf_help]: Data time: 116s 100000000ns, Transform time: 3s 842000000ns
[component_container_isolated-2] [ERROR] [1789771589.955801666] [tf_help]: Transform data too old when converting from map to odom
[component_container_isolated-2] [ERROR] [1789771589.955833944] [tf_help]: Data time: 116s 100000000ns, Transform time: 3s 842000000ns
[component_container_isolated-2] [ERROR] [1789771590.005390065] [tf_help]: Transform data too old when converting from map to odom
[component_container_isolated-2] [ERROR] [1789771590.005422449] [tf_help]: Data time: 116s 100000000ns, Transform time: 3s 842000000ns
[component_container_isolated-2] [ERROR] [1789771590.055234018] [tf_help]: Transform data too old when converting from map to odom
[component_container_isolated-2] [ERROR] [1789771590.055271877] [tf_help]: Data time: 116s 100000000ns, Transform time: 3s 842000000ns
[component_container_isolated-2] [ERROR] [1789771590.105614966] [tf_help]: Transform data too old when converting from map to odom
[component_container_isolated-2] [ERROR] [1789771590.105644821] [tf_help]: Data time: 116s 100000000ns, Transform time: 3s 842000000ns
[component_container_isolated-2] [ERROR] [1789771590.155562894] [tf_help]: Transform data too old when converting from map to odom
[component_container_isolated-2] [ERROR] [1789771590.155594752] [tf_help]: Data time: 116s 100000000ns, Transform time: 3s 842000000ns
[component_container_isolated-2] [ERROR] [1789771590.205444850] [tf_help]: Transform data too old when converting from map to odom
[component_container_isolated-2] [ERROR] [1789771590.205478397] [tf_help]: Data time: 116s 100000000ns, Transform time: 3s 842000000ns
[component_container_isolated-2] [ERROR] [1789771590.255418284] [tf_help]: Transform data too old when converting from map to odom
[component_container_isolated-2] [ERROR] [1789771590.255457206] [tf_help]: Data time: 116s 100000000ns, Transform time: 3s 842000000ns
[component_container_isolated-2] [ERROR] [1789771590.305358428] [tf_help]: Transform data too old when converting from map to odom
[component_container_isolated-2] [ERROR] [1789771590.305396750] [tf_help]: Data time: 116s 100000000ns, Transform time: 3s 842000000ns
[component_container_isolated-2] [ERROR] [1789771590.355462317] [tf_help]: Transform data too old when converting from map to odom
[component_container_isolated-2] [ERROR] [1789771590.355498964] [tf_help]: Data time: 116s 100000000ns, Transform time: 3s 842000000ns
[component_container_isolated-2] [ERROR] [1789771590.405401814] [tf_help]: Transform data too old when converting from map to odom
[component_container_isolated-2] [ERROR] [1789771590.405444085] [tf_help]: Data time: 116s 100000000ns, Transform time: 3s 842000000ns
[component_container_isolated-2] [ERROR] [1789771590.455497342] [tf_help]: Transform data too old when converting from map to odom
[component_container_isolated-2] [ERROR] [1789771590.455526407] [tf_help]: Data time: 116s 100000000ns, Transform time: 3s 842000000ns
[component_container_isolated-2] [ERROR] [1789771590.505173693] [tf_help]: Transform data too old when converting from map to odom
[component_container_isolated-2] [ERROR] [1789771590.505204636] [tf_help]: Data time: 116s 100000000ns, Transform time: 3s 842000000ns
[component_container_isolated-2] [ERROR] [1789771590.555635906] [tf_help]: Transform data too old when converting from map to odom
[component_container_isolated-2] [ERROR] [1789771590.555668567] [tf_help]: Data time: 116s 100000000ns, Transform time: 3s 842000000ns
[component_container_isolated-2] [ERROR] [1789771590.606911419] [tf_help]: Transform data too old when converting from map to odom
[component_container_isolated-2] [ERROR] [1789771590.606941578] [tf_help]: Data time: 116s 100000000ns, Transform time: 3s 842000000ns
[component_container_isolated-2] [ERROR] [1789771590.655400386] [tf_help]: Transform data too old when converting from map to odom
[component_container_isolated-2] [ERROR] [1789771590.655436630] [tf_help]: Data time: 116s 100000000ns, Transform time: 3s 842000000ns
[component_container_isolated-2] [ERROR] [1789771590.705344204] [tf_help]: Transform data too old when converting from map to odom
[component_container_isolated-2] [ERROR] [1789771590.705374632] [tf_help]: Data time: 116s 100000000ns, Transform time: 3s 842000000ns
[component_container_isolated-2] [ERROR] [1789771590.755523328] [tf_help]: Transform data too old when converting from map to odom
[component_container_isolated-2] [ERROR] [1789771590.755562465] [tf_help]: Data time: 116s 100000000ns, Transform time: 3s 842000000ns
[component_container_isolated-2] [ERROR] [1789771590.806933895] [tf_help]: Transform data too old when converting from map to odom
[component_container_isolated-2] [ERROR] [1789771590.806972714] [tf_help]: Data time: 116s 100000000ns, Transform time: 3s 842000000ns
[component_container_isolated-2] [ERROR] [1789771590.858875817] [tf_help]: Transform data too old when converting from map to odom
[component_container_isolated-2] [ERROR] [1789771590.858922441] [tf_help]: Data time: 116s 100000000ns, Transform time: 3s 842000000ns
[component_container_isolated-2] [INFO] [1789771590.900927090] [controller_server]: Passing new path to controller.
[component_container_isolated-2] [ERROR] [1789771590.909371319] [tf_help]: Transform data too old when converting from map to odom
[component_container_isolated-2] [ERROR] [1789771590.909417236] [tf_help]: Data time: 117s 200000000ns, Transform time: 3s 842000000ns
[component_container_isolated-2] [ERROR] [1789771590.955344534] [tf_help]: Transform data too old when converting from map to odom
[component_container_isolated-2] [ERROR] [1789771590.955377662] [tf_help]: Data time: 117s 200000000ns, Transform time: 3s 842000000ns
[component_container_isolated-2] [ERROR] [1789771591.005319734] [tf_help]: Transform data too old when converting from map to odom
[component_container_isolated-2] [ERROR] [1789771591.005353474] [tf_help]: Data time: 117s 200000000ns, Transform time: 3s 842000000ns
[component_container_isolated-2] [ERROR] [1789771591.055466564] [tf_help]: Transform data too old when converting from map to odom
[component_container_isolated-2] [ERROR] [1789771591.055499502] [tf_help]: Data time: 117s 200000000ns, Transform time: 3s 842000000ns
[component_container_isolated-2] [ERROR] [1789771591.105307963] [tf_help]: Transform data too old when converting from map to odom
[component_container_isolated-2] [ERROR] [1789771591.105344726] [tf_help]: Data time: 117s 200000000ns, Transform time: 3s 842000000ns
[component_container_isolated-2] [ERROR] [1789771591.158350979] [tf_help]: Transform data too old when converting from map to odom
[component_container_isolated-2] [ERROR] [1789771591.158395231] [tf_help]: Data time: 117s 200000000ns, Transform time: 3s 842000000ns
[component_container_isolated-2] [ERROR] [1789771591.209294987] [tf_help]: Transform data too old when converting from map to odom
[component_container_isolated-2] [ERROR] [1789771591.209359166] [tf_help]: Data time: 117s 200000000ns, Transform time: 3s 842000000ns
[component_container_isolated-2] [ERROR] [1789771591.259426175] [tf_help]: Transform data too old when converting from map to odom
[component_container_isolated-2] [ERROR] [1789771591.259476172] [tf_help]: Data time: 117s 200000000ns, Transform time: 3s 842000000ns
[component_container_isolated-2] [ERROR] [1789771591.306098871] [tf_help]: Transform data too old when converting from map to odom
[component_container_isolated-2] [ERROR] [1789771591.306135046] [tf_help]: Data time: 117s 200000000ns, Transform time: 3s 842000000ns
[component_container_isolated-2] [ERROR] [1789771591.355654833] [tf_help]: Transform data too old when converting from map to odom
[component_container_isolated-2] [ERROR] [1789771591.355686392] [tf_help]: Data time: 117s 200000000ns, Transform time: 3s 842000000ns
[component_container_isolated-2] [ERROR] [1789771591.405492459] [tf_help]: Transform data too old when converting from map to odom
[component_container_isolated-2] [ERROR] [1789771591.405530220] [tf_help]: Data time: 117s 200000000ns, Transform time: 3s 842000000ns
[component_container_isolated-2] [ERROR] [1789771591.456126952] [tf_help]: Transform data too old when converting from map to odom
[component_container_isolated-2] [ERROR] [1789771591.456163443] [tf_help]: Data time: 117s 200000000ns, Transform time: 3s 842000000ns
[component_container_isolated-2] [ERROR] [1789771591.507500010] [tf_help]: Transform data too old when converting from map to odom
[component_container_isolated-2] [ERROR] [1789771591.507539436] [tf_help]: Data time: 117s 200000000ns, Transform time: 3s 842000000ns
[component_container_isolated-2] [ERROR] [1789771591.556264036] [tf_help]: Transform data too old when converting from map to odom
[component_container_isolated-2] [ERROR] [1789771591.556294097] [tf_help]: Data time: 117s 200000000ns, Transform time: 3s 842000000ns
[component_container_isolated-2] [ERROR] [1789771591.605218488] [tf_help]: Transform data too old when converting from map to odom
[component_container_isolated-2] [ERROR] [1789771591.605251663] [tf_help]: Data time: 117s 200000000ns, Transform time: 3s 842000000ns
[component_container_isolated-2] [ERROR] [1789771591.655196214] [tf_help]: Transform data too old when converting from map to odom
[component_container_isolated-2] [ERROR] [1789771591.655230884] [tf_help]: Data time: 117s 200000000ns, Transform time: 3s 842000000ns
[component_container_isolated-2] [ERROR] [1789771591.705244693] [tf_help]: Transform data too old when converting from map to odom
[component_container_isolated-2] [ERROR] [1789771591.705276378] [tf_help]: Data time: 117s 200000000ns, Transform time: 3s 842000000ns
[component_container_isolated-2] [ERROR] [1789771591.755181163] [tf_help]: Transform data too old when converting from map to odom
[component_container_isolated-2] [ERROR] [1789771591.755215528] [tf_help]: Data time: 117s 200000000ns, Transform time: 3s 842000000ns
[component_container_isolated-2] [ERROR] [1789771591.805469131] [tf_help]: Transform data too old when converting from map to odom
[component_container_isolated-2] [ERROR] [1789771591.805504353] [tf_help]: Data time: 117s 200000000ns, Transform time: 3s 842000000ns
[component_container_isolated-2] [ERROR] [1789771591.855839747] [tf_help]: Transform data too old when converting from map to odom
[component_container_isolated-2] [ERROR] [1789771591.855872297] [tf_help]: Data time: 117s 200000000ns, Transform time: 3s 842000000ns
[component_container_isolated-2] [ERROR] [1789771591.905252789] [tf_help]: Transform data too old when converting from map to odom
[component_container_isolated-2] [ERROR] [1789771591.905293546] [tf_help]: Data time: 117s 200000000ns, Transform time: 3s 842000000ns
[component_container_isolated-2] [INFO] [1789771591.950943869] [controller_server]: Passing new path to controller.
[component_container_isolated-2] [ERROR] [1789771591.955855267] [tf_help]: Transform data too old when converting from map to odom
[component_container_isolated-2] [ERROR] [1789771591.955885147] [tf_help]: Data time: 118s 200000000ns, Transform time: 3s 842000000ns
[component_container_isolated-2] [ERROR] [1789771592.005488974] [tf_help]: Transform data too old when converting from map to odom
[component_container_isolated-2] [ERROR] [1789771592.005525515] [tf_help]: Data time: 118s 200000000ns, Transform time: 3s 842000000ns
[component_container_isolated-2] [ERROR] [1789771592.055578188] [tf_help]: Transform data too old when converting from map to odom
[component_container_isolated-2] [ERROR] [1789771592.055609329] [tf_help]: Data time: 118s 200000000ns, Transform time: 3s 842000000ns
[component_container_isolated-2] [ERROR] [1789771592.105255280] [tf_help]: Transform data too old when converting from map to odom
[component_container_isolated-2] [ERROR] [1789771592.105284986] [tf_help]: Data time: 118s 200000000ns, Transform time: 3s 842000000ns
[component_container_isolated-2] [ERROR] [1789771592.155226985] [tf_help]: Transform data too old when converting from map to odom
[component_container_isolated-2] [ERROR] [1789771592.155257876] [tf_help]: Data time: 118s 200000000ns, Transform time: 3s 842000000ns
[component_container_isolated-2] [ERROR] [1789771592.205265102] [tf_help]: Transform data too old when converting from map to odom
[component_container_isolated-2] [ERROR] [1789771592.205298735] [tf_help]: Data time: 118s 200000000ns, Transform time: 3s 842000000ns
[component_container_isolated-2] [ERROR] [1789771592.257373962] [tf_help]: Transform data too old when converting from map to odom
[component_container_isolated-2] [ERROR] [1789771592.257408959] [tf_help]: Data time: 118s 200000000ns, Transform time: 3s 842000000ns
[component_container_isolated-2] [ERROR] [1789771592.305250921] [tf_help]: Transform data too old when converting from map to odom
[component_container_isolated-2] [ERROR] [1789771592.305285172] [tf_help]: Data time: 118s 200000000ns, Transform time: 3s 842000000ns
[component_container_isolated-2] [ERROR] [1789771592.356010935] [tf_help]: Transform data too old when converting from map to odom
[component_container_isolated-2] [ERROR] [1789771592.356044083] [tf_help]: Data time: 118s 200000000ns, Transform time: 3s 842000000ns
[component_container_isolated-2] [ERROR] [1789771592.405446715] [tf_help]: Transform data too old when converting from map to odom
[component_container_isolated-2] [ERROR] [1789771592.405483704] [tf_help]: Data time: 118s 200000000ns, Transform time: 3s 842000000ns
[component_container_isolated-2] [ERROR] [1789771592.455190585] [tf_help]: Transform data too old when converting from map to odom
[component_container_isolated-2] [ERROR] [1789771592.455222396] [tf_help]: Data time: 118s 200000000ns, Transform time: 3s 842000000ns
[component_container_isolated-2] [ERROR] [1789771592.505191568] [tf_help]: Transform data too old when converting from map to odom
[component_container_isolated-2] [ERROR] [1789771592.505223707] [tf_help]: Data time: 118s 200000000ns, Transform time: 3s 842000000ns
[component_container_isolated-2] [ERROR] [1789771592.555099255] [tf_help]: Transform data too old when converting from map to odom
[component_container_isolated-2] [ERROR] [1789771592.555131168] [tf_help]: Data time: 118s 200000000ns, Transform time: 3s 842000000ns
[component_container_isolated-2] [ERROR] [1789771592.605511070] [tf_help]: Transform data too old when converting from map to odom
[component_container_isolated-2] [ERROR] [1789771592.605561683] [tf_help]: Data time: 118s 200000000ns, Transform time: 3s 842000000ns
[component_container_isolated-2] [ERROR] [1789771592.655871376] [tf_help]: Transform data too old when converting from map to odom
[component_container_isolated-2] [ERROR] [1789771592.655902810] [tf_help]: Data time: 118s 200000000ns, Transform time: 3s 842000000ns
[component_container_isolated-2] [ERROR] [1789771592.705481897] [tf_help]: Transform data too old when converting from map to odom
[component_container_isolated-2] [ERROR] [1789771592.705516005] [tf_help]: Data time: 118s 200000000ns, Transform time: 3s 842000000ns
[component_container_isolated-2] [ERROR] [1789771592.755314059] [tf_help]: Transform data too old when converting from map to odom
[component_container_isolated-2] [ERROR] [1789771592.755347917] [tf_help]: Data time: 118s 200000000ns, Transform time: 3s 842000000ns
[component_container_isolated-2] [ERROR] [1789771592.805234433] [tf_help]: Transform data too old when converting from map to odom
[component_container_isolated-2] [ERROR] [1789771592.805265662] [tf_help]: Data time: 118s 200000000ns, Transform time: 3s 842000000ns
[component_container_isolated-2] [ERROR] [1789771592.851018124] [controller_server]: Failed to make progress
[component_container_isolated-2] [WARN] [1789771592.851205781] [controller_server]: [follow_path] [ActionServer] Aborting handle.
[component_container_isolated-2] [INFO] [1789771592.865808391] [behavior_server]: Running backup
[component_container_isolated-2] [ERROR] [1789771592.865971779] [behavior_server]: Pose Goes Off Grid.
[component_container_isolated-2] [WARN] [1789771592.866035672] [behavior_server]: Collision Ahead - Exiting DriveOnHeading
[component_container_isolated-2] [WARN] [1789771592.866049068] [behavior_server]: backup failed
[component_container_isolated-2] [WARN] [1789771592.866060561] [behavior_server]: [backup] [ActionServer] Aborting handle.
[component_container_isolated-2] [INFO] [1789771592.895588976] [local_costmap.local_costmap]: Received request to clear entirely the local_costmap
[component_container_isolated-2] [INFO] [1789771592.895808068] [global_costmap.global_costmap]: Received request to clear entirely the global_costmap
[component_container_isolated-2] [INFO] [1789771592.925814490] [controller_server]: Received a goal, begin computing control effort.
[component_container_isolated-2] [ERROR] [1789771593.052162071] [tf_help]: Transform data too old when converting from map to odom
[component_container_isolated-2] [ERROR] [1789771593.052215007] [tf_help]: Data time: 119s 200000000ns, Transform time: 3s 842000000ns
[component_container_isolated-2] [WARN] [1789771593.052223220] [controller_server]: Control loop missed its desired rate of 20.0000Hz
[component_container_isolated-2] [ERROR] [1789771593.056438533] [tf_help]: Transform data too old when converting from map to odom
[component_container_isolated-2] [ERROR] [1789771593.056464815] [tf_help]: Data time: 119s 200000000ns, Transform time: 3s 842000000ns
[component_container_isolated-2] [ERROR] [1789771593.110855886] [tf_help]: Transform data too old when converting from map to odom
[component_container_isolated-2] [ERROR] [1789771593.110890062] [tf_help]: Data time: 119s 200000000ns, Transform time: 3s 842000000ns
[component_container_isolated-2] [ERROR] [1789771593.165820463] [tf_help]: Transform data too old when converting from map to odom
[component_container_isolated-2] [ERROR] [1789771593.165852374] [tf_help]: Data time: 119s 200000000ns, Transform time: 3s 842000000ns
[component_container_isolated-2] [ERROR] [1789771593.221575681] [tf_help]: Transform data too old when converting from map to odom
[component_container_isolated-2] [ERROR] [1789771593.221611595] [tf_help]: Data time: 119s 200000000ns, Transform time: 3s 842000000ns
[component_container_isolated-2] [ERROR] [1789771593.276139561] [tf_help]: Transform data too old when converting from map to odom
[component_container_isolated-2] [ERROR] [1789771593.276190525] [tf_help]: Data time: 119s 200000000ns, Transform time: 3s 842000000ns
[component_container_isolated-2] [ERROR] [1789771593.330622559] [tf_help]: Transform data too old when converting from map to odom
[component_container_isolated-2] [ERROR] [1789771593.330659798] [tf_help]: Data time: 119s 200000000ns, Transform time: 3s 842000000ns
[component_container_isolated-2] [ERROR] [1789771593.385073823] [tf_help]: Transform data too old when converting from map to odom
[component_container_isolated-2] [ERROR] [1789771593.385103152] [tf_help]: Data time: 119s 200000000ns, Transform time: 3s 842000000ns
[component_container_isolated-2] [ERROR] [1789771593.439994043] [tf_help]: Transform data too old when converting from map to odom
[component_container_isolated-2] [ERROR] [1789771593.440028404] [tf_help]: Data time: 119s 200000000ns, Transform time: 3s 842000000ns
[component_container_isolated-2] [ERROR] [1789771593.494488380] [tf_help]: Transform data too old when converting from map to odom
[component_container_isolated-2] [ERROR] [1789771593.494520738] [tf_help]: Data time: 119s 200000000ns, Transform time: 3s 842000000ns
[component_container_isolated-2] [ERROR] [1789771593.548984780] [tf_help]: Transform data too old when converting from map to odom
[component_container_isolated-2] [ERROR] [1789771593.549016794] [tf_help]: Data time: 119s 200000000ns, Transform time: 3s 842000000ns
[component_container_isolated-2] [ERROR] [1789771593.603788865] [tf_help]: Transform data too old when converting from map to odom
[component_container_isolated-2] [ERROR] [1789771593.603823459] [tf_help]: Data time: 119s 200000000ns, Transform time: 3s 842000000ns
[ground_truth_localizer-1] [INFO] [1789771593.656709126] [ground_truth_localizer]: last 10 s: ground truth msgs 294, map->odom published 294 (283 via latest odom TF)
[component_container_isolated-2] [ERROR] [1789771593.656721049] [tf_help]: Transform data too old when converting from map to odom
[component_container_isolated-2] [ERROR] [1789771593.656748390] [tf_help]: Data time: 119s 200000000ns, Transform time: 3s 842000000ns
[component_container_isolated-2] [ERROR] [1789771593.706980216] [tf_help]: Transform data too old when converting from map to odom
[component_container_isolated-2] [ERROR] [1789771593.707011625] [tf_help]: Data time: 119s 200000000ns, Transform time: 3s 842000000ns
[component_container_isolated-2] [ERROR] [1789771593.756733684] [tf_help]: Transform data too old when converting from map to odom
[component_container_isolated-2] [ERROR] [1789771593.756767360] [tf_help]: Data time: 119s 200000000ns, Transform time: 3s 842000000ns
[component_container_isolated-2] [ERROR] [1789771593.806849141] [tf_help]: Transform data too old when converting from map to odom
[component_container_isolated-2] [ERROR] [1789771593.806880537] [tf_help]: Data time: 119s 200000000ns, Transform time: 3s 842000000ns
[component_container_isolated-2] [ERROR] [1789771593.861346899] [tf_help]: Transform data too old when converting from map to odom
[component_container_isolated-2] [ERROR] [1789771593.861398983] [tf_help]: Data time: 119s 200000000ns, Transform time: 3s 842000000ns
[component_container_isolated-2] [ERROR] [1789771593.909556409] [tf_help]: Transform data too old when converting from map to odom
[component_container_isolated-2] [ERROR] [1789771593.909588240] [tf_help]: Data time: 119s 200000000ns, Transform time: 3s 842000000ns
[component_container_isolated-2] [ERROR] [1789771593.956819605] [tf_help]: Transform data too old when converting from map to odom
[component_container_isolated-2] [ERROR] [1789771593.956849623] [tf_help]: Data time: 119s 200000000ns, Transform time: 3s 842000000ns
[component_container_isolated-2] [INFO] [1789771594.002282954] [controller_server]: Passing new path to controller.
[component_container_isolated-2] [ERROR] [1789771594.008463887] [tf_help]: Transform data too old when converting from map to odom
[component_container_isolated-2] [ERROR] [1789771594.008511857] [tf_help]: Data time: 120s 100000000ns, Transform time: 3s 842000000ns
[component_container_isolated-2] [ERROR] [1789771594.057834974] [tf_help]: Transform data too old when converting from map to odom
[component_container_isolated-2] [ERROR] [1789771594.057868524] [tf_help]: Data time: 120s 100000000ns, Transform time: 3s 842000000ns
[component_container_isolated-2] [ERROR] [1789771594.107159068] [tf_help]: Transform data too old when converting from map to odom
[component_container_isolated-2] [ERROR] [1789771594.107201417] [tf_help]: Data time: 120s 100000000ns, Transform time: 3s 842000000ns
[component_container_isolated-2] [ERROR] [1789771594.159529530] [tf_help]: Transform data too old when converting from map to odom
[component_container_isolated-2] [ERROR] [1789771594.159585199] [tf_help]: Data time: 120s 100000000ns, Transform time: 3s 842000000ns
[WARNING] [launch]: user interrupted with ctrl-c (SIGINT)
[component_container_isolated-2] [INFO] [1789771594.162298724] [rclcpp]: signal_handler(SIGINT/SIGTERM)
[component_container_isolated-2] [INFO] [1789771594.162348853] [lifecycle_manager_navigation]: Running Nav2 LifecycleManager rcl preshutdown (lifecycle_manager_navigation)
[component_container_isolated-2] [INFO] [1789771594.162393924] [lifecycle_manager_navigation]: [34m[1mTerminating bond timer...[0m[0m
[component_container_isolated-2] [ERROR] [1789771594.185699245] [bt_navigator_navigate_to_pose_rclcpp_node]: Failed to get result for follow_path in node halt!
[component_container_isolated-2] [INFO] [1789771594.185785853] [bt_navigator]: [navigate_to_pose] [ActionServer] Client requested to cancel the goal. Cancelling.
[component_container_isolated-2] [INFO] [1789771594.185889326] [bt_navigator]: Goal canceled
[component_container_isolated-2] [INFO] [1789771594.202284818] [controller_server]: Goal was canceled. Stopping the robot.
[component_container_isolated-2] [INFO] [1789771594.202328984] [controller_server]: [follow_path] [ActionServer] Client requested to cancel the goal. Cancelling.
[component_container_isolated-2] [INFO] [1789771594.270555045] [velocity_smoother]: Running Nav2 LifecycleNode rcl preshutdown (velocity_smoother)
[component_container_isolated-2] [INFO] [1789771594.270657604] [velocity_smoother]: Deactivating
[component_container_isolated-2] [INFO] [1789771594.270694839] [velocity_smoother]: Destroying bond (velocity_smoother) to lifecycle manager.
[component_container_isolated-2] [INFO] [1789771594.280893978] [velocity_smoother]: Cleaning up
[component_container_isolated-2] [INFO] [1789771594.280949034] [velocity_smoother]: Destroying bond (velocity_smoother) to lifecycle manager.
[component_container_isolated-2] [INFO] [1789771594.280966092] [bt_navigator]: Running Nav2 LifecycleNode rcl preshutdown (bt_navigator)
[component_container_isolated-2] [INFO] [1789771594.280988906] [bt_navigator]: Deactivating
[component_container_isolated-2] [INFO] [1789771594.281006893] [bt_navigator]: Destroying bond (bt_navigator) to lifecycle manager.
[component_container_isolated-2] [INFO] [1789771594.291153726] [bt_navigator]: Cleaning up
[INFO] [ground_truth_localizer-1]: process has finished cleanly [pid 95553]
[ground_truth_localizer-1] Exception in thread Thread-1 (run_func):
[ground_truth_localizer-1] Traceback (most recent call last):
[ground_truth_localizer-1]   File "/usr/lib/python3.10/threading.py", line 1016, in _bootstrap_inner
[ground_truth_localizer-1]     self.run()
[ground_truth_localizer-1]   File "/usr/lib/python3.10/threading.py", line 953, in run
[ground_truth_localizer-1]     self._target(*self._args, **self._kwargs)
[ground_truth_localizer-1]   File "/opt/ros/humble/lib/python3.10/site-packages/tf2_ros/transform_listener.py", line 109, in run_func
[ground_truth_localizer-1]     self.executor.spin()
[ground_truth_localizer-1]   File "/opt/ros/humble/local/lib/python3.10/dist-packages/rclpy/executors.py", line 323, in spin
[ground_truth_localizer-1]     self.spin_once()
[ground_truth_localizer-1]   File "/opt/ros/humble/local/lib/python3.10/dist-packages/rclpy/executors.py", line 812, in spin_once
[ground_truth_localizer-1]     self._spin_once_impl(timeout_sec)
[ground_truth_localizer-1]   File "/opt/ros/humble/local/lib/python3.10/dist-packages/rclpy/executors.py", line 801, in _spin_once_impl
[ground_truth_localizer-1]     handler, entity, node = self.wait_for_ready_callbacks(timeout_sec=timeout_sec)
[ground_truth_localizer-1]   File "/opt/ros/humble/local/lib/python3.10/dist-packages/rclpy/executors.py", line 784, in wait_for_ready_callbacks
[ground_truth_localizer-1]     return next(self._cb_iter)
[ground_truth_localizer-1]   File "/opt/ros/humble/local/lib/python3.10/dist-packages/rclpy/executors.py", line 657, in _wait_for_ready_callbacks
[ground_truth_localizer-1]     wait_set = _rclpy.WaitSet(
[ground_truth_localizer-1] rclpy._rclpy_pybind11.RCLError: failed to initialize wait set: the given context is not valid, either rcl_init() was not called or rcl_shutdown() was called., at ./src/rcl/wait.c:130
[ground_truth_localizer-1] Exception ignored in: <function TransformListener.__del__ at 0x720867b64f70>
[ground_truth_localizer-1] Traceback (most recent call last):
[ground_truth_localizer-1]   File "/opt/ros/humble/lib/python3.10/site-packages/tf2_ros/transform_listener.py", line 119, in __del__
[ground_truth_localizer-1]     self.executor.shutdown()
[ground_truth_localizer-1]   File "/opt/ros/humble/local/lib/python3.10/dist-packages/rclpy/executors.py", line 264, in shutdown
[ground_truth_localizer-1]     self._sigint_gc.destroy()
[ground_truth_localizer-1]   File "/opt/ros/humble/local/lib/python3.10/dist-packages/rclpy/signals.py", line 65, in destroy
[ground_truth_localizer-1]     with self.handle:
[ground_truth_localizer-1] rclpy._rclpy_pybind11.InvalidHandle: cannot use Destroyable because destruction was requested
[component_container_isolated-2] [INFO] [1789771594.396969317] [bt_navigator]: Completed Cleaning up
[component_container_isolated-2] [INFO] [1789771594.397003761] [bt_navigator]: Destroying bond (bt_navigator) to lifecycle manager.
[component_container_isolated-2] [INFO] [1789771594.397010051] [behavior_server]: Running Nav2 LifecycleNode rcl preshutdown (behavior_server)
[component_container_isolated-2] [INFO] [1789771594.397020963] [behavior_server]: Deactivating
[component_container_isolated-2] [INFO] [1789771594.397038265] [behavior_server]: Destroying bond (behavior_server) to lifecycle manager.
[component_container_isolated-2] [INFO] [1789771594.407175407] [behavior_server]: Cleaning up
[component_container_isolated-2] [INFO] [1789771594.412006836] [behavior_server]: Destroying bond (behavior_server) to lifecycle manager.
[component_container_isolated-2] [INFO] [1789771594.412035417] [lifecycle_manager_localization]: Running Nav2 LifecycleManager rcl preshutdown (lifecycle_manager_localization)
[component_container_isolated-2] [INFO] [1789771594.412043451] [lifecycle_manager_localization]: [34m[1mTerminating bond timer...[0m[0m
[component_container_isolated-2] [INFO] [1789771594.440246049] [planner_server]: Running Nav2 LifecycleNode rcl preshutdown (planner_server)
[component_container_isolated-2] [INFO] [1789771594.440294791] [planner_server]: Deactivating
[component_container_isolated-2] [INFO] [1789771594.440316491] [global_costmap.global_costmap]: Deactivating
[component_container_isolated-2] [INFO] [1789771594.441422105] [global_costmap.global_costmap]: stvl_global was deactivated.
[component_container_isolated-2] [INFO] [1789771594.897215175] [planner_server]: Deactivating plugin GridBased of type NavfnPlanner
[component_container_isolated-2] [INFO] [1789771594.897280050] [planner_server]: Destroying bond (planner_server) to lifecycle manager.
[component_container_isolated-2] [INFO] [1789771594.907408040] [planner_server]: Cleaning up
[component_container_isolated-2] [INFO] [1789771594.917822704] [global_costmap.global_costmap]: Cleaning up
[ERROR] [component_container_isolated-2]: process[component_container_isolated-2] failed to terminate '5' seconds after receiving 'SIGINT', escalating to 'SIGTERM'
[INFO] [component_container_isolated-2]: sending signal 'SIGTERM' to process[component_container_isolated-2]
[ERROR] [component_container_isolated-2]: process[component_container_isolated-2] failed to terminate '10.0' seconds after receiving 'SIGTERM', escalating to 'SIGKILL'
[INFO] [component_container_isolated-2]: sending signal 'SIGKILL' to process[component_container_isolated-2]
[ERROR] [component_container_isolated-2]: process has died [pid 95555, exit code -9, cmd '/opt/ros/humble/lib/rclcpp_components/component_container_isolated --ros-args --log-level info --ros-args -r __node:=nav2_container --params-file /tmp/launch_params_6buyqby2 --params-file /tmp/launch_params_i18o7sxn -r /tf:=tf -r /tf_static:=tf_static'].
