[INFO] [launch]: All log files can be found below /home/saran/.ros/log/2026-09-19-00-38-59-591668-aorus-93094
[INFO] [launch]: Default logging verbosity is set to INFO
[INFO] [ground_truth_localizer-1]: process started with pid [93127]
[INFO] [component_container_isolated-2]: process started with pid [93129]
[component_container_isolated-2] [INFO] [1789771140.557875632] [nav2_container]: Load Library: /opt/ros/humble/lib/libcontroller_server_core.so
[component_container_isolated-2] [INFO] [1789771140.562274410] [nav2_container]: Found class: rclcpp_components::NodeFactoryTemplate<nav2_controller::ControllerServer>
[component_container_isolated-2] [INFO] [1789771140.562302276] [nav2_container]: Instantiate class: rclcpp_components::NodeFactoryTemplate<nav2_controller::ControllerServer>
[component_container_isolated-2] [INFO] [1789771140.566783595] [controller_server]: 
[component_container_isolated-2] 	controller_server lifecycle node launched. 
[component_container_isolated-2] 	Waiting on external lifecycle transitions to activate
[component_container_isolated-2] 	See https://design.ros2.org/articles/node_lifecycle.html for more information.
[component_container_isolated-2] [INFO] [1789771140.569807741] [controller_server]: Creating controller server
[component_container_isolated-2] [INFO] [1789771140.573293643] [local_costmap.local_costmap]: 
[component_container_isolated-2] 	local_costmap lifecycle node launched. 
[component_container_isolated-2] 	Waiting on external lifecycle transitions to activate
[component_container_isolated-2] 	See https://design.ros2.org/articles/node_lifecycle.html for more information.
[component_container_isolated-2] [INFO] [1789771140.573685850] [local_costmap.local_costmap]: Creating Costmap
[component_container_isolated-2] [INFO] [1789771140.574207787] [nav2_container]: Load Library: /opt/ros/humble/lib/libmap_server_core.so
[INFO] [launch_ros.actions.load_composable_nodes]: Loaded node '/controller_server' in container '/nav2_container'
[component_container_isolated-2] [INFO] [1789771140.580144800] [nav2_container]: Found class: rclcpp_components::NodeFactoryTemplate<nav2_map_server::CostmapFilterInfoServer>
[component_container_isolated-2] [INFO] [1789771140.580165226] [nav2_container]: Found class: rclcpp_components::NodeFactoryTemplate<nav2_map_server::MapSaver>
[component_container_isolated-2] [INFO] [1789771140.580168947] [nav2_container]: Found class: rclcpp_components::NodeFactoryTemplate<nav2_map_server::MapServer>
[component_container_isolated-2] [INFO] [1789771140.580173116] [nav2_container]: Instantiate class: rclcpp_components::NodeFactoryTemplate<nav2_map_server::MapServer>
[component_container_isolated-2] [INFO] [1789771140.583206952] [map_server]: 
[component_container_isolated-2] 	map_server lifecycle node launched. 
[INFO] [launch_ros.actions.load_composable_nodes]: Loaded node '/map_server' in container '/nav2_container'
[component_container_isolated-2] 	Waiting on external lifecycle transitions to activate
[component_container_isolated-2] 	See https://design.ros2.org/articles/node_lifecycle.html for more information.
[component_container_isolated-2] [INFO] [1789771140.583232880] [map_server]: Creating
[component_container_isolated-2] [INFO] [1789771140.583436052] [nav2_container]: Load Library: /opt/ros/humble/lib/libsmoother_server_core.so
[component_container_isolated-2] [INFO] [1789771140.584271435] [nav2_container]: Found class: rclcpp_components::NodeFactoryTemplate<nav2_smoother::SmootherServer>
[component_container_isolated-2] [INFO] [1789771140.584280478] [nav2_container]: Instantiate class: rclcpp_components::NodeFactoryTemplate<nav2_smoother::SmootherServer>
[component_container_isolated-2] [INFO] [1789771140.587404304] [smoother_server]: 
[component_container_isolated-2] 	smoother_server lifecycle node launched. 
[component_container_isolated-2] 	Waiting on external lifecycle transitions to activate
[component_container_isolated-2] 	See https://design.ros2.org/articles/node_lifecycle.html for more information.
[component_container_isolated-2] [INFO] [1789771140.588534739] [smoother_server]: Creating smoother server
[INFO] [launch_ros.actions.load_composable_nodes]: Loaded node '/smoother_server' in container '/nav2_container'
[component_container_isolated-2] [INFO] [1789771140.588875215] [nav2_container]: Load Library: /opt/ros/humble/lib/libamcl_core.so
[component_container_isolated-2] [INFO] [1789771140.590118518] [nav2_container]: Found class: rclcpp_components::NodeFactoryTemplate<nav2_amcl::AmclNode>
[component_container_isolated-2] [INFO] [1789771140.590130956] [nav2_container]: Instantiate class: rclcpp_components::NodeFactoryTemplate<nav2_amcl::AmclNode>
[component_container_isolated-2] [INFO] [1789771140.593894007] [amcl]: 
[component_container_isolated-2] 	amcl lifecycle node launched. 
[component_container_isolated-2] 	Waiting on external lifecycle transitions to activate
[component_container_isolated-2] 	See https://design.ros2.org/articles/node_lifecycle.html for more information.
[component_container_isolated-2] [INFO] [1789771140.594196257] [amcl]: Creating
[INFO] [launch_ros.actions.load_composable_nodes]: Loaded node '/amcl' in container '/nav2_container'
[component_container_isolated-2] [INFO] [1789771140.595369768] [nav2_container]: Load Library: /opt/ros/humble/lib/libplanner_server_core.so
[component_container_isolated-2] [INFO] [1789771140.595874902] [nav2_container]: Found class: rclcpp_components::NodeFactoryTemplate<nav2_planner::PlannerServer>
[component_container_isolated-2] [INFO] [1789771140.595884125] [nav2_container]: Instantiate class: rclcpp_components::NodeFactoryTemplate<nav2_planner::PlannerServer>
[component_container_isolated-2] [INFO] [1789771140.599807510] [planner_server]: 
[component_container_isolated-2] 	planner_server lifecycle node launched. 
[component_container_isolated-2] 	Waiting on external lifecycle transitions to activate
[component_container_isolated-2] 	See https://design.ros2.org/articles/node_lifecycle.html for more information.
[component_container_isolated-2] [INFO] [1789771140.600875072] [planner_server]: Creating
[component_container_isolated-2] [INFO] [1789771140.604795978] [global_costmap.global_costmap]: 
[component_container_isolated-2] 	global_costmap lifecycle node launched. 
[component_container_isolated-2] 	Waiting on external lifecycle transitions to activate
[component_container_isolated-2] 	See https://design.ros2.org/articles/node_lifecycle.html for more information.
[component_container_isolated-2] [INFO] [1789771140.605156318] [global_costmap.global_costmap]: Creating Costmap
[component_container_isolated-2] [INFO] [1789771140.606234949] [nav2_container]: Load Library: /opt/ros/humble/lib/libnav2_lifecycle_manager_core.so
[INFO] [launch_ros.actions.load_composable_nodes]: Loaded node '/planner_server' in container '/nav2_container'
[component_container_isolated-2] [INFO] [1789771140.607070047] [nav2_container]: Found class: rclcpp_components::NodeFactoryTemplate<nav2_lifecycle_manager::LifecycleManager>
[component_container_isolated-2] [INFO] [1789771140.607095417] [nav2_container]: Instantiate class: rclcpp_components::NodeFactoryTemplate<nav2_lifecycle_manager::LifecycleManager>
[component_container_isolated-2] [INFO] [1789771140.619042208] [lifecycle_manager_localization]: Creating
[component_container_isolated-2] [INFO] [1789771140.622348961] [lifecycle_manager_localization]: [34m[1mCreating and initializing lifecycle service clients[0m[0m
[INFO] [launch_ros.actions.load_composable_nodes]: Loaded node '/lifecycle_manager_localization' in container '/nav2_container'
[component_container_isolated-2] [INFO] [1789771140.622513042] [nav2_container]: Load Library: /opt/ros/humble/lib/libbehavior_server_core.so
[component_container_isolated-2] [INFO] [1789771140.626262462] [nav2_container]: Found class: rclcpp_components::NodeFactoryTemplate<behavior_server::BehaviorServer>
[component_container_isolated-2] [INFO] [1789771140.626303736] [nav2_container]: Instantiate class: rclcpp_components::NodeFactoryTemplate<behavior_server::BehaviorServer>
[component_container_isolated-2] [INFO] [1789771140.629519479] [lifecycle_manager_localization]: [34m[1mStarting managed nodes bringup...[0m[0m
[component_container_isolated-2] [INFO] [1789771140.629552812] [lifecycle_manager_localization]: [34m[1mConfiguring map_server[0m[0m
[component_container_isolated-2] [INFO] [1789771140.629714119] [map_server]: Configuring
[component_container_isolated-2] [INFO] [1789771140.629790335] [map_io]: Loading yaml file: /home/saran/robohouse_ws/src/BARN_dataset/scaled_1/map_files/yaml_5.yaml
[component_container_isolated-2] [INFO] [1789771140.629995031] [map_io]: resolution: 0.15
[component_container_isolated-2] [INFO] [1789771140.630001525] [map_io]: origin[0]: -4.5
[component_container_isolated-2] [INFO] [1789771140.630005438] [map_io]: origin[1]: 0
[component_container_isolated-2] [INFO] [1789771140.630008579] [map_io]: origin[2]: 0
[component_container_isolated-2] [INFO] [1789771140.630011991] [map_io]: free_thresh: 0.5
[component_container_isolated-2] [INFO] [1789771140.630015374] [map_io]: occupied_thresh: 0.5
[component_container_isolated-2] [INFO] [1789771140.630019430] [map_io]: mode: trinary
[component_container_isolated-2] [INFO] [1789771140.630023611] [map_io]: negate: 0
[component_container_isolated-2] [INFO] [1789771140.630206049] [map_io]: Loading image_file: /home/saran/robohouse_ws/src/BARN_dataset/scaled_1/map_files/map_pgm_5.pgm
[component_container_isolated-2] [INFO] [1789771140.630563605] [map_io]: Read map /home/saran/robohouse_ws/src/BARN_dataset/scaled_1/map_files/map_pgm_5.pgm: 30 X 78 map @ 0.15 m/cell
[component_container_isolated-2] [INFO] [1789771140.634678385] [lifecycle_manager_localization]: [34m[1mConfiguring amcl[0m[0m
[component_container_isolated-2] [INFO] [1789771140.634814890] [amcl]: Configuring
[component_container_isolated-2] [INFO] [1789771140.634906970] [amcl]: initTransforms
[component_container_isolated-2] [INFO] [1789771140.641501065] [behavior_server]: 
[component_container_isolated-2] 	behavior_server lifecycle node launched. 
[component_container_isolated-2] 	Waiting on external lifecycle transitions to activate
[component_container_isolated-2] 	See https://design.ros2.org/articles/node_lifecycle.html for more information.
[component_container_isolated-2] [INFO] [1789771140.642290992] [amcl]: initPubSub
[INFO] [launch_ros.actions.load_composable_nodes]: Loaded node '/behavior_server' in container '/nav2_container'
[component_container_isolated-2] [INFO] [1789771140.645639569] [amcl]: Subscribed to map topic.
[component_container_isolated-2] [INFO] [1789771140.646266984] [nav2_container]: Load Library: /opt/ros/humble/lib/libbt_navigator_core.so
[component_container_isolated-2] [INFO] [1789771140.647786152] [nav2_container]: Found class: rclcpp_components::NodeFactoryTemplate<nav2_bt_navigator::BtNavigator>
[component_container_isolated-2] [INFO] [1789771140.647805276] [nav2_container]: Instantiate class: rclcpp_components::NodeFactoryTemplate<nav2_bt_navigator::BtNavigator>
[component_container_isolated-2] [INFO] [1789771140.650481803] [lifecycle_manager_localization]: [34m[1mActivating map_server[0m[0m
[component_container_isolated-2] [INFO] [1789771140.650575154] [map_server]: Activating
[component_container_isolated-2] [INFO] [1789771140.650658156] [map_server]: Creating bond (map_server) to lifecycle manager.
[component_container_isolated-2] [INFO] [1789771140.650697422] [amcl]: Received a 30 X 78 map @ 0.150 m/pix
[component_container_isolated-2] [INFO] [1789771140.662201789] [bt_navigator]: 
[component_container_isolated-2] 	bt_navigator lifecycle node launched. 
[component_container_isolated-2] 	Waiting on external lifecycle transitions to activate
[component_container_isolated-2] 	See https://design.ros2.org/articles/node_lifecycle.html for more information.
[component_container_isolated-2] [INFO] [1789771140.662256923] [bt_navigator]: Creating
[INFO] [launch_ros.actions.load_composable_nodes]: Loaded node '/bt_navigator' in container '/nav2_container'
[component_container_isolated-2] [INFO] [1789771140.663814788] [nav2_container]: Load Library: /opt/ros/humble/lib/libwaypoint_follower_core.so
[component_container_isolated-2] [INFO] [1789771140.664477715] [nav2_container]: Found class: rclcpp_components::NodeFactoryTemplate<nav2_waypoint_follower::WaypointFollower>
[component_container_isolated-2] [INFO] [1789771140.664498714] [nav2_container]: Instantiate class: rclcpp_components::NodeFactoryTemplate<nav2_waypoint_follower::WaypointFollower>
[component_container_isolated-2] [INFO] [1789771140.671768738] [waypoint_follower]: 
[component_container_isolated-2] 	waypoint_follower lifecycle node launched. 
[component_container_isolated-2] 	Waiting on external lifecycle transitions to activate
[component_container_isolated-2] 	See https://design.ros2.org/articles/node_lifecycle.html for more information.
[component_container_isolated-2] [INFO] [1789771140.672091957] [waypoint_follower]: Creating
[INFO] [launch_ros.actions.load_composable_nodes]: Loaded node '/waypoint_follower' in container '/nav2_container'
[component_container_isolated-2] [INFO] [1789771140.673903036] [nav2_container]: Load Library: /opt/ros/humble/lib/libvelocity_smoother_core.so
[component_container_isolated-2] [INFO] [1789771140.674378051] [nav2_container]: Found class: rclcpp_components::NodeFactoryTemplate<nav2_velocity_smoother::VelocitySmoother>
[component_container_isolated-2] [INFO] [1789771140.674388247] [nav2_container]: Instantiate class: rclcpp_components::NodeFactoryTemplate<nav2_velocity_smoother::VelocitySmoother>
[ground_truth_localizer-1] [INFO] [1789771140.678184033] [ground_truth_localizer]: publishing map->odom from /ground_truth/odom (AMCL tf_broadcast must be false)
[component_container_isolated-2] [INFO] [1789771140.679231662] [velocity_smoother]: 
[component_container_isolated-2] 	velocity_smoother lifecycle node launched. 
[component_container_isolated-2] 	Waiting on external lifecycle transitions to activate
[component_container_isolated-2] 	See https://design.ros2.org/articles/node_lifecycle.html for more information.
[INFO] [launch_ros.actions.load_composable_nodes]: Loaded node '/velocity_smoother' in container '/nav2_container'
[component_container_isolated-2] [INFO] [1789771140.680945972] [nav2_container]: Found class: rclcpp_components::NodeFactoryTemplate<nav2_lifecycle_manager::LifecycleManager>
[component_container_isolated-2] [INFO] [1789771140.680966024] [nav2_container]: Instantiate class: rclcpp_components::NodeFactoryTemplate<nav2_lifecycle_manager::LifecycleManager>
[component_container_isolated-2] [INFO] [1789771140.687197435] [lifecycle_manager_navigation]: Creating
[INFO] [launch_ros.actions.load_composable_nodes]: Loaded node '/lifecycle_manager_navigation' in container '/nav2_container'
[component_container_isolated-2] [INFO] [1789771140.688270571] [lifecycle_manager_navigation]: [34m[1mCreating and initializing lifecycle service clients[0m[0m
[component_container_isolated-2] [INFO] [1789771140.694830983] [lifecycle_manager_navigation]: [34m[1mStarting managed nodes bringup...[0m[0m
[component_container_isolated-2] [INFO] [1789771140.694875312] [lifecycle_manager_navigation]: [34m[1mConfiguring controller_server[0m[0m
[component_container_isolated-2] [INFO] [1789771140.695015788] [controller_server]: Configuring controller interface
[component_container_isolated-2] [INFO] [1789771140.695171876] [controller_server]: getting goal checker plugins..
[component_container_isolated-2] [INFO] [1789771140.695244450] [controller_server]: Controller frequency set to 20.0000Hz
[component_container_isolated-2] [INFO] [1789771140.695266545] [local_costmap.local_costmap]: Configuring
[component_container_isolated-2] [INFO] [1789771140.698244529] [local_costmap.local_costmap]: Using plugin "obstacle_layer"
[component_container_isolated-2] [INFO] [1789771140.701667243] [local_costmap.local_costmap]: Subscribed to Topics: front_scan rear_scan
[component_container_isolated-2] [INFO] [1789771140.707834092] [local_costmap.local_costmap]: Initialized plugin "obstacle_layer"
[component_container_isolated-2] [INFO] [1789771140.707875076] [local_costmap.local_costmap]: Using plugin "stvl_local"
[component_container_isolated-2] [INFO] [1789771140.731873067] [local_costmap.local_costmap]: stvl_local being initialized as SpatioTemporalVoxelLayer!
[component_container_isolated-2] [INFO] [1789771140.731902024] [local_costmap.local_costmap]: stvl_local's global frame is odom.
[component_container_isolated-2] [INFO] [1789771140.732796127] [local_costmap.local_costmap]: stvl_local loaded parameters from parameter server.
[component_container_isolated-2] [INFO] [1789771140.735036891] [local_costmap.local_costmap]: stvl_local created underlying voxel grid.
[component_container_isolated-2] [INFO] [1789771140.737387488] [local_costmap.local_costmap]: Voxel filter activated.
[component_container_isolated-2] [INFO] [1789771140.739779229] [local_costmap.local_costmap]: stvl_local initialization complete!
[component_container_isolated-2] [INFO] [1789771140.739817669] [local_costmap.local_costmap]: Initialized plugin "stvl_local"
[component_container_isolated-2] [INFO] [1789771140.739829825] [local_costmap.local_costmap]: Using plugin "inflation_layer"
[component_container_isolated-2] [INFO] [1789771140.740779421] [local_costmap.local_costmap]: Initialized plugin "inflation_layer"
[component_container_isolated-2] [INFO] [1789771140.747757001] [controller_server]: Created progress_checker : progress_checker of type nav2_controller::SimpleProgressChecker
[component_container_isolated-2] [INFO] [1789771140.748637075] [controller_server]: Created goal checker : general_goal_checker of type nav2_controller::SimpleGoalChecker
[component_container_isolated-2] [INFO] [1789771140.749053517] [controller_server]: Controller Server has general_goal_checker  goal checkers available.
[component_container_isolated-2] [INFO] [1789771140.754275167] [lifecycle_manager_localization]: Server map_server connected with bond.
[component_container_isolated-2] [INFO] [1789771140.754307053] [lifecycle_manager_localization]: [34m[1mActivating amcl[0m[0m
[component_container_isolated-2] [INFO] [1789771140.754482405] [amcl]: Activating
[component_container_isolated-2] [INFO] [1789771140.754509605] [amcl]: Creating bond (amcl) to lifecycle manager.
[component_container_isolated-2] [INFO] [1789771140.784580970] [amcl]: createLaserObject
[component_container_isolated-2] [INFO] [1789771141.085150650] [controller_server]: Created controller : FollowPath of type nav2_tgmppi_controller::TgMppiController
[component_container_isolated-2] [INFO] [1789771141.087828805] [amcl]: initialPoseReceived
[component_container_isolated-2] [INFO] [1789771141.087903247] [amcl]: Setting pose (1.800000): -2.250 1.000 1.571
[component_container_isolated-2] [INFO] [1789771141.089831889] [amcl]: initialPoseReceived
[component_container_isolated-2] [INFO] [1789771141.089955270] [amcl]: Setting pose (1.800000): -2.250 1.000 1.571
[component_container_isolated-2] [INFO] [1789771141.090642701] [controller_server]: [TG-MPPI] flow mode: water field over local costmap (reflood every 1 cycle(s), plan-seeded membrane, radius=2.50m, bias=0.40 gain=1.00, shadow=true, sampling=disabled, critic=disabled, ancillary collision check=enabled)
[component_container_isolated-2] [INFO] [1789771141.090726821] [controller_server]: Controller period is equal to model dt. Control sequence shifting is ON
[component_container_isolated-2] [INFO] [1789771141.096412660] [amcl]: initialPoseReceived
[component_container_isolated-2] [INFO] [1789771141.096493779] [amcl]: Setting pose (1.800000): -2.250 1.000 1.571
[component_container_isolated-2] [INFO] [1789771141.096778907] [controller_server]: ConstraintCritic instantiated with 1 power and 4.000000 weight.
[component_container_isolated-2] [INFO] [1789771141.111170907] [amcl]: initialPoseReceived
[component_container_isolated-2] [INFO] [1789771141.111233971] [amcl]: Setting pose (1.800000): -2.250 1.000 1.571
[component_container_isolated-2] [INFO] [1789771141.125092116] [controller_server]: Critic loaded : tgmppi::critics::ConstraintCritic
[component_container_isolated-2] [INFO] [1789771141.126338235] [controller_server]: InflationCostCritic instantiated with 1 power and 300.000000 / 0.015000 weights. Critic will collision check based on footprint cost.
[component_container_isolated-2] [INFO] [1789771141.126385602] [controller_server]: Critic loaded : tgmppi::critics::CostCritic
[component_container_isolated-2] [INFO] [1789771141.126904623] [controller_server]: GoalCritic instantiated with 1 power and 5.000000 weight.
[component_container_isolated-2] [INFO] [1789771141.126929062] [controller_server]: Critic loaded : tgmppi::critics::GoalCritic
[component_container_isolated-2] [INFO] [1789771141.127499883] [controller_server]: GoalAngleCritic instantiated with 1 power, 3.000000 weight, 0.500000 angular threshold and symmetric_yaw_tolerance disabled
[component_container_isolated-2] [INFO] [1789771141.127525568] [controller_server]: Critic loaded : tgmppi::critics::GoalAngleCritic
[component_container_isolated-2] [INFO] [1789771141.128533377] [controller_server]: ReferenceTrajectoryCritic instantiated with 1 power and 3.000000 weight
[component_container_isolated-2] [INFO] [1789771141.128558756] [controller_server]: Critic loaded : tgmppi::critics::PathAlignCritic
[component_container_isolated-2] [INFO] [1789771141.129234116] [controller_server]: Critic loaded : tgmppi::critics::PathFollowCritic
[component_container_isolated-2] [INFO] [1789771141.130163722] [controller_server]: PathAngleCritic instantiated with 1 power and 2.000000 weight. Reversing allowed.
[component_container_isolated-2] [INFO] [1789771141.130194466] [controller_server]: Critic loaded : tgmppi::critics::PathAngleCritic
[component_container_isolated-2] [INFO] [1789771141.130777268] [controller_server]: PreferForwardCritic instantiated with 1 power and 2.000000 weight.
[component_container_isolated-2] [INFO] [1789771141.130801482] [controller_server]: Critic loaded : tgmppi::critics::PreferForwardCritic
[component_container_isolated-2] [INFO] [1789771141.137584855] [controller_server]: Optimizer reset (compute_backend=cpu)
[component_container_isolated-2] [INFO] [1789771141.139099419] [TgMppiController]: Configured MPPI Controller: FollowPath
[component_container_isolated-2] [INFO] [1789771141.139117353] [controller_server]: Controller Server has FollowPath  controllers available.
[component_container_isolated-2] [INFO] [1789771141.143885752] [lifecycle_manager_navigation]: [34m[1mConfiguring smoother_server[0m[0m
[component_container_isolated-2] [INFO] [1789771141.144000401] [smoother_server]: Configuring smoother server
[component_container_isolated-2] [INFO] [1789771141.147311444] [smoother_server]: Created smoother : simple_smoother of type nav2_smoother::SimpleSmoother
[component_container_isolated-2] [INFO] [1789771141.147678174] [smoother_server]: Smoother Server has simple_smoother  smoothers available.
[component_container_isolated-2] [INFO] [1789771141.149986415] [lifecycle_manager_navigation]: [34m[1mConfiguring planner_server[0m[0m
[component_container_isolated-2] [INFO] [1789771141.150100342] [planner_server]: Configuring
[component_container_isolated-2] [INFO] [1789771141.150135752] [global_costmap.global_costmap]: Configuring
[component_container_isolated-2] [INFO] [1789771141.152792362] [global_costmap.global_costmap]: Using plugin "static_layer"
[component_container_isolated-2] [INFO] [1789771141.153719207] [global_costmap.global_costmap]: Subscribing to the map topic (/map) with transient local durability
[component_container_isolated-2] [INFO] [1789771141.154326673] [global_costmap.global_costmap]: Subscribing to updates
[component_container_isolated-2] [INFO] [1789771141.154782478] [global_costmap.global_costmap]: Initialized plugin "static_layer"
[component_container_isolated-2] [INFO] [1789771141.154830762] [global_costmap.global_costmap]: Using plugin "obstacle_layer"
[component_container_isolated-2] [INFO] [1789771141.155428909] [global_costmap.global_costmap]: Subscribed to Topics: front_scan rear_scan
[component_container_isolated-2] [INFO] [1789771141.159342862] [global_costmap.global_costmap]: Initialized plugin "obstacle_layer"
[component_container_isolated-2] [INFO] [1789771141.159401219] [global_costmap.global_costmap]: Using plugin "stvl_global"
[component_container_isolated-2] [INFO] [1789771141.159720147] [global_costmap.global_costmap]: stvl_global being initialized as SpatioTemporalVoxelLayer!
[component_container_isolated-2] [INFO] [1789771141.159738140] [global_costmap.global_costmap]: stvl_global's global frame is map.
[component_container_isolated-2] [INFO] [1789771141.161279162] [global_costmap.global_costmap]: stvl_global loaded parameters from parameter server.
[component_container_isolated-2] [INFO] [1789771141.162766786] [global_costmap.global_costmap]: stvl_global created underlying voxel grid.
[component_container_isolated-2] [INFO] [1789771141.164407286] [global_costmap.global_costmap]: Voxel filter activated.
[component_container_isolated-2] [INFO] [1789771141.165917643] [global_costmap.global_costmap]: stvl_global initialization complete!
[component_container_isolated-2] [INFO] [1789771141.165937720] [global_costmap.global_costmap]: Initialized plugin "stvl_global"
[component_container_isolated-2] [INFO] [1789771141.165944120] [global_costmap.global_costmap]: Using plugin "inflation_layer"
[component_container_isolated-2] [INFO] [1789771141.166494860] [global_costmap.global_costmap]: Initialized plugin "inflation_layer"
[component_container_isolated-2] [INFO] [1789771141.170332969] [planner_server]: Created global planner plugin GridBased of type nav2_navfn_planner/NavfnPlanner
[component_container_isolated-2] [INFO] [1789771141.170362138] [planner_server]: Configuring plugin GridBased of type NavfnPlanner
[component_container_isolated-2] [INFO] [1789771141.170911823] [planner_server]: Planner Server has GridBased  planners available.
[component_container_isolated-2] [INFO] [1789771141.174662593] [lifecycle_manager_navigation]: [34m[1mConfiguring behavior_server[0m[0m
[component_container_isolated-2] [INFO] [1789771141.174789697] [behavior_server]: Configuring
[component_container_isolated-2] [INFO] [1789771141.179061214] [behavior_server]: Creating behavior plugin spin of type nav2_behaviors/Spin
[component_container_isolated-2] [INFO] [1789771141.179583067] [behavior_server]: Configuring spin
[component_container_isolated-2] [INFO] [1789771141.182415159] [behavior_server]: Creating behavior plugin backup of type nav2_behaviors/BackUp
[component_container_isolated-2] [INFO] [1789771141.183013774] [behavior_server]: Configuring backup
[component_container_isolated-2] [INFO] [1789771141.185869611] [behavior_server]: Creating behavior plugin drive_on_heading of type nav2_behaviors/DriveOnHeading
[component_container_isolated-2] [INFO] [1789771141.186476989] [behavior_server]: Configuring drive_on_heading
[component_container_isolated-2] [INFO] [1789771141.188765584] [lifecycle_manager_localization]: Server amcl connected with bond.
[component_container_isolated-2] [INFO] [1789771141.188800471] [lifecycle_manager_localization]: [34m[1mManaged nodes are active[0m[0m
[component_container_isolated-2] [INFO] [1789771141.188817349] [lifecycle_manager_localization]: [34m[1mCreating bond timer...[0m[0m
[component_container_isolated-2] [INFO] [1789771141.192077128] [behavior_server]: Creating behavior plugin wait of type nav2_behaviors/Wait
[component_container_isolated-2] [INFO] [1789771141.193047328] [behavior_server]: Configuring wait
[component_container_isolated-2] [INFO] [1789771141.198281328] [lifecycle_manager_navigation]: [34m[1mConfiguring bt_navigator[0m[0m
[component_container_isolated-2] [INFO] [1789771141.198388370] [bt_navigator]: Configuring
[component_container_isolated-2] [INFO] [1789771141.224452195] [global_costmap.global_costmap]: StaticLayer: Resizing costmap to 30 X 78 at 0.150000 m/pix
[component_container_isolated-2] [INFO] [1789771141.239370642] [lifecycle_manager_navigation]: [34m[1mConfiguring waypoint_follower[0m[0m
[component_container_isolated-2] [INFO] [1789771141.239574625] [waypoint_follower]: Configuring
[component_container_isolated-2] [INFO] [1789771141.247884859] [waypoint_follower]: Created waypoint_task_executor : wait_at_waypoint of type nav2_waypoint_follower::WaitAtWaypoint
[component_container_isolated-2] [INFO] [1789771141.248339460] [lifecycle_manager_navigation]: [34m[1mConfiguring velocity_smoother[0m[0m
[component_container_isolated-2] [INFO] [1789771141.248444759] [velocity_smoother]: Configuring velocity smoother
[component_container_isolated-2] [INFO] [1789771141.251874016] [lifecycle_manager_navigation]: [34m[1mActivating controller_server[0m[0m
[component_container_isolated-2] [INFO] [1789771141.252010511] [controller_server]: Activating
[component_container_isolated-2] [INFO] [1789771141.252066322] [local_costmap.local_costmap]: Activating
[component_container_isolated-2] [INFO] [1789771141.252096984] [local_costmap.local_costmap]: Checking transform
[component_container_isolated-2] [INFO] [1789771141.252229247] [local_costmap.local_costmap]: start
[component_container_isolated-2] [INFO] [1789771141.253624279] [local_costmap.local_costmap]: stvl_local was activated.
[component_container_isolated-2] [WARN] [1789771141.504297797] [controller_server]: Parameter controller_server.verbose not found
[component_container_isolated-2] [INFO] [1789771141.509920613] [controller_server]: Optimizer reset (compute_backend=cpu)
[component_container_isolated-2] [INFO] [1789771141.510416955] [TgMppiController]: Activated MPPI Controller: FollowPath
[component_container_isolated-2] [INFO] [1789771141.510458919] [controller_server]: Creating bond (controller_server) to lifecycle manager.
[component_container_isolated-2] [INFO] [1789771141.613519824] [lifecycle_manager_navigation]: Server controller_server connected with bond.
[component_container_isolated-2] [INFO] [1789771141.613561791] [lifecycle_manager_navigation]: [34m[1mActivating smoother_server[0m[0m
[component_container_isolated-2] [INFO] [1789771141.613766083] [smoother_server]: Activating
[component_container_isolated-2] [INFO] [1789771141.613801431] [smoother_server]: Creating bond (smoother_server) to lifecycle manager.
[component_container_isolated-2] [INFO] [1789771141.723114261] [lifecycle_manager_navigation]: Server smoother_server connected with bond.
[component_container_isolated-2] [INFO] [1789771141.723157361] [lifecycle_manager_navigation]: [34m[1mActivating planner_server[0m[0m
[component_container_isolated-2] [INFO] [1789771141.723387229] [planner_server]: Activating
[component_container_isolated-2] [INFO] [1789771141.723448220] [global_costmap.global_costmap]: Activating
[component_container_isolated-2] [INFO] [1789771141.723463974] [global_costmap.global_costmap]: Checking transform
[component_container_isolated-2] [INFO] [1789771141.723491965] [global_costmap.global_costmap]: Timed out waiting for transform from base_link to map to become available, tf error: Lookup would require extrapolation into the past.  Requested time 2.239000 but the earliest data is at time 2.931000, when looking up transform from frame [base_link] to frame [map]
[component_container_isolated-2] [INFO] [1789771142.223556002] [global_costmap.global_costmap]: Timed out waiting for transform from base_link to map to become available, tf error: Lookup would require extrapolation into the past.  Requested time 2.909000 but the earliest data is at time 2.931000, when looking up transform from frame [base_link] to frame [map]
[component_container_isolated-2] [INFO] [1789771142.723613348] [global_costmap.global_costmap]: start
[component_container_isolated-2] [INFO] [1789771142.725116722] [global_costmap.global_costmap]: stvl_global was activated.
[component_container_isolated-2] [INFO] [1789771143.725517854] [planner_server]: Activating plugin GridBased of type NavfnPlanner
[component_container_isolated-2] [INFO] [1789771143.726906587] [planner_server]: Creating bond (planner_server) to lifecycle manager.
[component_container_isolated-2] [INFO] [1789771143.830807882] [lifecycle_manager_navigation]: Server planner_server connected with bond.
[component_container_isolated-2] [INFO] [1789771143.830855594] [lifecycle_manager_navigation]: [34m[1mActivating behavior_server[0m[0m
[component_container_isolated-2] [INFO] [1789771143.831132912] [behavior_server]: Activating
[component_container_isolated-2] [INFO] [1789771143.831161529] [behavior_server]: Activating spin
[component_container_isolated-2] [INFO] [1789771143.831182147] [behavior_server]: Activating backup
[component_container_isolated-2] [INFO] [1789771143.831193771] [behavior_server]: Activating drive_on_heading
[component_container_isolated-2] [INFO] [1789771143.831203787] [behavior_server]: Activating wait
[component_container_isolated-2] [INFO] [1789771143.831215407] [behavior_server]: Creating bond (behavior_server) to lifecycle manager.
[component_container_isolated-2] [INFO] [1789771143.935828236] [lifecycle_manager_navigation]: Server behavior_server connected with bond.
[component_container_isolated-2] [INFO] [1789771143.935874776] [lifecycle_manager_navigation]: [34m[1mActivating bt_navigator[0m[0m
[component_container_isolated-2] [INFO] [1789771143.936102887] [bt_navigator]: Activating
[component_container_isolated-2] [INFO] [1789771143.969205626] [bt_navigator]: Creating bond (bt_navigator) to lifecycle manager.
[component_container_isolated-2] [INFO] [1789771144.074621541] [lifecycle_manager_navigation]: Server bt_navigator connected with bond.
[component_container_isolated-2] [INFO] [1789771144.074684077] [lifecycle_manager_navigation]: [34m[1mActivating waypoint_follower[0m[0m
[component_container_isolated-2] [INFO] [1789771144.074984591] [waypoint_follower]: Activating
[component_container_isolated-2] [INFO] [1789771144.075028015] [waypoint_follower]: Creating bond (waypoint_follower) to lifecycle manager.
[component_container_isolated-2] [INFO] [1789771144.180140930] [lifecycle_manager_navigation]: Server waypoint_follower connected with bond.
[component_container_isolated-2] [INFO] [1789771144.180208495] [lifecycle_manager_navigation]: [34m[1mActivating velocity_smoother[0m[0m
[component_container_isolated-2] [INFO] [1789771144.180609465] [velocity_smoother]: Activating
[component_container_isolated-2] [INFO] [1789771144.180664523] [velocity_smoother]: Creating bond (velocity_smoother) to lifecycle manager.
[component_container_isolated-2] [INFO] [1789771144.287692077] [lifecycle_manager_navigation]: Server velocity_smoother connected with bond.
[component_container_isolated-2] [INFO] [1789771144.287749042] [lifecycle_manager_navigation]: [34m[1mManaged nodes are active[0m[0m
[component_container_isolated-2] [INFO] [1789771144.287753983] [lifecycle_manager_navigation]: [34m[1mCreating bond timer...[0m[0m
[component_container_isolated-2] [INFO] [1789771145.975428018] [bt_navigator]: Begin navigating from current location (-2.25, 1.00) to (-1.12, 9.52)
[component_container_isolated-2] [INFO] [1789771145.996125799] [controller_server]: Received a goal, begin computing control effort.
[component_container_isolated-2] [WARN] [1789771145.996169269] [controller_server]: No goal checker was specified in parameter 'current_goal_checker'. Server will use only plugin loaded general_goal_checker . This warning will appear once.
[component_container_isolated-2] [INFO] [1789771145.999314181] [controller_server]: Optimizer reset (compute_backend=cpu)
[component_container_isolated-2] [ERROR] [1789771146.006251060] [tf_help]: Transform data too old when converting from map to odom
[component_container_isolated-2] [ERROR] [1789771146.006278472] [tf_help]: Data time: 6s 400000000ns, Transform time: 3s 679000000ns
[component_container_isolated-2] [ERROR] [1789771146.052062086] [tf_help]: Transform data too old when converting from map to odom
[component_container_isolated-2] [ERROR] [1789771146.052094711] [tf_help]: Data time: 6s 400000000ns, Transform time: 3s 679000000ns
[component_container_isolated-2] [ERROR] [1789771146.104204797] [tf_help]: Transform data too old when converting from map to odom
[component_container_isolated-2] [ERROR] [1789771146.104240340] [tf_help]: Data time: 6s 400000000ns, Transform time: 3s 679000000ns
[component_container_isolated-2] [ERROR] [1789771146.152786244] [tf_help]: Transform data too old when converting from map to odom
[component_container_isolated-2] [ERROR] [1789771146.152832506] [tf_help]: Data time: 6s 400000000ns, Transform time: 3s 679000000ns
[component_container_isolated-2] [ERROR] [1789771146.202826447] [tf_help]: Transform data too old when converting from map to odom
[component_container_isolated-2] [ERROR] [1789771146.202865199] [tf_help]: Data time: 6s 400000000ns, Transform time: 3s 679000000ns
[component_container_isolated-2] [ERROR] [1789771146.256819055] [tf_help]: Transform data too old when converting from map to odom
[component_container_isolated-2] [ERROR] [1789771146.256880606] [tf_help]: Data time: 6s 400000000ns, Transform time: 3s 679000000ns
[component_container_isolated-2] [ERROR] [1789771146.302556479] [tf_help]: Transform data too old when converting from map to odom
[component_container_isolated-2] [ERROR] [1789771146.302593345] [tf_help]: Data time: 6s 400000000ns, Transform time: 3s 679000000ns
[component_container_isolated-2] [ERROR] [1789771146.357963161] [tf_help]: Transform data too old when converting from map to odom
[component_container_isolated-2] [ERROR] [1789771146.358013917] [tf_help]: Data time: 6s 400000000ns, Transform time: 3s 679000000ns
[component_container_isolated-2] [ERROR] [1789771146.403141902] [tf_help]: Transform data too old when converting from map to odom
[component_container_isolated-2] [ERROR] [1789771146.403175643] [tf_help]: Data time: 6s 400000000ns, Transform time: 3s 679000000ns
[component_container_isolated-2] [ERROR] [1789771146.453235633] [tf_help]: Transform data too old when converting from map to odom
[component_container_isolated-2] [ERROR] [1789771146.453295644] [tf_help]: Data time: 6s 400000000ns, Transform time: 3s 679000000ns
[component_container_isolated-2] [ERROR] [1789771146.502174244] [tf_help]: Transform data too old when converting from map to odom
[component_container_isolated-2] [ERROR] [1789771146.502250892] [tf_help]: Data time: 6s 400000000ns, Transform time: 3s 679000000ns
[component_container_isolated-2] [ERROR] [1789771146.553076948] [tf_help]: Transform data too old when converting from map to odom
[component_container_isolated-2] [ERROR] [1789771146.553161147] [tf_help]: Data time: 6s 400000000ns, Transform time: 3s 679000000ns
[component_container_isolated-2] [ERROR] [1789771146.602975670] [tf_help]: Transform data too old when converting from map to odom
[component_container_isolated-2] [ERROR] [1789771146.603011246] [tf_help]: Data time: 6s 400000000ns, Transform time: 3s 679000000ns
[component_container_isolated-2] [ERROR] [1789771146.655990252] [tf_help]: Transform data too old when converting from map to odom
[component_container_isolated-2] [ERROR] [1789771146.656035330] [tf_help]: Data time: 6s 400000000ns, Transform time: 3s 679000000ns
[component_container_isolated-2] [ERROR] [1789771146.706344771] [tf_help]: Transform data too old when converting from map to odom
[component_container_isolated-2] [ERROR] [1789771146.706374640] [tf_help]: Data time: 6s 400000000ns, Transform time: 3s 679000000ns
[component_container_isolated-2] [ERROR] [1789771146.752139908] [tf_help]: Transform data too old when converting from map to odom
[component_container_isolated-2] [ERROR] [1789771146.752171063] [tf_help]: Data time: 6s 400000000ns, Transform time: 3s 679000000ns
[component_container_isolated-2] [ERROR] [1789771146.802470722] [tf_help]: Transform data too old when converting from map to odom
[component_container_isolated-2] [ERROR] [1789771146.802512014] [tf_help]: Data time: 6s 400000000ns, Transform time: 3s 679000000ns
[component_container_isolated-2] [ERROR] [1789771146.852445545] [tf_help]: Transform data too old when converting from map to odom
[component_container_isolated-2] [ERROR] [1789771146.852481177] [tf_help]: Data time: 6s 400000000ns, Transform time: 3s 679000000ns
[component_container_isolated-2] [ERROR] [1789771146.902196811] [tf_help]: Transform data too old when converting from map to odom
[component_container_isolated-2] [ERROR] [1789771146.902229722] [tf_help]: Data time: 6s 400000000ns, Transform time: 3s 679000000ns
[component_container_isolated-2] [ERROR] [1789771146.952418415] [tf_help]: Transform data too old when converting from map to odom
[component_container_isolated-2] [ERROR] [1789771146.952454204] [tf_help]: Data time: 6s 400000000ns, Transform time: 3s 679000000ns
[component_container_isolated-2] [ERROR] [1789771147.002478805] [tf_help]: Transform data too old when converting from map to odom
[component_container_isolated-2] [ERROR] [1789771147.002520046] [tf_help]: Data time: 6s 400000000ns, Transform time: 3s 679000000ns
[component_container_isolated-2] [INFO] [1789771147.046270949] [controller_server]: Passing new path to controller.
[component_container_isolated-2] [ERROR] [1789771147.052278701] [tf_help]: Transform data too old when converting from map to odom
[component_container_isolated-2] [ERROR] [1789771147.052304855] [tf_help]: Data time: 7s 400000000ns, Transform time: 3s 679000000ns
[component_container_isolated-2] [ERROR] [1789771147.103512811] [tf_help]: Transform data too old when converting from map to odom
[component_container_isolated-2] [ERROR] [1789771147.103542816] [tf_help]: Data time: 7s 400000000ns, Transform time: 3s 679000000ns
[component_container_isolated-2] [ERROR] [1789771147.152642819] [tf_help]: Transform data too old when converting from map to odom
[component_container_isolated-2] [ERROR] [1789771147.152672580] [tf_help]: Data time: 7s 400000000ns, Transform time: 3s 679000000ns
[component_container_isolated-2] [ERROR] [1789771147.202730907] [tf_help]: Transform data too old when converting from map to odom
[component_container_isolated-2] [ERROR] [1789771147.202762172] [tf_help]: Data time: 7s 400000000ns, Transform time: 3s 679000000ns
[component_container_isolated-2] [ERROR] [1789771147.252653656] [tf_help]: Transform data too old when converting from map to odom
[component_container_isolated-2] [ERROR] [1789771147.252683042] [tf_help]: Data time: 7s 400000000ns, Transform time: 3s 679000000ns
[component_container_isolated-2] [ERROR] [1789771147.302362464] [tf_help]: Transform data too old when converting from map to odom
[component_container_isolated-2] [ERROR] [1789771147.302400864] [tf_help]: Data time: 7s 400000000ns, Transform time: 3s 679000000ns
[component_container_isolated-2] [ERROR] [1789771147.357855255] [tf_help]: Transform data too old when converting from map to odom
[component_container_isolated-2] [ERROR] [1789771147.357887861] [tf_help]: Data time: 7s 400000000ns, Transform time: 3s 679000000ns
[component_container_isolated-2] [ERROR] [1789771147.402592293] [tf_help]: Transform data too old when converting from map to odom
[component_container_isolated-2] [ERROR] [1789771147.402631379] [tf_help]: Data time: 7s 400000000ns, Transform time: 3s 679000000ns
[component_container_isolated-2] [ERROR] [1789771147.452521012] [tf_help]: Transform data too old when converting from map to odom
[component_container_isolated-2] [ERROR] [1789771147.452555649] [tf_help]: Data time: 7s 400000000ns, Transform time: 3s 679000000ns
[component_container_isolated-2] [ERROR] [1789771147.502360752] [tf_help]: Transform data too old when converting from map to odom
[component_container_isolated-2] [ERROR] [1789771147.502401459] [tf_help]: Data time: 7s 400000000ns, Transform time: 3s 679000000ns
[component_container_isolated-2] [ERROR] [1789771147.552164375] [tf_help]: Transform data too old when converting from map to odom
[component_container_isolated-2] [ERROR] [1789771147.552193942] [tf_help]: Data time: 7s 400000000ns, Transform time: 3s 679000000ns
[component_container_isolated-2] [ERROR] [1789771147.602382908] [tf_help]: Transform data too old when converting from map to odom
[component_container_isolated-2] [ERROR] [1789771147.602412636] [tf_help]: Data time: 7s 400000000ns, Transform time: 3s 679000000ns
[component_container_isolated-2] [ERROR] [1789771147.652399150] [tf_help]: Transform data too old when converting from map to odom
[component_container_isolated-2] [ERROR] [1789771147.652434659] [tf_help]: Data time: 7s 400000000ns, Transform time: 3s 679000000ns
[component_container_isolated-2] [ERROR] [1789771147.702507769] [tf_help]: Transform data too old when converting from map to odom
[component_container_isolated-2] [ERROR] [1789771147.702546867] [tf_help]: Data time: 7s 400000000ns, Transform time: 3s 679000000ns
[component_container_isolated-2] [ERROR] [1789771147.752509309] [tf_help]: Transform data too old when converting from map to odom
[component_container_isolated-2] [ERROR] [1789771147.752541931] [tf_help]: Data time: 7s 400000000ns, Transform time: 3s 679000000ns
[component_container_isolated-2] [ERROR] [1789771147.802937559] [tf_help]: Transform data too old when converting from map to odom
[component_container_isolated-2] [ERROR] [1789771147.803000045] [tf_help]: Data time: 7s 400000000ns, Transform time: 3s 679000000ns
[component_container_isolated-2] [ERROR] [1789771147.852856334] [tf_help]: Transform data too old when converting from map to odom
[component_container_isolated-2] [ERROR] [1789771147.852914589] [tf_help]: Data time: 7s 400000000ns, Transform time: 3s 679000000ns
[component_container_isolated-2] [ERROR] [1789771147.902830268] [tf_help]: Transform data too old when converting from map to odom
[component_container_isolated-2] [ERROR] [1789771147.902881250] [tf_help]: Data time: 7s 400000000ns, Transform time: 3s 679000000ns
[component_container_isolated-2] [ERROR] [1789771147.952466129] [tf_help]: Transform data too old when converting from map to odom
[component_container_isolated-2] [ERROR] [1789771147.952495672] [tf_help]: Data time: 7s 400000000ns, Transform time: 3s 679000000ns
[component_container_isolated-2] [ERROR] [1789771148.003024540] [tf_help]: Transform data too old when converting from map to odom
[component_container_isolated-2] [ERROR] [1789771148.003058218] [tf_help]: Data time: 7s 400000000ns, Transform time: 3s 679000000ns
[component_container_isolated-2] [ERROR] [1789771148.052551475] [tf_help]: Transform data too old when converting from map to odom
[component_container_isolated-2] [ERROR] [1789771148.052585365] [tf_help]: Data time: 7s 400000000ns, Transform time: 3s 679000000ns
[component_container_isolated-2] [INFO] [1789771148.096306053] [controller_server]: Passing new path to controller.
[component_container_isolated-2] [ERROR] [1789771148.102532491] [tf_help]: Transform data too old when converting from map to odom
[component_container_isolated-2] [ERROR] [1789771148.102557038] [tf_help]: Data time: 8s 300000000ns, Transform time: 3s 679000000ns
[component_container_isolated-2] [ERROR] [1789771148.152809859] [tf_help]: Transform data too old when converting from map to odom
[component_container_isolated-2] [ERROR] [1789771148.152861679] [tf_help]: Data time: 8s 300000000ns, Transform time: 3s 679000000ns
[component_container_isolated-2] [ERROR] [1789771148.202501301] [tf_help]: Transform data too old when converting from map to odom
[component_container_isolated-2] [ERROR] [1789771148.202535106] [tf_help]: Data time: 8s 300000000ns, Transform time: 3s 679000000ns
[component_container_isolated-2] [ERROR] [1789771148.253035269] [tf_help]: Transform data too old when converting from map to odom
[component_container_isolated-2] [ERROR] [1789771148.253097868] [tf_help]: Data time: 8s 300000000ns, Transform time: 3s 679000000ns
[component_container_isolated-2] [ERROR] [1789771148.302339787] [tf_help]: Transform data too old when converting from map to odom
[component_container_isolated-2] [ERROR] [1789771148.302372593] [tf_help]: Data time: 8s 300000000ns, Transform time: 3s 679000000ns
[component_container_isolated-2] [ERROR] [1789771148.353006985] [tf_help]: Transform data too old when converting from map to odom
[component_container_isolated-2] [ERROR] [1789771148.353043026] [tf_help]: Data time: 8s 300000000ns, Transform time: 3s 679000000ns
[component_container_isolated-2] [ERROR] [1789771148.402675003] [tf_help]: Transform data too old when converting from map to odom
[component_container_isolated-2] [ERROR] [1789771148.402712020] [tf_help]: Data time: 8s 300000000ns, Transform time: 3s 679000000ns
[component_container_isolated-2] [INFO] [1789771148.452937856] [controller_server]: [TG-MPPI] cycle time (compute_backend=cpu): 6.516 ms/cycle avg over 50 cycles
[component_container_isolated-2] [ERROR] [1789771148.453118483] [tf_help]: Transform data too old when converting from map to odom
[component_container_isolated-2] [ERROR] [1789771148.453149151] [tf_help]: Data time: 8s 300000000ns, Transform time: 3s 679000000ns
[component_container_isolated-2] [ERROR] [1789771148.502641025] [tf_help]: Transform data too old when converting from map to odom
[component_container_isolated-2] [ERROR] [1789771148.502674439] [tf_help]: Data time: 8s 300000000ns, Transform time: 3s 679000000ns
[component_container_isolated-2] [ERROR] [1789771148.552689437] [tf_help]: Transform data too old when converting from map to odom
[component_container_isolated-2] [ERROR] [1789771148.552725845] [tf_help]: Data time: 8s 300000000ns, Transform time: 3s 679000000ns
[component_container_isolated-2] [ERROR] [1789771148.602693378] [tf_help]: Transform data too old when converting from map to odom
[component_container_isolated-2] [ERROR] [1789771148.602734220] [tf_help]: Data time: 8s 300000000ns, Transform time: 3s 679000000ns
[component_container_isolated-2] [ERROR] [1789771148.652474395] [tf_help]: Transform data too old when converting from map to odom
[component_container_isolated-2] [ERROR] [1789771148.652511690] [tf_help]: Data time: 8s 300000000ns, Transform time: 3s 679000000ns
[component_container_isolated-2] [ERROR] [1789771148.702812365] [tf_help]: Transform data too old when converting from map to odom
[component_container_isolated-2] [ERROR] [1789771148.702848942] [tf_help]: Data time: 8s 300000000ns, Transform time: 3s 679000000ns
[component_container_isolated-2] [ERROR] [1789771148.752830382] [tf_help]: Transform data too old when converting from map to odom
[component_container_isolated-2] [ERROR] [1789771148.752886728] [tf_help]: Data time: 8s 300000000ns, Transform time: 3s 679000000ns
[component_container_isolated-2] [ERROR] [1789771148.803139725] [tf_help]: Transform data too old when converting from map to odom
[component_container_isolated-2] [ERROR] [1789771148.803173542] [tf_help]: Data time: 8s 300000000ns, Transform time: 3s 679000000ns
[component_container_isolated-2] [ERROR] [1789771148.852774762] [tf_help]: Transform data too old when converting from map to odom
[component_container_isolated-2] [ERROR] [1789771148.852806830] [tf_help]: Data time: 8s 300000000ns, Transform time: 3s 679000000ns
[component_container_isolated-2] [ERROR] [1789771148.903840759] [tf_help]: Transform data too old when converting from map to odom
[component_container_isolated-2] [ERROR] [1789771148.903878327] [tf_help]: Data time: 8s 300000000ns, Transform time: 3s 679000000ns
[component_container_isolated-2] [ERROR] [1789771148.952647361] [tf_help]: Transform data too old when converting from map to odom
[component_container_isolated-2] [ERROR] [1789771148.952680228] [tf_help]: Data time: 8s 300000000ns, Transform time: 3s 679000000ns
[component_container_isolated-2] [ERROR] [1789771149.002590853] [tf_help]: Transform data too old when converting from map to odom
[component_container_isolated-2] [ERROR] [1789771149.002626858] [tf_help]: Data time: 8s 300000000ns, Transform time: 3s 679000000ns
[component_container_isolated-2] [ERROR] [1789771149.053398890] [tf_help]: Transform data too old when converting from map to odom
[component_container_isolated-2] [ERROR] [1789771149.053444955] [tf_help]: Data time: 8s 300000000ns, Transform time: 3s 679000000ns
[component_container_isolated-2] [INFO] [1789771149.096290360] [controller_server]: Passing new path to controller.
[component_container_isolated-2] [ERROR] [1789771149.102726324] [tf_help]: Transform data too old when converting from map to odom
[component_container_isolated-2] [ERROR] [1789771149.102754165] [tf_help]: Data time: 9s 300000000ns, Transform time: 3s 679000000ns
[component_container_isolated-2] [ERROR] [1789771149.153037164] [tf_help]: Transform data too old when converting from map to odom
[component_container_isolated-2] [ERROR] [1789771149.153075070] [tf_help]: Data time: 9s 300000000ns, Transform time: 3s 679000000ns
[component_container_isolated-2] [ERROR] [1789771149.202298248] [tf_help]: Transform data too old when converting from map to odom
[component_container_isolated-2] [ERROR] [1789771149.202333443] [tf_help]: Data time: 9s 300000000ns, Transform time: 3s 679000000ns
[component_container_isolated-2] [ERROR] [1789771149.253428564] [tf_help]: Transform data too old when converting from map to odom
[component_container_isolated-2] [ERROR] [1789771149.253462869] [tf_help]: Data time: 9s 300000000ns, Transform time: 3s 679000000ns
[component_container_isolated-2] [ERROR] [1789771149.303298921] [tf_help]: Transform data too old when converting from map to odom
[component_container_isolated-2] [ERROR] [1789771149.303337172] [tf_help]: Data time: 9s 300000000ns, Transform time: 3s 679000000ns
[component_container_isolated-2] [ERROR] [1789771149.353926082] [tf_help]: Transform data too old when converting from map to odom
[component_container_isolated-2] [ERROR] [1789771149.353963945] [tf_help]: Data time: 9s 300000000ns, Transform time: 3s 679000000ns
[component_container_isolated-2] [ERROR] [1789771149.404134530] [tf_help]: Transform data too old when converting from map to odom
[component_container_isolated-2] [ERROR] [1789771149.404168260] [tf_help]: Data time: 9s 300000000ns, Transform time: 3s 679000000ns
[component_container_isolated-2] [ERROR] [1789771149.453574081] [tf_help]: Transform data too old when converting from map to odom
[component_container_isolated-2] [ERROR] [1789771149.453613431] [tf_help]: Data time: 9s 300000000ns, Transform time: 3s 679000000ns
[component_container_isolated-2] [ERROR] [1789771149.503854527] [tf_help]: Transform data too old when converting from map to odom
[component_container_isolated-2] [ERROR] [1789771149.503894839] [tf_help]: Data time: 9s 300000000ns, Transform time: 3s 679000000ns
[component_container_isolated-2] [ERROR] [1789771149.553680564] [tf_help]: Transform data too old when converting from map to odom
[component_container_isolated-2] [ERROR] [1789771149.553715492] [tf_help]: Data time: 9s 300000000ns, Transform time: 3s 679000000ns
[component_container_isolated-2] [ERROR] [1789771149.605316228] [tf_help]: Transform data too old when converting from map to odom
[component_container_isolated-2] [ERROR] [1789771149.605362517] [tf_help]: Data time: 9s 300000000ns, Transform time: 3s 679000000ns
[component_container_isolated-2] [ERROR] [1789771149.655336509] [tf_help]: Transform data too old when converting from map to odom
[component_container_isolated-2] [ERROR] [1789771149.655366678] [tf_help]: Data time: 9s 300000000ns, Transform time: 3s 679000000ns
[component_container_isolated-2] [ERROR] [1789771149.703851095] [tf_help]: Transform data too old when converting from map to odom
[component_container_isolated-2] [ERROR] [1789771149.703903639] [tf_help]: Data time: 9s 300000000ns, Transform time: 3s 679000000ns
[component_container_isolated-2] [ERROR] [1789771149.753389098] [tf_help]: Transform data too old when converting from map to odom
[component_container_isolated-2] [ERROR] [1789771149.753421700] [tf_help]: Data time: 9s 300000000ns, Transform time: 3s 679000000ns
[ground_truth_localizer-1] [INFO] [1789771149.784446445] [ground_truth_localizer]: last 10 s: ground truth msgs 252, map->odom published 252 (240 via latest odom TF)
[component_container_isolated-2] [ERROR] [1789771149.803348481] [tf_help]: Transform data too old when converting from map to odom
[component_container_isolated-2] [ERROR] [1789771149.803387337] [tf_help]: Data time: 9s 300000000ns, Transform time: 3s 679000000ns
[component_container_isolated-2] [ERROR] [1789771149.853652435] [tf_help]: Transform data too old when converting from map to odom
[component_container_isolated-2] [ERROR] [1789771149.853685779] [tf_help]: Data time: 9s 300000000ns, Transform time: 3s 679000000ns
[component_container_isolated-2] [ERROR] [1789771149.904287888] [tf_help]: Transform data too old when converting from map to odom
[component_container_isolated-2] [ERROR] [1789771149.904325905] [tf_help]: Data time: 9s 300000000ns, Transform time: 3s 679000000ns
[component_container_isolated-2] [ERROR] [1789771149.954679762] [tf_help]: Transform data too old when converting from map to odom
[component_container_isolated-2] [ERROR] [1789771149.954710833] [tf_help]: Data time: 9s 300000000ns, Transform time: 3s 679000000ns
[component_container_isolated-2] [ERROR] [1789771150.002989645] [tf_help]: Transform data too old when converting from map to odom
[component_container_isolated-2] [ERROR] [1789771150.003023193] [tf_help]: Data time: 9s 300000000ns, Transform time: 3s 679000000ns
[component_container_isolated-2] [ERROR] [1789771150.053279456] [tf_help]: Transform data too old when converting from map to odom
[component_container_isolated-2] [ERROR] [1789771150.053328812] [tf_help]: Data time: 9s 300000000ns, Transform time: 3s 679000000ns
[component_container_isolated-2] [ERROR] [1789771150.102662833] [tf_help]: Transform data too old when converting from map to odom
[component_container_isolated-2] [ERROR] [1789771150.102700457] [tf_help]: Data time: 9s 300000000ns, Transform time: 3s 679000000ns
[component_container_isolated-2] [INFO] [1789771150.146381414] [controller_server]: Passing new path to controller.
[component_container_isolated-2] [ERROR] [1789771150.152771240] [tf_help]: Transform data too old when converting from map to odom
[component_container_isolated-2] [ERROR] [1789771150.152808977] [tf_help]: Data time: 10s 200000000ns, Transform time: 3s 679000000ns
[component_container_isolated-2] [ERROR] [1789771150.202591415] [tf_help]: Transform data too old when converting from map to odom
[component_container_isolated-2] [ERROR] [1789771150.202630639] [tf_help]: Data time: 10s 200000000ns, Transform time: 3s 679000000ns
[component_container_isolated-2] [ERROR] [1789771150.253039632] [tf_help]: Transform data too old when converting from map to odom
[component_container_isolated-2] [ERROR] [1789771150.253102454] [tf_help]: Data time: 10s 200000000ns, Transform time: 3s 679000000ns
[component_container_isolated-2] [ERROR] [1789771150.302898645] [tf_help]: Transform data too old when converting from map to odom
[component_container_isolated-2] [ERROR] [1789771150.302935495] [tf_help]: Data time: 10s 200000000ns, Transform time: 3s 679000000ns
[component_container_isolated-2] [ERROR] [1789771150.353112630] [tf_help]: Transform data too old when converting from map to odom
[component_container_isolated-2] [ERROR] [1789771150.353145202] [tf_help]: Data time: 10s 200000000ns, Transform time: 3s 679000000ns
[component_container_isolated-2] [ERROR] [1789771150.402848325] [tf_help]: Transform data too old when converting from map to odom
[component_container_isolated-2] [ERROR] [1789771150.402898917] [tf_help]: Data time: 10s 200000000ns, Transform time: 3s 679000000ns
[component_container_isolated-2] [ERROR] [1789771150.457242257] [tf_help]: Transform data too old when converting from map to odom
[component_container_isolated-2] [ERROR] [1789771150.457273507] [tf_help]: Data time: 10s 200000000ns, Transform time: 3s 679000000ns
[component_container_isolated-2] [ERROR] [1789771150.502736429] [tf_help]: Transform data too old when converting from map to odom
[component_container_isolated-2] [ERROR] [1789771150.502767414] [tf_help]: Data time: 10s 200000000ns, Transform time: 3s 679000000ns
[component_container_isolated-2] [ERROR] [1789771150.555397210] [tf_help]: Transform data too old when converting from map to odom
[component_container_isolated-2] [ERROR] [1789771150.555434974] [tf_help]: Data time: 10s 200000000ns, Transform time: 3s 679000000ns
[component_container_isolated-2] [ERROR] [1789771150.602778837] [tf_help]: Transform data too old when converting from map to odom
[component_container_isolated-2] [ERROR] [1789771150.602812188] [tf_help]: Data time: 10s 200000000ns, Transform time: 3s 679000000ns
[component_container_isolated-2] [ERROR] [1789771150.652501279] [tf_help]: Transform data too old when converting from map to odom
[component_container_isolated-2] [ERROR] [1789771150.652537499] [tf_help]: Data time: 10s 200000000ns, Transform time: 3s 679000000ns
[component_container_isolated-2] [ERROR] [1789771150.702907721] [tf_help]: Transform data too old when converting from map to odom
[component_container_isolated-2] [ERROR] [1789771150.702951737] [tf_help]: Data time: 10s 200000000ns, Transform time: 3s 679000000ns
[component_container_isolated-2] [ERROR] [1789771150.752688120] [tf_help]: Transform data too old when converting from map to odom
[component_container_isolated-2] [ERROR] [1789771150.752735353] [tf_help]: Data time: 10s 200000000ns, Transform time: 3s 679000000ns
[component_container_isolated-2] [ERROR] [1789771150.803261462] [tf_help]: Transform data too old when converting from map to odom
[component_container_isolated-2] [ERROR] [1789771150.803295292] [tf_help]: Data time: 10s 200000000ns, Transform time: 3s 679000000ns
[component_container_isolated-2] [ERROR] [1789771150.856750338] [tf_help]: Transform data too old when converting from map to odom
[component_container_isolated-2] [ERROR] [1789771150.856811736] [tf_help]: Data time: 10s 200000000ns, Transform time: 3s 679000000ns
[component_container_isolated-2] [ERROR] [1789771150.904576175] [tf_help]: Transform data too old when converting from map to odom
[component_container_isolated-2] [ERROR] [1789771150.904614940] [tf_help]: Data time: 10s 200000000ns, Transform time: 3s 679000000ns
[component_container_isolated-2] [INFO] [1789771150.953465869] [controller_server]: [TG-MPPI] cycle time (compute_backend=cpu): 6.887 ms/cycle avg over 50 cycles
[component_container_isolated-2] [ERROR] [1789771150.953637538] [tf_help]: Transform data too old when converting from map to odom
[component_container_isolated-2] [ERROR] [1789771150.953659524] [tf_help]: Data time: 10s 200000000ns, Transform time: 3s 679000000ns
[component_container_isolated-2] [ERROR] [1789771151.002910593] [tf_help]: Transform data too old when converting from map to odom
[component_container_isolated-2] [ERROR] [1789771151.002962153] [tf_help]: Data time: 10s 200000000ns, Transform time: 3s 679000000ns
[component_container_isolated-2] [ERROR] [1789771151.053032639] [tf_help]: Transform data too old when converting from map to odom
[component_container_isolated-2] [ERROR] [1789771151.053118423] [tf_help]: Data time: 10s 200000000ns, Transform time: 3s 679000000ns
[component_container_isolated-2] [ERROR] [1789771151.102732032] [tf_help]: Transform data too old when converting from map to odom
[component_container_isolated-2] [ERROR] [1789771151.102766593] [tf_help]: Data time: 10s 200000000ns, Transform time: 3s 679000000ns
[component_container_isolated-2] [INFO] [1789771151.146270284] [controller_server]: Passing new path to controller.
[component_container_isolated-2] [ERROR] [1789771151.156897429] [tf_help]: Transform data too old when converting from map to odom
[component_container_isolated-2] [ERROR] [1789771151.156927826] [tf_help]: Data time: 11s 200000000ns, Transform time: 3s 679000000ns
[component_container_isolated-2] [ERROR] [1789771151.202479264] [tf_help]: Transform data too old when converting from map to odom
[component_container_isolated-2] [ERROR] [1789771151.202509575] [tf_help]: Data time: 11s 200000000ns, Transform time: 3s 679000000ns
[component_container_isolated-2] [ERROR] [1789771151.253134894] [tf_help]: Transform data too old when converting from map to odom
[component_container_isolated-2] [ERROR] [1789771151.253168230] [tf_help]: Data time: 11s 200000000ns, Transform time: 3s 679000000ns
[component_container_isolated-2] [ERROR] [1789771151.302703213] [tf_help]: Transform data too old when converting from map to odom
[component_container_isolated-2] [ERROR] [1789771151.302757227] [tf_help]: Data time: 11s 200000000ns, Transform time: 3s 679000000ns
[component_container_isolated-2] [ERROR] [1789771151.352823206] [tf_help]: Transform data too old when converting from map to odom
[component_container_isolated-2] [ERROR] [1789771151.352856073] [tf_help]: Data time: 11s 200000000ns, Transform time: 3s 679000000ns
[component_container_isolated-2] [ERROR] [1789771151.402769834] [tf_help]: Transform data too old when converting from map to odom
[component_container_isolated-2] [ERROR] [1789771151.402803112] [tf_help]: Data time: 11s 200000000ns, Transform time: 3s 679000000ns
[component_container_isolated-2] [ERROR] [1789771151.452438652] [tf_help]: Transform data too old when converting from map to odom
[component_container_isolated-2] [ERROR] [1789771151.452473234] [tf_help]: Data time: 11s 200000000ns, Transform time: 3s 679000000ns
[component_container_isolated-2] [ERROR] [1789771151.503069839] [tf_help]: Transform data too old when converting from map to odom
[component_container_isolated-2] [ERROR] [1789771151.503103653] [tf_help]: Data time: 11s 200000000ns, Transform time: 3s 679000000ns
[component_container_isolated-2] [ERROR] [1789771151.552707992] [tf_help]: Transform data too old when converting from map to odom
[component_container_isolated-2] [ERROR] [1789771151.552748125] [tf_help]: Data time: 11s 200000000ns, Transform time: 3s 679000000ns
[component_container_isolated-2] [ERROR] [1789771151.602749760] [tf_help]: Transform data too old when converting from map to odom
[component_container_isolated-2] [ERROR] [1789771151.602781685] [tf_help]: Data time: 11s 200000000ns, Transform time: 3s 679000000ns
[component_container_isolated-2] [ERROR] [1789771151.652619257] [tf_help]: Transform data too old when converting from map to odom
[component_container_isolated-2] [ERROR] [1789771151.652651989] [tf_help]: Data time: 11s 200000000ns, Transform time: 3s 679000000ns
[component_container_isolated-2] [ERROR] [1789771151.704936608] [tf_help]: Transform data too old when converting from map to odom
[component_container_isolated-2] [ERROR] [1789771151.704980572] [tf_help]: Data time: 11s 200000000ns, Transform time: 3s 679000000ns
[component_container_isolated-2] [ERROR] [1789771151.758161599] [tf_help]: Transform data too old when converting from map to odom
[component_container_isolated-2] [ERROR] [1789771151.758202715] [tf_help]: Data time: 11s 200000000ns, Transform time: 3s 679000000ns
[component_container_isolated-2] [ERROR] [1789771151.806699766] [tf_help]: Transform data too old when converting from map to odom
[component_container_isolated-2] [ERROR] [1789771151.806736054] [tf_help]: Data time: 11s 200000000ns, Transform time: 3s 679000000ns
[component_container_isolated-2] [ERROR] [1789771151.856528674] [tf_help]: Transform data too old when converting from map to odom
[component_container_isolated-2] [ERROR] [1789771151.856570116] [tf_help]: Data time: 11s 200000000ns, Transform time: 3s 679000000ns
[component_container_isolated-2] [ERROR] [1789771151.902666514] [tf_help]: Transform data too old when converting from map to odom
[component_container_isolated-2] [ERROR] [1789771151.902698574] [tf_help]: Data time: 11s 200000000ns, Transform time: 3s 679000000ns
[component_container_isolated-2] [ERROR] [1789771151.952643640] [tf_help]: Transform data too old when converting from map to odom
[component_container_isolated-2] [ERROR] [1789771151.952679612] [tf_help]: Data time: 11s 200000000ns, Transform time: 3s 679000000ns
[component_container_isolated-2] [ERROR] [1789771152.002612896] [tf_help]: Transform data too old when converting from map to odom
[component_container_isolated-2] [ERROR] [1789771152.002653405] [tf_help]: Data time: 11s 200000000ns, Transform time: 3s 679000000ns
[component_container_isolated-2] [ERROR] [1789771152.052926861] [tf_help]: Transform data too old when converting from map to odom
[component_container_isolated-2] [ERROR] [1789771152.052966143] [tf_help]: Data time: 11s 200000000ns, Transform time: 3s 679000000ns
[component_container_isolated-2] [ERROR] [1789771152.102958075] [tf_help]: Transform data too old when converting from map to odom
[component_container_isolated-2] [ERROR] [1789771152.103000657] [tf_help]: Data time: 11s 200000000ns, Transform time: 3s 679000000ns
[component_container_isolated-2] [ERROR] [1789771152.153269762] [tf_help]: Transform data too old when converting from map to odom
[component_container_isolated-2] [ERROR] [1789771152.153302037] [tf_help]: Data time: 11s 200000000ns, Transform time: 3s 679000000ns
[component_container_isolated-2] [INFO] [1789771152.196372053] [controller_server]: Passing new path to controller.
[component_container_isolated-2] [ERROR] [1789771152.202924271] [tf_help]: Transform data too old when converting from map to odom
[component_container_isolated-2] [ERROR] [1789771152.202951730] [tf_help]: Data time: 12s 100000000ns, Transform time: 3s 679000000ns
[component_container_isolated-2] [ERROR] [1789771152.252540561] [tf_help]: Transform data too old when converting from map to odom
[component_container_isolated-2] [ERROR] [1789771152.252576489] [tf_help]: Data time: 12s 100000000ns, Transform time: 3s 679000000ns
[component_container_isolated-2] [ERROR] [1789771152.303359067] [tf_help]: Transform data too old when converting from map to odom
[component_container_isolated-2] [ERROR] [1789771152.303393496] [tf_help]: Data time: 12s 100000000ns, Transform time: 3s 679000000ns
[component_container_isolated-2] [ERROR] [1789771152.352758076] [tf_help]: Transform data too old when converting from map to odom
[component_container_isolated-2] [ERROR] [1789771152.352795747] [tf_help]: Data time: 12s 100000000ns, Transform time: 3s 679000000ns
[component_container_isolated-2] [ERROR] [1789771152.403791459] [tf_help]: Transform data too old when converting from map to odom
[component_container_isolated-2] [ERROR] [1789771152.403826536] [tf_help]: Data time: 12s 100000000ns, Transform time: 3s 679000000ns
[component_container_isolated-2] [ERROR] [1789771152.453785384] [tf_help]: Transform data too old when converting from map to odom
[component_container_isolated-2] [ERROR] [1789771152.453822481] [tf_help]: Data time: 12s 100000000ns, Transform time: 3s 679000000ns
[component_container_isolated-2] [ERROR] [1789771152.503791259] [tf_help]: Transform data too old when converting from map to odom
[component_container_isolated-2] [ERROR] [1789771152.503819856] [tf_help]: Data time: 12s 100000000ns, Transform time: 3s 679000000ns
[component_container_isolated-2] [ERROR] [1789771152.552768784] [tf_help]: Transform data too old when converting from map to odom
[component_container_isolated-2] [ERROR] [1789771152.552800535] [tf_help]: Data time: 12s 100000000ns, Transform time: 3s 679000000ns
[component_container_isolated-2] [ERROR] [1789771152.603470523] [tf_help]: Transform data too old when converting from map to odom
[component_container_isolated-2] [ERROR] [1789771152.603518255] [tf_help]: Data time: 12s 100000000ns, Transform time: 3s 679000000ns
[component_container_isolated-2] [ERROR] [1789771152.653455947] [tf_help]: Transform data too old when converting from map to odom
[component_container_isolated-2] [ERROR] [1789771152.653486232] [tf_help]: Data time: 12s 100000000ns, Transform time: 3s 679000000ns
[component_container_isolated-2] [ERROR] [1789771152.703652904] [tf_help]: Transform data too old when converting from map to odom
[component_container_isolated-2] [ERROR] [1789771152.703687959] [tf_help]: Data time: 12s 100000000ns, Transform time: 3s 679000000ns
[component_container_isolated-2] [ERROR] [1789771152.753522068] [tf_help]: Transform data too old when converting from map to odom
[component_container_isolated-2] [ERROR] [1789771152.753553395] [tf_help]: Data time: 12s 100000000ns, Transform time: 3s 679000000ns
[component_container_isolated-2] [ERROR] [1789771152.802683214] [tf_help]: Transform data too old when converting from map to odom
[component_container_isolated-2] [ERROR] [1789771152.802717473] [tf_help]: Data time: 12s 100000000ns, Transform time: 3s 679000000ns
[component_container_isolated-2] [ERROR] [1789771152.853039392] [tf_help]: Transform data too old when converting from map to odom
[component_container_isolated-2] [ERROR] [1789771152.853074836] [tf_help]: Data time: 12s 100000000ns, Transform time: 3s 679000000ns
[component_container_isolated-2] [ERROR] [1789771152.903982196] [tf_help]: Transform data too old when converting from map to odom
[component_container_isolated-2] [ERROR] [1789771152.904016005] [tf_help]: Data time: 12s 100000000ns, Transform time: 3s 679000000ns
[component_container_isolated-2] [ERROR] [1789771152.954990999] [tf_help]: Transform data too old when converting from map to odom
[component_container_isolated-2] [ERROR] [1789771152.955022860] [tf_help]: Data time: 12s 100000000ns, Transform time: 3s 679000000ns
[component_container_isolated-2] [ERROR] [1789771153.002300114] [tf_help]: Transform data too old when converting from map to odom
[component_container_isolated-2] [ERROR] [1789771153.002334733] [tf_help]: Data time: 12s 100000000ns, Transform time: 3s 679000000ns
[component_container_isolated-2] [ERROR] [1789771153.052524412] [tf_help]: Transform data too old when converting from map to odom
[component_container_isolated-2] [ERROR] [1789771153.052556433] [tf_help]: Data time: 12s 100000000ns, Transform time: 3s 679000000ns
[component_container_isolated-2] [ERROR] [1789771153.102923259] [tf_help]: Transform data too old when converting from map to odom
[component_container_isolated-2] [ERROR] [1789771153.102953470] [tf_help]: Data time: 12s 100000000ns, Transform time: 3s 679000000ns
[component_container_isolated-2] [ERROR] [1789771153.152429782] [tf_help]: Transform data too old when converting from map to odom
[component_container_isolated-2] [ERROR] [1789771153.152488657] [tf_help]: Data time: 12s 100000000ns, Transform time: 3s 679000000ns
[component_container_isolated-2] [INFO] [1789771153.196402728] [controller_server]: Passing new path to controller.
[component_container_isolated-2] [ERROR] [1789771153.202707048] [tf_help]: Transform data too old when converting from map to odom
[component_container_isolated-2] [ERROR] [1789771153.202727864] [tf_help]: Data time: 13s 100000000ns, Transform time: 3s 679000000ns
[component_container_isolated-2] [ERROR] [1789771153.252829667] [tf_help]: Transform data too old when converting from map to odom
[component_container_isolated-2] [ERROR] [1789771153.252869671] [tf_help]: Data time: 13s 100000000ns, Transform time: 3s 679000000ns
[component_container_isolated-2] [ERROR] [1789771153.302800414] [tf_help]: Transform data too old when converting from map to odom
[component_container_isolated-2] [ERROR] [1789771153.302836762] [tf_help]: Data time: 13s 100000000ns, Transform time: 3s 679000000ns
[component_container_isolated-2] [ERROR] [1789771153.354143170] [tf_help]: Transform data too old when converting from map to odom
[component_container_isolated-2] [ERROR] [1789771153.354176403] [tf_help]: Data time: 13s 100000000ns, Transform time: 3s 679000000ns
[component_container_isolated-2] [ERROR] [1789771153.403787411] [tf_help]: Transform data too old when converting from map to odom
[component_container_isolated-2] [ERROR] [1789771153.403832686] [tf_help]: Data time: 13s 100000000ns, Transform time: 3s 679000000ns
[component_container_isolated-2] [INFO] [1789771153.454102734] [controller_server]: [TG-MPPI] cycle time (compute_backend=cpu): 6.866 ms/cycle avg over 50 cycles
[component_container_isolated-2] [ERROR] [1789771153.454227603] [tf_help]: Transform data too old when converting from map to odom
[component_container_isolated-2] [ERROR] [1789771153.454244592] [tf_help]: Data time: 13s 100000000ns, Transform time: 3s 679000000ns
[component_container_isolated-2] [ERROR] [1789771153.504250341] [tf_help]: Transform data too old when converting from map to odom
[component_container_isolated-2] [ERROR] [1789771153.504284576] [tf_help]: Data time: 13s 100000000ns, Transform time: 3s 679000000ns
[component_container_isolated-2] [ERROR] [1789771153.552446909] [tf_help]: Transform data too old when converting from map to odom
[component_container_isolated-2] [ERROR] [1789771153.552476858] [tf_help]: Data time: 13s 100000000ns, Transform time: 3s 679000000ns
[component_container_isolated-2] [ERROR] [1789771153.602471547] [tf_help]: Transform data too old when converting from map to odom
[component_container_isolated-2] [ERROR] [1789771153.602504527] [tf_help]: Data time: 13s 100000000ns, Transform time: 3s 679000000ns
[component_container_isolated-2] [ERROR] [1789771153.652987934] [tf_help]: Transform data too old when converting from map to odom
[component_container_isolated-2] [ERROR] [1789771153.653019353] [tf_help]: Data time: 13s 100000000ns, Transform time: 3s 679000000ns
[component_container_isolated-2] [ERROR] [1789771153.702379281] [tf_help]: Transform data too old when converting from map to odom
[component_container_isolated-2] [ERROR] [1789771153.702411562] [tf_help]: Data time: 13s 100000000ns, Transform time: 3s 679000000ns
[component_container_isolated-2] [ERROR] [1789771153.753421290] [tf_help]: Transform data too old when converting from map to odom
[component_container_isolated-2] [ERROR] [1789771153.753454787] [tf_help]: Data time: 13s 100000000ns, Transform time: 3s 679000000ns
[component_container_isolated-2] [ERROR] [1789771153.803161818] [tf_help]: Transform data too old when converting from map to odom
[component_container_isolated-2] [ERROR] [1789771153.803202685] [tf_help]: Data time: 13s 100000000ns, Transform time: 3s 679000000ns
[component_container_isolated-2] [ERROR] [1789771153.852885273] [tf_help]: Transform data too old when converting from map to odom
[component_container_isolated-2] [ERROR] [1789771153.852921069] [tf_help]: Data time: 13s 100000000ns, Transform time: 3s 679000000ns
[component_container_isolated-2] [ERROR] [1789771153.903528584] [tf_help]: Transform data too old when converting from map to odom
[component_container_isolated-2] [ERROR] [1789771153.903559360] [tf_help]: Data time: 13s 100000000ns, Transform time: 3s 679000000ns
[component_container_isolated-2] [ERROR] [1789771153.953511587] [tf_help]: Transform data too old when converting from map to odom
[component_container_isolated-2] [ERROR] [1789771153.953547796] [tf_help]: Data time: 13s 100000000ns, Transform time: 3s 679000000ns
[component_container_isolated-2] [ERROR] [1789771154.003588244] [tf_help]: Transform data too old when converting from map to odom
[component_container_isolated-2] [ERROR] [1789771154.003621567] [tf_help]: Data time: 13s 100000000ns, Transform time: 3s 679000000ns
[component_container_isolated-2] [ERROR] [1789771154.052659394] [tf_help]: Transform data too old when converting from map to odom
[component_container_isolated-2] [ERROR] [1789771154.052691811] [tf_help]: Data time: 13s 100000000ns, Transform time: 3s 679000000ns
[component_container_isolated-2] [ERROR] [1789771154.102673153] [tf_help]: Transform data too old when converting from map to odom
[component_container_isolated-2] [ERROR] [1789771154.102704630] [tf_help]: Data time: 13s 100000000ns, Transform time: 3s 679000000ns
[component_container_isolated-2] [ERROR] [1789771154.152778065] [tf_help]: Transform data too old when converting from map to odom
[component_container_isolated-2] [ERROR] [1789771154.152815119] [tf_help]: Data time: 13s 100000000ns, Transform time: 3s 679000000ns
[component_container_isolated-2] [ERROR] [1789771154.202790794] [tf_help]: Transform data too old when converting from map to odom
[component_container_isolated-2] [ERROR] [1789771154.202827250] [tf_help]: Data time: 13s 100000000ns, Transform time: 3s 679000000ns
[component_container_isolated-2] [INFO] [1789771154.246279701] [controller_server]: Passing new path to controller.
[component_container_isolated-2] [ERROR] [1789771154.254214065] [tf_help]: Transform data too old when converting from map to odom
[component_container_isolated-2] [ERROR] [1789771154.254283478] [tf_help]: Data time: 14s 0ns, Transform time: 3s 679000000ns
[component_container_isolated-2] [ERROR] [1789771154.302847192] [tf_help]: Transform data too old when converting from map to odom
[component_container_isolated-2] [ERROR] [1789771154.302922120] [tf_help]: Data time: 14s 0ns, Transform time: 3s 679000000ns
[component_container_isolated-2] [ERROR] [1789771154.353211153] [tf_help]: Transform data too old when converting from map to odom
[component_container_isolated-2] [ERROR] [1789771154.353242575] [tf_help]: Data time: 14s 0ns, Transform time: 3s 679000000ns
[component_container_isolated-2] [ERROR] [1789771154.403187440] [tf_help]: Transform data too old when converting from map to odom
[component_container_isolated-2] [ERROR] [1789771154.403262714] [tf_help]: Data time: 14s 0ns, Transform time: 3s 679000000ns
[component_container_isolated-2] [ERROR] [1789771154.454130937] [tf_help]: Transform data too old when converting from map to odom
[component_container_isolated-2] [ERROR] [1789771154.454174891] [tf_help]: Data time: 14s 0ns, Transform time: 3s 679000000ns
[component_container_isolated-2] [ERROR] [1789771154.502959216] [tf_help]: Transform data too old when converting from map to odom
[component_container_isolated-2] [ERROR] [1789771154.502995217] [tf_help]: Data time: 14s 0ns, Transform time: 3s 679000000ns
[component_container_isolated-2] [ERROR] [1789771154.554021583] [tf_help]: Transform data too old when converting from map to odom
[component_container_isolated-2] [ERROR] [1789771154.554063081] [tf_help]: Data time: 14s 0ns, Transform time: 3s 679000000ns
[component_container_isolated-2] [ERROR] [1789771154.610175793] [tf_help]: Transform data too old when converting from map to odom
[component_container_isolated-2] [ERROR] [1789771154.610233395] [tf_help]: Data time: 14s 0ns, Transform time: 3s 679000000ns
[component_container_isolated-2] [ERROR] [1789771154.653331720] [tf_help]: Transform data too old when converting from map to odom
[component_container_isolated-2] [ERROR] [1789771154.653389391] [tf_help]: Data time: 14s 0ns, Transform time: 3s 679000000ns
[component_container_isolated-2] [ERROR] [1789771154.702503447] [tf_help]: Transform data too old when converting from map to odom
[component_container_isolated-2] [ERROR] [1789771154.702534271] [tf_help]: Data time: 14s 0ns, Transform time: 3s 679000000ns
[component_container_isolated-2] [ERROR] [1789771154.753125759] [tf_help]: Transform data too old when converting from map to odom
[component_container_isolated-2] [ERROR] [1789771154.753167410] [tf_help]: Data time: 14s 0ns, Transform time: 3s 679000000ns
[component_container_isolated-2] [ERROR] [1789771154.802540013] [tf_help]: Transform data too old when converting from map to odom
[component_container_isolated-2] [ERROR] [1789771154.802576822] [tf_help]: Data time: 14s 0ns, Transform time: 3s 679000000ns
[component_container_isolated-2] [ERROR] [1789771154.853520622] [tf_help]: Transform data too old when converting from map to odom
[component_container_isolated-2] [ERROR] [1789771154.853563696] [tf_help]: Data time: 14s 0ns, Transform time: 3s 679000000ns
[component_container_isolated-2] [ERROR] [1789771154.902847866] [tf_help]: Transform data too old when converting from map to odom
[component_container_isolated-2] [ERROR] [1789771154.902890234] [tf_help]: Data time: 14s 0ns, Transform time: 3s 679000000ns
[component_container_isolated-2] [ERROR] [1789771154.952923777] [tf_help]: Transform data too old when converting from map to odom
[component_container_isolated-2] [ERROR] [1789771154.952955513] [tf_help]: Data time: 14s 0ns, Transform time: 3s 679000000ns
[component_container_isolated-2] [ERROR] [1789771155.004594153] [tf_help]: Transform data too old when converting from map to odom
[component_container_isolated-2] [ERROR] [1789771155.004627284] [tf_help]: Data time: 14s 0ns, Transform time: 3s 679000000ns
[component_container_isolated-2] [ERROR] [1789771155.053756667] [tf_help]: Transform data too old when converting from map to odom
[component_container_isolated-2] [ERROR] [1789771155.053790650] [tf_help]: Data time: 14s 0ns, Transform time: 3s 679000000ns
[component_container_isolated-2] [ERROR] [1789771155.102945028] [tf_help]: Transform data too old when converting from map to odom
[component_container_isolated-2] [ERROR] [1789771155.102978898] [tf_help]: Data time: 14s 0ns, Transform time: 3s 679000000ns
[component_container_isolated-2] [ERROR] [1789771155.152443053] [tf_help]: Transform data too old when converting from map to odom
[component_container_isolated-2] [ERROR] [1789771155.152476720] [tf_help]: Data time: 14s 0ns, Transform time: 3s 679000000ns
[component_container_isolated-2] [ERROR] [1789771155.203056289] [tf_help]: Transform data too old when converting from map to odom
[component_container_isolated-2] [ERROR] [1789771155.203092925] [tf_help]: Data time: 14s 0ns, Transform time: 3s 679000000ns
[component_container_isolated-2] [ERROR] [1789771155.256061005] [tf_help]: Transform data too old when converting from map to odom
[component_container_isolated-2] [ERROR] [1789771155.256120173] [tf_help]: Data time: 14s 0ns, Transform time: 3s 679000000ns
[component_container_isolated-2] [INFO] [1789771155.296278578] [controller_server]: Passing new path to controller.
[component_container_isolated-2] [ERROR] [1789771155.303349348] [tf_help]: Transform data too old when converting from map to odom
[component_container_isolated-2] [ERROR] [1789771155.303383215] [tf_help]: Data time: 14s 900000000ns, Transform time: 3s 679000000ns
[component_container_isolated-2] [ERROR] [1789771155.352962410] [tf_help]: Transform data too old when converting from map to odom
[component_container_isolated-2] [ERROR] [1789771155.352996576] [tf_help]: Data time: 14s 900000000ns, Transform time: 3s 679000000ns
[component_container_isolated-2] [ERROR] [1789771155.403316934] [tf_help]: Transform data too old when converting from map to odom
[component_container_isolated-2] [ERROR] [1789771155.403355146] [tf_help]: Data time: 14s 900000000ns, Transform time: 3s 679000000ns
[component_container_isolated-2] [ERROR] [1789771155.455906849] [tf_help]: Transform data too old when converting from map to odom
[component_container_isolated-2] [ERROR] [1789771155.455938489] [tf_help]: Data time: 14s 900000000ns, Transform time: 3s 679000000ns
[component_container_isolated-2] [ERROR] [1789771155.503667528] [tf_help]: Transform data too old when converting from map to odom
[component_container_isolated-2] [ERROR] [1789771155.503697246] [tf_help]: Data time: 14s 900000000ns, Transform time: 3s 679000000ns
[component_container_isolated-2] [ERROR] [1789771155.554057090] [tf_help]: Transform data too old when converting from map to odom
[component_container_isolated-2] [ERROR] [1789771155.554086952] [tf_help]: Data time: 14s 900000000ns, Transform time: 3s 679000000ns
[component_container_isolated-2] [ERROR] [1789771155.603642552] [tf_help]: Transform data too old when converting from map to odom
[component_container_isolated-2] [ERROR] [1789771155.603675367] [tf_help]: Data time: 14s 900000000ns, Transform time: 3s 679000000ns
[component_container_isolated-2] [ERROR] [1789771155.655487797] [tf_help]: Transform data too old when converting from map to odom
[component_container_isolated-2] [ERROR] [1789771155.655520574] [tf_help]: Data time: 14s 900000000ns, Transform time: 3s 679000000ns
[component_container_isolated-2] [ERROR] [1789771155.702484339] [tf_help]: Transform data too old when converting from map to odom
[component_container_isolated-2] [ERROR] [1789771155.702515952] [tf_help]: Data time: 14s 900000000ns, Transform time: 3s 679000000ns
[component_container_isolated-2] [ERROR] [1789771155.752398352] [tf_help]: Transform data too old when converting from map to odom
[component_container_isolated-2] [ERROR] [1789771155.752438655] [tf_help]: Data time: 14s 900000000ns, Transform time: 3s 679000000ns
[component_container_isolated-2] [ERROR] [1789771155.802508242] [tf_help]: Transform data too old when converting from map to odom
[component_container_isolated-2] [ERROR] [1789771155.802539985] [tf_help]: Data time: 14s 900000000ns, Transform time: 3s 679000000ns
[component_container_isolated-2] [ERROR] [1789771155.854126490] [tf_help]: Transform data too old when converting from map to odom
[component_container_isolated-2] [ERROR] [1789771155.854180976] [tf_help]: Data time: 14s 900000000ns, Transform time: 3s 679000000ns
[component_container_isolated-2] [ERROR] [1789771155.907653894] [tf_help]: Transform data too old when converting from map to odom
[component_container_isolated-2] [ERROR] [1789771155.907708488] [tf_help]: Data time: 14s 900000000ns, Transform time: 3s 679000000ns
[component_container_isolated-2] [INFO] [1789771155.957909798] [controller_server]: [TG-MPPI] cycle time (compute_backend=cpu): 7.072 ms/cycle avg over 50 cycles
[component_container_isolated-2] [ERROR] [1789771155.958180333] [tf_help]: Transform data too old when converting from map to odom
[component_container_isolated-2] [ERROR] [1789771155.958214445] [tf_help]: Data time: 14s 900000000ns, Transform time: 3s 679000000ns
[component_container_isolated-2] [ERROR] [1789771156.003400451] [tf_help]: Transform data too old when converting from map to odom
[component_container_isolated-2] [ERROR] [1789771156.003438274] [tf_help]: Data time: 14s 900000000ns, Transform time: 3s 679000000ns
[component_container_isolated-2] [ERROR] [1789771156.053648202] [tf_help]: Transform data too old when converting from map to odom
[component_container_isolated-2] [ERROR] [1789771156.053681898] [tf_help]: Data time: 14s 900000000ns, Transform time: 3s 679000000ns
[component_container_isolated-2] [ERROR] [1789771156.108398932] [tf_help]: Transform data too old when converting from map to odom
[component_container_isolated-2] [ERROR] [1789771156.108457531] [tf_help]: Data time: 14s 900000000ns, Transform time: 3s 679000000ns
[component_container_isolated-2] [ERROR] [1789771156.156736684] [tf_help]: Transform data too old when converting from map to odom
[component_container_isolated-2] [ERROR] [1789771156.156769469] [tf_help]: Data time: 14s 900000000ns, Transform time: 3s 679000000ns
[component_container_isolated-2] [ERROR] [1789771156.202856774] [tf_help]: Transform data too old when converting from map to odom
[component_container_isolated-2] [ERROR] [1789771156.202891720] [tf_help]: Data time: 14s 900000000ns, Transform time: 3s 679000000ns
[component_container_isolated-2] [ERROR] [1789771156.252818150] [tf_help]: Transform data too old when converting from map to odom
[component_container_isolated-2] [ERROR] [1789771156.252871299] [tf_help]: Data time: 14s 900000000ns, Transform time: 3s 679000000ns
[component_container_isolated-2] [INFO] [1789771156.296273776] [controller_server]: Passing new path to controller.
[component_container_isolated-2] [ERROR] [1789771156.304418966] [tf_help]: Transform data too old when converting from map to odom
[component_container_isolated-2] [ERROR] [1789771156.304453412] [tf_help]: Data time: 15s 900000000ns, Transform time: 3s 679000000ns
[component_container_isolated-2] [ERROR] [1789771156.352380308] [tf_help]: Transform data too old when converting from map to odom
[component_container_isolated-2] [ERROR] [1789771156.352414148] [tf_help]: Data time: 15s 900000000ns, Transform time: 3s 679000000ns
[component_container_isolated-2] [ERROR] [1789771156.402267049] [tf_help]: Transform data too old when converting from map to odom
[component_container_isolated-2] [ERROR] [1789771156.402297941] [tf_help]: Data time: 15s 900000000ns, Transform time: 3s 679000000ns
[component_container_isolated-2] [ERROR] [1789771156.452434856] [tf_help]: Transform data too old when converting from map to odom
[component_container_isolated-2] [ERROR] [1789771156.452464751] [tf_help]: Data time: 15s 900000000ns, Transform time: 3s 679000000ns
[component_container_isolated-2] [ERROR] [1789771156.502557847] [tf_help]: Transform data too old when converting from map to odom
[component_container_isolated-2] [ERROR] [1789771156.502592238] [tf_help]: Data time: 15s 900000000ns, Transform time: 3s 679000000ns
[component_container_isolated-2] [ERROR] [1789771156.552554071] [tf_help]: Transform data too old when converting from map to odom
[component_container_isolated-2] [ERROR] [1789771156.552596092] [tf_help]: Data time: 15s 900000000ns, Transform time: 3s 679000000ns
[component_container_isolated-2] [ERROR] [1789771156.602681904] [tf_help]: Transform data too old when converting from map to odom
[component_container_isolated-2] [ERROR] [1789771156.602730618] [tf_help]: Data time: 15s 900000000ns, Transform time: 3s 679000000ns
[component_container_isolated-2] [ERROR] [1789771156.652989133] [tf_help]: Transform data too old when converting from map to odom
[component_container_isolated-2] [ERROR] [1789771156.653022609] [tf_help]: Data time: 15s 900000000ns, Transform time: 3s 679000000ns
[component_container_isolated-2] [ERROR] [1789771156.703905917] [tf_help]: Transform data too old when converting from map to odom
[component_container_isolated-2] [ERROR] [1789771156.703937246] [tf_help]: Data time: 15s 900000000ns, Transform time: 3s 679000000ns
[component_container_isolated-2] [ERROR] [1789771156.753618220] [tf_help]: Transform data too old when converting from map to odom
[component_container_isolated-2] [ERROR] [1789771156.753648621] [tf_help]: Data time: 15s 900000000ns, Transform time: 3s 679000000ns
[component_container_isolated-2] [ERROR] [1789771156.803574482] [tf_help]: Transform data too old when converting from map to odom
[component_container_isolated-2] [ERROR] [1789771156.803604383] [tf_help]: Data time: 15s 900000000ns, Transform time: 3s 679000000ns
[component_container_isolated-2] [ERROR] [1789771156.853709479] [tf_help]: Transform data too old when converting from map to odom
[component_container_isolated-2] [ERROR] [1789771156.853753370] [tf_help]: Data time: 15s 900000000ns, Transform time: 3s 679000000ns
[component_container_isolated-2] [ERROR] [1789771156.896349585] [controller_server]: Failed to make progress
[component_container_isolated-2] [WARN] [1789771156.896414622] [controller_server]: [follow_path] [ActionServer] Aborting handle.
[component_container_isolated-2] [INFO] [1789771156.915655624] [local_costmap.local_costmap]: Received request to clear entirely the local_costmap
[component_container_isolated-2] [INFO] [1789771156.916846202] [controller_server]: Received a goal, begin computing control effort.
[component_container_isolated-2] [ERROR] [1789771157.064742282] [tf_help]: Transform data too old when converting from map to odom
[component_container_isolated-2] [ERROR] [1789771157.064780374] [tf_help]: Data time: 15s 900000000ns, Transform time: 3s 679000000ns
[component_container_isolated-2] [WARN] [1789771157.064786756] [controller_server]: Control loop missed its desired rate of 20.0000Hz
[component_container_isolated-2] [ERROR] [1789771157.070353198] [tf_help]: Transform data too old when converting from map to odom
[component_container_isolated-2] [ERROR] [1789771157.070371605] [tf_help]: Data time: 15s 900000000ns, Transform time: 3s 679000000ns
[component_container_isolated-2] [ERROR] [1789771157.125955517] [tf_help]: Transform data too old when converting from map to odom
[component_container_isolated-2] [ERROR] [1789771157.125985246] [tf_help]: Data time: 15s 900000000ns, Transform time: 3s 679000000ns
[component_container_isolated-2] [ERROR] [1789771157.182117231] [tf_help]: Transform data too old when converting from map to odom
[component_container_isolated-2] [ERROR] [1789771157.182151277] [tf_help]: Data time: 15s 900000000ns, Transform time: 3s 679000000ns
[component_container_isolated-2] [ERROR] [1789771157.238352987] [tf_help]: Transform data too old when converting from map to odom
[component_container_isolated-2] [ERROR] [1789771157.238394067] [tf_help]: Data time: 15s 900000000ns, Transform time: 3s 679000000ns
[component_container_isolated-2] [ERROR] [1789771157.293943243] [tf_help]: Transform data too old when converting from map to odom
[component_container_isolated-2] [ERROR] [1789771157.293977198] [tf_help]: Data time: 15s 900000000ns, Transform time: 3s 679000000ns
[component_container_isolated-2] [INFO] [1789771157.344043433] [controller_server]: Passing new path to controller.
[component_container_isolated-2] [ERROR] [1789771157.349356445] [tf_help]: Transform data too old when converting from map to odom
[component_container_isolated-2] [ERROR] [1789771157.349383198] [tf_help]: Data time: 16s 800000000ns, Transform time: 3s 679000000ns
[component_container_isolated-2] [ERROR] [1789771157.405212929] [tf_help]: Transform data too old when converting from map to odom
[component_container_isolated-2] [ERROR] [1789771157.405249108] [tf_help]: Data time: 16s 800000000ns, Transform time: 3s 679000000ns
[component_container_isolated-2] [ERROR] [1789771157.461056254] [tf_help]: Transform data too old when converting from map to odom
[component_container_isolated-2] [ERROR] [1789771157.461096465] [tf_help]: Data time: 16s 800000000ns, Transform time: 3s 679000000ns
[component_container_isolated-2] [ERROR] [1789771157.517909034] [tf_help]: Transform data too old when converting from map to odom
[component_container_isolated-2] [ERROR] [1789771157.517946277] [tf_help]: Data time: 16s 800000000ns, Transform time: 3s 679000000ns
[component_container_isolated-2] [ERROR] [1789771157.570998180] [tf_help]: Transform data too old when converting from map to odom
[component_container_isolated-2] [ERROR] [1789771157.571028417] [tf_help]: Data time: 16s 800000000ns, Transform time: 3s 679000000ns
[component_container_isolated-2] [ERROR] [1789771157.621507743] [tf_help]: Transform data too old when converting from map to odom
[component_container_isolated-2] [ERROR] [1789771157.621537959] [tf_help]: Data time: 16s 800000000ns, Transform time: 3s 679000000ns
[component_container_isolated-2] [ERROR] [1789771157.670961476] [tf_help]: Transform data too old when converting from map to odom
[component_container_isolated-2] [ERROR] [1789771157.670990966] [tf_help]: Data time: 16s 800000000ns, Transform time: 3s 679000000ns
[component_container_isolated-2] [ERROR] [1789771157.721253340] [tf_help]: Transform data too old when converting from map to odom
[component_container_isolated-2] [ERROR] [1789771157.721292748] [tf_help]: Data time: 16s 800000000ns, Transform time: 3s 679000000ns
[component_container_isolated-2] [ERROR] [1789771157.771141832] [tf_help]: Transform data too old when converting from map to odom
[component_container_isolated-2] [ERROR] [1789771157.771173611] [tf_help]: Data time: 16s 800000000ns, Transform time: 3s 679000000ns
[component_container_isolated-2] [ERROR] [1789771157.821164220] [tf_help]: Transform data too old when converting from map to odom
[component_container_isolated-2] [ERROR] [1789771157.821198752] [tf_help]: Data time: 16s 800000000ns, Transform time: 3s 679000000ns
[component_container_isolated-2] [ERROR] [1789771157.871967777] [tf_help]: Transform data too old when converting from map to odom
[component_container_isolated-2] [ERROR] [1789771157.872006187] [tf_help]: Data time: 16s 800000000ns, Transform time: 3s 679000000ns
[component_container_isolated-2] [ERROR] [1789771157.920306230] [tf_help]: Transform data too old when converting from map to odom
[component_container_isolated-2] [ERROR] [1789771157.920339773] [tf_help]: Data time: 16s 800000000ns, Transform time: 3s 679000000ns
[component_container_isolated-2] [ERROR] [1789771157.972984289] [tf_help]: Transform data too old when converting from map to odom
[component_container_isolated-2] [ERROR] [1789771157.973016905] [tf_help]: Data time: 16s 800000000ns, Transform time: 3s 679000000ns
[component_container_isolated-2] [ERROR] [1789771158.020670114] [tf_help]: Transform data too old when converting from map to odom
[component_container_isolated-2] [ERROR] [1789771158.020709129] [tf_help]: Data time: 16s 800000000ns, Transform time: 3s 679000000ns
[component_container_isolated-2] [ERROR] [1789771158.070307078] [tf_help]: Transform data too old when converting from map to odom
[component_container_isolated-2] [ERROR] [1789771158.070341009] [tf_help]: Data time: 16s 800000000ns, Transform time: 3s 679000000ns
[component_container_isolated-2] [ERROR] [1789771158.124779520] [tf_help]: Transform data too old when converting from map to odom
[component_container_isolated-2] [ERROR] [1789771158.124809687] [tf_help]: Data time: 16s 800000000ns, Transform time: 3s 679000000ns
[component_container_isolated-2] [ERROR] [1789771158.170993563] [tf_help]: Transform data too old when converting from map to odom
[component_container_isolated-2] [ERROR] [1789771158.171023897] [tf_help]: Data time: 16s 800000000ns, Transform time: 3s 679000000ns
[component_container_isolated-2] [ERROR] [1789771158.221221269] [tf_help]: Transform data too old when converting from map to odom
[component_container_isolated-2] [ERROR] [1789771158.221251639] [tf_help]: Data time: 16s 800000000ns, Transform time: 3s 679000000ns
[component_container_isolated-2] [ERROR] [1789771158.272867343] [tf_help]: Transform data too old when converting from map to odom
[component_container_isolated-2] [ERROR] [1789771158.272906950] [tf_help]: Data time: 16s 800000000ns, Transform time: 3s 679000000ns
[component_container_isolated-2] [ERROR] [1789771158.320308199] [tf_help]: Transform data too old when converting from map to odom
[component_container_isolated-2] [ERROR] [1789771158.320348139] [tf_help]: Data time: 16s 800000000ns, Transform time: 3s 679000000ns
[component_container_isolated-2] [INFO] [1789771158.364856040] [controller_server]: Passing new path to controller.
[component_container_isolated-2] [ERROR] [1789771158.370062349] [tf_help]: Transform data too old when converting from map to odom
[component_container_isolated-2] [ERROR] [1789771158.370090429] [tf_help]: Data time: 17s 800000000ns, Transform time: 3s 679000000ns
[component_container_isolated-2] [ERROR] [1789771158.420247614] [tf_help]: Transform data too old when converting from map to odom
[component_container_isolated-2] [ERROR] [1789771158.420297576] [tf_help]: Data time: 17s 800000000ns, Transform time: 3s 679000000ns
[component_container_isolated-2] [ERROR] [1789771158.471673788] [tf_help]: Transform data too old when converting from map to odom
[component_container_isolated-2] [ERROR] [1789771158.471727158] [tf_help]: Data time: 17s 800000000ns, Transform time: 3s 679000000ns
[component_container_isolated-2] [ERROR] [1789771158.520268492] [tf_help]: Transform data too old when converting from map to odom
[component_container_isolated-2] [ERROR] [1789771158.520304519] [tf_help]: Data time: 17s 800000000ns, Transform time: 3s 679000000ns
[component_container_isolated-2] [ERROR] [1789771158.570190453] [tf_help]: Transform data too old when converting from map to odom
[component_container_isolated-2] [ERROR] [1789771158.570225436] [tf_help]: Data time: 17s 800000000ns, Transform time: 3s 679000000ns
[component_container_isolated-2] [INFO] [1789771158.620367322] [controller_server]: [TG-MPPI] cycle time (compute_backend=cpu): 6.340 ms/cycle avg over 50 cycles
[component_container_isolated-2] [ERROR] [1789771158.620510320] [tf_help]: Transform data too old when converting from map to odom
[component_container_isolated-2] [ERROR] [1789771158.620526703] [tf_help]: Data time: 17s 800000000ns, Transform time: 3s 679000000ns
[component_container_isolated-2] [ERROR] [1789771158.674533336] [tf_help]: Transform data too old when converting from map to odom
[component_container_isolated-2] [ERROR] [1789771158.674572491] [tf_help]: Data time: 17s 800000000ns, Transform time: 3s 679000000ns
[component_container_isolated-2] [ERROR] [1789771158.720543713] [tf_help]: Transform data too old when converting from map to odom
[component_container_isolated-2] [ERROR] [1789771158.720574477] [tf_help]: Data time: 17s 800000000ns, Transform time: 3s 679000000ns
[component_container_isolated-2] [ERROR] [1789771158.770014929] [tf_help]: Transform data too old when converting from map to odom
[component_container_isolated-2] [ERROR] [1789771158.770046297] [tf_help]: Data time: 17s 800000000ns, Transform time: 3s 679000000ns
[component_container_isolated-2] [ERROR] [1789771158.820273378] [tf_help]: Transform data too old when converting from map to odom
[component_container_isolated-2] [ERROR] [1789771158.820307250] [tf_help]: Data time: 17s 800000000ns, Transform time: 3s 679000000ns
[component_container_isolated-2] [ERROR] [1789771158.870220127] [tf_help]: Transform data too old when converting from map to odom
[component_container_isolated-2] [ERROR] [1789771158.870269388] [tf_help]: Data time: 17s 800000000ns, Transform time: 3s 679000000ns
[component_container_isolated-2] [ERROR] [1789771158.920618404] [tf_help]: Transform data too old when converting from map to odom
[component_container_isolated-2] [ERROR] [1789771158.920654457] [tf_help]: Data time: 17s 800000000ns, Transform time: 3s 679000000ns
[component_container_isolated-2] [ERROR] [1789771158.970113088] [tf_help]: Transform data too old when converting from map to odom
[component_container_isolated-2] [ERROR] [1789771158.970146941] [tf_help]: Data time: 17s 800000000ns, Transform time: 3s 679000000ns
[component_container_isolated-2] [ERROR] [1789771159.020251460] [tf_help]: Transform data too old when converting from map to odom
[component_container_isolated-2] [ERROR] [1789771159.020284209] [tf_help]: Data time: 17s 800000000ns, Transform time: 3s 679000000ns
[component_container_isolated-2] [ERROR] [1789771159.069964839] [tf_help]: Transform data too old when converting from map to odom
[component_container_isolated-2] [ERROR] [1789771159.069995485] [tf_help]: Data time: 17s 800000000ns, Transform time: 3s 679000000ns
[component_container_isolated-2] [ERROR] [1789771159.120205161] [tf_help]: Transform data too old when converting from map to odom
[component_container_isolated-2] [ERROR] [1789771159.120236893] [tf_help]: Data time: 17s 800000000ns, Transform time: 3s 679000000ns
[component_container_isolated-2] [ERROR] [1789771159.170135208] [tf_help]: Transform data too old when converting from map to odom
[component_container_isolated-2] [ERROR] [1789771159.170165736] [tf_help]: Data time: 17s 800000000ns, Transform time: 3s 679000000ns
[component_container_isolated-2] [ERROR] [1789771159.220326213] [tf_help]: Transform data too old when converting from map to odom
[component_container_isolated-2] [ERROR] [1789771159.220360378] [tf_help]: Data time: 17s 800000000ns, Transform time: 3s 679000000ns
[component_container_isolated-2] [ERROR] [1789771159.270468117] [tf_help]: Transform data too old when converting from map to odom
[component_container_isolated-2] [ERROR] [1789771159.270502706] [tf_help]: Data time: 17s 800000000ns, Transform time: 3s 679000000ns
[component_container_isolated-2] [ERROR] [1789771159.323143429] [tf_help]: Transform data too old when converting from map to odom
[component_container_isolated-2] [ERROR] [1789771159.323186567] [tf_help]: Data time: 17s 800000000ns, Transform time: 3s 679000000ns
[component_container_isolated-2] [ERROR] [1789771159.370837719] [tf_help]: Transform data too old when converting from map to odom
[component_container_isolated-2] [ERROR] [1789771159.370869780] [tf_help]: Data time: 17s 800000000ns, Transform time: 3s 679000000ns
[component_container_isolated-2] [INFO] [1789771159.414895284] [controller_server]: Passing new path to controller.
[component_container_isolated-2] [ERROR] [1789771159.423448315] [tf_help]: Transform data too old when converting from map to odom
[component_container_isolated-2] [ERROR] [1789771159.423478461] [tf_help]: Data time: 18s 600000000ns, Transform time: 3s 679000000ns
[component_container_isolated-2] [ERROR] [1789771159.471569714] [tf_help]: Transform data too old when converting from map to odom
[component_container_isolated-2] [ERROR] [1789771159.471601108] [tf_help]: Data time: 18s 600000000ns, Transform time: 3s 679000000ns
[component_container_isolated-2] [ERROR] [1789771159.521236243] [tf_help]: Transform data too old when converting from map to odom
[component_container_isolated-2] [ERROR] [1789771159.521274318] [tf_help]: Data time: 18s 600000000ns, Transform time: 3s 679000000ns
[component_container_isolated-2] [ERROR] [1789771159.573716548] [tf_help]: Transform data too old when converting from map to odom
[component_container_isolated-2] [ERROR] [1789771159.573764333] [tf_help]: Data time: 18s 600000000ns, Transform time: 3s 679000000ns
[component_container_isolated-2] [ERROR] [1789771159.620511287] [tf_help]: Transform data too old when converting from map to odom
[component_container_isolated-2] [ERROR] [1789771159.620544193] [tf_help]: Data time: 18s 600000000ns, Transform time: 3s 679000000ns
[component_container_isolated-2] [ERROR] [1789771159.670033681] [tf_help]: Transform data too old when converting from map to odom
[component_container_isolated-2] [ERROR] [1789771159.670064560] [tf_help]: Data time: 18s 600000000ns, Transform time: 3s 679000000ns
[component_container_isolated-2] [ERROR] [1789771159.720013397] [tf_help]: Transform data too old when converting from map to odom
[component_container_isolated-2] [ERROR] [1789771159.720044612] [tf_help]: Data time: 18s 600000000ns, Transform time: 3s 679000000ns
[component_container_isolated-2] [ERROR] [1789771159.770206053] [tf_help]: Transform data too old when converting from map to odom
[component_container_isolated-2] [ERROR] [1789771159.770245439] [tf_help]: Data time: 18s 600000000ns, Transform time: 3s 679000000ns
[component_container_isolated-2] [ERROR] [1789771159.820145500] [tf_help]: Transform data too old when converting from map to odom
[component_container_isolated-2] [ERROR] [1789771159.820176600] [tf_help]: Data time: 18s 600000000ns, Transform time: 3s 679000000ns
[component_container_isolated-2] [ERROR] [1789771159.870275573] [tf_help]: Transform data too old when converting from map to odom
[component_container_isolated-2] [ERROR] [1789771159.870322712] [tf_help]: Data time: 18s 600000000ns, Transform time: 3s 679000000ns
[component_container_isolated-2] [ERROR] [1789771159.920034469] [tf_help]: Transform data too old when converting from map to odom
[component_container_isolated-2] [ERROR] [1789771159.920074485] [tf_help]: Data time: 18s 600000000ns, Transform time: 3s 679000000ns
[component_container_isolated-2] [ERROR] [1789771159.972383034] [tf_help]: Transform data too old when converting from map to odom
[component_container_isolated-2] [ERROR] [1789771159.972428126] [tf_help]: Data time: 18s 600000000ns, Transform time: 3s 679000000ns
[component_container_isolated-2] [ERROR] [1789771160.020476202] [tf_help]: Transform data too old when converting from map to odom
[component_container_isolated-2] [ERROR] [1789771160.020513275] [tf_help]: Data time: 18s 600000000ns, Transform time: 3s 679000000ns
[component_container_isolated-2] [ERROR] [1789771160.070520148] [tf_help]: Transform data too old when converting from map to odom
[component_container_isolated-2] [ERROR] [1789771160.070559060] [tf_help]: Data time: 18s 600000000ns, Transform time: 3s 679000000ns
[component_container_isolated-2] [ERROR] [1789771160.120117920] [tf_help]: Transform data too old when converting from map to odom
[component_container_isolated-2] [ERROR] [1789771160.120159140] [tf_help]: Data time: 18s 600000000ns, Transform time: 3s 679000000ns
[component_container_isolated-2] [ERROR] [1789771160.170506639] [tf_help]: Transform data too old when converting from map to odom
[component_container_isolated-2] [ERROR] [1789771160.170553728] [tf_help]: Data time: 18s 600000000ns, Transform time: 3s 679000000ns
[component_container_isolated-2] [ERROR] [1789771160.220241910] [tf_help]: Transform data too old when converting from map to odom
[component_container_isolated-2] [ERROR] [1789771160.220278017] [tf_help]: Data time: 18s 600000000ns, Transform time: 3s 679000000ns
[component_container_isolated-2] [ERROR] [1789771160.270239017] [tf_help]: Transform data too old when converting from map to odom
[component_container_isolated-2] [ERROR] [1789771160.270274487] [tf_help]: Data time: 18s 600000000ns, Transform time: 3s 679000000ns
[component_container_isolated-2] [ERROR] [1789771160.320304194] [tf_help]: Transform data too old when converting from map to odom
[component_container_isolated-2] [ERROR] [1789771160.320333091] [tf_help]: Data time: 18s 600000000ns, Transform time: 3s 679000000ns
[component_container_isolated-2] [ERROR] [1789771160.370762752] [tf_help]: Transform data too old when converting from map to odom
[component_container_isolated-2] [ERROR] [1789771160.370799901] [tf_help]: Data time: 18s 600000000ns, Transform time: 3s 679000000ns
[component_container_isolated-2] [INFO] [1789771160.414850231] [controller_server]: Passing new path to controller.
[component_container_isolated-2] [ERROR] [1789771160.420457422] [tf_help]: Transform data too old when converting from map to odom
[component_container_isolated-2] [ERROR] [1789771160.420480517] [tf_help]: Data time: 19s 700000000ns, Transform time: 3s 679000000ns
[component_container_isolated-2] [ERROR] [1789771160.470146343] [tf_help]: Transform data too old when converting from map to odom
[component_container_isolated-2] [ERROR] [1789771160.470193049] [tf_help]: Data time: 19s 700000000ns, Transform time: 3s 679000000ns
[component_container_isolated-2] [ERROR] [1789771160.520247509] [tf_help]: Transform data too old when converting from map to odom
[component_container_isolated-2] [ERROR] [1789771160.520279844] [tf_help]: Data time: 19s 700000000ns, Transform time: 3s 679000000ns
[component_container_isolated-2] [ERROR] [1789771160.570264638] [tf_help]: Transform data too old when converting from map to odom
[component_container_isolated-2] [ERROR] [1789771160.570302485] [tf_help]: Data time: 19s 700000000ns, Transform time: 3s 679000000ns
[component_container_isolated-2] [ERROR] [1789771160.620412809] [tf_help]: Transform data too old when converting from map to odom
[component_container_isolated-2] [ERROR] [1789771160.620456805] [tf_help]: Data time: 19s 700000000ns, Transform time: 3s 679000000ns
[component_container_isolated-2] [ERROR] [1789771160.671191278] [tf_help]: Transform data too old when converting from map to odom
[component_container_isolated-2] [ERROR] [1789771160.671226671] [tf_help]: Data time: 19s 700000000ns, Transform time: 3s 679000000ns
[ground_truth_localizer-1] [INFO] [1789771160.689798438] [ground_truth_localizer]: last 10 s: ground truth msgs 293, map->odom published 293 (277 via latest odom TF)
[component_container_isolated-2] [ERROR] [1789771160.720497049] [tf_help]: Transform data too old when converting from map to odom
[component_container_isolated-2] [ERROR] [1789771160.720528616] [tf_help]: Data time: 19s 700000000ns, Transform time: 3s 679000000ns
[component_container_isolated-2] [ERROR] [1789771160.770967163] [tf_help]: Transform data too old when converting from map to odom
[component_container_isolated-2] [ERROR] [1789771160.771007258] [tf_help]: Data time: 19s 700000000ns, Transform time: 3s 679000000ns
[component_container_isolated-2] [ERROR] [1789771160.824037592] [tf_help]: Transform data too old when converting from map to odom
[component_container_isolated-2] [ERROR] [1789771160.824078727] [tf_help]: Data time: 19s 700000000ns, Transform time: 3s 679000000ns
[component_container_isolated-2] [ERROR] [1789771160.872449853] [tf_help]: Transform data too old when converting from map to odom
[component_container_isolated-2] [ERROR] [1789771160.872482449] [tf_help]: Data time: 19s 700000000ns, Transform time: 3s 679000000ns
[component_container_isolated-2] [ERROR] [1789771160.920109844] [tf_help]: Transform data too old when converting from map to odom
[component_container_isolated-2] [ERROR] [1789771160.920143157] [tf_help]: Data time: 19s 700000000ns, Transform time: 3s 679000000ns
[component_container_isolated-2] [ERROR] [1789771160.970193270] [tf_help]: Transform data too old when converting from map to odom
[component_container_isolated-2] [ERROR] [1789771160.970223790] [tf_help]: Data time: 19s 700000000ns, Transform time: 3s 679000000ns
[component_container_isolated-2] [ERROR] [1789771161.020154340] [tf_help]: Transform data too old when converting from map to odom
[component_container_isolated-2] [ERROR] [1789771161.020189131] [tf_help]: Data time: 19s 700000000ns, Transform time: 3s 679000000ns
[component_container_isolated-2] [ERROR] [1789771161.069939378] [tf_help]: Transform data too old when converting from map to odom
[component_container_isolated-2] [ERROR] [1789771161.069970080] [tf_help]: Data time: 19s 700000000ns, Transform time: 3s 679000000ns
[component_container_isolated-2] [INFO] [1789771161.120050969] [controller_server]: [TG-MPPI] cycle time (compute_backend=cpu): 5.681 ms/cycle avg over 50 cycles
[component_container_isolated-2] [ERROR] [1789771161.120182692] [tf_help]: Transform data too old when converting from map to odom
[component_container_isolated-2] [ERROR] [1789771161.120202066] [tf_help]: Data time: 19s 700000000ns, Transform time: 3s 679000000ns
[component_container_isolated-2] [ERROR] [1789771161.170624174] [tf_help]: Transform data too old when converting from map to odom
[component_container_isolated-2] [ERROR] [1789771161.170666536] [tf_help]: Data time: 19s 700000000ns, Transform time: 3s 679000000ns
[component_container_isolated-2] [ERROR] [1789771161.220200392] [tf_help]: Transform data too old when converting from map to odom
[component_container_isolated-2] [ERROR] [1789771161.220233725] [tf_help]: Data time: 19s 700000000ns, Transform time: 3s 679000000ns
[component_container_isolated-2] [ERROR] [1789771161.270008253] [tf_help]: Transform data too old when converting from map to odom
[component_container_isolated-2] [ERROR] [1789771161.270041660] [tf_help]: Data time: 19s 700000000ns, Transform time: 3s 679000000ns
[component_container_isolated-2] [ERROR] [1789771161.329287801] [tf_help]: Transform data too old when converting from map to odom
[component_container_isolated-2] [ERROR] [1789771161.329371281] [tf_help]: Data time: 19s 700000000ns, Transform time: 3s 679000000ns
[component_container_isolated-2] [ERROR] [1789771161.370679773] [tf_help]: Transform data too old when converting from map to odom
[component_container_isolated-2] [ERROR] [1789771161.370718758] [tf_help]: Data time: 19s 700000000ns, Transform time: 3s 679000000ns
[component_container_isolated-2] [ERROR] [1789771161.425776942] [tf_help]: Transform data too old when converting from map to odom
[component_container_isolated-2] [ERROR] [1789771161.425811846] [tf_help]: Data time: 19s 700000000ns, Transform time: 3s 679000000ns
[component_container_isolated-2] [INFO] [1789771161.464882213] [controller_server]: Passing new path to controller.
[component_container_isolated-2] [ERROR] [1789771161.471189900] [tf_help]: Transform data too old when converting from map to odom
[component_container_isolated-2] [ERROR] [1789771161.471217206] [tf_help]: Data time: 20s 600000000ns, Transform time: 3s 679000000ns
[component_container_isolated-2] [ERROR] [1789771161.520391070] [tf_help]: Transform data too old when converting from map to odom
[component_container_isolated-2] [ERROR] [1789771161.520425272] [tf_help]: Data time: 20s 600000000ns, Transform time: 3s 679000000ns
[component_container_isolated-2] [ERROR] [1789771161.570475686] [tf_help]: Transform data too old when converting from map to odom
[component_container_isolated-2] [ERROR] [1789771161.570516240] [tf_help]: Data time: 20s 600000000ns, Transform time: 3s 679000000ns
[component_container_isolated-2] [ERROR] [1789771161.621050109] [tf_help]: Transform data too old when converting from map to odom
[component_container_isolated-2] [ERROR] [1789771161.621083992] [tf_help]: Data time: 20s 600000000ns, Transform time: 3s 679000000ns
[component_container_isolated-2] [ERROR] [1789771161.670917867] [tf_help]: Transform data too old when converting from map to odom
[component_container_isolated-2] [ERROR] [1789771161.670951734] [tf_help]: Data time: 20s 600000000ns, Transform time: 3s 679000000ns
[component_container_isolated-2] [ERROR] [1789771161.720982306] [tf_help]: Transform data too old when converting from map to odom
[component_container_isolated-2] [ERROR] [1789771161.721015814] [tf_help]: Data time: 20s 600000000ns, Transform time: 3s 679000000ns
[component_container_isolated-2] [ERROR] [1789771161.771421405] [tf_help]: Transform data too old when converting from map to odom
[component_container_isolated-2] [ERROR] [1789771161.771461304] [tf_help]: Data time: 20s 600000000ns, Transform time: 3s 679000000ns
[component_container_isolated-2] [ERROR] [1789771161.820204414] [tf_help]: Transform data too old when converting from map to odom
[component_container_isolated-2] [ERROR] [1789771161.820239032] [tf_help]: Data time: 20s 600000000ns, Transform time: 3s 679000000ns
[component_container_isolated-2] [ERROR] [1789771161.871127068] [tf_help]: Transform data too old when converting from map to odom
[component_container_isolated-2] [ERROR] [1789771161.871177968] [tf_help]: Data time: 20s 600000000ns, Transform time: 3s 679000000ns
[component_container_isolated-2] [ERROR] [1789771161.921222595] [tf_help]: Transform data too old when converting from map to odom
[component_container_isolated-2] [ERROR] [1789771161.921255305] [tf_help]: Data time: 20s 600000000ns, Transform time: 3s 679000000ns
[component_container_isolated-2] [ERROR] [1789771161.970519682] [tf_help]: Transform data too old when converting from map to odom
[component_container_isolated-2] [ERROR] [1789771161.970556503] [tf_help]: Data time: 20s 600000000ns, Transform time: 3s 679000000ns
[component_container_isolated-2] [ERROR] [1789771162.020745698] [tf_help]: Transform data too old when converting from map to odom
[component_container_isolated-2] [ERROR] [1789771162.020794161] [tf_help]: Data time: 20s 600000000ns, Transform time: 3s 679000000ns
[component_container_isolated-2] [ERROR] [1789771162.070502576] [tf_help]: Transform data too old when converting from map to odom
[component_container_isolated-2] [ERROR] [1789771162.070567713] [tf_help]: Data time: 20s 600000000ns, Transform time: 3s 679000000ns
[component_container_isolated-2] [ERROR] [1789771162.125614507] [tf_help]: Transform data too old when converting from map to odom
[component_container_isolated-2] [ERROR] [1789771162.125659820] [tf_help]: Data time: 20s 600000000ns, Transform time: 3s 679000000ns
[component_container_isolated-2] [ERROR] [1789771162.172424954] [tf_help]: Transform data too old when converting from map to odom
[component_container_isolated-2] [ERROR] [1789771162.172464962] [tf_help]: Data time: 20s 600000000ns, Transform time: 3s 679000000ns
[component_container_isolated-2] [ERROR] [1789771162.220300915] [tf_help]: Transform data too old when converting from map to odom
[component_container_isolated-2] [ERROR] [1789771162.220332012] [tf_help]: Data time: 20s 600000000ns, Transform time: 3s 679000000ns
[component_container_isolated-2] [ERROR] [1789771162.271951700] [tf_help]: Transform data too old when converting from map to odom
[component_container_isolated-2] [ERROR] [1789771162.271984462] [tf_help]: Data time: 20s 600000000ns, Transform time: 3s 679000000ns
[component_container_isolated-2] [ERROR] [1789771162.320505182] [tf_help]: Transform data too old when converting from map to odom
[component_container_isolated-2] [ERROR] [1789771162.320541772] [tf_help]: Data time: 20s 600000000ns, Transform time: 3s 679000000ns
[component_container_isolated-2] [ERROR] [1789771162.370464016] [tf_help]: Transform data too old when converting from map to odom
[component_container_isolated-2] [ERROR] [1789771162.370502984] [tf_help]: Data time: 20s 600000000ns, Transform time: 3s 679000000ns
[component_container_isolated-2] [ERROR] [1789771162.420636952] [tf_help]: Transform data too old when converting from map to odom
[component_container_isolated-2] [ERROR] [1789771162.420661907] [tf_help]: Data time: 20s 600000000ns, Transform time: 3s 679000000ns
[component_container_isolated-2] [ERROR] [1789771162.470030322] [tf_help]: Transform data too old when converting from map to odom
[component_container_isolated-2] [ERROR] [1789771162.470060494] [tf_help]: Data time: 20s 600000000ns, Transform time: 3s 679000000ns
[component_container_isolated-2] [INFO] [1789771162.514874793] [controller_server]: Passing new path to controller.
[component_container_isolated-2] [ERROR] [1789771162.520375260] [tf_help]: Transform data too old when converting from map to odom
[component_container_isolated-2] [ERROR] [1789771162.520404452] [tf_help]: Data time: 21s 600000000ns, Transform time: 3s 679000000ns
[component_container_isolated-2] [ERROR] [1789771162.570584876] [tf_help]: Transform data too old when converting from map to odom
[component_container_isolated-2] [ERROR] [1789771162.570622492] [tf_help]: Data time: 21s 600000000ns, Transform time: 3s 679000000ns
[component_container_isolated-2] [ERROR] [1789771162.620554526] [tf_help]: Transform data too old when converting from map to odom
[component_container_isolated-2] [ERROR] [1789771162.620599133] [tf_help]: Data time: 21s 600000000ns, Transform time: 3s 679000000ns
[component_container_isolated-2] [ERROR] [1789771162.670658572] [tf_help]: Transform data too old when converting from map to odom
[component_container_isolated-2] [ERROR] [1789771162.670691296] [tf_help]: Data time: 21s 600000000ns, Transform time: 3s 679000000ns
[component_container_isolated-2] [ERROR] [1789771162.720660906] [tf_help]: Transform data too old when converting from map to odom
[component_container_isolated-2] [ERROR] [1789771162.720706231] [tf_help]: Data time: 21s 600000000ns, Transform time: 3s 679000000ns
[component_container_isolated-2] [ERROR] [1789771162.770862403] [tf_help]: Transform data too old when converting from map to odom
[component_container_isolated-2] [ERROR] [1789771162.770914699] [tf_help]: Data time: 21s 600000000ns, Transform time: 3s 679000000ns
[component_container_isolated-2] [ERROR] [1789771162.820341675] [tf_help]: Transform data too old when converting from map to odom
[component_container_isolated-2] [ERROR] [1789771162.820373358] [tf_help]: Data time: 21s 600000000ns, Transform time: 3s 679000000ns
[component_container_isolated-2] [ERROR] [1789771162.870244516] [tf_help]: Transform data too old when converting from map to odom
[component_container_isolated-2] [ERROR] [1789771162.870288496] [tf_help]: Data time: 21s 600000000ns, Transform time: 3s 679000000ns
[component_container_isolated-2] [ERROR] [1789771162.920466345] [tf_help]: Transform data too old when converting from map to odom
[component_container_isolated-2] [ERROR] [1789771162.920498837] [tf_help]: Data time: 21s 600000000ns, Transform time: 3s 679000000ns
[component_container_isolated-2] [ERROR] [1789771162.970659832] [tf_help]: Transform data too old when converting from map to odom
[component_container_isolated-2] [ERROR] [1789771162.970694919] [tf_help]: Data time: 21s 600000000ns, Transform time: 3s 679000000ns
[component_container_isolated-2] [ERROR] [1789771163.020474172] [tf_help]: Transform data too old when converting from map to odom
[component_container_isolated-2] [ERROR] [1789771163.020511557] [tf_help]: Data time: 21s 600000000ns, Transform time: 3s 679000000ns
[component_container_isolated-2] [ERROR] [1789771163.070367169] [tf_help]: Transform data too old when converting from map to odom
[component_container_isolated-2] [ERROR] [1789771163.070398156] [tf_help]: Data time: 21s 600000000ns, Transform time: 3s 679000000ns
[component_container_isolated-2] [ERROR] [1789771163.120064325] [tf_help]: Transform data too old when converting from map to odom
[component_container_isolated-2] [ERROR] [1789771163.120098033] [tf_help]: Data time: 21s 600000000ns, Transform time: 3s 679000000ns
[component_container_isolated-2] [ERROR] [1789771163.169960582] [tf_help]: Transform data too old when converting from map to odom
[component_container_isolated-2] [ERROR] [1789771163.169999091] [tf_help]: Data time: 21s 600000000ns, Transform time: 3s 679000000ns
[component_container_isolated-2] [ERROR] [1789771163.220026266] [tf_help]: Transform data too old when converting from map to odom
[component_container_isolated-2] [ERROR] [1789771163.220060128] [tf_help]: Data time: 21s 600000000ns, Transform time: 3s 679000000ns
[component_container_isolated-2] [ERROR] [1789771163.270023197] [tf_help]: Transform data too old when converting from map to odom
[component_container_isolated-2] [ERROR] [1789771163.270059969] [tf_help]: Data time: 21s 600000000ns, Transform time: 3s 679000000ns
[component_container_isolated-2] [ERROR] [1789771163.320016868] [tf_help]: Transform data too old when converting from map to odom
[component_container_isolated-2] [ERROR] [1789771163.320052839] [tf_help]: Data time: 21s 600000000ns, Transform time: 3s 679000000ns
[component_container_isolated-2] [ERROR] [1789771163.370204118] [tf_help]: Transform data too old when converting from map to odom
[component_container_isolated-2] [ERROR] [1789771163.370235717] [tf_help]: Data time: 21s 600000000ns, Transform time: 3s 679000000ns
[component_container_isolated-2] [ERROR] [1789771163.420238949] [tf_help]: Transform data too old when converting from map to odom
[component_container_isolated-2] [ERROR] [1789771163.420269699] [tf_help]: Data time: 21s 600000000ns, Transform time: 3s 679000000ns
[component_container_isolated-2] [ERROR] [1789771163.470522873] [tf_help]: Transform data too old when converting from map to odom
[component_container_isolated-2] [ERROR] [1789771163.470553622] [tf_help]: Data time: 21s 600000000ns, Transform time: 3s 679000000ns
[component_container_isolated-2] [INFO] [1789771163.514876914] [controller_server]: Passing new path to controller.
[component_container_isolated-2] [ERROR] [1789771163.520052645] [tf_help]: Transform data too old when converting from map to odom
[component_container_isolated-2] [ERROR] [1789771163.520072394] [tf_help]: Data time: 22s 600000000ns, Transform time: 3s 679000000ns
[component_container_isolated-2] [ERROR] [1789771163.570072876] [tf_help]: Transform data too old when converting from map to odom
[component_container_isolated-2] [ERROR] [1789771163.570105035] [tf_help]: Data time: 22s 600000000ns, Transform time: 3s 679000000ns
[component_container_isolated-2] [INFO] [1789771163.619914458] [controller_server]: [TG-MPPI] cycle time (compute_backend=cpu): 5.811 ms/cycle avg over 50 cycles
[component_container_isolated-2] [ERROR] [1789771163.620058947] [tf_help]: Transform data too old when converting from map to odom
[component_container_isolated-2] [ERROR] [1789771163.620078814] [tf_help]: Data time: 22s 600000000ns, Transform time: 3s 679000000ns
[component_container_isolated-2] [ERROR] [1789771163.670405425] [tf_help]: Transform data too old when converting from map to odom
[component_container_isolated-2] [ERROR] [1789771163.670451551] [tf_help]: Data time: 22s 600000000ns, Transform time: 3s 679000000ns
[component_container_isolated-2] [ERROR] [1789771163.720209518] [tf_help]: Transform data too old when converting from map to odom
[component_container_isolated-2] [ERROR] [1789771163.720242505] [tf_help]: Data time: 22s 600000000ns, Transform time: 3s 679000000ns
[component_container_isolated-2] [ERROR] [1789771163.770087623] [tf_help]: Transform data too old when converting from map to odom
[component_container_isolated-2] [ERROR] [1789771163.770120555] [tf_help]: Data time: 22s 600000000ns, Transform time: 3s 679000000ns
[component_container_isolated-2] [ERROR] [1789771163.820148046] [tf_help]: Transform data too old when converting from map to odom
[component_container_isolated-2] [ERROR] [1789771163.820178818] [tf_help]: Data time: 22s 600000000ns, Transform time: 3s 679000000ns
[component_container_isolated-2] [ERROR] [1789771163.870422768] [tf_help]: Transform data too old when converting from map to odom
[component_container_isolated-2] [ERROR] [1789771163.870469615] [tf_help]: Data time: 22s 600000000ns, Transform time: 3s 679000000ns
[component_container_isolated-2] [ERROR] [1789771163.922814010] [tf_help]: Transform data too old when converting from map to odom
[component_container_isolated-2] [ERROR] [1789771163.922859078] [tf_help]: Data time: 22s 600000000ns, Transform time: 3s 679000000ns
[component_container_isolated-2] [ERROR] [1789771163.975188035] [tf_help]: Transform data too old when converting from map to odom
[component_container_isolated-2] [ERROR] [1789771163.975232347] [tf_help]: Data time: 22s 600000000ns, Transform time: 3s 679000000ns
[component_container_isolated-2] [ERROR] [1789771164.024929197] [tf_help]: Transform data too old when converting from map to odom
[component_container_isolated-2] [ERROR] [1789771164.024974336] [tf_help]: Data time: 22s 600000000ns, Transform time: 3s 679000000ns
[component_container_isolated-2] [ERROR] [1789771164.074920649] [tf_help]: Transform data too old when converting from map to odom
[component_container_isolated-2] [ERROR] [1789771164.074963726] [tf_help]: Data time: 22s 600000000ns, Transform time: 3s 679000000ns
[component_container_isolated-2] [ERROR] [1789771164.121116040] [tf_help]: Transform data too old when converting from map to odom
[component_container_isolated-2] [ERROR] [1789771164.121146514] [tf_help]: Data time: 22s 600000000ns, Transform time: 3s 679000000ns
[component_container_isolated-2] [ERROR] [1789771164.173885669] [tf_help]: Transform data too old when converting from map to odom
[component_container_isolated-2] [ERROR] [1789771164.173916965] [tf_help]: Data time: 22s 600000000ns, Transform time: 3s 679000000ns
[component_container_isolated-2] [ERROR] [1789771164.220335734] [tf_help]: Transform data too old when converting from map to odom
[component_container_isolated-2] [ERROR] [1789771164.220369113] [tf_help]: Data time: 22s 600000000ns, Transform time: 3s 679000000ns
[component_container_isolated-2] [ERROR] [1789771164.270175283] [tf_help]: Transform data too old when converting from map to odom
[component_container_isolated-2] [ERROR] [1789771164.270206279] [tf_help]: Data time: 22s 600000000ns, Transform time: 3s 679000000ns
[component_container_isolated-2] [ERROR] [1789771164.320416562] [tf_help]: Transform data too old when converting from map to odom
[component_container_isolated-2] [ERROR] [1789771164.320448384] [tf_help]: Data time: 22s 600000000ns, Transform time: 3s 679000000ns
[component_container_isolated-2] [ERROR] [1789771164.370466339] [tf_help]: Transform data too old when converting from map to odom
[component_container_isolated-2] [ERROR] [1789771164.370498500] [tf_help]: Data time: 22s 600000000ns, Transform time: 3s 679000000ns
[component_container_isolated-2] [ERROR] [1789771164.420361186] [tf_help]: Transform data too old when converting from map to odom
[component_container_isolated-2] [ERROR] [1789771164.420391600] [tf_help]: Data time: 22s 600000000ns, Transform time: 3s 679000000ns
[component_container_isolated-2] [ERROR] [1789771164.470358207] [tf_help]: Transform data too old when converting from map to odom
[component_container_isolated-2] [ERROR] [1789771164.470392576] [tf_help]: Data time: 22s 600000000ns, Transform time: 3s 679000000ns
[component_container_isolated-2] [ERROR] [1789771164.520141357] [tf_help]: Transform data too old when converting from map to odom
[component_container_isolated-2] [ERROR] [1789771164.520175572] [tf_help]: Data time: 22s 600000000ns, Transform time: 3s 679000000ns
[component_container_isolated-2] [INFO] [1789771164.564879026] [controller_server]: Passing new path to controller.
[component_container_isolated-2] [ERROR] [1789771164.570183867] [tf_help]: Transform data too old when converting from map to odom
[component_container_isolated-2] [ERROR] [1789771164.570205273] [tf_help]: Data time: 23s 500000000ns, Transform time: 3s 679000000ns
[component_container_isolated-2] [ERROR] [1789771164.620191440] [tf_help]: Transform data too old when converting from map to odom
[component_container_isolated-2] [ERROR] [1789771164.620220712] [tf_help]: Data time: 23s 500000000ns, Transform time: 3s 679000000ns
[component_container_isolated-2] [ERROR] [1789771164.670019787] [tf_help]: Transform data too old when converting from map to odom
[component_container_isolated-2] [ERROR] [1789771164.670054320] [tf_help]: Data time: 23s 500000000ns, Transform time: 3s 679000000ns
[component_container_isolated-2] [ERROR] [1789771164.720065481] [tf_help]: Transform data too old when converting from map to odom
[component_container_isolated-2] [ERROR] [1789771164.720103085] [tf_help]: Data time: 23s 500000000ns, Transform time: 3s 679000000ns
[component_container_isolated-2] [ERROR] [1789771164.773685068] [tf_help]: Transform data too old when converting from map to odom
[component_container_isolated-2] [ERROR] [1789771164.773724074] [tf_help]: Data time: 23s 500000000ns, Transform time: 3s 679000000ns
[component_container_isolated-2] [ERROR] [1789771164.828832498] [tf_help]: Transform data too old when converting from map to odom
[component_container_isolated-2] [ERROR] [1789771164.829010922] [tf_help]: Data time: 23s 500000000ns, Transform time: 3s 679000000ns
[component_container_isolated-2] [ERROR] [1789771164.871996093] [tf_help]: Transform data too old when converting from map to odom
[component_container_isolated-2] [ERROR] [1789771164.872033699] [tf_help]: Data time: 23s 500000000ns, Transform time: 3s 679000000ns
[component_container_isolated-2] [ERROR] [1789771164.921350198] [tf_help]: Transform data too old when converting from map to odom
[component_container_isolated-2] [ERROR] [1789771164.921381887] [tf_help]: Data time: 23s 500000000ns, Transform time: 3s 679000000ns
[component_container_isolated-2] [ERROR] [1789771164.971926627] [tf_help]: Transform data too old when converting from map to odom
[component_container_isolated-2] [ERROR] [1789771164.971958435] [tf_help]: Data time: 23s 500000000ns, Transform time: 3s 679000000ns
[component_container_isolated-2] [ERROR] [1789771165.020248840] [tf_help]: Transform data too old when converting from map to odom
[component_container_isolated-2] [ERROR] [1789771165.020281754] [tf_help]: Data time: 23s 500000000ns, Transform time: 3s 679000000ns
[component_container_isolated-2] [ERROR] [1789771165.070510689] [tf_help]: Transform data too old when converting from map to odom
[component_container_isolated-2] [ERROR] [1789771165.070552327] [tf_help]: Data time: 23s 500000000ns, Transform time: 3s 679000000ns
[component_container_isolated-2] [ERROR] [1789771165.120054375] [tf_help]: Transform data too old when converting from map to odom
[component_container_isolated-2] [ERROR] [1789771165.120089180] [tf_help]: Data time: 23s 500000000ns, Transform time: 3s 679000000ns
[component_container_isolated-2] [ERROR] [1789771165.170079311] [tf_help]: Transform data too old when converting from map to odom
[component_container_isolated-2] [ERROR] [1789771165.170116133] [tf_help]: Data time: 23s 500000000ns, Transform time: 3s 679000000ns
[component_container_isolated-2] [ERROR] [1789771165.220112778] [tf_help]: Transform data too old when converting from map to odom
[component_container_isolated-2] [ERROR] [1789771165.220146693] [tf_help]: Data time: 23s 500000000ns, Transform time: 3s 679000000ns
[component_container_isolated-2] [ERROR] [1789771165.270069490] [tf_help]: Transform data too old when converting from map to odom
[component_container_isolated-2] [ERROR] [1789771165.270120740] [tf_help]: Data time: 23s 500000000ns, Transform time: 3s 679000000ns
[component_container_isolated-2] [ERROR] [1789771165.320106883] [tf_help]: Transform data too old when converting from map to odom
[component_container_isolated-2] [ERROR] [1789771165.320131682] [tf_help]: Data time: 23s 500000000ns, Transform time: 3s 679000000ns
[component_container_isolated-2] [ERROR] [1789771165.370208651] [tf_help]: Transform data too old when converting from map to odom
[component_container_isolated-2] [ERROR] [1789771165.370242226] [tf_help]: Data time: 23s 500000000ns, Transform time: 3s 679000000ns
[component_container_isolated-2] [ERROR] [1789771165.420156603] [tf_help]: Transform data too old when converting from map to odom
[component_container_isolated-2] [ERROR] [1789771165.420187575] [tf_help]: Data time: 23s 500000000ns, Transform time: 3s 679000000ns
[component_container_isolated-2] [ERROR] [1789771165.469978143] [tf_help]: Transform data too old when converting from map to odom
[component_container_isolated-2] [ERROR] [1789771165.470010332] [tf_help]: Data time: 23s 500000000ns, Transform time: 3s 679000000ns
[component_container_isolated-2] [ERROR] [1789771165.521056779] [tf_help]: Transform data too old when converting from map to odom
[component_container_isolated-2] [ERROR] [1789771165.521084175] [tf_help]: Data time: 23s 500000000ns, Transform time: 3s 679000000ns
[component_container_isolated-2] [INFO] [1789771165.564882301] [controller_server]: Passing new path to controller.
[component_container_isolated-2] [ERROR] [1789771165.570580494] [tf_help]: Transform data too old when converting from map to odom
[component_container_isolated-2] [ERROR] [1789771165.570607083] [tf_help]: Data time: 24s 500000000ns, Transform time: 3s 679000000ns
[component_container_isolated-2] [ERROR] [1789771165.620684091] [tf_help]: Transform data too old when converting from map to odom
[component_container_isolated-2] [ERROR] [1789771165.620716794] [tf_help]: Data time: 24s 500000000ns, Transform time: 3s 679000000ns
[component_container_isolated-2] [ERROR] [1789771165.670196839] [tf_help]: Transform data too old when converting from map to odom
[component_container_isolated-2] [ERROR] [1789771165.670232765] [tf_help]: Data time: 24s 500000000ns, Transform time: 3s 679000000ns
[component_container_isolated-2] [ERROR] [1789771165.720381022] [tf_help]: Transform data too old when converting from map to odom
[component_container_isolated-2] [ERROR] [1789771165.720416980] [tf_help]: Data time: 24s 500000000ns, Transform time: 3s 679000000ns
[component_container_isolated-2] [ERROR] [1789771165.770167232] [tf_help]: Transform data too old when converting from map to odom
[component_container_isolated-2] [ERROR] [1789771165.770201209] [tf_help]: Data time: 24s 500000000ns, Transform time: 3s 679000000ns
[component_container_isolated-2] [ERROR] [1789771165.825056536] [tf_help]: Transform data too old when converting from map to odom
[component_container_isolated-2] [ERROR] [1789771165.825122805] [tf_help]: Data time: 24s 500000000ns, Transform time: 3s 679000000ns
[component_container_isolated-2] [ERROR] [1789771165.883694039] [tf_help]: Transform data too old when converting from map to odom
[component_container_isolated-2] [ERROR] [1789771165.883791416] [tf_help]: Data time: 24s 500000000ns, Transform time: 3s 679000000ns
[component_container_isolated-2] [ERROR] [1789771165.933417853] [tf_help]: Transform data too old when converting from map to odom
[component_container_isolated-2] [ERROR] [1789771165.933491163] [tf_help]: Data time: 24s 500000000ns, Transform time: 3s 679000000ns
[component_container_isolated-2] [ERROR] [1789771165.976486445] [tf_help]: Transform data too old when converting from map to odom
[component_container_isolated-2] [ERROR] [1789771165.976547316] [tf_help]: Data time: 24s 500000000ns, Transform time: 3s 679000000ns
[component_container_isolated-2] [ERROR] [1789771166.023571127] [tf_help]: Transform data too old when converting from map to odom
[component_container_isolated-2] [ERROR] [1789771166.023605420] [tf_help]: Data time: 24s 500000000ns, Transform time: 3s 679000000ns
[component_container_isolated-2] [ERROR] [1789771166.073352059] [tf_help]: Transform data too old when converting from map to odom
[component_container_isolated-2] [ERROR] [1789771166.073385666] [tf_help]: Data time: 24s 500000000ns, Transform time: 3s 679000000ns
[component_container_isolated-2] [INFO] [1789771166.120531002] [controller_server]: [TG-MPPI] cycle time (compute_backend=cpu): 6.746 ms/cycle avg over 50 cycles
[component_container_isolated-2] [ERROR] [1789771166.120699167] [tf_help]: Transform data too old when converting from map to odom
[component_container_isolated-2] [ERROR] [1789771166.120716878] [tf_help]: Data time: 24s 500000000ns, Transform time: 3s 679000000ns
[component_container_isolated-2] [ERROR] [1789771166.170968406] [tf_help]: Transform data too old when converting from map to odom
[component_container_isolated-2] [ERROR] [1789771166.171000416] [tf_help]: Data time: 24s 500000000ns, Transform time: 3s 679000000ns
[component_container_isolated-2] [ERROR] [1789771166.224960872] [tf_help]: Transform data too old when converting from map to odom
[component_container_isolated-2] [ERROR] [1789771166.225006374] [tf_help]: Data time: 24s 500000000ns, Transform time: 3s 679000000ns
[component_container_isolated-2] [ERROR] [1789771166.275069536] [tf_help]: Transform data too old when converting from map to odom
[component_container_isolated-2] [ERROR] [1789771166.275140964] [tf_help]: Data time: 24s 500000000ns, Transform time: 3s 679000000ns
[component_container_isolated-2] [ERROR] [1789771166.322156010] [tf_help]: Transform data too old when converting from map to odom
[component_container_isolated-2] [ERROR] [1789771166.322193118] [tf_help]: Data time: 24s 500000000ns, Transform time: 3s 679000000ns
[component_container_isolated-2] [ERROR] [1789771166.370897174] [tf_help]: Transform data too old when converting from map to odom
[component_container_isolated-2] [ERROR] [1789771166.370931100] [tf_help]: Data time: 24s 500000000ns, Transform time: 3s 679000000ns
[component_container_isolated-2] [ERROR] [1789771166.420062451] [tf_help]: Transform data too old when converting from map to odom
[component_container_isolated-2] [ERROR] [1789771166.420095093] [tf_help]: Data time: 24s 500000000ns, Transform time: 3s 679000000ns
[component_container_isolated-2] [ERROR] [1789771166.471231845] [tf_help]: Transform data too old when converting from map to odom
[component_container_isolated-2] [ERROR] [1789771166.471278948] [tf_help]: Data time: 24s 500000000ns, Transform time: 3s 679000000ns
[component_container_isolated-2] [ERROR] [1789771166.520241324] [tf_help]: Transform data too old when converting from map to odom
[component_container_isolated-2] [ERROR] [1789771166.520271089] [tf_help]: Data time: 24s 500000000ns, Transform time: 3s 679000000ns
[component_container_isolated-2] [ERROR] [1789771166.570167717] [tf_help]: Transform data too old when converting from map to odom
[component_container_isolated-2] [ERROR] [1789771166.570198935] [tf_help]: Data time: 24s 500000000ns, Transform time: 3s 679000000ns
[component_container_isolated-2] [INFO] [1789771166.614847476] [controller_server]: Passing new path to controller.
[component_container_isolated-2] [ERROR] [1789771166.620249221] [tf_help]: Transform data too old when converting from map to odom
[component_container_isolated-2] [ERROR] [1789771166.620273302] [tf_help]: Data time: 25s 500000000ns, Transform time: 3s 679000000ns
[component_container_isolated-2] [ERROR] [1789771166.669979675] [tf_help]: Transform data too old when converting from map to odom
[component_container_isolated-2] [ERROR] [1789771166.670015039] [tf_help]: Data time: 25s 500000000ns, Transform time: 3s 679000000ns
[component_container_isolated-2] [ERROR] [1789771166.721883746] [tf_help]: Transform data too old when converting from map to odom
[component_container_isolated-2] [ERROR] [1789771166.721918233] [tf_help]: Data time: 25s 500000000ns, Transform time: 3s 679000000ns
[component_container_isolated-2] [ERROR] [1789771166.770137994] [tf_help]: Transform data too old when converting from map to odom
[component_container_isolated-2] [ERROR] [1789771166.770170358] [tf_help]: Data time: 25s 500000000ns, Transform time: 3s 679000000ns
[component_container_isolated-2] [ERROR] [1789771166.820188783] [tf_help]: Transform data too old when converting from map to odom
[component_container_isolated-2] [ERROR] [1789771166.820226187] [tf_help]: Data time: 25s 500000000ns, Transform time: 3s 679000000ns
[component_container_isolated-2] [ERROR] [1789771166.870052172] [tf_help]: Transform data too old when converting from map to odom
[component_container_isolated-2] [ERROR] [1789771166.870087649] [tf_help]: Data time: 25s 500000000ns, Transform time: 3s 679000000ns
[component_container_isolated-2] [ERROR] [1789771166.920153686] [tf_help]: Transform data too old when converting from map to odom
[component_container_isolated-2] [ERROR] [1789771166.920184735] [tf_help]: Data time: 25s 500000000ns, Transform time: 3s 679000000ns
[component_container_isolated-2] [ERROR] [1789771166.970088274] [tf_help]: Transform data too old when converting from map to odom
[component_container_isolated-2] [ERROR] [1789771166.970121627] [tf_help]: Data time: 25s 500000000ns, Transform time: 3s 679000000ns
[component_container_isolated-2] [ERROR] [1789771167.020000295] [tf_help]: Transform data too old when converting from map to odom
[component_container_isolated-2] [ERROR] [1789771167.020038489] [tf_help]: Data time: 25s 500000000ns, Transform time: 3s 679000000ns
[component_container_isolated-2] [ERROR] [1789771167.070097362] [tf_help]: Transform data too old when converting from map to odom
[component_container_isolated-2] [ERROR] [1789771167.070133026] [tf_help]: Data time: 25s 500000000ns, Transform time: 3s 679000000ns
[component_container_isolated-2] [ERROR] [1789771167.120407437] [tf_help]: Transform data too old when converting from map to odom
[component_container_isolated-2] [ERROR] [1789771167.120445152] [tf_help]: Data time: 25s 500000000ns, Transform time: 3s 679000000ns
[component_container_isolated-2] [ERROR] [1789771167.169948165] [tf_help]: Transform data too old when converting from map to odom
[component_container_isolated-2] [ERROR] [1789771167.169984271] [tf_help]: Data time: 25s 500000000ns, Transform time: 3s 679000000ns
[component_container_isolated-2] [ERROR] [1789771167.220315456] [tf_help]: Transform data too old when converting from map to odom
[component_container_isolated-2] [ERROR] [1789771167.220347258] [tf_help]: Data time: 25s 500000000ns, Transform time: 3s 679000000ns
[component_container_isolated-2] [ERROR] [1789771167.270319678] [tf_help]: Transform data too old when converting from map to odom
[component_container_isolated-2] [ERROR] [1789771167.270355627] [tf_help]: Data time: 25s 500000000ns, Transform time: 3s 679000000ns
[component_container_isolated-2] [ERROR] [1789771167.320118888] [tf_help]: Transform data too old when converting from map to odom
[component_container_isolated-2] [ERROR] [1789771167.320155462] [tf_help]: Data time: 25s 500000000ns, Transform time: 3s 679000000ns
[component_container_isolated-2] [ERROR] [1789771167.370046500] [tf_help]: Transform data too old when converting from map to odom
[component_container_isolated-2] [ERROR] [1789771167.370086652] [tf_help]: Data time: 25s 500000000ns, Transform time: 3s 679000000ns
[component_container_isolated-2] [ERROR] [1789771167.420227879] [tf_help]: Transform data too old when converting from map to odom
[component_container_isolated-2] [ERROR] [1789771167.420268499] [tf_help]: Data time: 25s 500000000ns, Transform time: 3s 679000000ns
[component_container_isolated-2] [ERROR] [1789771167.470471334] [tf_help]: Transform data too old when converting from map to odom
[component_container_isolated-2] [ERROR] [1789771167.470508676] [tf_help]: Data time: 25s 500000000ns, Transform time: 3s 679000000ns
[component_container_isolated-2] [ERROR] [1789771167.520416176] [tf_help]: Transform data too old when converting from map to odom
[component_container_isolated-2] [ERROR] [1789771167.520451740] [tf_help]: Data time: 25s 500000000ns, Transform time: 3s 679000000ns
[component_container_isolated-2] [ERROR] [1789771167.569927998] [tf_help]: Transform data too old when converting from map to odom
[component_container_isolated-2] [ERROR] [1789771167.569963007] [tf_help]: Data time: 25s 500000000ns, Transform time: 3s 679000000ns
[component_container_isolated-2] [ERROR] [1789771167.620120757] [tf_help]: Transform data too old when converting from map to odom
[component_container_isolated-2] [ERROR] [1789771167.620155856] [tf_help]: Data time: 25s 500000000ns, Transform time: 3s 679000000ns
[component_container_isolated-2] [INFO] [1789771167.664876635] [controller_server]: Passing new path to controller.
[component_container_isolated-2] [ERROR] [1789771167.670223298] [tf_help]: Transform data too old when converting from map to odom
[component_container_isolated-2] [ERROR] [1789771167.670256169] [tf_help]: Data time: 26s 300000000ns, Transform time: 3s 679000000ns
[component_container_isolated-2] [ERROR] [1789771167.719937071] [tf_help]: Transform data too old when converting from map to odom
[component_container_isolated-2] [ERROR] [1789771167.719969937] [tf_help]: Data time: 26s 300000000ns, Transform time: 3s 679000000ns
[component_container_isolated-2] [ERROR] [1789771167.770150178] [tf_help]: Transform data too old when converting from map to odom
[component_container_isolated-2] [ERROR] [1789771167.770181876] [tf_help]: Data time: 26s 300000000ns, Transform time: 3s 679000000ns
[component_container_isolated-2] [ERROR] [1789771167.820199781] [tf_help]: Transform data too old when converting from map to odom
[component_container_isolated-2] [ERROR] [1789771167.820232324] [tf_help]: Data time: 26s 300000000ns, Transform time: 3s 679000000ns
[component_container_isolated-2] [ERROR] [1789771167.864911682] [controller_server]: Failed to make progress
[component_container_isolated-2] [WARN] [1789771167.864972712] [controller_server]: [follow_path] [ActionServer] Aborting handle.
[component_container_isolated-2] [INFO] [1789771167.875686697] [local_costmap.local_costmap]: Received request to clear entirely the local_costmap
[component_container_isolated-2] [INFO] [1789771167.875970502] [global_costmap.global_costmap]: Received request to clear entirely the global_costmap
[component_container_isolated-2] [WARN] [1789771168.726542343] [planner_server]: Planner loop missed its desired rate of 20.0000 Hz. Current loop rate is 1.2500 Hz
[component_container_isolated-2] [INFO] [1789771168.746186821] [controller_server]: Received a goal, begin computing control effort.
[component_container_isolated-2] [ERROR] [1789771168.755906016] [tf_help]: Transform data too old when converting from map to odom
[component_container_isolated-2] [ERROR] [1789771168.755959955] [tf_help]: Data time: 27s 500000000ns, Transform time: 3s 679000000ns
[component_container_isolated-2] [ERROR] [1789771168.802586232] [tf_help]: Transform data too old when converting from map to odom
[component_container_isolated-2] [ERROR] [1789771168.802622421] [tf_help]: Data time: 27s 500000000ns, Transform time: 3s 679000000ns
[component_container_isolated-2] [ERROR] [1789771168.852182605] [tf_help]: Transform data too old when converting from map to odom
[component_container_isolated-2] [ERROR] [1789771168.852219882] [tf_help]: Data time: 27s 500000000ns, Transform time: 3s 679000000ns
[component_container_isolated-2] [ERROR] [1789771168.904208038] [tf_help]: Transform data too old when converting from map to odom
[component_container_isolated-2] [ERROR] [1789771168.904253449] [tf_help]: Data time: 27s 500000000ns, Transform time: 3s 679000000ns
[component_container_isolated-2] [ERROR] [1789771168.956414927] [tf_help]: Transform data too old when converting from map to odom
[component_container_isolated-2] [ERROR] [1789771168.956467240] [tf_help]: Data time: 27s 500000000ns, Transform time: 3s 679000000ns
[component_container_isolated-2] [ERROR] [1789771169.007169480] [tf_help]: Transform data too old when converting from map to odom
[component_container_isolated-2] [ERROR] [1789771169.007218699] [tf_help]: Data time: 27s 500000000ns, Transform time: 3s 679000000ns
[component_container_isolated-2] [ERROR] [1789771169.056055642] [tf_help]: Transform data too old when converting from map to odom
[component_container_isolated-2] [ERROR] [1789771169.056094102] [tf_help]: Data time: 27s 500000000ns, Transform time: 3s 679000000ns
[component_container_isolated-2] [ERROR] [1789771169.101539630] [tf_help]: Transform data too old when converting from map to odom
[component_container_isolated-2] [ERROR] [1789771169.101572407] [tf_help]: Data time: 27s 500000000ns, Transform time: 3s 679000000ns
[component_container_isolated-2] [ERROR] [1789771169.151610836] [tf_help]: Transform data too old when converting from map to odom
[component_container_isolated-2] [ERROR] [1789771169.151642269] [tf_help]: Data time: 27s 500000000ns, Transform time: 3s 679000000ns
[component_container_isolated-2] [ERROR] [1789771169.201886697] [tf_help]: Transform data too old when converting from map to odom
[component_container_isolated-2] [ERROR] [1789771169.201923106] [tf_help]: Data time: 27s 500000000ns, Transform time: 3s 679000000ns
[component_container_isolated-2] [ERROR] [1789771169.251446197] [tf_help]: Transform data too old when converting from map to odom
[component_container_isolated-2] [ERROR] [1789771169.251480436] [tf_help]: Data time: 27s 500000000ns, Transform time: 3s 679000000ns
[component_container_isolated-2] [ERROR] [1789771169.302846281] [tf_help]: Transform data too old when converting from map to odom
[component_container_isolated-2] [ERROR] [1789771169.302889044] [tf_help]: Data time: 27s 500000000ns, Transform time: 3s 679000000ns
[component_container_isolated-2] [ERROR] [1789771169.352164025] [tf_help]: Transform data too old when converting from map to odom
[component_container_isolated-2] [ERROR] [1789771169.352197773] [tf_help]: Data time: 27s 500000000ns, Transform time: 3s 679000000ns
[component_container_isolated-2] [ERROR] [1789771169.402943610] [tf_help]: Transform data too old when converting from map to odom
[component_container_isolated-2] [ERROR] [1789771169.402973134] [tf_help]: Data time: 27s 500000000ns, Transform time: 3s 679000000ns
[component_container_isolated-2] [ERROR] [1789771169.451959396] [tf_help]: Transform data too old when converting from map to odom
[component_container_isolated-2] [ERROR] [1789771169.451995284] [tf_help]: Data time: 27s 500000000ns, Transform time: 3s 679000000ns
[component_container_isolated-2] [INFO] [1789771169.501294914] [controller_server]: [TG-MPPI] cycle time (compute_backend=cpu): 5.882 ms/cycle avg over 50 cycles
[component_container_isolated-2] [ERROR] [1789771169.501454401] [tf_help]: Transform data too old when converting from map to odom
[component_container_isolated-2] [ERROR] [1789771169.501475260] [tf_help]: Data time: 27s 500000000ns, Transform time: 3s 679000000ns
[component_container_isolated-2] [ERROR] [1789771169.551581156] [tf_help]: Transform data too old when converting from map to odom
[component_container_isolated-2] [ERROR] [1789771169.551613816] [tf_help]: Data time: 27s 500000000ns, Transform time: 3s 679000000ns
[component_container_isolated-2] [ERROR] [1789771169.602144791] [tf_help]: Transform data too old when converting from map to odom
[component_container_isolated-2] [ERROR] [1789771169.602178318] [tf_help]: Data time: 27s 500000000ns, Transform time: 3s 679000000ns
[component_container_isolated-2] [ERROR] [1789771169.651553483] [tf_help]: Transform data too old when converting from map to odom
[component_container_isolated-2] [ERROR] [1789771169.651583662] [tf_help]: Data time: 27s 500000000ns, Transform time: 3s 679000000ns
[component_container_isolated-2] [ERROR] [1789771169.701854090] [tf_help]: Transform data too old when converting from map to odom
[component_container_isolated-2] [ERROR] [1789771169.701895626] [tf_help]: Data time: 27s 500000000ns, Transform time: 3s 679000000ns
[component_container_isolated-2] [ERROR] [1789771169.754647683] [tf_help]: Transform data too old when converting from map to odom
[component_container_isolated-2] [ERROR] [1789771169.754681078] [tf_help]: Data time: 27s 500000000ns, Transform time: 3s 679000000ns
[component_container_isolated-2] [INFO] [1789771169.796335709] [controller_server]: Passing new path to controller.
[component_container_isolated-2] [ERROR] [1789771169.804824995] [tf_help]: Transform data too old when converting from map to odom
[component_container_isolated-2] [ERROR] [1789771169.804858919] [tf_help]: Data time: 28s 500000000ns, Transform time: 3s 679000000ns
[component_container_isolated-2] [ERROR] [1789771169.851798143] [tf_help]: Transform data too old when converting from map to odom
[component_container_isolated-2] [ERROR] [1789771169.851842681] [tf_help]: Data time: 28s 500000000ns, Transform time: 3s 679000000ns
[component_container_isolated-2] [ERROR] [1789771169.901669509] [tf_help]: Transform data too old when converting from map to odom
[component_container_isolated-2] [ERROR] [1789771169.901714223] [tf_help]: Data time: 28s 500000000ns, Transform time: 3s 679000000ns
[component_container_isolated-2] [ERROR] [1789771169.951450596] [tf_help]: Transform data too old when converting from map to odom
[component_container_isolated-2] [ERROR] [1789771169.951492473] [tf_help]: Data time: 28s 500000000ns, Transform time: 3s 679000000ns
[component_container_isolated-2] [ERROR] [1789771170.001908392] [tf_help]: Transform data too old when converting from map to odom
[component_container_isolated-2] [ERROR] [1789771170.001941186] [tf_help]: Data time: 28s 500000000ns, Transform time: 3s 679000000ns
[component_container_isolated-2] [ERROR] [1789771170.051808408] [tf_help]: Transform data too old when converting from map to odom
[component_container_isolated-2] [ERROR] [1789771170.051842375] [tf_help]: Data time: 28s 500000000ns, Transform time: 3s 679000000ns
[component_container_isolated-2] [ERROR] [1789771170.101862224] [tf_help]: Transform data too old when converting from map to odom
[component_container_isolated-2] [ERROR] [1789771170.101903517] [tf_help]: Data time: 28s 500000000ns, Transform time: 3s 679000000ns
[component_container_isolated-2] [ERROR] [1789771170.151545324] [tf_help]: Transform data too old when converting from map to odom
[component_container_isolated-2] [ERROR] [1789771170.151578229] [tf_help]: Data time: 28s 500000000ns, Transform time: 3s 679000000ns
[component_container_isolated-2] [ERROR] [1789771170.201635850] [tf_help]: Transform data too old when converting from map to odom
[component_container_isolated-2] [ERROR] [1789771170.201666055] [tf_help]: Data time: 28s 500000000ns, Transform time: 3s 679000000ns
[component_container_isolated-2] [ERROR] [1789771170.251385451] [tf_help]: Transform data too old when converting from map to odom
[component_container_isolated-2] [ERROR] [1789771170.251415875] [tf_help]: Data time: 28s 500000000ns, Transform time: 3s 679000000ns
[component_container_isolated-2] [ERROR] [1789771170.301593654] [tf_help]: Transform data too old when converting from map to odom
[component_container_isolated-2] [ERROR] [1789771170.301625498] [tf_help]: Data time: 28s 500000000ns, Transform time: 3s 679000000ns
[component_container_isolated-2] [ERROR] [1789771170.351628666] [tf_help]: Transform data too old when converting from map to odom
[component_container_isolated-2] [ERROR] [1789771170.351663991] [tf_help]: Data time: 28s 500000000ns, Transform time: 3s 679000000ns
[component_container_isolated-2] [ERROR] [1789771170.401961514] [tf_help]: Transform data too old when converting from map to odom
[component_container_isolated-2] [ERROR] [1789771170.401995702] [tf_help]: Data time: 28s 500000000ns, Transform time: 3s 679000000ns
[component_container_isolated-2] [ERROR] [1789771170.451740229] [tf_help]: Transform data too old when converting from map to odom
[component_container_isolated-2] [ERROR] [1789771170.451772950] [tf_help]: Data time: 28s 500000000ns, Transform time: 3s 679000000ns
[component_container_isolated-2] [ERROR] [1789771170.501622978] [tf_help]: Transform data too old when converting from map to odom
[component_container_isolated-2] [ERROR] [1789771170.501658432] [tf_help]: Data time: 28s 500000000ns, Transform time: 3s 679000000ns
[component_container_isolated-2] [ERROR] [1789771170.551765625] [tf_help]: Transform data too old when converting from map to odom
[component_container_isolated-2] [ERROR] [1789771170.551802283] [tf_help]: Data time: 28s 500000000ns, Transform time: 3s 679000000ns
[component_container_isolated-2] [ERROR] [1789771170.605152739] [tf_help]: Transform data too old when converting from map to odom
[component_container_isolated-2] [ERROR] [1789771170.605207392] [tf_help]: Data time: 28s 500000000ns, Transform time: 3s 679000000ns
[component_container_isolated-2] [ERROR] [1789771170.656668164] [tf_help]: Transform data too old when converting from map to odom
[component_container_isolated-2] [ERROR] [1789771170.656707513] [tf_help]: Data time: 28s 500000000ns, Transform time: 3s 679000000ns
[component_container_isolated-2] [ERROR] [1789771170.706557533] [tf_help]: Transform data too old when converting from map to odom
[component_container_isolated-2] [ERROR] [1789771170.706600832] [tf_help]: Data time: 28s 500000000ns, Transform time: 3s 679000000ns
[component_container_isolated-2] [ERROR] [1789771170.751897995] [tf_help]: Transform data too old when converting from map to odom
[component_container_isolated-2] [ERROR] [1789771170.751932420] [tf_help]: Data time: 28s 500000000ns, Transform time: 3s 679000000ns
[component_container_isolated-2] [ERROR] [1789771170.801654318] [tf_help]: Transform data too old when converting from map to odom
[component_container_isolated-2] [ERROR] [1789771170.801688777] [tf_help]: Data time: 28s 500000000ns, Transform time: 3s 679000000ns
[component_container_isolated-2] [INFO] [1789771170.846329784] [controller_server]: Passing new path to controller.
[component_container_isolated-2] [ERROR] [1789771170.851711493] [tf_help]: Transform data too old when converting from map to odom
[component_container_isolated-2] [ERROR] [1789771170.851737183] [tf_help]: Data time: 29s 400000000ns, Transform time: 3s 679000000ns
[component_container_isolated-2] [ERROR] [1789771170.901716585] [tf_help]: Transform data too old when converting from map to odom
[component_container_isolated-2] [ERROR] [1789771170.901748054] [tf_help]: Data time: 29s 400000000ns, Transform time: 3s 679000000ns
[component_container_isolated-2] [ERROR] [1789771170.952676612] [tf_help]: Transform data too old when converting from map to odom
[component_container_isolated-2] [ERROR] [1789771170.952709255] [tf_help]: Data time: 29s 400000000ns, Transform time: 3s 679000000ns
[component_container_isolated-2] [ERROR] [1789771171.002686086] [tf_help]: Transform data too old when converting from map to odom
[component_container_isolated-2] [ERROR] [1789771171.002717952] [tf_help]: Data time: 29s 400000000ns, Transform time: 3s 679000000ns
[component_container_isolated-2] [ERROR] [1789771171.055874295] [tf_help]: Transform data too old when converting from map to odom
[component_container_isolated-2] [ERROR] [1789771171.055915071] [tf_help]: Data time: 29s 400000000ns, Transform time: 3s 679000000ns
[component_container_isolated-2] [ERROR] [1789771171.103263836] [tf_help]: Transform data too old when converting from map to odom
[component_container_isolated-2] [ERROR] [1789771171.103306152] [tf_help]: Data time: 29s 400000000ns, Transform time: 3s 679000000ns
[component_container_isolated-2] [ERROR] [1789771171.153505823] [tf_help]: Transform data too old when converting from map to odom
[component_container_isolated-2] [ERROR] [1789771171.153536052] [tf_help]: Data time: 29s 400000000ns, Transform time: 3s 679000000ns
[component_container_isolated-2] [ERROR] [1789771171.201725792] [tf_help]: Transform data too old when converting from map to odom
[component_container_isolated-2] [ERROR] [1789771171.201754718] [tf_help]: Data time: 29s 400000000ns, Transform time: 3s 679000000ns
[component_container_isolated-2] [ERROR] [1789771171.252112738] [tf_help]: Transform data too old when converting from map to odom
[component_container_isolated-2] [ERROR] [1789771171.252143236] [tf_help]: Data time: 29s 400000000ns, Transform time: 3s 679000000ns
[component_container_isolated-2] [ERROR] [1789771171.301966945] [tf_help]: Transform data too old when converting from map to odom
[component_container_isolated-2] [ERROR] [1789771171.301999829] [tf_help]: Data time: 29s 400000000ns, Transform time: 3s 679000000ns
[ground_truth_localizer-1] [INFO] [1789771171.347912702] [ground_truth_localizer]: last 10 s: ground truth msgs 294, map->odom published 294 (285 via latest odom TF)
[component_container_isolated-2] [ERROR] [1789771171.353010220] [tf_help]: Transform data too old when converting from map to odom
[component_container_isolated-2] [ERROR] [1789771171.353037743] [tf_help]: Data time: 29s 400000000ns, Transform time: 3s 679000000ns
[component_container_isolated-2] [ERROR] [1789771171.402826159] [tf_help]: Transform data too old when converting from map to odom
[component_container_isolated-2] [ERROR] [1789771171.402860433] [tf_help]: Data time: 29s 400000000ns, Transform time: 3s 679000000ns
[component_container_isolated-2] [ERROR] [1789771171.453879432] [tf_help]: Transform data too old when converting from map to odom
[component_container_isolated-2] [ERROR] [1789771171.453905285] [tf_help]: Data time: 29s 400000000ns, Transform time: 3s 679000000ns
[component_container_isolated-2] [ERROR] [1789771171.504722910] [tf_help]: Transform data too old when converting from map to odom
[component_container_isolated-2] [ERROR] [1789771171.504775085] [tf_help]: Data time: 29s 400000000ns, Transform time: 3s 679000000ns
[component_container_isolated-2] [ERROR] [1789771171.552891347] [tf_help]: Transform data too old when converting from map to odom
[component_container_isolated-2] [ERROR] [1789771171.552943553] [tf_help]: Data time: 29s 400000000ns, Transform time: 3s 679000000ns
[component_container_isolated-2] [ERROR] [1789771171.605184139] [tf_help]: Transform data too old when converting from map to odom
[component_container_isolated-2] [ERROR] [1789771171.605216761] [tf_help]: Data time: 29s 400000000ns, Transform time: 3s 679000000ns
[component_container_isolated-2] [ERROR] [1789771171.651799828] [tf_help]: Transform data too old when converting from map to odom
[component_container_isolated-2] [ERROR] [1789771171.651843536] [tf_help]: Data time: 29s 400000000ns, Transform time: 3s 679000000ns
[component_container_isolated-2] [ERROR] [1789771171.702069054] [tf_help]: Transform data too old when converting from map to odom
[component_container_isolated-2] [ERROR] [1789771171.702109639] [tf_help]: Data time: 29s 400000000ns, Transform time: 3s 679000000ns
[component_container_isolated-2] [ERROR] [1789771171.751927967] [tf_help]: Transform data too old when converting from map to odom
[component_container_isolated-2] [ERROR] [1789771171.751960774] [tf_help]: Data time: 29s 400000000ns, Transform time: 3s 679000000ns
[component_container_isolated-2] [ERROR] [1789771171.801997156] [tf_help]: Transform data too old when converting from map to odom
[component_container_isolated-2] [ERROR] [1789771171.802024832] [tf_help]: Data time: 29s 400000000ns, Transform time: 3s 679000000ns
[component_container_isolated-2] [INFO] [1789771171.846328699] [controller_server]: Passing new path to controller.
[component_container_isolated-2] [ERROR] [1789771171.853225165] [tf_help]: Transform data too old when converting from map to odom
[component_container_isolated-2] [ERROR] [1789771171.853256619] [tf_help]: Data time: 30s 400000000ns, Transform time: 3s 679000000ns
[component_container_isolated-2] [ERROR] [1789771171.903290801] [tf_help]: Transform data too old when converting from map to odom
[component_container_isolated-2] [ERROR] [1789771171.903325244] [tf_help]: Data time: 30s 400000000ns, Transform time: 3s 679000000ns
[component_container_isolated-2] [ERROR] [1789771171.957419854] [tf_help]: Transform data too old when converting from map to odom
[component_container_isolated-2] [ERROR] [1789771171.957481482] [tf_help]: Data time: 30s 400000000ns, Transform time: 3s 679000000ns
[component_container_isolated-2] [INFO] [1789771172.002715224] [controller_server]: [TG-MPPI] cycle time (compute_backend=cpu): 6.149 ms/cycle avg over 50 cycles
[component_container_isolated-2] [ERROR] [1789771172.002910566] [tf_help]: Transform data too old when converting from map to odom
[component_container_isolated-2] [ERROR] [1789771172.002932679] [tf_help]: Data time: 30s 400000000ns, Transform time: 3s 679000000ns
[component_container_isolated-2] [ERROR] [1789771172.051689371] [tf_help]: Transform data too old when converting from map to odom
[component_container_isolated-2] [ERROR] [1789771172.051721585] [tf_help]: Data time: 30s 400000000ns, Transform time: 3s 679000000ns
[component_container_isolated-2] [ERROR] [1789771172.101823134] [tf_help]: Transform data too old when converting from map to odom
[component_container_isolated-2] [ERROR] [1789771172.101865344] [tf_help]: Data time: 30s 400000000ns, Transform time: 3s 679000000ns
[component_container_isolated-2] [ERROR] [1789771172.152251814] [tf_help]: Transform data too old when converting from map to odom
[component_container_isolated-2] [ERROR] [1789771172.152288713] [tf_help]: Data time: 30s 400000000ns, Transform time: 3s 679000000ns
[component_container_isolated-2] [ERROR] [1789771172.204914748] [tf_help]: Transform data too old when converting from map to odom
[component_container_isolated-2] [ERROR] [1789771172.204954798] [tf_help]: Data time: 30s 400000000ns, Transform time: 3s 679000000ns
[component_container_isolated-2] [ERROR] [1789771172.252507517] [tf_help]: Transform data too old when converting from map to odom
[component_container_isolated-2] [ERROR] [1789771172.252532480] [tf_help]: Data time: 30s 400000000ns, Transform time: 3s 679000000ns
[component_container_isolated-2] [ERROR] [1789771172.305202335] [tf_help]: Transform data too old when converting from map to odom
[component_container_isolated-2] [ERROR] [1789771172.305235521] [tf_help]: Data time: 30s 400000000ns, Transform time: 3s 679000000ns
[component_container_isolated-2] [ERROR] [1789771172.353704700] [tf_help]: Transform data too old when converting from map to odom
[component_container_isolated-2] [ERROR] [1789771172.353729044] [tf_help]: Data time: 30s 400000000ns, Transform time: 3s 679000000ns
[component_container_isolated-2] [ERROR] [1789771172.405096904] [tf_help]: Transform data too old when converting from map to odom
[component_container_isolated-2] [ERROR] [1789771172.405142770] [tf_help]: Data time: 30s 400000000ns, Transform time: 3s 679000000ns
[component_container_isolated-2] [ERROR] [1789771172.451740373] [tf_help]: Transform data too old when converting from map to odom
[component_container_isolated-2] [ERROR] [1789771172.451774852] [tf_help]: Data time: 30s 400000000ns, Transform time: 3s 679000000ns
[component_container_isolated-2] [ERROR] [1789771172.501799926] [tf_help]: Transform data too old when converting from map to odom
[component_container_isolated-2] [ERROR] [1789771172.501844434] [tf_help]: Data time: 30s 400000000ns, Transform time: 3s 679000000ns
[component_container_isolated-2] [ERROR] [1789771172.551659974] [tf_help]: Transform data too old when converting from map to odom
[component_container_isolated-2] [ERROR] [1789771172.551703330] [tf_help]: Data time: 30s 400000000ns, Transform time: 3s 679000000ns
[component_container_isolated-2] [ERROR] [1789771172.602117581] [tf_help]: Transform data too old when converting from map to odom
[component_container_isolated-2] [ERROR] [1789771172.602156419] [tf_help]: Data time: 30s 400000000ns, Transform time: 3s 679000000ns
[component_container_isolated-2] [ERROR] [1789771172.651621530] [tf_help]: Transform data too old when converting from map to odom
[component_container_isolated-2] [ERROR] [1789771172.651657125] [tf_help]: Data time: 30s 400000000ns, Transform time: 3s 679000000ns
[component_container_isolated-2] [ERROR] [1789771172.701622657] [tf_help]: Transform data too old when converting from map to odom
[component_container_isolated-2] [ERROR] [1789771172.701653413] [tf_help]: Data time: 30s 400000000ns, Transform time: 3s 679000000ns
[component_container_isolated-2] [ERROR] [1789771172.751682531] [tf_help]: Transform data too old when converting from map to odom
[component_container_isolated-2] [ERROR] [1789771172.751713656] [tf_help]: Data time: 30s 400000000ns, Transform time: 3s 679000000ns
[component_container_isolated-2] [ERROR] [1789771172.802131845] [tf_help]: Transform data too old when converting from map to odom
[component_container_isolated-2] [ERROR] [1789771172.802163440] [tf_help]: Data time: 30s 400000000ns, Transform time: 3s 679000000ns
[component_container_isolated-2] [ERROR] [1789771172.852501772] [tf_help]: Transform data too old when converting from map to odom
[component_container_isolated-2] [ERROR] [1789771172.852532001] [tf_help]: Data time: 30s 400000000ns, Transform time: 3s 679000000ns
[component_container_isolated-2] [INFO] [1789771172.896329008] [controller_server]: Passing new path to controller.
[component_container_isolated-2] [ERROR] [1789771172.902908911] [tf_help]: Transform data too old when converting from map to odom
[component_container_isolated-2] [ERROR] [1789771172.902934334] [tf_help]: Data time: 31s 300000000ns, Transform time: 3s 679000000ns
[component_container_isolated-2] [ERROR] [1789771172.952272165] [tf_help]: Transform data too old when converting from map to odom
[component_container_isolated-2] [ERROR] [1789771172.952305196] [tf_help]: Data time: 31s 300000000ns, Transform time: 3s 679000000ns
[component_container_isolated-2] [ERROR] [1789771173.002246587] [tf_help]: Transform data too old when converting from map to odom
[component_container_isolated-2] [ERROR] [1789771173.002285864] [tf_help]: Data time: 31s 300000000ns, Transform time: 3s 679000000ns
[component_container_isolated-2] [ERROR] [1789771173.052398618] [tf_help]: Transform data too old when converting from map to odom
[component_container_isolated-2] [ERROR] [1789771173.052462068] [tf_help]: Data time: 31s 300000000ns, Transform time: 3s 679000000ns
[component_container_isolated-2] [ERROR] [1789771173.101646021] [tf_help]: Transform data too old when converting from map to odom
[component_container_isolated-2] [ERROR] [1789771173.101681059] [tf_help]: Data time: 31s 300000000ns, Transform time: 3s 679000000ns
[component_container_isolated-2] [ERROR] [1789771173.151968856] [tf_help]: Transform data too old when converting from map to odom
[component_container_isolated-2] [ERROR] [1789771173.152002194] [tf_help]: Data time: 31s 300000000ns, Transform time: 3s 679000000ns
[component_container_isolated-2] [ERROR] [1789771173.202410772] [tf_help]: Transform data too old when converting from map to odom
[component_container_isolated-2] [ERROR] [1789771173.202446368] [tf_help]: Data time: 31s 300000000ns, Transform time: 3s 679000000ns
[component_container_isolated-2] [ERROR] [1789771173.252146477] [tf_help]: Transform data too old when converting from map to odom
[component_container_isolated-2] [ERROR] [1789771173.252171739] [tf_help]: Data time: 31s 300000000ns, Transform time: 3s 679000000ns
[component_container_isolated-2] [ERROR] [1789771173.302529290] [tf_help]: Transform data too old when converting from map to odom
[component_container_isolated-2] [ERROR] [1789771173.302558420] [tf_help]: Data time: 31s 300000000ns, Transform time: 3s 679000000ns
[component_container_isolated-2] [ERROR] [1789771173.351538456] [tf_help]: Transform data too old when converting from map to odom
[component_container_isolated-2] [ERROR] [1789771173.351569618] [tf_help]: Data time: 31s 300000000ns, Transform time: 3s 679000000ns
[component_container_isolated-2] [ERROR] [1789771173.402814108] [tf_help]: Transform data too old when converting from map to odom
[component_container_isolated-2] [ERROR] [1789771173.402849715] [tf_help]: Data time: 31s 300000000ns, Transform time: 3s 679000000ns
[component_container_isolated-2] [ERROR] [1789771173.451573970] [tf_help]: Transform data too old when converting from map to odom
[component_container_isolated-2] [ERROR] [1789771173.451611354] [tf_help]: Data time: 31s 300000000ns, Transform time: 3s 679000000ns
[component_container_isolated-2] [ERROR] [1789771173.501556023] [tf_help]: Transform data too old when converting from map to odom
[component_container_isolated-2] [ERROR] [1789771173.501609063] [tf_help]: Data time: 31s 300000000ns, Transform time: 3s 679000000ns
[component_container_isolated-2] [ERROR] [1789771173.552187238] [tf_help]: Transform data too old when converting from map to odom
[component_container_isolated-2] [ERROR] [1789771173.552232946] [tf_help]: Data time: 31s 300000000ns, Transform time: 3s 679000000ns
[component_container_isolated-2] [ERROR] [1789771173.601806394] [tf_help]: Transform data too old when converting from map to odom
[component_container_isolated-2] [ERROR] [1789771173.601837246] [tf_help]: Data time: 31s 300000000ns, Transform time: 3s 679000000ns
[component_container_isolated-2] [ERROR] [1789771173.651684006] [tf_help]: Transform data too old when converting from map to odom
[component_container_isolated-2] [ERROR] [1789771173.651721796] [tf_help]: Data time: 31s 300000000ns, Transform time: 3s 679000000ns
[component_container_isolated-2] [ERROR] [1789771173.701870248] [tf_help]: Transform data too old when converting from map to odom
[component_container_isolated-2] [ERROR] [1789771173.701902716] [tf_help]: Data time: 31s 300000000ns, Transform time: 3s 679000000ns
[component_container_isolated-2] [ERROR] [1789771173.752073703] [tf_help]: Transform data too old when converting from map to odom
[component_container_isolated-2] [ERROR] [1789771173.752105458] [tf_help]: Data time: 31s 300000000ns, Transform time: 3s 679000000ns
[component_container_isolated-2] [ERROR] [1789771173.802003824] [tf_help]: Transform data too old when converting from map to odom
[component_container_isolated-2] [ERROR] [1789771173.802036539] [tf_help]: Data time: 31s 300000000ns, Transform time: 3s 679000000ns
[component_container_isolated-2] [ERROR] [1789771173.852655742] [tf_help]: Transform data too old when converting from map to odom
[component_container_isolated-2] [ERROR] [1789771173.852687995] [tf_help]: Data time: 31s 300000000ns, Transform time: 3s 679000000ns
[component_container_isolated-2] [INFO] [1789771173.896367427] [controller_server]: Passing new path to controller.
[component_container_isolated-2] [ERROR] [1789771173.903200320] [tf_help]: Transform data too old when converting from map to odom
[component_container_isolated-2] [ERROR] [1789771173.903230037] [tf_help]: Data time: 32s 300000000ns, Transform time: 3s 679000000ns
[component_container_isolated-2] [ERROR] [1789771173.951687268] [tf_help]: Transform data too old when converting from map to odom
[component_container_isolated-2] [ERROR] [1789771173.951718588] [tf_help]: Data time: 32s 300000000ns, Transform time: 3s 679000000ns
[component_container_isolated-2] [ERROR] [1789771174.001970384] [tf_help]: Transform data too old when converting from map to odom
[component_container_isolated-2] [ERROR] [1789771174.002007269] [tf_help]: Data time: 32s 300000000ns, Transform time: 3s 679000000ns
[component_container_isolated-2] [ERROR] [1789771174.051946307] [tf_help]: Transform data too old when converting from map to odom
[component_container_isolated-2] [ERROR] [1789771174.051978279] [tf_help]: Data time: 32s 300000000ns, Transform time: 3s 679000000ns
[component_container_isolated-2] [ERROR] [1789771174.102200516] [tf_help]: Transform data too old when converting from map to odom
[component_container_isolated-2] [ERROR] [1789771174.102232156] [tf_help]: Data time: 32s 300000000ns, Transform time: 3s 679000000ns
[component_container_isolated-2] [ERROR] [1789771174.152107840] [tf_help]: Transform data too old when converting from map to odom
[component_container_isolated-2] [ERROR] [1789771174.152139809] [tf_help]: Data time: 32s 300000000ns, Transform time: 3s 679000000ns
[component_container_isolated-2] [ERROR] [1789771174.203237098] [tf_help]: Transform data too old when converting from map to odom
[component_container_isolated-2] [ERROR] [1789771174.203290076] [tf_help]: Data time: 32s 300000000ns, Transform time: 3s 679000000ns
[component_container_isolated-2] [ERROR] [1789771174.253650382] [tf_help]: Transform data too old when converting from map to odom
[component_container_isolated-2] [ERROR] [1789771174.253681261] [tf_help]: Data time: 32s 300000000ns, Transform time: 3s 679000000ns
[component_container_isolated-2] [ERROR] [1789771174.301694395] [tf_help]: Transform data too old when converting from map to odom
[component_container_isolated-2] [ERROR] [1789771174.301730028] [tf_help]: Data time: 32s 300000000ns, Transform time: 3s 679000000ns
[component_container_isolated-2] [ERROR] [1789771174.351815731] [tf_help]: Transform data too old when converting from map to odom
[component_container_isolated-2] [ERROR] [1789771174.351845813] [tf_help]: Data time: 32s 300000000ns, Transform time: 3s 679000000ns
[component_container_isolated-2] [ERROR] [1789771174.403597578] [tf_help]: Transform data too old when converting from map to odom
[component_container_isolated-2] [ERROR] [1789771174.403632700] [tf_help]: Data time: 32s 300000000ns, Transform time: 3s 679000000ns
[component_container_isolated-2] [ERROR] [1789771174.453468311] [tf_help]: Transform data too old when converting from map to odom
[component_container_isolated-2] [ERROR] [1789771174.453499994] [tf_help]: Data time: 32s 300000000ns, Transform time: 3s 679000000ns
[component_container_isolated-2] [INFO] [1789771174.501762465] [controller_server]: [TG-MPPI] cycle time (compute_backend=cpu): 5.778 ms/cycle avg over 50 cycles
[component_container_isolated-2] [ERROR] [1789771174.501954899] [tf_help]: Transform data too old when converting from map to odom
[component_container_isolated-2] [ERROR] [1789771174.501976896] [tf_help]: Data time: 32s 300000000ns, Transform time: 3s 679000000ns
[component_container_isolated-2] [ERROR] [1789771174.551727796] [tf_help]: Transform data too old when converting from map to odom
[component_container_isolated-2] [ERROR] [1789771174.551778573] [tf_help]: Data time: 32s 300000000ns, Transform time: 3s 679000000ns
[component_container_isolated-2] [ERROR] [1789771174.601948139] [tf_help]: Transform data too old when converting from map to odom
[component_container_isolated-2] [ERROR] [1789771174.601981210] [tf_help]: Data time: 32s 300000000ns, Transform time: 3s 679000000ns
[component_container_isolated-2] [ERROR] [1789771174.651749985] [tf_help]: Transform data too old when converting from map to odom
[component_container_isolated-2] [ERROR] [1789771174.651781418] [tf_help]: Data time: 32s 300000000ns, Transform time: 3s 679000000ns
[component_container_isolated-2] [ERROR] [1789771174.702399043] [tf_help]: Transform data too old when converting from map to odom
[component_container_isolated-2] [ERROR] [1789771174.702430268] [tf_help]: Data time: 32s 300000000ns, Transform time: 3s 679000000ns
[component_container_isolated-2] [ERROR] [1789771174.751841507] [tf_help]: Transform data too old when converting from map to odom
[component_container_isolated-2] [ERROR] [1789771174.751870562] [tf_help]: Data time: 32s 300000000ns, Transform time: 3s 679000000ns
[component_container_isolated-2] [ERROR] [1789771174.801625466] [tf_help]: Transform data too old when converting from map to odom
[component_container_isolated-2] [ERROR] [1789771174.801658653] [tf_help]: Data time: 32s 300000000ns, Transform time: 3s 679000000ns
[component_container_isolated-2] [ERROR] [1789771174.851625880] [tf_help]: Transform data too old when converting from map to odom
[component_container_isolated-2] [ERROR] [1789771174.851658338] [tf_help]: Data time: 32s 300000000ns, Transform time: 3s 679000000ns
[component_container_isolated-2] [ERROR] [1789771174.901419236] [tf_help]: Transform data too old when converting from map to odom
[component_container_isolated-2] [ERROR] [1789771174.901454994] [tf_help]: Data time: 32s 300000000ns, Transform time: 3s 679000000ns
[component_container_isolated-2] [INFO] [1789771174.946368096] [controller_server]: Passing new path to controller.
[component_container_isolated-2] [ERROR] [1789771174.952904978] [tf_help]: Transform data too old when converting from map to odom
[component_container_isolated-2] [ERROR] [1789771174.952932848] [tf_help]: Data time: 33s 300000000ns, Transform time: 3s 679000000ns
[component_container_isolated-2] [ERROR] [1789771175.002461104] [tf_help]: Transform data too old when converting from map to odom
[component_container_isolated-2] [ERROR] [1789771175.002509766] [tf_help]: Data time: 33s 300000000ns, Transform time: 3s 679000000ns
[component_container_isolated-2] [ERROR] [1789771175.052159867] [tf_help]: Transform data too old when converting from map to odom
[component_container_isolated-2] [ERROR] [1789771175.052192842] [tf_help]: Data time: 33s 300000000ns, Transform time: 3s 679000000ns
[component_container_isolated-2] [ERROR] [1789771175.104320773] [tf_help]: Transform data too old when converting from map to odom
[component_container_isolated-2] [ERROR] [1789771175.104366028] [tf_help]: Data time: 33s 300000000ns, Transform time: 3s 679000000ns
[component_container_isolated-2] [ERROR] [1789771175.152118901] [tf_help]: Transform data too old when converting from map to odom
[component_container_isolated-2] [ERROR] [1789771175.152161725] [tf_help]: Data time: 33s 300000000ns, Transform time: 3s 679000000ns
[component_container_isolated-2] [ERROR] [1789771175.206419487] [tf_help]: Transform data too old when converting from map to odom
[component_container_isolated-2] [ERROR] [1789771175.206473036] [tf_help]: Data time: 33s 300000000ns, Transform time: 3s 679000000ns
[component_container_isolated-2] [ERROR] [1789771175.256689700] [tf_help]: Transform data too old when converting from map to odom
[component_container_isolated-2] [ERROR] [1789771175.257632906] [tf_help]: Data time: 33s 300000000ns, Transform time: 3s 679000000ns
[component_container_isolated-2] [ERROR] [1789771175.302360902] [tf_help]: Transform data too old when converting from map to odom
[component_container_isolated-2] [ERROR] [1789771175.302392517] [tf_help]: Data time: 33s 300000000ns, Transform time: 3s 679000000ns
[component_container_isolated-2] [ERROR] [1789771175.352755471] [tf_help]: Transform data too old when converting from map to odom
[component_container_isolated-2] [ERROR] [1789771175.352787167] [tf_help]: Data time: 33s 300000000ns, Transform time: 3s 679000000ns
[component_container_isolated-2] [ERROR] [1789771175.406200613] [tf_help]: Transform data too old when converting from map to odom
[component_container_isolated-2] [ERROR] [1789771175.406263568] [tf_help]: Data time: 33s 300000000ns, Transform time: 3s 679000000ns
[component_container_isolated-2] [ERROR] [1789771175.452496063] [tf_help]: Transform data too old when converting from map to odom
[component_container_isolated-2] [ERROR] [1789771175.452528879] [tf_help]: Data time: 33s 300000000ns, Transform time: 3s 679000000ns
[component_container_isolated-2] [ERROR] [1789771175.509311136] [tf_help]: Transform data too old when converting from map to odom
[component_container_isolated-2] [ERROR] [1789771175.509413818] [tf_help]: Data time: 33s 300000000ns, Transform time: 3s 679000000ns
[component_container_isolated-2] [ERROR] [1789771175.554078130] [tf_help]: Transform data too old when converting from map to odom
[component_container_isolated-2] [ERROR] [1789771175.554126211] [tf_help]: Data time: 33s 300000000ns, Transform time: 3s 679000000ns
[component_container_isolated-2] [ERROR] [1789771175.601728367] [tf_help]: Transform data too old when converting from map to odom
[component_container_isolated-2] [ERROR] [1789771175.601765433] [tf_help]: Data time: 33s 300000000ns, Transform time: 3s 679000000ns
[component_container_isolated-2] [ERROR] [1789771175.651659557] [tf_help]: Transform data too old when converting from map to odom
[component_container_isolated-2] [ERROR] [1789771175.651691519] [tf_help]: Data time: 33s 300000000ns, Transform time: 3s 679000000ns
[component_container_isolated-2] [ERROR] [1789771175.702032593] [tf_help]: Transform data too old when converting from map to odom
[component_container_isolated-2] [ERROR] [1789771175.702063973] [tf_help]: Data time: 33s 300000000ns, Transform time: 3s 679000000ns
[component_container_isolated-2] [ERROR] [1789771175.751372499] [tf_help]: Transform data too old when converting from map to odom
[component_container_isolated-2] [ERROR] [1789771175.751403338] [tf_help]: Data time: 33s 300000000ns, Transform time: 3s 679000000ns
[component_container_isolated-2] [ERROR] [1789771175.801557823] [tf_help]: Transform data too old when converting from map to odom
[component_container_isolated-2] [ERROR] [1789771175.801587223] [tf_help]: Data time: 33s 300000000ns, Transform time: 3s 679000000ns
[component_container_isolated-2] [ERROR] [1789771175.851822203] [tf_help]: Transform data too old when converting from map to odom
[component_container_isolated-2] [ERROR] [1789771175.851861920] [tf_help]: Data time: 33s 300000000ns, Transform time: 3s 679000000ns
[component_container_isolated-2] [ERROR] [1789771175.901617387] [tf_help]: Transform data too old when converting from map to odom
[component_container_isolated-2] [ERROR] [1789771175.901648637] [tf_help]: Data time: 33s 300000000ns, Transform time: 3s 679000000ns
[component_container_isolated-2] [ERROR] [1789771175.951500564] [tf_help]: Transform data too old when converting from map to odom
[component_container_isolated-2] [ERROR] [1789771175.951530443] [tf_help]: Data time: 33s 300000000ns, Transform time: 3s 679000000ns
[component_container_isolated-2] [INFO] [1789771175.996363973] [controller_server]: Passing new path to controller.
[component_container_isolated-2] [ERROR] [1789771176.002327914] [tf_help]: Transform data too old when converting from map to odom
[component_container_isolated-2] [ERROR] [1789771176.002352654] [tf_help]: Data time: 34s 100000000ns, Transform time: 3s 679000000ns
[component_container_isolated-2] [ERROR] [1789771176.052018788] [tf_help]: Transform data too old when converting from map to odom
[component_container_isolated-2] [ERROR] [1789771176.052050451] [tf_help]: Data time: 34s 100000000ns, Transform time: 3s 679000000ns
[component_container_isolated-2] [ERROR] [1789771176.101552897] [tf_help]: Transform data too old when converting from map to odom
[component_container_isolated-2] [ERROR] [1789771176.101620483] [tf_help]: Data time: 34s 100000000ns, Transform time: 3s 679000000ns
[component_container_isolated-2] [ERROR] [1789771176.153653765] [tf_help]: Transform data too old when converting from map to odom
[component_container_isolated-2] [ERROR] [1789771176.153700512] [tf_help]: Data time: 34s 100000000ns, Transform time: 3s 679000000ns
[component_container_isolated-2] [ERROR] [1789771176.204181289] [tf_help]: Transform data too old when converting from map to odom
[component_container_isolated-2] [ERROR] [1789771176.204226616] [tf_help]: Data time: 34s 100000000ns, Transform time: 3s 679000000ns
[component_container_isolated-2] [ERROR] [1789771176.256346320] [tf_help]: Transform data too old when converting from map to odom
[component_container_isolated-2] [ERROR] [1789771176.256398636] [tf_help]: Data time: 34s 100000000ns, Transform time: 3s 679000000ns
[component_container_isolated-2] [ERROR] [1789771176.302059708] [tf_help]: Transform data too old when converting from map to odom
[component_container_isolated-2] [ERROR] [1789771176.302106904] [tf_help]: Data time: 34s 100000000ns, Transform time: 3s 679000000ns
[component_container_isolated-2] [ERROR] [1789771176.351938211] [tf_help]: Transform data too old when converting from map to odom
[component_container_isolated-2] [ERROR] [1789771176.351972551] [tf_help]: Data time: 34s 100000000ns, Transform time: 3s 679000000ns
[component_container_isolated-2] [ERROR] [1789771176.401719716] [tf_help]: Transform data too old when converting from map to odom
[component_container_isolated-2] [ERROR] [1789771176.401748496] [tf_help]: Data time: 34s 100000000ns, Transform time: 3s 679000000ns
[component_container_isolated-2] [ERROR] [1789771176.453060402] [tf_help]: Transform data too old when converting from map to odom
[component_container_isolated-2] [ERROR] [1789771176.453101800] [tf_help]: Data time: 34s 100000000ns, Transform time: 3s 679000000ns
[component_container_isolated-2] [ERROR] [1789771176.505400301] [tf_help]: Transform data too old when converting from map to odom
[component_container_isolated-2] [ERROR] [1789771176.505436239] [tf_help]: Data time: 34s 100000000ns, Transform time: 3s 679000000ns
[component_container_isolated-2] [ERROR] [1789771176.553326059] [tf_help]: Transform data too old when converting from map to odom
[component_container_isolated-2] [ERROR] [1789771176.553373004] [tf_help]: Data time: 34s 100000000ns, Transform time: 3s 679000000ns
[component_container_isolated-2] [ERROR] [1789771176.602790174] [tf_help]: Transform data too old when converting from map to odom
[component_container_isolated-2] [ERROR] [1789771176.602819812] [tf_help]: Data time: 34s 100000000ns, Transform time: 3s 679000000ns
[component_container_isolated-2] [ERROR] [1789771176.653032735] [tf_help]: Transform data too old when converting from map to odom
[component_container_isolated-2] [ERROR] [1789771176.653066331] [tf_help]: Data time: 34s 100000000ns, Transform time: 3s 679000000ns
[component_container_isolated-2] [ERROR] [1789771176.701699770] [tf_help]: Transform data too old when converting from map to odom
[component_container_isolated-2] [ERROR] [1789771176.701738812] [tf_help]: Data time: 34s 100000000ns, Transform time: 3s 679000000ns
[component_container_isolated-2] [ERROR] [1789771176.752077721] [tf_help]: Transform data too old when converting from map to odom
[component_container_isolated-2] [ERROR] [1789771176.752113940] [tf_help]: Data time: 34s 100000000ns, Transform time: 3s 679000000ns
[component_container_isolated-2] [ERROR] [1789771176.801793411] [tf_help]: Transform data too old when converting from map to odom
[component_container_isolated-2] [ERROR] [1789771176.801827932] [tf_help]: Data time: 34s 100000000ns, Transform time: 3s 679000000ns
[component_container_isolated-2] [ERROR] [1789771176.853298646] [tf_help]: Transform data too old when converting from map to odom
[component_container_isolated-2] [ERROR] [1789771176.853330020] [tf_help]: Data time: 34s 100000000ns, Transform time: 3s 679000000ns
[component_container_isolated-2] [ERROR] [1789771176.902540396] [tf_help]: Transform data too old when converting from map to odom
[component_container_isolated-2] [ERROR] [1789771176.902572492] [tf_help]: Data time: 34s 100000000ns, Transform time: 3s 679000000ns
[component_container_isolated-2] [ERROR] [1789771176.951751977] [tf_help]: Transform data too old when converting from map to odom
[component_container_isolated-2] [ERROR] [1789771176.951782840] [tf_help]: Data time: 34s 100000000ns, Transform time: 3s 679000000ns
[component_container_isolated-2] [INFO] [1789771176.996363872] [controller_server]: Passing new path to controller.
[component_container_isolated-2] [INFO] [1789771177.001721350] [controller_server]: [TG-MPPI] cycle time (compute_backend=cpu): 6.184 ms/cycle avg over 50 cycles
[component_container_isolated-2] [ERROR] [1789771177.001852569] [tf_help]: Transform data too old when converting from map to odom
[component_container_isolated-2] [ERROR] [1789771177.001870084] [tf_help]: Data time: 35s 200000000ns, Transform time: 3s 679000000ns
[component_container_isolated-2] [ERROR] [1789771177.053942419] [tf_help]: Transform data too old when converting from map to odom
[component_container_isolated-2] [ERROR] [1789771177.054002390] [tf_help]: Data time: 35s 200000000ns, Transform time: 3s 679000000ns
[component_container_isolated-2] [ERROR] [1789771177.101779054] [tf_help]: Transform data too old when converting from map to odom
[component_container_isolated-2] [ERROR] [1789771177.101814842] [tf_help]: Data time: 35s 200000000ns, Transform time: 3s 679000000ns
[component_container_isolated-2] [ERROR] [1789771177.152248183] [tf_help]: Transform data too old when converting from map to odom
[component_container_isolated-2] [ERROR] [1789771177.152281466] [tf_help]: Data time: 35s 200000000ns, Transform time: 3s 679000000ns
[component_container_isolated-2] [ERROR] [1789771177.203040708] [tf_help]: Transform data too old when converting from map to odom
[component_container_isolated-2] [ERROR] [1789771177.203073431] [tf_help]: Data time: 35s 200000000ns, Transform time: 3s 679000000ns
[component_container_isolated-2] [ERROR] [1789771177.253158242] [tf_help]: Transform data too old when converting from map to odom
[component_container_isolated-2] [ERROR] [1789771177.253190869] [tf_help]: Data time: 35s 200000000ns, Transform time: 3s 679000000ns
[component_container_isolated-2] [ERROR] [1789771177.302817190] [tf_help]: Transform data too old when converting from map to odom
[component_container_isolated-2] [ERROR] [1789771177.302855240] [tf_help]: Data time: 35s 200000000ns, Transform time: 3s 679000000ns
[component_container_isolated-2] [ERROR] [1789771177.353050453] [tf_help]: Transform data too old when converting from map to odom
[component_container_isolated-2] [ERROR] [1789771177.353087776] [tf_help]: Data time: 35s 200000000ns, Transform time: 3s 679000000ns
[component_container_isolated-2] [ERROR] [1789771177.402523774] [tf_help]: Transform data too old when converting from map to odom
[component_container_isolated-2] [ERROR] [1789771177.402553868] [tf_help]: Data time: 35s 200000000ns, Transform time: 3s 679000000ns
[component_container_isolated-2] [ERROR] [1789771177.452786968] [tf_help]: Transform data too old when converting from map to odom
[component_container_isolated-2] [ERROR] [1789771177.452820250] [tf_help]: Data time: 35s 200000000ns, Transform time: 3s 679000000ns
[component_container_isolated-2] [ERROR] [1789771177.502200649] [tf_help]: Transform data too old when converting from map to odom
[component_container_isolated-2] [ERROR] [1789771177.502233281] [tf_help]: Data time: 35s 200000000ns, Transform time: 3s 679000000ns
[component_container_isolated-2] [ERROR] [1789771177.552360302] [tf_help]: Transform data too old when converting from map to odom
[component_container_isolated-2] [ERROR] [1789771177.552396900] [tf_help]: Data time: 35s 200000000ns, Transform time: 3s 679000000ns
[component_container_isolated-2] [ERROR] [1789771177.604970209] [tf_help]: Transform data too old when converting from map to odom
[component_container_isolated-2] [ERROR] [1789771177.605001599] [tf_help]: Data time: 35s 200000000ns, Transform time: 3s 679000000ns
[component_container_isolated-2] [ERROR] [1789771177.651960770] [tf_help]: Transform data too old when converting from map to odom
[component_container_isolated-2] [ERROR] [1789771177.651995491] [tf_help]: Data time: 35s 200000000ns, Transform time: 3s 679000000ns
[component_container_isolated-2] [ERROR] [1789771177.701566353] [tf_help]: Transform data too old when converting from map to odom
[component_container_isolated-2] [ERROR] [1789771177.701599308] [tf_help]: Data time: 35s 200000000ns, Transform time: 3s 679000000ns
[component_container_isolated-2] [ERROR] [1789771177.753101329] [tf_help]: Transform data too old when converting from map to odom
[component_container_isolated-2] [ERROR] [1789771177.753150508] [tf_help]: Data time: 35s 200000000ns, Transform time: 3s 679000000ns
[component_container_isolated-2] [ERROR] [1789771177.804475224] [tf_help]: Transform data too old when converting from map to odom
[component_container_isolated-2] [ERROR] [1789771177.804506613] [tf_help]: Data time: 35s 200000000ns, Transform time: 3s 679000000ns
[component_container_isolated-2] [ERROR] [1789771177.851671344] [tf_help]: Transform data too old when converting from map to odom
[component_container_isolated-2] [ERROR] [1789771177.851700868] [tf_help]: Data time: 35s 200000000ns, Transform time: 3s 679000000ns
[component_container_isolated-2] [ERROR] [1789771177.901545426] [tf_help]: Transform data too old when converting from map to odom
[component_container_isolated-2] [ERROR] [1789771177.901583458] [tf_help]: Data time: 35s 200000000ns, Transform time: 3s 679000000ns
[component_container_isolated-2] [ERROR] [1789771177.951714722] [tf_help]: Transform data too old when converting from map to odom
[component_container_isolated-2] [ERROR] [1789771177.951743991] [tf_help]: Data time: 35s 200000000ns, Transform time: 3s 679000000ns
[component_container_isolated-2] [ERROR] [1789771178.001597007] [tf_help]: Transform data too old when converting from map to odom
[component_container_isolated-2] [ERROR] [1789771178.001632890] [tf_help]: Data time: 35s 200000000ns, Transform time: 3s 679000000ns
[component_container_isolated-2] [INFO] [1789771178.046445732] [controller_server]: Passing new path to controller.
[component_container_isolated-2] [ERROR] [1789771178.052122745] [tf_help]: Transform data too old when converting from map to odom
[component_container_isolated-2] [ERROR] [1789771178.052145540] [tf_help]: Data time: 36s 200000000ns, Transform time: 3s 679000000ns
[component_container_isolated-2] [ERROR] [1789771178.103444445] [tf_help]: Transform data too old when converting from map to odom
[component_container_isolated-2] [ERROR] [1789771178.103478674] [tf_help]: Data time: 36s 200000000ns, Transform time: 3s 679000000ns
[component_container_isolated-2] [ERROR] [1789771178.152797916] [tf_help]: Transform data too old when converting from map to odom
[component_container_isolated-2] [ERROR] [1789771178.152830776] [tf_help]: Data time: 36s 200000000ns, Transform time: 3s 679000000ns
[component_container_isolated-2] [ERROR] [1789771178.202677951] [tf_help]: Transform data too old when converting from map to odom
[component_container_isolated-2] [ERROR] [1789771178.202709357] [tf_help]: Data time: 36s 200000000ns, Transform time: 3s 679000000ns
[component_container_isolated-2] [ERROR] [1789771178.251861441] [tf_help]: Transform data too old when converting from map to odom
[component_container_isolated-2] [ERROR] [1789771178.251894727] [tf_help]: Data time: 36s 200000000ns, Transform time: 3s 679000000ns
[component_container_isolated-2] [ERROR] [1789771178.301643691] [tf_help]: Transform data too old when converting from map to odom
[component_container_isolated-2] [ERROR] [1789771178.301674698] [tf_help]: Data time: 36s 200000000ns, Transform time: 3s 679000000ns
[component_container_isolated-2] [ERROR] [1789771178.351585159] [tf_help]: Transform data too old when converting from map to odom
[component_container_isolated-2] [ERROR] [1789771178.351619430] [tf_help]: Data time: 36s 200000000ns, Transform time: 3s 679000000ns
[component_container_isolated-2] [ERROR] [1789771178.406007351] [tf_help]: Transform data too old when converting from map to odom
[component_container_isolated-2] [ERROR] [1789771178.406052196] [tf_help]: Data time: 36s 200000000ns, Transform time: 3s 679000000ns
[component_container_isolated-2] [ERROR] [1789771178.456984250] [tf_help]: Transform data too old when converting from map to odom
[component_container_isolated-2] [ERROR] [1789771178.457030744] [tf_help]: Data time: 36s 200000000ns, Transform time: 3s 679000000ns
[component_container_isolated-2] [ERROR] [1789771178.508227820] [tf_help]: Transform data too old when converting from map to odom
[component_container_isolated-2] [ERROR] [1789771178.508294371] [tf_help]: Data time: 36s 200000000ns, Transform time: 3s 679000000ns
[component_container_isolated-2] [ERROR] [1789771178.556281011] [tf_help]: Transform data too old when converting from map to odom
[component_container_isolated-2] [ERROR] [1789771178.556340601] [tf_help]: Data time: 36s 200000000ns, Transform time: 3s 679000000ns
[component_container_isolated-2] [ERROR] [1789771178.601730599] [tf_help]: Transform data too old when converting from map to odom
[component_container_isolated-2] [ERROR] [1789771178.601764003] [tf_help]: Data time: 36s 200000000ns, Transform time: 3s 679000000ns
[component_container_isolated-2] [ERROR] [1789771178.656536639] [tf_help]: Transform data too old when converting from map to odom
[component_container_isolated-2] [ERROR] [1789771178.656585788] [tf_help]: Data time: 36s 200000000ns, Transform time: 3s 679000000ns
[component_container_isolated-2] [ERROR] [1789771178.704344745] [tf_help]: Transform data too old when converting from map to odom
[component_container_isolated-2] [ERROR] [1789771178.704413522] [tf_help]: Data time: 36s 200000000ns, Transform time: 3s 679000000ns
[component_container_isolated-2] [ERROR] [1789771178.751587435] [tf_help]: Transform data too old when converting from map to odom
[component_container_isolated-2] [ERROR] [1789771178.751617271] [tf_help]: Data time: 36s 200000000ns, Transform time: 3s 679000000ns
[component_container_isolated-2] [ERROR] [1789771178.801654953] [tf_help]: Transform data too old when converting from map to odom
[component_container_isolated-2] [ERROR] [1789771178.801690623] [tf_help]: Data time: 36s 200000000ns, Transform time: 3s 679000000ns
[component_container_isolated-2] [ERROR] [1789771178.852602919] [tf_help]: Transform data too old when converting from map to odom
[component_container_isolated-2] [ERROR] [1789771178.852641170] [tf_help]: Data time: 36s 200000000ns, Transform time: 3s 679000000ns
[component_container_isolated-2] [ERROR] [1789771178.904977169] [tf_help]: Transform data too old when converting from map to odom
[component_container_isolated-2] [ERROR] [1789771178.905013592] [tf_help]: Data time: 36s 200000000ns, Transform time: 3s 679000000ns
[component_container_isolated-2] [ERROR] [1789771178.951621785] [tf_help]: Transform data too old when converting from map to odom
[component_container_isolated-2] [ERROR] [1789771178.951662159] [tf_help]: Data time: 36s 200000000ns, Transform time: 3s 679000000ns
[component_container_isolated-2] [ERROR] [1789771179.003312324] [tf_help]: Transform data too old when converting from map to odom
[component_container_isolated-2] [ERROR] [1789771179.003351025] [tf_help]: Data time: 36s 200000000ns, Transform time: 3s 679000000ns
[component_container_isolated-2] [INFO] [1789771179.046361928] [controller_server]: Passing new path to controller.
[component_container_isolated-2] [ERROR] [1789771179.051652842] [tf_help]: Transform data too old when converting from map to odom
[component_container_isolated-2] [ERROR] [1789771179.051675073] [tf_help]: Data time: 37s 200000000ns, Transform time: 3s 679000000ns
[component_container_isolated-2] [ERROR] [1789771179.101722967] [tf_help]: Transform data too old when converting from map to odom
[component_container_isolated-2] [ERROR] [1789771179.101762069] [tf_help]: Data time: 37s 200000000ns, Transform time: 3s 679000000ns
[component_container_isolated-2] [ERROR] [1789771179.151702198] [tf_help]: Transform data too old when converting from map to odom
[component_container_isolated-2] [ERROR] [1789771179.151738744] [tf_help]: Data time: 37s 200000000ns, Transform time: 3s 679000000ns
[component_container_isolated-2] [ERROR] [1789771179.202314887] [tf_help]: Transform data too old when converting from map to odom
[component_container_isolated-2] [ERROR] [1789771179.202346917] [tf_help]: Data time: 37s 200000000ns, Transform time: 3s 679000000ns
[component_container_isolated-2] [ERROR] [1789771179.251682906] [tf_help]: Transform data too old when converting from map to odom
[component_container_isolated-2] [ERROR] [1789771179.251713910] [tf_help]: Data time: 37s 200000000ns, Transform time: 3s 679000000ns
[component_container_isolated-2] [ERROR] [1789771179.301521628] [tf_help]: Transform data too old when converting from map to odom
[component_container_isolated-2] [ERROR] [1789771179.301555892] [tf_help]: Data time: 37s 200000000ns, Transform time: 3s 679000000ns
[component_container_isolated-2] [ERROR] [1789771179.351613890] [tf_help]: Transform data too old when converting from map to odom
[component_container_isolated-2] [ERROR] [1789771179.351646118] [tf_help]: Data time: 37s 200000000ns, Transform time: 3s 679000000ns
[component_container_isolated-2] [ERROR] [1789771179.402232539] [tf_help]: Transform data too old when converting from map to odom
[component_container_isolated-2] [ERROR] [1789771179.402267008] [tf_help]: Data time: 37s 200000000ns, Transform time: 3s 679000000ns
[component_container_isolated-2] [ERROR] [1789771179.446410261] [controller_server]: Failed to make progress
[component_container_isolated-2] [WARN] [1789771179.446484268] [controller_server]: [follow_path] [ActionServer] Aborting handle.
[component_container_isolated-2] [INFO] [1789771179.465692107] [local_costmap.local_costmap]: Received request to clear entirely the local_costmap
[component_container_isolated-2] [INFO] [1789771179.466073013] [controller_server]: Received a goal, begin computing control effort.
[component_container_isolated-2] [ERROR] [1789771179.666001538] [tf_help]: Transform data too old when converting from map to odom
[component_container_isolated-2] [ERROR] [1789771179.666076855] [tf_help]: Data time: 37s 200000000ns, Transform time: 3s 679000000ns
[component_container_isolated-2] [WARN] [1789771179.666090590] [controller_server]: Control loop missed its desired rate of 20.0000Hz
[component_container_isolated-2] [INFO] [1789771179.672605734] [controller_server]: [TG-MPPI] cycle time (compute_backend=cpu): 6.340 ms/cycle avg over 50 cycles
[component_container_isolated-2] [ERROR] [1789771179.672727510] [tf_help]: Transform data too old when converting from map to odom
[component_container_isolated-2] [ERROR] [1789771179.672743949] [tf_help]: Data time: 37s 200000000ns, Transform time: 3s 679000000ns
[component_container_isolated-2] [ERROR] [1789771179.729171087] [tf_help]: Transform data too old when converting from map to odom
[component_container_isolated-2] [ERROR] [1789771179.729212787] [tf_help]: Data time: 37s 200000000ns, Transform time: 3s 679000000ns
[component_container_isolated-2] [ERROR] [1789771179.791595914] [tf_help]: Transform data too old when converting from map to odom
[component_container_isolated-2] [ERROR] [1789771179.791636900] [tf_help]: Data time: 37s 200000000ns, Transform time: 3s 679000000ns
[component_container_isolated-2] [ERROR] [1789771179.847412622] [tf_help]: Transform data too old when converting from map to odom
[component_container_isolated-2] [ERROR] [1789771179.847449613] [tf_help]: Data time: 37s 200000000ns, Transform time: 3s 679000000ns
[component_container_isolated-2] [ERROR] [1789771179.902813050] [tf_help]: Transform data too old when converting from map to odom
[component_container_isolated-2] [ERROR] [1789771179.902845388] [tf_help]: Data time: 37s 200000000ns, Transform time: 3s 679000000ns
[component_container_isolated-2] [ERROR] [1789771179.958401306] [tf_help]: Transform data too old when converting from map to odom
[component_container_isolated-2] [ERROR] [1789771179.958442783] [tf_help]: Data time: 37s 200000000ns, Transform time: 3s 679000000ns
[component_container_isolated-2] [ERROR] [1789771180.014262849] [tf_help]: Transform data too old when converting from map to odom
[component_container_isolated-2] [ERROR] [1789771180.014296068] [tf_help]: Data time: 37s 200000000ns, Transform time: 3s 679000000ns
[component_container_isolated-2] [ERROR] [1789771180.070884027] [tf_help]: Transform data too old when converting from map to odom
[component_container_isolated-2] [ERROR] [1789771180.070915184] [tf_help]: Data time: 37s 200000000ns, Transform time: 3s 679000000ns
[component_container_isolated-2] [INFO] [1789771180.116151035] [controller_server]: Passing new path to controller.
[component_container_isolated-2] [ERROR] [1789771180.122110254] [tf_help]: Transform data too old when converting from map to odom
[component_container_isolated-2] [ERROR] [1789771180.122135847] [tf_help]: Data time: 38s 100000000ns, Transform time: 3s 679000000ns
[component_container_isolated-2] [ERROR] [1789771180.171756564] [tf_help]: Transform data too old when converting from map to odom
[component_container_isolated-2] [ERROR] [1789771180.171789912] [tf_help]: Data time: 38s 100000000ns, Transform time: 3s 679000000ns
[component_container_isolated-2] [ERROR] [1789771180.221532798] [tf_help]: Transform data too old when converting from map to odom
[component_container_isolated-2] [ERROR] [1789771180.221575667] [tf_help]: Data time: 38s 100000000ns, Transform time: 3s 679000000ns
[component_container_isolated-2] [ERROR] [1789771180.271318314] [tf_help]: Transform data too old when converting from map to odom
[component_container_isolated-2] [ERROR] [1789771180.271349270] [tf_help]: Data time: 38s 100000000ns, Transform time: 3s 679000000ns
[component_container_isolated-2] [ERROR] [1789771180.321617424] [tf_help]: Transform data too old when converting from map to odom
[component_container_isolated-2] [ERROR] [1789771180.321648208] [tf_help]: Data time: 38s 100000000ns, Transform time: 3s 679000000ns
[component_container_isolated-2] [ERROR] [1789771180.371327481] [tf_help]: Transform data too old when converting from map to odom
[component_container_isolated-2] [ERROR] [1789771180.371358226] [tf_help]: Data time: 38s 100000000ns, Transform time: 3s 679000000ns
[component_container_isolated-2] [ERROR] [1789771180.421345948] [tf_help]: Transform data too old when converting from map to odom
[component_container_isolated-2] [ERROR] [1789771180.421377528] [tf_help]: Data time: 38s 100000000ns, Transform time: 3s 679000000ns
[component_container_isolated-2] [ERROR] [1789771180.471404317] [tf_help]: Transform data too old when converting from map to odom
[component_container_isolated-2] [ERROR] [1789771180.471438830] [tf_help]: Data time: 38s 100000000ns, Transform time: 3s 679000000ns
[component_container_isolated-2] [ERROR] [1789771180.521353681] [tf_help]: Transform data too old when converting from map to odom
[component_container_isolated-2] [ERROR] [1789771180.521387578] [tf_help]: Data time: 38s 100000000ns, Transform time: 3s 679000000ns
[component_container_isolated-2] [ERROR] [1789771180.571414440] [tf_help]: Transform data too old when converting from map to odom
[component_container_isolated-2] [ERROR] [1789771180.571456963] [tf_help]: Data time: 38s 100000000ns, Transform time: 3s 679000000ns
[component_container_isolated-2] [ERROR] [1789771180.622090606] [tf_help]: Transform data too old when converting from map to odom
[component_container_isolated-2] [ERROR] [1789771180.622145857] [tf_help]: Data time: 38s 100000000ns, Transform time: 3s 679000000ns
[component_container_isolated-2] [ERROR] [1789771180.671299044] [tf_help]: Transform data too old when converting from map to odom
[component_container_isolated-2] [ERROR] [1789771180.671329322] [tf_help]: Data time: 38s 100000000ns, Transform time: 3s 679000000ns
[component_container_isolated-2] [ERROR] [1789771180.721526952] [tf_help]: Transform data too old when converting from map to odom
[component_container_isolated-2] [ERROR] [1789771180.721562114] [tf_help]: Data time: 38s 100000000ns, Transform time: 3s 679000000ns
[component_container_isolated-2] [ERROR] [1789771180.772496366] [tf_help]: Transform data too old when converting from map to odom
[component_container_isolated-2] [ERROR] [1789771180.772531410] [tf_help]: Data time: 38s 100000000ns, Transform time: 3s 679000000ns
[component_container_isolated-2] [ERROR] [1789771180.821392032] [tf_help]: Transform data too old when converting from map to odom
[component_container_isolated-2] [ERROR] [1789771180.821427360] [tf_help]: Data time: 38s 100000000ns, Transform time: 3s 679000000ns
[component_container_isolated-2] [ERROR] [1789771180.873178461] [tf_help]: Transform data too old when converting from map to odom
[component_container_isolated-2] [ERROR] [1789771180.873212439] [tf_help]: Data time: 38s 100000000ns, Transform time: 3s 679000000ns
[component_container_isolated-2] [ERROR] [1789771180.921907303] [tf_help]: Transform data too old when converting from map to odom
[component_container_isolated-2] [ERROR] [1789771180.921949076] [tf_help]: Data time: 38s 100000000ns, Transform time: 3s 679000000ns
[component_container_isolated-2] [ERROR] [1789771180.975188279] [tf_help]: Transform data too old when converting from map to odom
[component_container_isolated-2] [ERROR] [1789771180.975237565] [tf_help]: Data time: 38s 100000000ns, Transform time: 3s 679000000ns
[component_container_isolated-2] [ERROR] [1789771181.021459609] [tf_help]: Transform data too old when converting from map to odom
[component_container_isolated-2] [ERROR] [1789771181.021491673] [tf_help]: Data time: 38s 100000000ns, Transform time: 3s 679000000ns
[component_container_isolated-2] [ERROR] [1789771181.071599475] [tf_help]: Transform data too old when converting from map to odom
[component_container_isolated-2] [ERROR] [1789771181.071630651] [tf_help]: Data time: 38s 100000000ns, Transform time: 3s 679000000ns
[component_container_isolated-2] [INFO] [1789771181.116150931] [controller_server]: Passing new path to controller.
[component_container_isolated-2] [ERROR] [1789771181.121554860] [tf_help]: Transform data too old when converting from map to odom
[component_container_isolated-2] [ERROR] [1789771181.121575908] [tf_help]: Data time: 39s 100000000ns, Transform time: 3s 679000000ns
[component_container_isolated-2] [ERROR] [1789771181.171510804] [tf_help]: Transform data too old when converting from map to odom
[component_container_isolated-2] [ERROR] [1789771181.171541862] [tf_help]: Data time: 39s 100000000ns, Transform time: 3s 679000000ns
[component_container_isolated-2] [ERROR] [1789771181.222112047] [tf_help]: Transform data too old when converting from map to odom
[component_container_isolated-2] [ERROR] [1789771181.222148035] [tf_help]: Data time: 39s 100000000ns, Transform time: 3s 679000000ns
[component_container_isolated-2] [ERROR] [1789771181.274357713] [tf_help]: Transform data too old when converting from map to odom
[component_container_isolated-2] [ERROR] [1789771181.274418166] [tf_help]: Data time: 39s 100000000ns, Transform time: 3s 679000000ns
[component_container_isolated-2] [ERROR] [1789771181.324251979] [tf_help]: Transform data too old when converting from map to odom
[component_container_isolated-2] [ERROR] [1789771181.324282898] [tf_help]: Data time: 39s 100000000ns, Transform time: 3s 679000000ns
[component_container_isolated-2] [ERROR] [1789771181.374756801] [tf_help]: Transform data too old when converting from map to odom
[component_container_isolated-2] [ERROR] [1789771181.374810120] [tf_help]: Data time: 39s 100000000ns, Transform time: 3s 679000000ns
[component_container_isolated-2] [ERROR] [1789771181.422938795] [tf_help]: Transform data too old when converting from map to odom
[component_container_isolated-2] [ERROR] [1789771181.422971818] [tf_help]: Data time: 39s 100000000ns, Transform time: 3s 679000000ns
[component_container_isolated-2] [ERROR] [1789771181.471853729] [tf_help]: Transform data too old when converting from map to odom
[component_container_isolated-2] [ERROR] [1789771181.471895497] [tf_help]: Data time: 39s 100000000ns, Transform time: 3s 679000000ns
[component_container_isolated-2] [ERROR] [1789771181.525169796] [tf_help]: Transform data too old when converting from map to odom
[component_container_isolated-2] [ERROR] [1789771181.525200170] [tf_help]: Data time: 39s 100000000ns, Transform time: 3s 679000000ns
[component_container_isolated-2] [ERROR] [1789771181.571599847] [tf_help]: Transform data too old when converting from map to odom
[component_container_isolated-2] [ERROR] [1789771181.571624166] [tf_help]: Data time: 39s 100000000ns, Transform time: 3s 679000000ns
[component_container_isolated-2] [ERROR] [1789771181.621501803] [tf_help]: Transform data too old when converting from map to odom
[component_container_isolated-2] [ERROR] [1789771181.621532818] [tf_help]: Data time: 39s 100000000ns, Transform time: 3s 679000000ns
[component_container_isolated-2] [ERROR] [1789771181.671814450] [tf_help]: Transform data too old when converting from map to odom
[component_container_isolated-2] [ERROR] [1789771181.671845781] [tf_help]: Data time: 39s 100000000ns, Transform time: 3s 679000000ns
[component_container_isolated-2] [ERROR] [1789771181.722478750] [tf_help]: Transform data too old when converting from map to odom
[component_container_isolated-2] [ERROR] [1789771181.722511058] [tf_help]: Data time: 39s 100000000ns, Transform time: 3s 679000000ns
[component_container_isolated-2] [ERROR] [1789771181.772115383] [tf_help]: Transform data too old when converting from map to odom
[component_container_isolated-2] [ERROR] [1789771181.772149654] [tf_help]: Data time: 39s 100000000ns, Transform time: 3s 679000000ns
[component_container_isolated-2] [ERROR] [1789771181.821480379] [tf_help]: Transform data too old when converting from map to odom
[component_container_isolated-2] [ERROR] [1789771181.821513709] [tf_help]: Data time: 39s 100000000ns, Transform time: 3s 679000000ns
[component_container_isolated-2] [ERROR] [1789771181.871682947] [tf_help]: Transform data too old when converting from map to odom
[component_container_isolated-2] [ERROR] [1789771181.871717752] [tf_help]: Data time: 39s 100000000ns, Transform time: 3s 679000000ns
[component_container_isolated-2] [ERROR] [1789771181.926105030] [tf_help]: Transform data too old when converting from map to odom
[component_container_isolated-2] [ERROR] [1789771181.926158024] [tf_help]: Data time: 39s 100000000ns, Transform time: 3s 679000000ns
[component_container_isolated-2] [ERROR] [1789771181.976811755] [tf_help]: Transform data too old when converting from map to odom
[component_container_isolated-2] [ERROR] [1789771181.976857448] [tf_help]: Data time: 39s 100000000ns, Transform time: 3s 679000000ns
[ground_truth_localizer-1] [INFO] [1789771181.995141898] [ground_truth_localizer]: last 10 s: ground truth msgs 294, map->odom published 294 (277 via latest odom TF)
[component_container_isolated-2] [ERROR] [1789771182.023252220] [tf_help]: Transform data too old when converting from map to odom
[component_container_isolated-2] [ERROR] [1789771182.023285979] [tf_help]: Data time: 39s 100000000ns, Transform time: 3s 679000000ns
[component_container_isolated-2] [ERROR] [1789771182.071760735] [tf_help]: Transform data too old when converting from map to odom
[component_container_isolated-2] [ERROR] [1789771182.071795680] [tf_help]: Data time: 39s 100000000ns, Transform time: 3s 679000000ns
[component_container_isolated-2] [ERROR] [1789771182.121672943] [tf_help]: Transform data too old when converting from map to odom
[component_container_isolated-2] [ERROR] [1789771182.121711250] [tf_help]: Data time: 39s 100000000ns, Transform time: 3s 679000000ns
[component_container_isolated-2] [INFO] [1789771182.166256832] [controller_server]: Passing new path to controller.
[component_container_isolated-2] [ERROR] [1789771182.171641431] [tf_help]: Transform data too old when converting from map to odom
[component_container_isolated-2] [ERROR] [1789771182.171664010] [tf_help]: Data time: 40s 100000000ns, Transform time: 3s 679000000ns
[component_container_isolated-2] [INFO] [1789771182.221253749] [controller_server]: [TG-MPPI] cycle time (compute_backend=cpu): 6.009 ms/cycle avg over 50 cycles
[component_container_isolated-2] [ERROR] [1789771182.221385112] [tf_help]: Transform data too old when converting from map to odom
[component_container_isolated-2] [ERROR] [1789771182.221408195] [tf_help]: Data time: 40s 100000000ns, Transform time: 3s 679000000ns
[component_container_isolated-2] [ERROR] [1789771182.271239976] [tf_help]: Transform data too old when converting from map to odom
[component_container_isolated-2] [ERROR] [1789771182.271270180] [tf_help]: Data time: 40s 100000000ns, Transform time: 3s 679000000ns
[component_container_isolated-2] [ERROR] [1789771182.321497196] [tf_help]: Transform data too old when converting from map to odom
[component_container_isolated-2] [ERROR] [1789771182.321527715] [tf_help]: Data time: 40s 100000000ns, Transform time: 3s 679000000ns
[component_container_isolated-2] [ERROR] [1789771182.375915099] [tf_help]: Transform data too old when converting from map to odom
[component_container_isolated-2] [ERROR] [1789771182.375959091] [tf_help]: Data time: 40s 100000000ns, Transform time: 3s 679000000ns
[component_container_isolated-2] [ERROR] [1789771182.424690589] [tf_help]: Transform data too old when converting from map to odom
[component_container_isolated-2] [ERROR] [1789771182.424727096] [tf_help]: Data time: 40s 100000000ns, Transform time: 3s 679000000ns
[component_container_isolated-2] [ERROR] [1789771182.471586097] [tf_help]: Transform data too old when converting from map to odom
[component_container_isolated-2] [ERROR] [1789771182.471615384] [tf_help]: Data time: 40s 100000000ns, Transform time: 3s 679000000ns
[component_container_isolated-2] [ERROR] [1789771182.522839693] [tf_help]: Transform data too old when converting from map to odom
[component_container_isolated-2] [ERROR] [1789771182.522870580] [tf_help]: Data time: 40s 100000000ns, Transform time: 3s 679000000ns
[component_container_isolated-2] [ERROR] [1789771182.571332916] [tf_help]: Transform data too old when converting from map to odom
[component_container_isolated-2] [ERROR] [1789771182.571365356] [tf_help]: Data time: 40s 100000000ns, Transform time: 3s 679000000ns
[component_container_isolated-2] [ERROR] [1789771182.621425681] [tf_help]: Transform data too old when converting from map to odom
[component_container_isolated-2] [ERROR] [1789771182.621480399] [tf_help]: Data time: 40s 100000000ns, Transform time: 3s 679000000ns
[component_container_isolated-2] [ERROR] [1789771182.671500593] [tf_help]: Transform data too old when converting from map to odom
[component_container_isolated-2] [ERROR] [1789771182.671532976] [tf_help]: Data time: 40s 100000000ns, Transform time: 3s 679000000ns
[component_container_isolated-2] [ERROR] [1789771182.721529420] [tf_help]: Transform data too old when converting from map to odom
[component_container_isolated-2] [ERROR] [1789771182.721559238] [tf_help]: Data time: 40s 100000000ns, Transform time: 3s 679000000ns
[component_container_isolated-2] [ERROR] [1789771182.771653909] [tf_help]: Transform data too old when converting from map to odom
[component_container_isolated-2] [ERROR] [1789771182.771687016] [tf_help]: Data time: 40s 100000000ns, Transform time: 3s 679000000ns
[component_container_isolated-2] [ERROR] [1789771182.821832937] [tf_help]: Transform data too old when converting from map to odom
[component_container_isolated-2] [ERROR] [1789771182.821864952] [tf_help]: Data time: 40s 100000000ns, Transform time: 3s 679000000ns
[component_container_isolated-2] [ERROR] [1789771182.871601992] [tf_help]: Transform data too old when converting from map to odom
[component_container_isolated-2] [ERROR] [1789771182.871633818] [tf_help]: Data time: 40s 100000000ns, Transform time: 3s 679000000ns
[component_container_isolated-2] [ERROR] [1789771182.921784887] [tf_help]: Transform data too old when converting from map to odom
[component_container_isolated-2] [ERROR] [1789771182.921846709] [tf_help]: Data time: 40s 100000000ns, Transform time: 3s 679000000ns
[component_container_isolated-2] [ERROR] [1789771182.974384986] [tf_help]: Transform data too old when converting from map to odom
[component_container_isolated-2] [ERROR] [1789771182.974424773] [tf_help]: Data time: 40s 100000000ns, Transform time: 3s 679000000ns
[component_container_isolated-2] [ERROR] [1789771183.027992746] [tf_help]: Transform data too old when converting from map to odom
[component_container_isolated-2] [ERROR] [1789771183.028043241] [tf_help]: Data time: 40s 100000000ns, Transform time: 3s 679000000ns
[component_container_isolated-2] [ERROR] [1789771183.072276906] [tf_help]: Transform data too old when converting from map to odom
[component_container_isolated-2] [ERROR] [1789771183.072311585] [tf_help]: Data time: 40s 100000000ns, Transform time: 3s 679000000ns
[component_container_isolated-2] [ERROR] [1789771183.121539376] [tf_help]: Transform data too old when converting from map to odom
[component_container_isolated-2] [ERROR] [1789771183.121573752] [tf_help]: Data time: 40s 100000000ns, Transform time: 3s 679000000ns
[component_container_isolated-2] [INFO] [1789771183.166191040] [controller_server]: Passing new path to controller.
[component_container_isolated-2] [ERROR] [1789771183.171895183] [tf_help]: Transform data too old when converting from map to odom
[component_container_isolated-2] [ERROR] [1789771183.171923881] [tf_help]: Data time: 41s 0ns, Transform time: 3s 679000000ns
[component_container_isolated-2] [ERROR] [1789771183.223425466] [tf_help]: Transform data too old when converting from map to odom
[component_container_isolated-2] [ERROR] [1789771183.223463544] [tf_help]: Data time: 41s 0ns, Transform time: 3s 679000000ns
[component_container_isolated-2] [ERROR] [1789771183.271629162] [tf_help]: Transform data too old when converting from map to odom
[component_container_isolated-2] [ERROR] [1789771183.271659606] [tf_help]: Data time: 41s 0ns, Transform time: 3s 679000000ns
[component_container_isolated-2] [ERROR] [1789771183.329445500] [tf_help]: Transform data too old when converting from map to odom
[component_container_isolated-2] [ERROR] [1789771183.329499365] [tf_help]: Data time: 41s 0ns, Transform time: 3s 679000000ns
[component_container_isolated-2] [ERROR] [1789771183.376893590] [tf_help]: Transform data too old when converting from map to odom
[component_container_isolated-2] [ERROR] [1789771183.376941495] [tf_help]: Data time: 41s 0ns, Transform time: 3s 679000000ns
[component_container_isolated-2] [ERROR] [1789771183.427982209] [tf_help]: Transform data too old when converting from map to odom
[component_container_isolated-2] [ERROR] [1789771183.428032221] [tf_help]: Data time: 41s 0ns, Transform time: 3s 679000000ns
[component_container_isolated-2] [ERROR] [1789771183.476559435] [tf_help]: Transform data too old when converting from map to odom
[component_container_isolated-2] [ERROR] [1789771183.476607534] [tf_help]: Data time: 41s 0ns, Transform time: 3s 679000000ns
[component_container_isolated-2] [ERROR] [1789771183.527629344] [tf_help]: Transform data too old when converting from map to odom
[component_container_isolated-2] [ERROR] [1789771183.527685643] [tf_help]: Data time: 41s 0ns, Transform time: 3s 679000000ns
[component_container_isolated-2] [ERROR] [1789771183.577968651] [tf_help]: Transform data too old when converting from map to odom
[component_container_isolated-2] [ERROR] [1789771183.578029625] [tf_help]: Data time: 41s 0ns, Transform time: 3s 679000000ns
[component_container_isolated-2] [ERROR] [1789771183.629588136] [tf_help]: Transform data too old when converting from map to odom
[component_container_isolated-2] [ERROR] [1789771183.629639725] [tf_help]: Data time: 41s 0ns, Transform time: 3s 679000000ns
[component_container_isolated-2] [ERROR] [1789771183.676597198] [tf_help]: Transform data too old when converting from map to odom
[component_container_isolated-2] [ERROR] [1789771183.676641504] [tf_help]: Data time: 41s 0ns, Transform time: 3s 679000000ns
[component_container_isolated-2] [ERROR] [1789771183.726953017] [tf_help]: Transform data too old when converting from map to odom
[component_container_isolated-2] [ERROR] [1789771183.727008271] [tf_help]: Data time: 41s 0ns, Transform time: 3s 679000000ns
[component_container_isolated-2] [ERROR] [1789771183.777397454] [tf_help]: Transform data too old when converting from map to odom
[component_container_isolated-2] [ERROR] [1789771183.777459466] [tf_help]: Data time: 41s 0ns, Transform time: 3s 679000000ns
[component_container_isolated-2] [ERROR] [1789771183.826647636] [tf_help]: Transform data too old when converting from map to odom
[component_container_isolated-2] [ERROR] [1789771183.826696561] [tf_help]: Data time: 41s 0ns, Transform time: 3s 679000000ns
[component_container_isolated-2] [ERROR] [1789771183.876330663] [tf_help]: Transform data too old when converting from map to odom
[component_container_isolated-2] [ERROR] [1789771183.876375916] [tf_help]: Data time: 41s 0ns, Transform time: 3s 679000000ns
[component_container_isolated-2] [ERROR] [1789771183.926746981] [tf_help]: Transform data too old when converting from map to odom
[component_container_isolated-2] [ERROR] [1789771183.926803870] [tf_help]: Data time: 41s 0ns, Transform time: 3s 679000000ns
[component_container_isolated-2] [ERROR] [1789771183.976623483] [tf_help]: Transform data too old when converting from map to odom
[component_container_isolated-2] [ERROR] [1789771183.976676562] [tf_help]: Data time: 41s 0ns, Transform time: 3s 679000000ns
[component_container_isolated-2] [ERROR] [1789771184.026136915] [tf_help]: Transform data too old when converting from map to odom
[component_container_isolated-2] [ERROR] [1789771184.026182141] [tf_help]: Data time: 41s 0ns, Transform time: 3s 679000000ns
[component_container_isolated-2] [ERROR] [1789771184.086004886] [tf_help]: Transform data too old when converting from map to odom
[component_container_isolated-2] [ERROR] [1789771184.086071261] [tf_help]: Data time: 41s 0ns, Transform time: 3s 679000000ns
[component_container_isolated-2] [ERROR] [1789771184.128088755] [tf_help]: Transform data too old when converting from map to odom
[component_container_isolated-2] [ERROR] [1789771184.128138900] [tf_help]: Data time: 41s 0ns, Transform time: 3s 679000000ns
[component_container_isolated-2] [ERROR] [1789771184.174098115] [tf_help]: Transform data too old when converting from map to odom
[component_container_isolated-2] [ERROR] [1789771184.174130037] [tf_help]: Data time: 41s 0ns, Transform time: 3s 679000000ns
[component_container_isolated-2] [INFO] [1789771184.216189103] [controller_server]: Passing new path to controller.
[component_container_isolated-2] [ERROR] [1789771184.221580472] [tf_help]: Transform data too old when converting from map to odom
[component_container_isolated-2] [ERROR] [1789771184.221614778] [tf_help]: Data time: 41s 900000000ns, Transform time: 3s 679000000ns
[component_container_isolated-2] [ERROR] [1789771184.271813975] [tf_help]: Transform data too old when converting from map to odom
[component_container_isolated-2] [ERROR] [1789771184.271847590] [tf_help]: Data time: 41s 900000000ns, Transform time: 3s 679000000ns
[component_container_isolated-2] [ERROR] [1789771184.321426435] [tf_help]: Transform data too old when converting from map to odom
[component_container_isolated-2] [ERROR] [1789771184.321463558] [tf_help]: Data time: 41s 900000000ns, Transform time: 3s 679000000ns
[component_container_isolated-2] [ERROR] [1789771184.377451270] [tf_help]: Transform data too old when converting from map to odom
[component_container_isolated-2] [ERROR] [1789771184.377509374] [tf_help]: Data time: 41s 900000000ns, Transform time: 3s 679000000ns
[component_container_isolated-2] [ERROR] [1789771184.426090055] [tf_help]: Transform data too old when converting from map to odom
[component_container_isolated-2] [ERROR] [1789771184.426130194] [tf_help]: Data time: 41s 900000000ns, Transform time: 3s 679000000ns
[component_container_isolated-2] [ERROR] [1789771184.491643217] [tf_help]: Transform data too old when converting from map to odom
[component_container_isolated-2] [ERROR] [1789771184.491730829] [tf_help]: Data time: 41s 900000000ns, Transform time: 3s 679000000ns
[component_container_isolated-2] [ERROR] [1789771184.537341710] [tf_help]: Transform data too old when converting from map to odom
[component_container_isolated-2] [ERROR] [1789771184.537398527] [tf_help]: Data time: 41s 900000000ns, Transform time: 3s 679000000ns
[component_container_isolated-2] [ERROR] [1789771184.574903048] [tf_help]: Transform data too old when converting from map to odom
[component_container_isolated-2] [ERROR] [1789771184.574937251] [tf_help]: Data time: 41s 900000000ns, Transform time: 3s 679000000ns
[component_container_isolated-2] [ERROR] [1789771184.626723683] [tf_help]: Transform data too old when converting from map to odom
[component_container_isolated-2] [ERROR] [1789771184.626772700] [tf_help]: Data time: 41s 900000000ns, Transform time: 3s 679000000ns
[component_container_isolated-2] [ERROR] [1789771184.671775109] [tf_help]: Transform data too old when converting from map to odom
[component_container_isolated-2] [ERROR] [1789771184.671818728] [tf_help]: Data time: 41s 900000000ns, Transform time: 3s 679000000ns
[component_container_isolated-2] [INFO] [1789771184.722221457] [controller_server]: [TG-MPPI] cycle time (compute_backend=cpu): 8.768 ms/cycle avg over 50 cycles
[component_container_isolated-2] [ERROR] [1789771184.722385463] [tf_help]: Transform data too old when converting from map to odom
[component_container_isolated-2] [ERROR] [1789771184.722401989] [tf_help]: Data time: 41s 900000000ns, Transform time: 3s 679000000ns
[component_container_isolated-2] [ERROR] [1789771184.774120436] [tf_help]: Transform data too old when converting from map to odom
[component_container_isolated-2] [ERROR] [1789771184.774154232] [tf_help]: Data time: 41s 900000000ns, Transform time: 3s 679000000ns
[component_container_isolated-2] [ERROR] [1789771184.826666797] [tf_help]: Transform data too old when converting from map to odom
[component_container_isolated-2] [ERROR] [1789771184.826723605] [tf_help]: Data time: 41s 900000000ns, Transform time: 3s 679000000ns
[component_container_isolated-2] [ERROR] [1789771184.876200866] [tf_help]: Transform data too old when converting from map to odom
[component_container_isolated-2] [ERROR] [1789771184.876254916] [tf_help]: Data time: 41s 900000000ns, Transform time: 3s 679000000ns
[component_container_isolated-2] [ERROR] [1789771184.926312623] [tf_help]: Transform data too old when converting from map to odom
[component_container_isolated-2] [ERROR] [1789771184.926355430] [tf_help]: Data time: 41s 900000000ns, Transform time: 3s 679000000ns
[component_container_isolated-2] [ERROR] [1789771184.975867510] [tf_help]: Transform data too old when converting from map to odom
[component_container_isolated-2] [ERROR] [1789771184.975898677] [tf_help]: Data time: 41s 900000000ns, Transform time: 3s 679000000ns
[component_container_isolated-2] [ERROR] [1789771185.022911342] [tf_help]: Transform data too old when converting from map to odom
[component_container_isolated-2] [ERROR] [1789771185.022951144] [tf_help]: Data time: 41s 900000000ns, Transform time: 3s 679000000ns
[component_container_isolated-2] [ERROR] [1789771185.071975330] [tf_help]: Transform data too old when converting from map to odom
[component_container_isolated-2] [ERROR] [1789771185.072008106] [tf_help]: Data time: 41s 900000000ns, Transform time: 3s 679000000ns
[component_container_isolated-2] [ERROR] [1789771185.121517991] [tf_help]: Transform data too old when converting from map to odom
[component_container_isolated-2] [ERROR] [1789771185.121545930] [tf_help]: Data time: 41s 900000000ns, Transform time: 3s 679000000ns
[component_container_isolated-2] [ERROR] [1789771185.177822806] [tf_help]: Transform data too old when converting from map to odom
[component_container_isolated-2] [ERROR] [1789771185.177872027] [tf_help]: Data time: 41s 900000000ns, Transform time: 3s 679000000ns
[component_container_isolated-2] [INFO] [1789771185.216153738] [controller_server]: Passing new path to controller.
[component_container_isolated-2] [ERROR] [1789771185.226314162] [tf_help]: Transform data too old when converting from map to odom
[component_container_isolated-2] [ERROR] [1789771185.226345786] [tf_help]: Data time: 42s 800000000ns, Transform time: 3s 679000000ns
[component_container_isolated-2] [ERROR] [1789771185.274081405] [tf_help]: Transform data too old when converting from map to odom
[component_container_isolated-2] [ERROR] [1789771185.274120123] [tf_help]: Data time: 42s 800000000ns, Transform time: 3s 679000000ns
[component_container_isolated-2] [ERROR] [1789771185.326271796] [tf_help]: Transform data too old when converting from map to odom
[component_container_isolated-2] [ERROR] [1789771185.326313044] [tf_help]: Data time: 42s 800000000ns, Transform time: 3s 679000000ns
[component_container_isolated-2] [ERROR] [1789771185.372982843] [tf_help]: Transform data too old when converting from map to odom
[component_container_isolated-2] [ERROR] [1789771185.373013090] [tf_help]: Data time: 42s 800000000ns, Transform time: 3s 679000000ns
[component_container_isolated-2] [ERROR] [1789771185.426294720] [tf_help]: Transform data too old when converting from map to odom
[component_container_isolated-2] [ERROR] [1789771185.426335887] [tf_help]: Data time: 42s 800000000ns, Transform time: 3s 679000000ns
[component_container_isolated-2] [ERROR] [1789771185.475509518] [tf_help]: Transform data too old when converting from map to odom
[component_container_isolated-2] [ERROR] [1789771185.475550271] [tf_help]: Data time: 42s 800000000ns, Transform time: 3s 679000000ns
[component_container_isolated-2] [ERROR] [1789771185.523427875] [tf_help]: Transform data too old when converting from map to odom
[component_container_isolated-2] [ERROR] [1789771185.523464445] [tf_help]: Data time: 42s 800000000ns, Transform time: 3s 679000000ns
[component_container_isolated-2] [ERROR] [1789771185.572368431] [tf_help]: Transform data too old when converting from map to odom
[component_container_isolated-2] [ERROR] [1789771185.572395340] [tf_help]: Data time: 42s 800000000ns, Transform time: 3s 679000000ns
[component_container_isolated-2] [ERROR] [1789771185.623611614] [tf_help]: Transform data too old when converting from map to odom
[component_container_isolated-2] [ERROR] [1789771185.623637053] [tf_help]: Data time: 42s 800000000ns, Transform time: 3s 679000000ns
[component_container_isolated-2] [ERROR] [1789771185.671610272] [tf_help]: Transform data too old when converting from map to odom
[component_container_isolated-2] [ERROR] [1789771185.671644262] [tf_help]: Data time: 42s 800000000ns, Transform time: 3s 679000000ns
[component_container_isolated-2] [ERROR] [1789771185.726706151] [tf_help]: Transform data too old when converting from map to odom
[component_container_isolated-2] [ERROR] [1789771185.726738197] [tf_help]: Data time: 42s 800000000ns, Transform time: 3s 679000000ns
[component_container_isolated-2] [ERROR] [1789771185.771702323] [tf_help]: Transform data too old when converting from map to odom
[component_container_isolated-2] [ERROR] [1789771185.771739632] [tf_help]: Data time: 42s 800000000ns, Transform time: 3s 679000000ns
[component_container_isolated-2] [ERROR] [1789771185.823277829] [tf_help]: Transform data too old when converting from map to odom
[component_container_isolated-2] [ERROR] [1789771185.823332244] [tf_help]: Data time: 42s 800000000ns, Transform time: 3s 679000000ns
[component_container_isolated-2] [ERROR] [1789771185.877201994] [tf_help]: Transform data too old when converting from map to odom
[component_container_isolated-2] [ERROR] [1789771185.877251340] [tf_help]: Data time: 42s 800000000ns, Transform time: 3s 679000000ns
[component_container_isolated-2] [ERROR] [1789771185.921629481] [tf_help]: Transform data too old when converting from map to odom
[component_container_isolated-2] [ERROR] [1789771185.921660715] [tf_help]: Data time: 42s 800000000ns, Transform time: 3s 679000000ns
[component_container_isolated-2] [ERROR] [1789771185.971466467] [tf_help]: Transform data too old when converting from map to odom
[component_container_isolated-2] [ERROR] [1789771185.971505399] [tf_help]: Data time: 42s 800000000ns, Transform time: 3s 679000000ns
[component_container_isolated-2] [ERROR] [1789771186.021565461] [tf_help]: Transform data too old when converting from map to odom
[component_container_isolated-2] [ERROR] [1789771186.021598675] [tf_help]: Data time: 42s 800000000ns, Transform time: 3s 679000000ns
[component_container_isolated-2] [ERROR] [1789771186.071861464] [tf_help]: Transform data too old when converting from map to odom
[component_container_isolated-2] [ERROR] [1789771186.071897334] [tf_help]: Data time: 42s 800000000ns, Transform time: 3s 679000000ns
[component_container_isolated-2] [ERROR] [1789771186.121341098] [tf_help]: Transform data too old when converting from map to odom
[component_container_isolated-2] [ERROR] [1789771186.121373766] [tf_help]: Data time: 42s 800000000ns, Transform time: 3s 679000000ns
[component_container_isolated-2] [ERROR] [1789771186.171429914] [tf_help]: Transform data too old when converting from map to odom
[component_container_isolated-2] [ERROR] [1789771186.171469192] [tf_help]: Data time: 42s 800000000ns, Transform time: 3s 679000000ns
[component_container_isolated-2] [ERROR] [1789771186.221814386] [tf_help]: Transform data too old when converting from map to odom
[component_container_isolated-2] [ERROR] [1789771186.221861915] [tf_help]: Data time: 42s 800000000ns, Transform time: 3s 679000000ns
[component_container_isolated-2] [INFO] [1789771186.266181905] [controller_server]: Passing new path to controller.
[component_container_isolated-2] [ERROR] [1789771186.271590220] [tf_help]: Transform data too old when converting from map to odom
[component_container_isolated-2] [ERROR] [1789771186.271621683] [tf_help]: Data time: 43s 700000000ns, Transform time: 3s 679000000ns
[component_container_isolated-2] [ERROR] [1789771186.321421365] [tf_help]: Transform data too old when converting from map to odom
[component_container_isolated-2] [ERROR] [1789771186.321465722] [tf_help]: Data time: 43s 700000000ns, Transform time: 3s 679000000ns
[component_container_isolated-2] [ERROR] [1789771186.372058789] [tf_help]: Transform data too old when converting from map to odom
[component_container_isolated-2] [ERROR] [1789771186.372089653] [tf_help]: Data time: 43s 700000000ns, Transform time: 3s 679000000ns
[component_container_isolated-2] [ERROR] [1789771186.421837090] [tf_help]: Transform data too old when converting from map to odom
[component_container_isolated-2] [ERROR] [1789771186.421878520] [tf_help]: Data time: 43s 700000000ns, Transform time: 3s 679000000ns
[component_container_isolated-2] [ERROR] [1789771186.473502247] [tf_help]: Transform data too old when converting from map to odom
[component_container_isolated-2] [ERROR] [1789771186.473541182] [tf_help]: Data time: 43s 700000000ns, Transform time: 3s 679000000ns
[component_container_isolated-2] [ERROR] [1789771186.521454896] [tf_help]: Transform data too old when converting from map to odom
[component_container_isolated-2] [ERROR] [1789771186.521487692] [tf_help]: Data time: 43s 700000000ns, Transform time: 3s 679000000ns
[component_container_isolated-2] [ERROR] [1789771186.571616338] [tf_help]: Transform data too old when converting from map to odom
[component_container_isolated-2] [ERROR] [1789771186.571650114] [tf_help]: Data time: 43s 700000000ns, Transform time: 3s 679000000ns
[component_container_isolated-2] [ERROR] [1789771186.621435729] [tf_help]: Transform data too old when converting from map to odom
[component_container_isolated-2] [ERROR] [1789771186.621469188] [tf_help]: Data time: 43s 700000000ns, Transform time: 3s 679000000ns
[component_container_isolated-2] [ERROR] [1789771186.671313516] [tf_help]: Transform data too old when converting from map to odom
[component_container_isolated-2] [ERROR] [1789771186.671353352] [tf_help]: Data time: 43s 700000000ns, Transform time: 3s 679000000ns
[component_container_isolated-2] [ERROR] [1789771186.721527093] [tf_help]: Transform data too old when converting from map to odom
[component_container_isolated-2] [ERROR] [1789771186.721560303] [tf_help]: Data time: 43s 700000000ns, Transform time: 3s 679000000ns
[component_container_isolated-2] [ERROR] [1789771186.771625658] [tf_help]: Transform data too old when converting from map to odom
[component_container_isolated-2] [ERROR] [1789771186.771659714] [tf_help]: Data time: 43s 700000000ns, Transform time: 3s 679000000ns
[component_container_isolated-2] [ERROR] [1789771186.822844306] [tf_help]: Transform data too old when converting from map to odom
[component_container_isolated-2] [ERROR] [1789771186.822877056] [tf_help]: Data time: 43s 700000000ns, Transform time: 3s 679000000ns
[component_container_isolated-2] [ERROR] [1789771186.873061748] [tf_help]: Transform data too old when converting from map to odom
[component_container_isolated-2] [ERROR] [1789771186.873111717] [tf_help]: Data time: 43s 700000000ns, Transform time: 3s 679000000ns
[component_container_isolated-2] [ERROR] [1789771186.926078117] [tf_help]: Transform data too old when converting from map to odom
[component_container_isolated-2] [ERROR] [1789771186.926123893] [tf_help]: Data time: 43s 700000000ns, Transform time: 3s 679000000ns
[component_container_isolated-2] [ERROR] [1789771186.976083401] [tf_help]: Transform data too old when converting from map to odom
[component_container_isolated-2] [ERROR] [1789771186.976128109] [tf_help]: Data time: 43s 700000000ns, Transform time: 3s 679000000ns
[component_container_isolated-2] [ERROR] [1789771187.026307372] [tf_help]: Transform data too old when converting from map to odom
[component_container_isolated-2] [ERROR] [1789771187.026351798] [tf_help]: Data time: 43s 700000000ns, Transform time: 3s 679000000ns
[component_container_isolated-2] [ERROR] [1789771187.075015203] [tf_help]: Transform data too old when converting from map to odom
[component_container_isolated-2] [ERROR] [1789771187.075048949] [tf_help]: Data time: 43s 700000000ns, Transform time: 3s 679000000ns
[component_container_isolated-2] [ERROR] [1789771187.121268991] [tf_help]: Transform data too old when converting from map to odom
[component_container_isolated-2] [ERROR] [1789771187.121304514] [tf_help]: Data time: 43s 700000000ns, Transform time: 3s 679000000ns
[component_container_isolated-2] [ERROR] [1789771187.171609486] [tf_help]: Transform data too old when converting from map to odom
[component_container_isolated-2] [ERROR] [1789771187.171649104] [tf_help]: Data time: 43s 700000000ns, Transform time: 3s 679000000ns
[component_container_isolated-2] [INFO] [1789771187.226619264] [controller_server]: [TG-MPPI] cycle time (compute_backend=cpu): 7.020 ms/cycle avg over 50 cycles
[component_container_isolated-2] [ERROR] [1789771187.226857670] [tf_help]: Transform data too old when converting from map to odom
[component_container_isolated-2] [ERROR] [1789771187.226889271] [tf_help]: Data time: 43s 700000000ns, Transform time: 3s 679000000ns
[component_container_isolated-2] [ERROR] [1789771187.272940223] [tf_help]: Transform data too old when converting from map to odom
[component_container_isolated-2] [ERROR] [1789771187.272981628] [tf_help]: Data time: 43s 700000000ns, Transform time: 3s 679000000ns
[component_container_isolated-2] [INFO] [1789771187.316187340] [controller_server]: Passing new path to controller.
[component_container_isolated-2] [ERROR] [1789771187.324010805] [tf_help]: Transform data too old when converting from map to odom
[component_container_isolated-2] [ERROR] [1789771187.324041793] [tf_help]: Data time: 44s 700000000ns, Transform time: 3s 679000000ns
[component_container_isolated-2] [ERROR] [1789771187.371881721] [tf_help]: Transform data too old when converting from map to odom
[component_container_isolated-2] [ERROR] [1789771187.371913216] [tf_help]: Data time: 44s 700000000ns, Transform time: 3s 679000000ns
[component_container_isolated-2] [ERROR] [1789771187.421707711] [tf_help]: Transform data too old when converting from map to odom
[component_container_isolated-2] [ERROR] [1789771187.421739392] [tf_help]: Data time: 44s 700000000ns, Transform time: 3s 679000000ns
[component_container_isolated-2] [ERROR] [1789771187.472323481] [tf_help]: Transform data too old when converting from map to odom
[component_container_isolated-2] [ERROR] [1789771187.472372367] [tf_help]: Data time: 44s 700000000ns, Transform time: 3s 679000000ns
[component_container_isolated-2] [ERROR] [1789771187.525273849] [tf_help]: Transform data too old when converting from map to odom
[component_container_isolated-2] [ERROR] [1789771187.525306708] [tf_help]: Data time: 44s 700000000ns, Transform time: 3s 679000000ns
[component_container_isolated-2] [ERROR] [1789771187.572589898] [tf_help]: Transform data too old when converting from map to odom
[component_container_isolated-2] [ERROR] [1789771187.572624976] [tf_help]: Data time: 44s 700000000ns, Transform time: 3s 679000000ns
[component_container_isolated-2] [ERROR] [1789771187.623130930] [tf_help]: Transform data too old when converting from map to odom
[component_container_isolated-2] [ERROR] [1789771187.623182763] [tf_help]: Data time: 44s 700000000ns, Transform time: 3s 679000000ns
[component_container_isolated-2] [ERROR] [1789771187.672276607] [tf_help]: Transform data too old when converting from map to odom
[component_container_isolated-2] [ERROR] [1789771187.672322396] [tf_help]: Data time: 44s 700000000ns, Transform time: 3s 679000000ns
[component_container_isolated-2] [ERROR] [1789771187.726062898] [tf_help]: Transform data too old when converting from map to odom
[component_container_isolated-2] [ERROR] [1789771187.726092468] [tf_help]: Data time: 44s 700000000ns, Transform time: 3s 679000000ns
[component_container_isolated-2] [ERROR] [1789771187.772164693] [tf_help]: Transform data too old when converting from map to odom
[component_container_isolated-2] [ERROR] [1789771187.772193257] [tf_help]: Data time: 44s 700000000ns, Transform time: 3s 679000000ns
[component_container_isolated-2] [ERROR] [1789771187.826133512] [tf_help]: Transform data too old when converting from map to odom
[component_container_isolated-2] [ERROR] [1789771187.826191447] [tf_help]: Data time: 44s 700000000ns, Transform time: 3s 679000000ns
[component_container_isolated-2] [ERROR] [1789771187.872910208] [tf_help]: Transform data too old when converting from map to odom
[component_container_isolated-2] [ERROR] [1789771187.872948470] [tf_help]: Data time: 44s 700000000ns, Transform time: 3s 679000000ns
[component_container_isolated-2] [ERROR] [1789771187.926022923] [tf_help]: Transform data too old when converting from map to odom
[component_container_isolated-2] [ERROR] [1789771187.926068943] [tf_help]: Data time: 44s 700000000ns, Transform time: 3s 679000000ns
[component_container_isolated-2] [ERROR] [1789771187.974098326] [tf_help]: Transform data too old when converting from map to odom
[component_container_isolated-2] [ERROR] [1789771187.974133947] [tf_help]: Data time: 44s 700000000ns, Transform time: 3s 679000000ns
[component_container_isolated-2] [ERROR] [1789771188.021572016] [tf_help]: Transform data too old when converting from map to odom
[component_container_isolated-2] [ERROR] [1789771188.021613224] [tf_help]: Data time: 44s 700000000ns, Transform time: 3s 679000000ns
[component_container_isolated-2] [ERROR] [1789771188.072403225] [tf_help]: Transform data too old when converting from map to odom
[component_container_isolated-2] [ERROR] [1789771188.072444547] [tf_help]: Data time: 44s 700000000ns, Transform time: 3s 679000000ns
[component_container_isolated-2] [ERROR] [1789771188.121488116] [tf_help]: Transform data too old when converting from map to odom
[component_container_isolated-2] [ERROR] [1789771188.121521880] [tf_help]: Data time: 44s 700000000ns, Transform time: 3s 679000000ns
[component_container_isolated-2] [ERROR] [1789771188.171976746] [tf_help]: Transform data too old when converting from map to odom
[component_container_isolated-2] [ERROR] [1789771188.172010819] [tf_help]: Data time: 44s 700000000ns, Transform time: 3s 679000000ns
[component_container_isolated-2] [ERROR] [1789771188.221838745] [tf_help]: Transform data too old when converting from map to odom
[component_container_isolated-2] [ERROR] [1789771188.221873081] [tf_help]: Data time: 44s 700000000ns, Transform time: 3s 679000000ns
[component_container_isolated-2] [ERROR] [1789771188.271702249] [tf_help]: Transform data too old when converting from map to odom
[component_container_isolated-2] [ERROR] [1789771188.271733003] [tf_help]: Data time: 44s 700000000ns, Transform time: 3s 679000000ns
[component_container_isolated-2] [INFO] [1789771188.316186668] [controller_server]: Passing new path to controller.
[component_container_isolated-2] [ERROR] [1789771188.331023247] [tf_help]: Transform data too old when converting from map to odom
[component_container_isolated-2] [ERROR] [1789771188.331088931] [tf_help]: Data time: 45s 600000000ns, Transform time: 3s 679000000ns
[component_container_isolated-2] [ERROR] [1789771188.376515537] [tf_help]: Transform data too old when converting from map to odom
[component_container_isolated-2] [ERROR] [1789771188.376558693] [tf_help]: Data time: 45s 600000000ns, Transform time: 3s 679000000ns
[component_container_isolated-2] [ERROR] [1789771188.424195463] [tf_help]: Transform data too old when converting from map to odom
[component_container_isolated-2] [ERROR] [1789771188.424231153] [tf_help]: Data time: 45s 600000000ns, Transform time: 3s 679000000ns
[component_container_isolated-2] [ERROR] [1789771188.471701401] [tf_help]: Transform data too old when converting from map to odom
[component_container_isolated-2] [ERROR] [1789771188.471733304] [tf_help]: Data time: 45s 600000000ns, Transform time: 3s 679000000ns
[component_container_isolated-2] [ERROR] [1789771188.523083422] [tf_help]: Transform data too old when converting from map to odom
[component_container_isolated-2] [ERROR] [1789771188.523115285] [tf_help]: Data time: 45s 600000000ns, Transform time: 3s 679000000ns
[component_container_isolated-2] [ERROR] [1789771188.571569919] [tf_help]: Transform data too old when converting from map to odom
[component_container_isolated-2] [ERROR] [1789771188.571605564] [tf_help]: Data time: 45s 600000000ns, Transform time: 3s 679000000ns
[component_container_isolated-2] [ERROR] [1789771188.622263960] [tf_help]: Transform data too old when converting from map to odom
[component_container_isolated-2] [ERROR] [1789771188.622295918] [tf_help]: Data time: 45s 600000000ns, Transform time: 3s 679000000ns
[component_container_isolated-2] [ERROR] [1789771188.672399775] [tf_help]: Transform data too old when converting from map to odom
[component_container_isolated-2] [ERROR] [1789771188.672439231] [tf_help]: Data time: 45s 600000000ns, Transform time: 3s 679000000ns
[component_container_isolated-2] [ERROR] [1789771188.722242890] [tf_help]: Transform data too old when converting from map to odom
[component_container_isolated-2] [ERROR] [1789771188.722271542] [tf_help]: Data time: 45s 600000000ns, Transform time: 3s 679000000ns
[component_container_isolated-2] [ERROR] [1789771188.772896103] [tf_help]: Transform data too old when converting from map to odom
[component_container_isolated-2] [ERROR] [1789771188.772925150] [tf_help]: Data time: 45s 600000000ns, Transform time: 3s 679000000ns
[component_container_isolated-2] [ERROR] [1789771188.822144820] [tf_help]: Transform data too old when converting from map to odom
[component_container_isolated-2] [ERROR] [1789771188.822181250] [tf_help]: Data time: 45s 600000000ns, Transform time: 3s 679000000ns
[component_container_isolated-2] [ERROR] [1789771188.872352280] [tf_help]: Transform data too old when converting from map to odom
[component_container_isolated-2] [ERROR] [1789771188.872383721] [tf_help]: Data time: 45s 600000000ns, Transform time: 3s 679000000ns
[component_container_isolated-2] [ERROR] [1789771188.922112326] [tf_help]: Transform data too old when converting from map to odom
[component_container_isolated-2] [ERROR] [1789771188.922155248] [tf_help]: Data time: 45s 600000000ns, Transform time: 3s 679000000ns
[component_container_isolated-2] [ERROR] [1789771188.972297531] [tf_help]: Transform data too old when converting from map to odom
[component_container_isolated-2] [ERROR] [1789771188.972332233] [tf_help]: Data time: 45s 600000000ns, Transform time: 3s 679000000ns
[component_container_isolated-2] [ERROR] [1789771189.021852914] [tf_help]: Transform data too old when converting from map to odom
[component_container_isolated-2] [ERROR] [1789771189.021885714] [tf_help]: Data time: 45s 600000000ns, Transform time: 3s 679000000ns
[component_container_isolated-2] [ERROR] [1789771189.072390254] [tf_help]: Transform data too old when converting from map to odom
[component_container_isolated-2] [ERROR] [1789771189.072421229] [tf_help]: Data time: 45s 600000000ns, Transform time: 3s 679000000ns
[component_container_isolated-2] [ERROR] [1789771189.122973185] [tf_help]: Transform data too old when converting from map to odom
[component_container_isolated-2] [ERROR] [1789771189.123022191] [tf_help]: Data time: 45s 600000000ns, Transform time: 3s 679000000ns
[component_container_isolated-2] [ERROR] [1789771189.172490906] [tf_help]: Transform data too old when converting from map to odom
[component_container_isolated-2] [ERROR] [1789771189.172521821] [tf_help]: Data time: 45s 600000000ns, Transform time: 3s 679000000ns
[component_container_isolated-2] [ERROR] [1789771189.222176113] [tf_help]: Transform data too old when converting from map to odom
[component_container_isolated-2] [ERROR] [1789771189.222209187] [tf_help]: Data time: 45s 600000000ns, Transform time: 3s 679000000ns
[component_container_isolated-2] [ERROR] [1789771189.272389949] [tf_help]: Transform data too old when converting from map to odom
[component_container_isolated-2] [ERROR] [1789771189.272420967] [tf_help]: Data time: 45s 600000000ns, Transform time: 3s 679000000ns
[component_container_isolated-2] [ERROR] [1789771189.322077810] [tf_help]: Transform data too old when converting from map to odom
[component_container_isolated-2] [ERROR] [1789771189.322108686] [tf_help]: Data time: 45s 600000000ns, Transform time: 3s 679000000ns
[component_container_isolated-2] [INFO] [1789771189.366190034] [controller_server]: Passing new path to controller.
[component_container_isolated-2] [ERROR] [1789771189.372381049] [tf_help]: Transform data too old when converting from map to odom
[component_container_isolated-2] [ERROR] [1789771189.372404317] [tf_help]: Data time: 46s 500000000ns, Transform time: 3s 679000000ns
[component_container_isolated-2] [ERROR] [1789771189.421909223] [tf_help]: Transform data too old when converting from map to odom
[component_container_isolated-2] [ERROR] [1789771189.421949645] [tf_help]: Data time: 46s 500000000ns, Transform time: 3s 679000000ns
[component_container_isolated-2] [ERROR] [1789771189.472199895] [tf_help]: Transform data too old when converting from map to odom
[component_container_isolated-2] [ERROR] [1789771189.472232924] [tf_help]: Data time: 46s 500000000ns, Transform time: 3s 679000000ns
[component_container_isolated-2] [ERROR] [1789771189.522211916] [tf_help]: Transform data too old when converting from map to odom
[component_container_isolated-2] [ERROR] [1789771189.522245522] [tf_help]: Data time: 46s 500000000ns, Transform time: 3s 679000000ns
[component_container_isolated-2] [ERROR] [1789771189.572387221] [tf_help]: Transform data too old when converting from map to odom
[component_container_isolated-2] [ERROR] [1789771189.572420671] [tf_help]: Data time: 46s 500000000ns, Transform time: 3s 679000000ns
[component_container_isolated-2] [ERROR] [1789771189.622035128] [tf_help]: Transform data too old when converting from map to odom
[component_container_isolated-2] [ERROR] [1789771189.622068722] [tf_help]: Data time: 46s 500000000ns, Transform time: 3s 679000000ns
[component_container_isolated-2] [ERROR] [1789771189.672703125] [tf_help]: Transform data too old when converting from map to odom
[component_container_isolated-2] [ERROR] [1789771189.672736601] [tf_help]: Data time: 46s 500000000ns, Transform time: 3s 679000000ns
[component_container_isolated-2] [INFO] [1789771189.722154911] [controller_server]: [TG-MPPI] cycle time (compute_backend=cpu): 6.476 ms/cycle avg over 50 cycles
[component_container_isolated-2] [ERROR] [1789771189.722287237] [tf_help]: Transform data too old when converting from map to odom
[component_container_isolated-2] [ERROR] [1789771189.722305636] [tf_help]: Data time: 46s 500000000ns, Transform time: 3s 679000000ns
[component_container_isolated-2] [ERROR] [1789771189.772080890] [tf_help]: Transform data too old when converting from map to odom
[component_container_isolated-2] [ERROR] [1789771189.772110660] [tf_help]: Data time: 46s 500000000ns, Transform time: 3s 679000000ns
[component_container_isolated-2] [ERROR] [1789771189.822051821] [tf_help]: Transform data too old when converting from map to odom
[component_container_isolated-2] [ERROR] [1789771189.822096335] [tf_help]: Data time: 46s 500000000ns, Transform time: 3s 679000000ns
[component_container_isolated-2] [ERROR] [1789771189.871899568] [tf_help]: Transform data too old when converting from map to odom
[component_container_isolated-2] [ERROR] [1789771189.871932606] [tf_help]: Data time: 46s 500000000ns, Transform time: 3s 679000000ns
[component_container_isolated-2] [ERROR] [1789771189.923067288] [tf_help]: Transform data too old when converting from map to odom
[component_container_isolated-2] [ERROR] [1789771189.923097752] [tf_help]: Data time: 46s 500000000ns, Transform time: 3s 679000000ns
[component_container_isolated-2] [ERROR] [1789771189.974252274] [tf_help]: Transform data too old when converting from map to odom
[component_container_isolated-2] [ERROR] [1789771189.974287609] [tf_help]: Data time: 46s 500000000ns, Transform time: 3s 679000000ns
[component_container_isolated-2] [ERROR] [1789771190.026768885] [tf_help]: Transform data too old when converting from map to odom
[component_container_isolated-2] [ERROR] [1789771190.026816267] [tf_help]: Data time: 46s 500000000ns, Transform time: 3s 679000000ns
[component_container_isolated-2] [ERROR] [1789771190.074930474] [tf_help]: Transform data too old when converting from map to odom
[component_container_isolated-2] [ERROR] [1789771190.074966424] [tf_help]: Data time: 46s 500000000ns, Transform time: 3s 679000000ns
[component_container_isolated-2] [ERROR] [1789771190.121262067] [tf_help]: Transform data too old when converting from map to odom
[component_container_isolated-2] [ERROR] [1789771190.121294365] [tf_help]: Data time: 46s 500000000ns, Transform time: 3s 679000000ns
[component_container_isolated-2] [ERROR] [1789771190.171559351] [tf_help]: Transform data too old when converting from map to odom
[component_container_isolated-2] [ERROR] [1789771190.171593570] [tf_help]: Data time: 46s 500000000ns, Transform time: 3s 679000000ns
[component_container_isolated-2] [ERROR] [1789771190.221949995] [tf_help]: Transform data too old when converting from map to odom
[component_container_isolated-2] [ERROR] [1789771190.221985972] [tf_help]: Data time: 46s 500000000ns, Transform time: 3s 679000000ns
[component_container_isolated-2] [ERROR] [1789771190.271444074] [tf_help]: Transform data too old when converting from map to odom
[component_container_isolated-2] [ERROR] [1789771190.271473623] [tf_help]: Data time: 46s 500000000ns, Transform time: 3s 679000000ns
[component_container_isolated-2] [ERROR] [1789771190.321611326] [tf_help]: Transform data too old when converting from map to odom
[component_container_isolated-2] [ERROR] [1789771190.321641852] [tf_help]: Data time: 46s 500000000ns, Transform time: 3s 679000000ns
[component_container_isolated-2] [INFO] [1789771190.366147719] [controller_server]: Passing new path to controller.
[component_container_isolated-2] [ERROR] [1789771190.372310801] [tf_help]: Transform data too old when converting from map to odom
[component_container_isolated-2] [ERROR] [1789771190.372342597] [tf_help]: Data time: 47s 500000000ns, Transform time: 3s 679000000ns
[component_container_isolated-2] [ERROR] [1789771190.421697177] [tf_help]: Transform data too old when converting from map to odom
[component_container_isolated-2] [ERROR] [1789771190.421731659] [tf_help]: Data time: 47s 500000000ns, Transform time: 3s 679000000ns
[component_container_isolated-2] [ERROR] [1789771190.471394109] [tf_help]: Transform data too old when converting from map to odom
[component_container_isolated-2] [ERROR] [1789771190.471424710] [tf_help]: Data time: 47s 500000000ns, Transform time: 3s 679000000ns
[component_container_isolated-2] [ERROR] [1789771190.521480333] [tf_help]: Transform data too old when converting from map to odom
[component_container_isolated-2] [ERROR] [1789771190.521515674] [tf_help]: Data time: 47s 500000000ns, Transform time: 3s 679000000ns
[component_container_isolated-2] [ERROR] [1789771190.572489704] [tf_help]: Transform data too old when converting from map to odom
[component_container_isolated-2] [ERROR] [1789771190.572523539] [tf_help]: Data time: 47s 500000000ns, Transform time: 3s 679000000ns
[component_container_isolated-2] [ERROR] [1789771190.622004803] [tf_help]: Transform data too old when converting from map to odom
[component_container_isolated-2] [ERROR] [1789771190.622052362] [tf_help]: Data time: 47s 500000000ns, Transform time: 3s 679000000ns
[component_container_isolated-2] [ERROR] [1789771190.674573317] [tf_help]: Transform data too old when converting from map to odom
[component_container_isolated-2] [ERROR] [1789771190.674611484] [tf_help]: Data time: 47s 500000000ns, Transform time: 3s 679000000ns
[component_container_isolated-2] [ERROR] [1789771190.716207545] [controller_server]: Failed to make progress
[component_container_isolated-2] [WARN] [1789771190.716301544] [controller_server]: [follow_path] [ActionServer] Aborting handle.
[component_container_isolated-2] [INFO] [1789771190.735882997] [behavior_server]: Running spin
[component_container_isolated-2] [INFO] [1789771190.735954810] [behavior_server]: Turning 1.57 for spin behavior.
[component_container_isolated-2] [ERROR] [1789771190.836317412] [behavior_server]: Pose Goes Off Grid.
[component_container_isolated-2] [WARN] [1789771190.836437943] [behavior_server]: Collision Ahead - Exiting Spin
[component_container_isolated-2] [WARN] [1789771190.836444342] [behavior_server]: spin failed
[component_container_isolated-2] [WARN] [1789771190.836452118] [behavior_server]: [spin] [ActionServer] Aborting handle.
[component_container_isolated-2] [INFO] [1789771190.866181965] [behavior_server]: Running wait
[ground_truth_localizer-1] [INFO] [1789771192.988196751] [ground_truth_localizer]: last 10 s: ground truth msgs 294, map->odom published 294 (289 via latest odom TF)
[component_container_isolated-2] [INFO] [1789771195.866367785] [behavior_server]: wait completed successfully
[component_container_isolated-2] [INFO] [1789771195.915776995] [controller_server]: Received a goal, begin computing control effort.
[component_container_isolated-2] [INFO] [1789771195.919762688] [controller_server]: Optimizer reset (compute_backend=cpu)
[component_container_isolated-2] [ERROR] [1789771195.929825778] [tf_help]: Transform data too old when converting from map to odom
[component_container_isolated-2] [ERROR] [1789771195.929861721] [tf_help]: Data time: 52s 600000000ns, Transform time: 3s 679000000ns
[component_container_isolated-2] [ERROR] [1789771195.971591814] [tf_help]: Transform data too old when converting from map to odom
[component_container_isolated-2] [ERROR] [1789771195.971624375] [tf_help]: Data time: 52s 600000000ns, Transform time: 3s 679000000ns
[component_container_isolated-2] [ERROR] [1789771196.021853920] [tf_help]: Transform data too old when converting from map to odom
[component_container_isolated-2] [ERROR] [1789771196.021892498] [tf_help]: Data time: 52s 600000000ns, Transform time: 3s 679000000ns
[component_container_isolated-2] [ERROR] [1789771196.071662057] [tf_help]: Transform data too old when converting from map to odom
[component_container_isolated-2] [ERROR] [1789771196.071693849] [tf_help]: Data time: 52s 600000000ns, Transform time: 3s 679000000ns
[component_container_isolated-2] [ERROR] [1789771196.121545794] [tf_help]: Transform data too old when converting from map to odom
[component_container_isolated-2] [ERROR] [1789771196.121580531] [tf_help]: Data time: 52s 600000000ns, Transform time: 3s 679000000ns
[component_container_isolated-2] [ERROR] [1789771196.171459687] [tf_help]: Transform data too old when converting from map to odom
[component_container_isolated-2] [ERROR] [1789771196.171492972] [tf_help]: Data time: 52s 600000000ns, Transform time: 3s 679000000ns
[component_container_isolated-2] [ERROR] [1789771196.221250630] [tf_help]: Transform data too old when converting from map to odom
[component_container_isolated-2] [ERROR] [1789771196.221286764] [tf_help]: Data time: 52s 600000000ns, Transform time: 3s 679000000ns
[component_container_isolated-2] [ERROR] [1789771196.271306595] [tf_help]: Transform data too old when converting from map to odom
[component_container_isolated-2] [ERROR] [1789771196.271340949] [tf_help]: Data time: 52s 600000000ns, Transform time: 3s 679000000ns
[component_container_isolated-2] [ERROR] [1789771196.321245621] [tf_help]: Transform data too old when converting from map to odom
[component_container_isolated-2] [ERROR] [1789771196.321279423] [tf_help]: Data time: 52s 600000000ns, Transform time: 3s 679000000ns
[component_container_isolated-2] [ERROR] [1789771196.372065655] [tf_help]: Transform data too old when converting from map to odom
[component_container_isolated-2] [ERROR] [1789771196.372113245] [tf_help]: Data time: 52s 600000000ns, Transform time: 3s 679000000ns
[component_container_isolated-2] [ERROR] [1789771196.425768943] [tf_help]: Transform data too old when converting from map to odom
[component_container_isolated-2] [ERROR] [1789771196.425822458] [tf_help]: Data time: 52s 600000000ns, Transform time: 3s 679000000ns
[component_container_isolated-2] [ERROR] [1789771196.475313647] [tf_help]: Transform data too old when converting from map to odom
[component_container_isolated-2] [ERROR] [1789771196.475349072] [tf_help]: Data time: 52s 600000000ns, Transform time: 3s 679000000ns
[component_container_isolated-2] [ERROR] [1789771196.521629148] [tf_help]: Transform data too old when converting from map to odom
[component_container_isolated-2] [ERROR] [1789771196.521662750] [tf_help]: Data time: 52s 600000000ns, Transform time: 3s 679000000ns
[component_container_isolated-2] [ERROR] [1789771196.571708752] [tf_help]: Transform data too old when converting from map to odom
[component_container_isolated-2] [ERROR] [1789771196.571745263] [tf_help]: Data time: 52s 600000000ns, Transform time: 3s 679000000ns
[component_container_isolated-2] [ERROR] [1789771196.626071394] [tf_help]: Transform data too old when converting from map to odom
[component_container_isolated-2] [ERROR] [1789771196.626141017] [tf_help]: Data time: 52s 600000000ns, Transform time: 3s 679000000ns
[component_container_isolated-2] [ERROR] [1789771196.675878758] [tf_help]: Transform data too old when converting from map to odom
[component_container_isolated-2] [ERROR] [1789771196.675925551] [tf_help]: Data time: 52s 600000000ns, Transform time: 3s 679000000ns
[component_container_isolated-2] [ERROR] [1789771196.722807381] [tf_help]: Transform data too old when converting from map to odom
[component_container_isolated-2] [ERROR] [1789771196.722844801] [tf_help]: Data time: 52s 600000000ns, Transform time: 3s 679000000ns
[component_container_isolated-2] [ERROR] [1789771196.772053837] [tf_help]: Transform data too old when converting from map to odom
[component_container_isolated-2] [ERROR] [1789771196.772086448] [tf_help]: Data time: 52s 600000000ns, Transform time: 3s 679000000ns
[component_container_isolated-2] [ERROR] [1789771196.821074289] [tf_help]: Transform data too old when converting from map to odom
[component_container_isolated-2] [ERROR] [1789771196.821109905] [tf_help]: Data time: 52s 600000000ns, Transform time: 3s 679000000ns
[component_container_isolated-2] [ERROR] [1789771196.871163165] [tf_help]: Transform data too old when converting from map to odom
[component_container_isolated-2] [ERROR] [1789771196.871196281] [tf_help]: Data time: 52s 600000000ns, Transform time: 3s 679000000ns
[component_container_isolated-2] [ERROR] [1789771196.925934653] [tf_help]: Transform data too old when converting from map to odom
[component_container_isolated-2] [ERROR] [1789771196.925982569] [tf_help]: Data time: 52s 600000000ns, Transform time: 3s 679000000ns
[component_container_isolated-2] [INFO] [1789771196.965913942] [controller_server]: Passing new path to controller.
[component_container_isolated-2] [ERROR] [1789771196.976159967] [tf_help]: Transform data too old when converting from map to odom
[component_container_isolated-2] [ERROR] [1789771196.976202987] [tf_help]: Data time: 53s 500000000ns, Transform time: 3s 679000000ns
[component_container_isolated-2] [ERROR] [1789771197.022292823] [tf_help]: Transform data too old when converting from map to odom
[component_container_isolated-2] [ERROR] [1789771197.022328235] [tf_help]: Data time: 53s 500000000ns, Transform time: 3s 679000000ns
[component_container_isolated-2] [ERROR] [1789771197.071227520] [tf_help]: Transform data too old when converting from map to odom
[component_container_isolated-2] [ERROR] [1789771197.071258988] [tf_help]: Data time: 53s 500000000ns, Transform time: 3s 679000000ns
[component_container_isolated-2] [ERROR] [1789771197.121363586] [tf_help]: Transform data too old when converting from map to odom
[component_container_isolated-2] [ERROR] [1789771197.121393338] [tf_help]: Data time: 53s 500000000ns, Transform time: 3s 679000000ns
[component_container_isolated-2] [ERROR] [1789771197.171368826] [tf_help]: Transform data too old when converting from map to odom
[component_container_isolated-2] [ERROR] [1789771197.171402087] [tf_help]: Data time: 53s 500000000ns, Transform time: 3s 679000000ns
[component_container_isolated-2] [ERROR] [1789771197.221006140] [tf_help]: Transform data too old when converting from map to odom
[component_container_isolated-2] [ERROR] [1789771197.221040618] [tf_help]: Data time: 53s 500000000ns, Transform time: 3s 679000000ns
[component_container_isolated-2] [ERROR] [1789771197.271147442] [tf_help]: Transform data too old when converting from map to odom
[component_container_isolated-2] [ERROR] [1789771197.271184999] [tf_help]: Data time: 53s 500000000ns, Transform time: 3s 679000000ns
[component_container_isolated-2] [ERROR] [1789771197.321034567] [tf_help]: Transform data too old when converting from map to odom
[component_container_isolated-2] [ERROR] [1789771197.321070486] [tf_help]: Data time: 53s 500000000ns, Transform time: 3s 679000000ns
[component_container_isolated-2] [ERROR] [1789771197.371008529] [tf_help]: Transform data too old when converting from map to odom
[component_container_isolated-2] [ERROR] [1789771197.371039427] [tf_help]: Data time: 53s 500000000ns, Transform time: 3s 679000000ns
[component_container_isolated-2] [INFO] [1789771197.421196435] [controller_server]: [TG-MPPI] cycle time (compute_backend=cpu): 6.261 ms/cycle avg over 50 cycles
[component_container_isolated-2] [ERROR] [1789771197.421330868] [tf_help]: Transform data too old when converting from map to odom
[component_container_isolated-2] [ERROR] [1789771197.421349690] [tf_help]: Data time: 53s 500000000ns, Transform time: 3s 679000000ns
[component_container_isolated-2] [ERROR] [1789771197.471246102] [tf_help]: Transform data too old when converting from map to odom
[component_container_isolated-2] [ERROR] [1789771197.471276711] [tf_help]: Data time: 53s 500000000ns, Transform time: 3s 679000000ns
[component_container_isolated-2] [ERROR] [1789771197.522128248] [tf_help]: Transform data too old when converting from map to odom
[component_container_isolated-2] [ERROR] [1789771197.522161546] [tf_help]: Data time: 53s 500000000ns, Transform time: 3s 679000000ns
[component_container_isolated-2] [ERROR] [1789771197.571457385] [tf_help]: Transform data too old when converting from map to odom
[component_container_isolated-2] [ERROR] [1789771197.571492688] [tf_help]: Data time: 53s 500000000ns, Transform time: 3s 679000000ns
[component_container_isolated-2] [ERROR] [1789771197.626115298] [tf_help]: Transform data too old when converting from map to odom
[component_container_isolated-2] [ERROR] [1789771197.626161832] [tf_help]: Data time: 53s 500000000ns, Transform time: 3s 679000000ns
[component_container_isolated-2] [ERROR] [1789771197.673406591] [tf_help]: Transform data too old when converting from map to odom
[component_container_isolated-2] [ERROR] [1789771197.673442371] [tf_help]: Data time: 53s 500000000ns, Transform time: 3s 679000000ns
[component_container_isolated-2] [ERROR] [1789771197.721530655] [tf_help]: Transform data too old when converting from map to odom
[component_container_isolated-2] [ERROR] [1789771197.721575379] [tf_help]: Data time: 53s 500000000ns, Transform time: 3s 679000000ns
[component_container_isolated-2] [ERROR] [1789771197.772285956] [tf_help]: Transform data too old when converting from map to odom
[component_container_isolated-2] [ERROR] [1789771197.772353442] [tf_help]: Data time: 53s 500000000ns, Transform time: 3s 679000000ns
[component_container_isolated-2] [ERROR] [1789771197.822433521] [tf_help]: Transform data too old when converting from map to odom
[component_container_isolated-2] [ERROR] [1789771197.822468957] [tf_help]: Data time: 53s 500000000ns, Transform time: 3s 679000000ns
[component_container_isolated-2] [ERROR] [1789771197.871478518] [tf_help]: Transform data too old when converting from map to odom
[component_container_isolated-2] [ERROR] [1789771197.871507860] [tf_help]: Data time: 53s 500000000ns, Transform time: 3s 679000000ns
[component_container_isolated-2] [ERROR] [1789771197.921132348] [tf_help]: Transform data too old when converting from map to odom
[component_container_isolated-2] [ERROR] [1789771197.921165318] [tf_help]: Data time: 53s 500000000ns, Transform time: 3s 679000000ns
[component_container_isolated-2] [ERROR] [1789771197.971122070] [tf_help]: Transform data too old when converting from map to odom
[component_container_isolated-2] [ERROR] [1789771197.971154873] [tf_help]: Data time: 53s 500000000ns, Transform time: 3s 679000000ns
[component_container_isolated-2] [INFO] [1789771198.015904474] [controller_server]: Passing new path to controller.
[component_container_isolated-2] [ERROR] [1789771198.021183467] [tf_help]: Transform data too old when converting from map to odom
[component_container_isolated-2] [ERROR] [1789771198.021205557] [tf_help]: Data time: 54s 500000000ns, Transform time: 3s 679000000ns
[component_container_isolated-2] [ERROR] [1789771198.072144731] [tf_help]: Transform data too old when converting from map to odom
[component_container_isolated-2] [ERROR] [1789771198.072176961] [tf_help]: Data time: 54s 500000000ns, Transform time: 3s 679000000ns
[component_container_isolated-2] [ERROR] [1789771198.121338620] [tf_help]: Transform data too old when converting from map to odom
[component_container_isolated-2] [ERROR] [1789771198.121379247] [tf_help]: Data time: 54s 500000000ns, Transform time: 3s 679000000ns
[component_container_isolated-2] [ERROR] [1789771198.171009793] [tf_help]: Transform data too old when converting from map to odom
[component_container_isolated-2] [ERROR] [1789771198.171044024] [tf_help]: Data time: 54s 500000000ns, Transform time: 3s 679000000ns
[component_container_isolated-2] [ERROR] [1789771198.221566334] [tf_help]: Transform data too old when converting from map to odom
[component_container_isolated-2] [ERROR] [1789771198.221598009] [tf_help]: Data time: 54s 500000000ns, Transform time: 3s 679000000ns
[component_container_isolated-2] [ERROR] [1789771198.271324399] [tf_help]: Transform data too old when converting from map to odom
[component_container_isolated-2] [ERROR] [1789771198.271355805] [tf_help]: Data time: 54s 500000000ns, Transform time: 3s 679000000ns
[component_container_isolated-2] [ERROR] [1789771198.321616736] [tf_help]: Transform data too old when converting from map to odom
[component_container_isolated-2] [ERROR] [1789771198.321655590] [tf_help]: Data time: 54s 500000000ns, Transform time: 3s 679000000ns
[component_container_isolated-2] [ERROR] [1789771198.373532080] [tf_help]: Transform data too old when converting from map to odom
[component_container_isolated-2] [ERROR] [1789771198.373565392] [tf_help]: Data time: 54s 500000000ns, Transform time: 3s 679000000ns
[component_container_isolated-2] [ERROR] [1789771198.421258803] [tf_help]: Transform data too old when converting from map to odom
[component_container_isolated-2] [ERROR] [1789771198.421292300] [tf_help]: Data time: 54s 500000000ns, Transform time: 3s 679000000ns
[component_container_isolated-2] [ERROR] [1789771198.471543548] [tf_help]: Transform data too old when converting from map to odom
[component_container_isolated-2] [ERROR] [1789771198.471575460] [tf_help]: Data time: 54s 500000000ns, Transform time: 3s 679000000ns
[component_container_isolated-2] [ERROR] [1789771198.521067283] [tf_help]: Transform data too old when converting from map to odom
[component_container_isolated-2] [ERROR] [1789771198.521099466] [tf_help]: Data time: 54s 500000000ns, Transform time: 3s 679000000ns
[component_container_isolated-2] [ERROR] [1789771198.572011271] [tf_help]: Transform data too old when converting from map to odom
[component_container_isolated-2] [ERROR] [1789771198.572056868] [tf_help]: Data time: 54s 500000000ns, Transform time: 3s 679000000ns
[component_container_isolated-2] [ERROR] [1789771198.624601999] [tf_help]: Transform data too old when converting from map to odom
[component_container_isolated-2] [ERROR] [1789771198.624634485] [tf_help]: Data time: 54s 500000000ns, Transform time: 3s 679000000ns
[component_container_isolated-2] [ERROR] [1789771198.674806750] [tf_help]: Transform data too old when converting from map to odom
[component_container_isolated-2] [ERROR] [1789771198.674844247] [tf_help]: Data time: 54s 500000000ns, Transform time: 3s 679000000ns
[component_container_isolated-2] [ERROR] [1789771198.725588369] [tf_help]: Transform data too old when converting from map to odom
[component_container_isolated-2] [ERROR] [1789771198.725632533] [tf_help]: Data time: 54s 500000000ns, Transform time: 3s 679000000ns
[component_container_isolated-2] [ERROR] [1789771198.771679110] [tf_help]: Transform data too old when converting from map to odom
[component_container_isolated-2] [ERROR] [1789771198.771716326] [tf_help]: Data time: 54s 500000000ns, Transform time: 3s 679000000ns
[component_container_isolated-2] [ERROR] [1789771198.821230845] [tf_help]: Transform data too old when converting from map to odom
[component_container_isolated-2] [ERROR] [1789771198.821266779] [tf_help]: Data time: 54s 500000000ns, Transform time: 3s 679000000ns
[component_container_isolated-2] [ERROR] [1789771198.871172645] [tf_help]: Transform data too old when converting from map to odom
[component_container_isolated-2] [ERROR] [1789771198.871206053] [tf_help]: Data time: 54s 500000000ns, Transform time: 3s 679000000ns
[component_container_isolated-2] [ERROR] [1789771198.921143768] [tf_help]: Transform data too old when converting from map to odom
[component_container_isolated-2] [ERROR] [1789771198.921180869] [tf_help]: Data time: 54s 500000000ns, Transform time: 3s 679000000ns
[component_container_isolated-2] [ERROR] [1789771198.971090864] [tf_help]: Transform data too old when converting from map to odom
[component_container_isolated-2] [ERROR] [1789771198.971126907] [tf_help]: Data time: 54s 500000000ns, Transform time: 3s 679000000ns
[component_container_isolated-2] [INFO] [1789771199.015947799] [controller_server]: Passing new path to controller.
[component_container_isolated-2] [ERROR] [1789771199.021412705] [tf_help]: Transform data too old when converting from map to odom
[component_container_isolated-2] [ERROR] [1789771199.021456122] [tf_help]: Data time: 55s 400000000ns, Transform time: 3s 679000000ns
[component_container_isolated-2] [ERROR] [1789771199.071390686] [tf_help]: Transform data too old when converting from map to odom
[component_container_isolated-2] [ERROR] [1789771199.071482765] [tf_help]: Data time: 55s 400000000ns, Transform time: 3s 679000000ns
[component_container_isolated-2] [ERROR] [1789771199.121234150] [tf_help]: Transform data too old when converting from map to odom
[component_container_isolated-2] [ERROR] [1789771199.121268152] [tf_help]: Data time: 55s 400000000ns, Transform time: 3s 679000000ns
[component_container_isolated-2] [ERROR] [1789771199.171652816] [tf_help]: Transform data too old when converting from map to odom
[component_container_isolated-2] [ERROR] [1789771199.171697888] [tf_help]: Data time: 55s 400000000ns, Transform time: 3s 679000000ns
[component_container_isolated-2] [ERROR] [1789771199.221211632] [tf_help]: Transform data too old when converting from map to odom
[component_container_isolated-2] [ERROR] [1789771199.221258900] [tf_help]: Data time: 55s 400000000ns, Transform time: 3s 679000000ns
[component_container_isolated-2] [ERROR] [1789771199.272449943] [tf_help]: Transform data too old when converting from map to odom
[component_container_isolated-2] [ERROR] [1789771199.272486571] [tf_help]: Data time: 55s 400000000ns, Transform time: 3s 679000000ns
[component_container_isolated-2] [ERROR] [1789771199.321835874] [tf_help]: Transform data too old when converting from map to odom
[component_container_isolated-2] [ERROR] [1789771199.321881675] [tf_help]: Data time: 55s 400000000ns, Transform time: 3s 679000000ns
[component_container_isolated-2] [ERROR] [1789771199.371587363] [tf_help]: Transform data too old when converting from map to odom
[component_container_isolated-2] [ERROR] [1789771199.371619471] [tf_help]: Data time: 55s 400000000ns, Transform time: 3s 679000000ns
[component_container_isolated-2] [ERROR] [1789771199.421374458] [tf_help]: Transform data too old when converting from map to odom
[component_container_isolated-2] [ERROR] [1789771199.421409002] [tf_help]: Data time: 55s 400000000ns, Transform time: 3s 679000000ns
[component_container_isolated-2] [ERROR] [1789771199.471726553] [tf_help]: Transform data too old when converting from map to odom
[component_container_isolated-2] [ERROR] [1789771199.471771375] [tf_help]: Data time: 55s 400000000ns, Transform time: 3s 679000000ns
[component_container_isolated-2] [ERROR] [1789771199.521210069] [tf_help]: Transform data too old when converting from map to odom
[component_container_isolated-2] [ERROR] [1789771199.521240294] [tf_help]: Data time: 55s 400000000ns, Transform time: 3s 679000000ns
[component_container_isolated-2] [ERROR] [1789771199.571504127] [tf_help]: Transform data too old when converting from map to odom
[component_container_isolated-2] [ERROR] [1789771199.571534119] [tf_help]: Data time: 55s 400000000ns, Transform time: 3s 679000000ns
[component_container_isolated-2] [ERROR] [1789771199.623500357] [tf_help]: Transform data too old when converting from map to odom
[component_container_isolated-2] [ERROR] [1789771199.623550111] [tf_help]: Data time: 55s 400000000ns, Transform time: 3s 679000000ns
[component_container_isolated-2] [ERROR] [1789771199.676181406] [tf_help]: Transform data too old when converting from map to odom
[component_container_isolated-2] [ERROR] [1789771199.676253234] [tf_help]: Data time: 55s 400000000ns, Transform time: 3s 679000000ns
[component_container_isolated-2] [ERROR] [1789771199.724534287] [tf_help]: Transform data too old when converting from map to odom
[component_container_isolated-2] [ERROR] [1789771199.724566115] [tf_help]: Data time: 55s 400000000ns, Transform time: 3s 679000000ns
[component_container_isolated-2] [ERROR] [1789771199.771865003] [tf_help]: Transform data too old when converting from map to odom
[component_container_isolated-2] [ERROR] [1789771199.771900194] [tf_help]: Data time: 55s 400000000ns, Transform time: 3s 679000000ns
[component_container_isolated-2] [ERROR] [1789771199.822109274] [tf_help]: Transform data too old when converting from map to odom
[component_container_isolated-2] [ERROR] [1789771199.822161306] [tf_help]: Data time: 55s 400000000ns, Transform time: 3s 679000000ns
[component_container_isolated-2] [ERROR] [1789771199.885281138] [tf_help]: Transform data too old when converting from map to odom
[component_container_isolated-2] [ERROR] [1789771199.885345575] [tf_help]: Data time: 55s 400000000ns, Transform time: 3s 679000000ns
[component_container_isolated-2] [INFO] [1789771199.921620725] [controller_server]: [TG-MPPI] cycle time (compute_backend=cpu): 6.190 ms/cycle avg over 50 cycles
[component_container_isolated-2] [ERROR] [1789771199.921970424] [tf_help]: Transform data too old when converting from map to odom
[component_container_isolated-2] [ERROR] [1789771199.921991578] [tf_help]: Data time: 55s 400000000ns, Transform time: 3s 679000000ns
[component_container_isolated-2] [ERROR] [1789771199.971574728] [tf_help]: Transform data too old when converting from map to odom
[component_container_isolated-2] [ERROR] [1789771199.971611440] [tf_help]: Data time: 55s 400000000ns, Transform time: 3s 679000000ns
[component_container_isolated-2] [ERROR] [1789771200.021532928] [tf_help]: Transform data too old when converting from map to odom
[component_container_isolated-2] [ERROR] [1789771200.021603106] [tf_help]: Data time: 55s 400000000ns, Transform time: 3s 679000000ns
[component_container_isolated-2] [INFO] [1789771200.065904942] [controller_server]: Passing new path to controller.
[component_container_isolated-2] [ERROR] [1789771200.071479471] [tf_help]: Transform data too old when converting from map to odom
[component_container_isolated-2] [ERROR] [1789771200.071504973] [tf_help]: Data time: 56s 300000000ns, Transform time: 3s 679000000ns
[component_container_isolated-2] [ERROR] [1789771200.121159030] [tf_help]: Transform data too old when converting from map to odom
[component_container_isolated-2] [ERROR] [1789771200.121189802] [tf_help]: Data time: 56s 300000000ns, Transform time: 3s 679000000ns
[component_container_isolated-2] [ERROR] [1789771200.171557518] [tf_help]: Transform data too old when converting from map to odom
[component_container_isolated-2] [ERROR] [1789771200.171586077] [tf_help]: Data time: 56s 300000000ns, Transform time: 3s 679000000ns
[component_container_isolated-2] [ERROR] [1789771200.222097939] [tf_help]: Transform data too old when converting from map to odom
[component_container_isolated-2] [ERROR] [1789771200.222131348] [tf_help]: Data time: 56s 300000000ns, Transform time: 3s 679000000ns
[component_container_isolated-2] [ERROR] [1789771200.270968321] [tf_help]: Transform data too old when converting from map to odom
[component_container_isolated-2] [ERROR] [1789771200.270999871] [tf_help]: Data time: 56s 300000000ns, Transform time: 3s 679000000ns
[component_container_isolated-2] [ERROR] [1789771200.321193625] [tf_help]: Transform data too old when converting from map to odom
[component_container_isolated-2] [ERROR] [1789771200.321222721] [tf_help]: Data time: 56s 300000000ns, Transform time: 3s 679000000ns
[component_container_isolated-2] [ERROR] [1789771200.371729379] [tf_help]: Transform data too old when converting from map to odom
[component_container_isolated-2] [ERROR] [1789771200.371761553] [tf_help]: Data time: 56s 300000000ns, Transform time: 3s 679000000ns
[component_container_isolated-2] [ERROR] [1789771200.421502414] [tf_help]: Transform data too old when converting from map to odom
[component_container_isolated-2] [ERROR] [1789771200.421539335] [tf_help]: Data time: 56s 300000000ns, Transform time: 3s 679000000ns
[component_container_isolated-2] [ERROR] [1789771200.471114673] [tf_help]: Transform data too old when converting from map to odom
[component_container_isolated-2] [ERROR] [1789771200.471147710] [tf_help]: Data time: 56s 300000000ns, Transform time: 3s 679000000ns
[component_container_isolated-2] [ERROR] [1789771200.521079026] [tf_help]: Transform data too old when converting from map to odom
[component_container_isolated-2] [ERROR] [1789771200.521110420] [tf_help]: Data time: 56s 300000000ns, Transform time: 3s 679000000ns
[component_container_isolated-2] [ERROR] [1789771200.571133174] [tf_help]: Transform data too old when converting from map to odom
[component_container_isolated-2] [ERROR] [1789771200.571175591] [tf_help]: Data time: 56s 300000000ns, Transform time: 3s 679000000ns
[component_container_isolated-2] [ERROR] [1789771200.620989151] [tf_help]: Transform data too old when converting from map to odom
[component_container_isolated-2] [ERROR] [1789771200.621019742] [tf_help]: Data time: 56s 300000000ns, Transform time: 3s 679000000ns
[component_container_isolated-2] [ERROR] [1789771200.671299334] [tf_help]: Transform data too old when converting from map to odom
[component_container_isolated-2] [ERROR] [1789771200.671334892] [tf_help]: Data time: 56s 300000000ns, Transform time: 3s 679000000ns
[component_container_isolated-2] [ERROR] [1789771200.721320656] [tf_help]: Transform data too old when converting from map to odom
[component_container_isolated-2] [ERROR] [1789771200.721358298] [tf_help]: Data time: 56s 300000000ns, Transform time: 3s 679000000ns
[component_container_isolated-2] [ERROR] [1789771200.771817675] [tf_help]: Transform data too old when converting from map to odom
[component_container_isolated-2] [ERROR] [1789771200.771849130] [tf_help]: Data time: 56s 300000000ns, Transform time: 3s 679000000ns
[component_container_isolated-2] [ERROR] [1789771200.821256327] [tf_help]: Transform data too old when converting from map to odom
[component_container_isolated-2] [ERROR] [1789771200.821288032] [tf_help]: Data time: 56s 300000000ns, Transform time: 3s 679000000ns
[component_container_isolated-2] [ERROR] [1789771200.871427957] [tf_help]: Transform data too old when converting from map to odom
[component_container_isolated-2] [ERROR] [1789771200.871465714] [tf_help]: Data time: 56s 300000000ns, Transform time: 3s 679000000ns
[component_container_isolated-2] [ERROR] [1789771200.921101098] [tf_help]: Transform data too old when converting from map to odom
[component_container_isolated-2] [ERROR] [1789771200.921159651] [tf_help]: Data time: 56s 300000000ns, Transform time: 3s 679000000ns
[component_container_isolated-2] [ERROR] [1789771200.971310495] [tf_help]: Transform data too old when converting from map to odom
[component_container_isolated-2] [ERROR] [1789771200.971351685] [tf_help]: Data time: 56s 300000000ns, Transform time: 3s 679000000ns
[component_container_isolated-2] [ERROR] [1789771201.023910451] [tf_help]: Transform data too old when converting from map to odom
[component_container_isolated-2] [ERROR] [1789771201.023984384] [tf_help]: Data time: 56s 300000000ns, Transform time: 3s 679000000ns
[component_container_isolated-2] [INFO] [1789771201.065951649] [controller_server]: Passing new path to controller.
[component_container_isolated-2] [ERROR] [1789771201.074681760] [tf_help]: Transform data too old when converting from map to odom
[component_container_isolated-2] [ERROR] [1789771201.074710211] [tf_help]: Data time: 57s 300000000ns, Transform time: 3s 679000000ns
[component_container_isolated-2] [ERROR] [1789771201.121549785] [tf_help]: Transform data too old when converting from map to odom
[component_container_isolated-2] [ERROR] [1789771201.121579184] [tf_help]: Data time: 57s 300000000ns, Transform time: 3s 679000000ns
[component_container_isolated-2] [ERROR] [1789771201.171828550] [tf_help]: Transform data too old when converting from map to odom
[component_container_isolated-2] [ERROR] [1789771201.171866481] [tf_help]: Data time: 57s 300000000ns, Transform time: 3s 679000000ns
[component_container_isolated-2] [ERROR] [1789771201.222083656] [tf_help]: Transform data too old when converting from map to odom
[component_container_isolated-2] [ERROR] [1789771201.222117409] [tf_help]: Data time: 57s 300000000ns, Transform time: 3s 679000000ns
[component_container_isolated-2] [ERROR] [1789771201.271612860] [tf_help]: Transform data too old when converting from map to odom
[component_container_isolated-2] [ERROR] [1789771201.271645504] [tf_help]: Data time: 57s 300000000ns, Transform time: 3s 679000000ns
[component_container_isolated-2] [ERROR] [1789771201.321064638] [tf_help]: Transform data too old when converting from map to odom
[component_container_isolated-2] [ERROR] [1789771201.321100361] [tf_help]: Data time: 57s 300000000ns, Transform time: 3s 679000000ns
[component_container_isolated-2] [ERROR] [1789771201.372162729] [tf_help]: Transform data too old when converting from map to odom
[component_container_isolated-2] [ERROR] [1789771201.372208916] [tf_help]: Data time: 57s 300000000ns, Transform time: 3s 679000000ns
[component_container_isolated-2] [ERROR] [1789771201.425881687] [tf_help]: Transform data too old when converting from map to odom
[component_container_isolated-2] [ERROR] [1789771201.425929736] [tf_help]: Data time: 57s 300000000ns, Transform time: 3s 679000000ns
[component_container_isolated-2] [ERROR] [1789771201.475713082] [tf_help]: Transform data too old when converting from map to odom
[component_container_isolated-2] [ERROR] [1789771201.475753298] [tf_help]: Data time: 57s 300000000ns, Transform time: 3s 679000000ns
[component_container_isolated-2] [ERROR] [1789771201.521174596] [tf_help]: Transform data too old when converting from map to odom
[component_container_isolated-2] [ERROR] [1789771201.521207756] [tf_help]: Data time: 57s 300000000ns, Transform time: 3s 679000000ns
[component_container_isolated-2] [ERROR] [1789771201.571296889] [tf_help]: Transform data too old when converting from map to odom
[component_container_isolated-2] [ERROR] [1789771201.571327474] [tf_help]: Data time: 57s 300000000ns, Transform time: 3s 679000000ns
[component_container_isolated-2] [ERROR] [1789771201.621303600] [tf_help]: Transform data too old when converting from map to odom
[component_container_isolated-2] [ERROR] [1789771201.621335016] [tf_help]: Data time: 57s 300000000ns, Transform time: 3s 679000000ns
[component_container_isolated-2] [ERROR] [1789771201.671266888] [tf_help]: Transform data too old when converting from map to odom
[component_container_isolated-2] [ERROR] [1789771201.671300936] [tf_help]: Data time: 57s 300000000ns, Transform time: 3s 679000000ns
[component_container_isolated-2] [ERROR] [1789771201.721327382] [tf_help]: Transform data too old when converting from map to odom
[component_container_isolated-2] [ERROR] [1789771201.721364344] [tf_help]: Data time: 57s 300000000ns, Transform time: 3s 679000000ns
[component_container_isolated-2] [ERROR] [1789771201.775318258] [tf_help]: Transform data too old when converting from map to odom
[component_container_isolated-2] [ERROR] [1789771201.775360112] [tf_help]: Data time: 57s 300000000ns, Transform time: 3s 679000000ns
[component_container_isolated-2] [ERROR] [1789771201.822150451] [tf_help]: Transform data too old when converting from map to odom
[component_container_isolated-2] [ERROR] [1789771201.822182693] [tf_help]: Data time: 57s 300000000ns, Transform time: 3s 679000000ns
[component_container_isolated-2] [ERROR] [1789771201.872090739] [tf_help]: Transform data too old when converting from map to odom
[component_container_isolated-2] [ERROR] [1789771201.872124027] [tf_help]: Data time: 57s 300000000ns, Transform time: 3s 679000000ns
[component_container_isolated-2] [ERROR] [1789771201.921549034] [tf_help]: Transform data too old when converting from map to odom
[component_container_isolated-2] [ERROR] [1789771201.921578749] [tf_help]: Data time: 57s 300000000ns, Transform time: 3s 679000000ns
[component_container_isolated-2] [ERROR] [1789771201.971966790] [tf_help]: Transform data too old when converting from map to odom
[component_container_isolated-2] [ERROR] [1789771201.971998406] [tf_help]: Data time: 57s 300000000ns, Transform time: 3s 679000000ns
[component_container_isolated-2] [ERROR] [1789771202.022242686] [tf_help]: Transform data too old when converting from map to odom
[component_container_isolated-2] [ERROR] [1789771202.022276801] [tf_help]: Data time: 57s 300000000ns, Transform time: 3s 679000000ns
[component_container_isolated-2] [ERROR] [1789771202.071367395] [tf_help]: Transform data too old when converting from map to odom
[component_container_isolated-2] [ERROR] [1789771202.071400784] [tf_help]: Data time: 57s 300000000ns, Transform time: 3s 679000000ns
[component_container_isolated-2] [INFO] [1789771202.115905685] [controller_server]: Passing new path to controller.
[component_container_isolated-2] [ERROR] [1789771202.122443819] [tf_help]: Transform data too old when converting from map to odom
[component_container_isolated-2] [ERROR] [1789771202.122475920] [tf_help]: Data time: 58s 200000000ns, Transform time: 3s 679000000ns
[component_container_isolated-2] [ERROR] [1789771202.172548306] [tf_help]: Transform data too old when converting from map to odom
[component_container_isolated-2] [ERROR] [1789771202.172586955] [tf_help]: Data time: 58s 200000000ns, Transform time: 3s 679000000ns
[component_container_isolated-2] [ERROR] [1789771202.222793917] [tf_help]: Transform data too old when converting from map to odom
[component_container_isolated-2] [ERROR] [1789771202.222829033] [tf_help]: Data time: 58s 200000000ns, Transform time: 3s 679000000ns
[component_container_isolated-2] [ERROR] [1789771202.272058657] [tf_help]: Transform data too old when converting from map to odom
[component_container_isolated-2] [ERROR] [1789771202.272094073] [tf_help]: Data time: 58s 200000000ns, Transform time: 3s 679000000ns
[component_container_isolated-2] [ERROR] [1789771202.321170862] [tf_help]: Transform data too old when converting from map to odom
[component_container_isolated-2] [ERROR] [1789771202.321203938] [tf_help]: Data time: 58s 200000000ns, Transform time: 3s 679000000ns
[component_container_isolated-2] [ERROR] [1789771202.370986483] [tf_help]: Transform data too old when converting from map to odom
[component_container_isolated-2] [ERROR] [1789771202.371018656] [tf_help]: Data time: 58s 200000000ns, Transform time: 3s 679000000ns
[component_container_isolated-2] [INFO] [1789771202.421178815] [controller_server]: [TG-MPPI] cycle time (compute_backend=cpu): 5.749 ms/cycle avg over 50 cycles
[component_container_isolated-2] [ERROR] [1789771202.421306253] [tf_help]: Transform data too old when converting from map to odom
[component_container_isolated-2] [ERROR] [1789771202.421322607] [tf_help]: Data time: 58s 200000000ns, Transform time: 3s 679000000ns
[component_container_isolated-2] [ERROR] [1789771202.471368230] [tf_help]: Transform data too old when converting from map to odom
[component_container_isolated-2] [ERROR] [1789771202.471401135] [tf_help]: Data time: 58s 200000000ns, Transform time: 3s 679000000ns
[component_container_isolated-2] [ERROR] [1789771202.521229865] [tf_help]: Transform data too old when converting from map to odom
[component_container_isolated-2] [ERROR] [1789771202.521262106] [tf_help]: Data time: 58s 200000000ns, Transform time: 3s 679000000ns
[component_container_isolated-2] [ERROR] [1789771202.571399721] [tf_help]: Transform data too old when converting from map to odom
[component_container_isolated-2] [ERROR] [1789771202.571457940] [tf_help]: Data time: 58s 200000000ns, Transform time: 3s 679000000ns
[component_container_isolated-2] [ERROR] [1789771202.621332517] [tf_help]: Transform data too old when converting from map to odom
[component_container_isolated-2] [ERROR] [1789771202.621365333] [tf_help]: Data time: 58s 200000000ns, Transform time: 3s 679000000ns
[component_container_isolated-2] [ERROR] [1789771202.671061631] [tf_help]: Transform data too old when converting from map to odom
[component_container_isolated-2] [ERROR] [1789771202.671093241] [tf_help]: Data time: 58s 200000000ns, Transform time: 3s 679000000ns
[component_container_isolated-2] [ERROR] [1789771202.721051943] [tf_help]: Transform data too old when converting from map to odom
[component_container_isolated-2] [ERROR] [1789771202.721086043] [tf_help]: Data time: 58s 200000000ns, Transform time: 3s 679000000ns
[component_container_isolated-2] [ERROR] [1789771202.771225541] [tf_help]: Transform data too old when converting from map to odom
[component_container_isolated-2] [ERROR] [1789771202.771280117] [tf_help]: Data time: 58s 200000000ns, Transform time: 3s 679000000ns
[component_container_isolated-2] [ERROR] [1789771202.823658029] [tf_help]: Transform data too old when converting from map to odom
[component_container_isolated-2] [ERROR] [1789771202.823696263] [tf_help]: Data time: 58s 200000000ns, Transform time: 3s 679000000ns
[component_container_isolated-2] [ERROR] [1789771202.871941087] [tf_help]: Transform data too old when converting from map to odom
[component_container_isolated-2] [ERROR] [1789771202.871972319] [tf_help]: Data time: 58s 200000000ns, Transform time: 3s 679000000ns
[component_container_isolated-2] [ERROR] [1789771202.920991464] [tf_help]: Transform data too old when converting from map to odom
[component_container_isolated-2] [ERROR] [1789771202.921023742] [tf_help]: Data time: 58s 200000000ns, Transform time: 3s 679000000ns
[component_container_isolated-2] [ERROR] [1789771202.971509385] [tf_help]: Transform data too old when converting from map to odom
[component_container_isolated-2] [ERROR] [1789771202.971548649] [tf_help]: Data time: 58s 200000000ns, Transform time: 3s 679000000ns
[component_container_isolated-2] [ERROR] [1789771203.022185659] [tf_help]: Transform data too old when converting from map to odom
[component_container_isolated-2] [ERROR] [1789771203.022221814] [tf_help]: Data time: 58s 200000000ns, Transform time: 3s 679000000ns
[component_container_isolated-2] [ERROR] [1789771203.071320224] [tf_help]: Transform data too old when converting from map to odom
[component_container_isolated-2] [ERROR] [1789771203.071353651] [tf_help]: Data time: 58s 200000000ns, Transform time: 3s 679000000ns
[component_container_isolated-2] [ERROR] [1789771203.123610469] [tf_help]: Transform data too old when converting from map to odom
[component_container_isolated-2] [ERROR] [1789771203.123647352] [tf_help]: Data time: 58s 200000000ns, Transform time: 3s 679000000ns
[component_container_isolated-2] [INFO] [1789771203.165908383] [controller_server]: Passing new path to controller.
[component_container_isolated-2] [ERROR] [1789771203.174485592] [tf_help]: Transform data too old when converting from map to odom
[component_container_isolated-2] [ERROR] [1789771203.174529727] [tf_help]: Data time: 59s 200000000ns, Transform time: 3s 679000000ns
[component_container_isolated-2] [ERROR] [1789771203.223927710] [tf_help]: Transform data too old when converting from map to odom
[component_container_isolated-2] [ERROR] [1789771203.223968193] [tf_help]: Data time: 59s 200000000ns, Transform time: 3s 679000000ns
[component_container_isolated-2] [ERROR] [1789771203.278267837] [tf_help]: Transform data too old when converting from map to odom
[component_container_isolated-2] [ERROR] [1789771203.278321200] [tf_help]: Data time: 59s 200000000ns, Transform time: 3s 679000000ns
[component_container_isolated-2] [ERROR] [1789771203.326553411] [tf_help]: Transform data too old when converting from map to odom
[component_container_isolated-2] [ERROR] [1789771203.326601721] [tf_help]: Data time: 59s 200000000ns, Transform time: 3s 679000000ns
[component_container_isolated-2] [ERROR] [1789771203.376323079] [tf_help]: Transform data too old when converting from map to odom
[component_container_isolated-2] [ERROR] [1789771203.376371036] [tf_help]: Data time: 59s 200000000ns, Transform time: 3s 679000000ns
[component_container_isolated-2] [ERROR] [1789771203.427013348] [tf_help]: Transform data too old when converting from map to odom
[component_container_isolated-2] [ERROR] [1789771203.427059386] [tf_help]: Data time: 59s 200000000ns, Transform time: 3s 679000000ns
[component_container_isolated-2] [ERROR] [1789771203.472928717] [tf_help]: Transform data too old when converting from map to odom
[component_container_isolated-2] [ERROR] [1789771203.472962540] [tf_help]: Data time: 59s 200000000ns, Transform time: 3s 679000000ns
[component_container_isolated-2] [ERROR] [1789771203.521226665] [tf_help]: Transform data too old when converting from map to odom
[component_container_isolated-2] [ERROR] [1789771203.521260090] [tf_help]: Data time: 59s 200000000ns, Transform time: 3s 679000000ns
[component_container_isolated-2] [ERROR] [1789771203.571297373] [tf_help]: Transform data too old when converting from map to odom
[component_container_isolated-2] [ERROR] [1789771203.571346305] [tf_help]: Data time: 59s 200000000ns, Transform time: 3s 679000000ns
[component_container_isolated-2] [ERROR] [1789771203.622989134] [tf_help]: Transform data too old when converting from map to odom
[component_container_isolated-2] [ERROR] [1789771203.623022883] [tf_help]: Data time: 59s 200000000ns, Transform time: 3s 679000000ns
[component_container_isolated-2] [ERROR] [1789771203.671751974] [tf_help]: Transform data too old when converting from map to odom
[component_container_isolated-2] [ERROR] [1789771203.671782015] [tf_help]: Data time: 59s 200000000ns, Transform time: 3s 679000000ns
[component_container_isolated-2] [ERROR] [1789771203.724371712] [tf_help]: Transform data too old when converting from map to odom
[component_container_isolated-2] [ERROR] [1789771203.724408744] [tf_help]: Data time: 59s 200000000ns, Transform time: 3s 679000000ns
[component_container_isolated-2] [ERROR] [1789771203.775852209] [tf_help]: Transform data too old when converting from map to odom
[component_container_isolated-2] [ERROR] [1789771203.775894615] [tf_help]: Data time: 59s 200000000ns, Transform time: 3s 679000000ns
[component_container_isolated-2] [ERROR] [1789771203.826479869] [tf_help]: Transform data too old when converting from map to odom
[component_container_isolated-2] [ERROR] [1789771203.826520476] [tf_help]: Data time: 59s 200000000ns, Transform time: 3s 679000000ns
[component_container_isolated-2] [ERROR] [1789771203.873767235] [tf_help]: Transform data too old when converting from map to odom
[component_container_isolated-2] [ERROR] [1789771203.873806965] [tf_help]: Data time: 59s 200000000ns, Transform time: 3s 679000000ns
[component_container_isolated-2] [ERROR] [1789771203.924765881] [tf_help]: Transform data too old when converting from map to odom
[component_container_isolated-2] [ERROR] [1789771203.924812572] [tf_help]: Data time: 59s 200000000ns, Transform time: 3s 679000000ns
[ground_truth_localizer-1] [INFO] [1789771203.967600925] [ground_truth_localizer]: last 10 s: ground truth msgs 294, map->odom published 294 (290 via latest odom TF)
[component_container_isolated-2] [ERROR] [1789771203.972310146] [tf_help]: Transform data too old when converting from map to odom
[component_container_isolated-2] [ERROR] [1789771203.972349707] [tf_help]: Data time: 59s 200000000ns, Transform time: 3s 679000000ns
[component_container_isolated-2] [ERROR] [1789771204.021521904] [tf_help]: Transform data too old when converting from map to odom
[component_container_isolated-2] [ERROR] [1789771204.021548914] [tf_help]: Data time: 59s 200000000ns, Transform time: 3s 679000000ns
[component_container_isolated-2] [ERROR] [1789771204.072815178] [tf_help]: Transform data too old when converting from map to odom
[component_container_isolated-2] [ERROR] [1789771204.072845306] [tf_help]: Data time: 59s 200000000ns, Transform time: 3s 679000000ns
[component_container_isolated-2] [ERROR] [1789771204.122899285] [tf_help]: Transform data too old when converting from map to odom
[component_container_isolated-2] [ERROR] [1789771204.122931660] [tf_help]: Data time: 59s 200000000ns, Transform time: 3s 679000000ns
[component_container_isolated-2] [INFO] [1789771204.165908122] [controller_server]: Passing new path to controller.
[component_container_isolated-2] [ERROR] [1789771204.171386912] [tf_help]: Transform data too old when converting from map to odom
[component_container_isolated-2] [ERROR] [1789771204.171416877] [tf_help]: Data time: 60s 100000000ns, Transform time: 3s 679000000ns
[component_container_isolated-2] [ERROR] [1789771204.222960585] [tf_help]: Transform data too old when converting from map to odom
[component_container_isolated-2] [ERROR] [1789771204.222992882] [tf_help]: Data time: 60s 100000000ns, Transform time: 3s 679000000ns
[component_container_isolated-2] [ERROR] [1789771204.271246736] [tf_help]: Transform data too old when converting from map to odom
[component_container_isolated-2] [ERROR] [1789771204.271284790] [tf_help]: Data time: 60s 100000000ns, Transform time: 3s 679000000ns
[component_container_isolated-2] [ERROR] [1789771204.322548214] [tf_help]: Transform data too old when converting from map to odom
[component_container_isolated-2] [ERROR] [1789771204.322591915] [tf_help]: Data time: 60s 100000000ns, Transform time: 3s 679000000ns
[component_container_isolated-2] [ERROR] [1789771204.371902795] [tf_help]: Transform data too old when converting from map to odom
[component_container_isolated-2] [ERROR] [1789771204.371935718] [tf_help]: Data time: 60s 100000000ns, Transform time: 3s 679000000ns
[component_container_isolated-2] [ERROR] [1789771204.424619871] [tf_help]: Transform data too old when converting from map to odom
[component_container_isolated-2] [ERROR] [1789771204.424659701] [tf_help]: Data time: 60s 100000000ns, Transform time: 3s 679000000ns
[component_container_isolated-2] [ERROR] [1789771204.472280041] [tf_help]: Transform data too old when converting from map to odom
[component_container_isolated-2] [ERROR] [1789771204.472313931] [tf_help]: Data time: 60s 100000000ns, Transform time: 3s 679000000ns
[component_container_isolated-2] [ERROR] [1789771204.521321624] [tf_help]: Transform data too old when converting from map to odom
[component_container_isolated-2] [ERROR] [1789771204.521357796] [tf_help]: Data time: 60s 100000000ns, Transform time: 3s 679000000ns
[component_container_isolated-2] [ERROR] [1789771204.571254120] [tf_help]: Transform data too old when converting from map to odom
[component_container_isolated-2] [ERROR] [1789771204.571300146] [tf_help]: Data time: 60s 100000000ns, Transform time: 3s 679000000ns
[component_container_isolated-2] [ERROR] [1789771204.621105012] [tf_help]: Transform data too old when converting from map to odom
[component_container_isolated-2] [ERROR] [1789771204.621141001] [tf_help]: Data time: 60s 100000000ns, Transform time: 3s 679000000ns
[component_container_isolated-2] [ERROR] [1789771204.674920469] [tf_help]: Transform data too old when converting from map to odom
[component_container_isolated-2] [ERROR] [1789771204.674955439] [tf_help]: Data time: 60s 100000000ns, Transform time: 3s 679000000ns
[component_container_isolated-2] [ERROR] [1789771204.723503540] [tf_help]: Transform data too old when converting from map to odom
[component_container_isolated-2] [ERROR] [1789771204.723544641] [tf_help]: Data time: 60s 100000000ns, Transform time: 3s 679000000ns
[component_container_isolated-2] [ERROR] [1789771204.771288683] [tf_help]: Transform data too old when converting from map to odom
[component_container_isolated-2] [ERROR] [1789771204.771323078] [tf_help]: Data time: 60s 100000000ns, Transform time: 3s 679000000ns
[component_container_isolated-2] [ERROR] [1789771204.823246385] [tf_help]: Transform data too old when converting from map to odom
[component_container_isolated-2] [ERROR] [1789771204.823275033] [tf_help]: Data time: 60s 100000000ns, Transform time: 3s 679000000ns
[component_container_isolated-2] [ERROR] [1789771204.876282267] [tf_help]: Transform data too old when converting from map to odom
[component_container_isolated-2] [ERROR] [1789771204.876328743] [tf_help]: Data time: 60s 100000000ns, Transform time: 3s 679000000ns
[component_container_isolated-2] [INFO] [1789771204.925717731] [controller_server]: [TG-MPPI] cycle time (compute_backend=cpu): 6.827 ms/cycle avg over 50 cycles
[component_container_isolated-2] [ERROR] [1789771204.925946723] [tf_help]: Transform data too old when converting from map to odom
[component_container_isolated-2] [ERROR] [1789771204.925978840] [tf_help]: Data time: 60s 100000000ns, Transform time: 3s 679000000ns
[component_container_isolated-2] [ERROR] [1789771204.974032466] [tf_help]: Transform data too old when converting from map to odom
[component_container_isolated-2] [ERROR] [1789771204.974068072] [tf_help]: Data time: 60s 100000000ns, Transform time: 3s 679000000ns
[component_container_isolated-2] [ERROR] [1789771205.022227864] [tf_help]: Transform data too old when converting from map to odom
[component_container_isolated-2] [ERROR] [1789771205.022287172] [tf_help]: Data time: 60s 100000000ns, Transform time: 3s 679000000ns
[component_container_isolated-2] [ERROR] [1789771205.071099837] [tf_help]: Transform data too old when converting from map to odom
[component_container_isolated-2] [ERROR] [1789771205.071142679] [tf_help]: Data time: 60s 100000000ns, Transform time: 3s 679000000ns
[component_container_isolated-2] [ERROR] [1789771205.121531309] [tf_help]: Transform data too old when converting from map to odom
[component_container_isolated-2] [ERROR] [1789771205.121572693] [tf_help]: Data time: 60s 100000000ns, Transform time: 3s 679000000ns
[component_container_isolated-2] [ERROR] [1789771205.171672863] [tf_help]: Transform data too old when converting from map to odom
[component_container_isolated-2] [ERROR] [1789771205.171711092] [tf_help]: Data time: 60s 100000000ns, Transform time: 3s 679000000ns
[component_container_isolated-2] [INFO] [1789771205.215916939] [controller_server]: Passing new path to controller.
[component_container_isolated-2] [ERROR] [1789771205.226198503] [tf_help]: Transform data too old when converting from map to odom
[component_container_isolated-2] [ERROR] [1789771205.226227935] [tf_help]: Data time: 61s 0ns, Transform time: 3s 679000000ns
[component_container_isolated-2] [ERROR] [1789771205.271583538] [tf_help]: Transform data too old when converting from map to odom
[component_container_isolated-2] [ERROR] [1789771205.271623569] [tf_help]: Data time: 61s 0ns, Transform time: 3s 679000000ns
[component_container_isolated-2] [ERROR] [1789771205.322077655] [tf_help]: Transform data too old when converting from map to odom
[component_container_isolated-2] [ERROR] [1789771205.322120148] [tf_help]: Data time: 61s 0ns, Transform time: 3s 679000000ns
[component_container_isolated-2] [ERROR] [1789771205.373046507] [tf_help]: Transform data too old when converting from map to odom
[component_container_isolated-2] [ERROR] [1789771205.373084025] [tf_help]: Data time: 61s 0ns, Transform time: 3s 679000000ns
[component_container_isolated-2] [ERROR] [1789771205.421541119] [tf_help]: Transform data too old when converting from map to odom
[component_container_isolated-2] [ERROR] [1789771205.421575088] [tf_help]: Data time: 61s 0ns, Transform time: 3s 679000000ns
[component_container_isolated-2] [ERROR] [1789771205.472674465] [tf_help]: Transform data too old when converting from map to odom
[component_container_isolated-2] [ERROR] [1789771205.472706185] [tf_help]: Data time: 61s 0ns, Transform time: 3s 679000000ns
[component_container_isolated-2] [ERROR] [1789771205.521942666] [tf_help]: Transform data too old when converting from map to odom
[component_container_isolated-2] [ERROR] [1789771205.521985940] [tf_help]: Data time: 61s 0ns, Transform time: 3s 679000000ns
[component_container_isolated-2] [ERROR] [1789771205.571500965] [tf_help]: Transform data too old when converting from map to odom
[component_container_isolated-2] [ERROR] [1789771205.571548857] [tf_help]: Data time: 61s 0ns, Transform time: 3s 679000000ns
[component_container_isolated-2] [ERROR] [1789771205.621985318] [tf_help]: Transform data too old when converting from map to odom
[component_container_isolated-2] [ERROR] [1789771205.622036416] [tf_help]: Data time: 61s 0ns, Transform time: 3s 679000000ns
[component_container_isolated-2] [ERROR] [1789771205.671595357] [tf_help]: Transform data too old when converting from map to odom
[component_container_isolated-2] [ERROR] [1789771205.671633935] [tf_help]: Data time: 61s 0ns, Transform time: 3s 679000000ns
[component_container_isolated-2] [ERROR] [1789771205.723293741] [tf_help]: Transform data too old when converting from map to odom
[component_container_isolated-2] [ERROR] [1789771205.723334815] [tf_help]: Data time: 61s 0ns, Transform time: 3s 679000000ns
[component_container_isolated-2] [ERROR] [1789771205.771698219] [tf_help]: Transform data too old when converting from map to odom
[component_container_isolated-2] [ERROR] [1789771205.771732432] [tf_help]: Data time: 61s 0ns, Transform time: 3s 679000000ns
[component_container_isolated-2] [ERROR] [1789771205.821787549] [tf_help]: Transform data too old when converting from map to odom
[component_container_isolated-2] [ERROR] [1789771205.821825725] [tf_help]: Data time: 61s 0ns, Transform time: 3s 679000000ns
[component_container_isolated-2] [ERROR] [1789771205.871995625] [tf_help]: Transform data too old when converting from map to odom
[component_container_isolated-2] [ERROR] [1789771205.872035389] [tf_help]: Data time: 61s 0ns, Transform time: 3s 679000000ns
[component_container_isolated-2] [ERROR] [1789771205.921251681] [tf_help]: Transform data too old when converting from map to odom
[component_container_isolated-2] [ERROR] [1789771205.921285580] [tf_help]: Data time: 61s 0ns, Transform time: 3s 679000000ns
[component_container_isolated-2] [ERROR] [1789771205.971428500] [tf_help]: Transform data too old when converting from map to odom
[component_container_isolated-2] [ERROR] [1789771205.971474846] [tf_help]: Data time: 61s 0ns, Transform time: 3s 679000000ns
[component_container_isolated-2] [ERROR] [1789771206.021404799] [tf_help]: Transform data too old when converting from map to odom
[component_container_isolated-2] [ERROR] [1789771206.021445788] [tf_help]: Data time: 61s 0ns, Transform time: 3s 679000000ns
[component_container_isolated-2] [ERROR] [1789771206.071847049] [tf_help]: Transform data too old when converting from map to odom
[component_container_isolated-2] [ERROR] [1789771206.071882663] [tf_help]: Data time: 61s 0ns, Transform time: 3s 679000000ns
[component_container_isolated-2] [ERROR] [1789771206.121991326] [tf_help]: Transform data too old when converting from map to odom
[component_container_isolated-2] [ERROR] [1789771206.122035927] [tf_help]: Data time: 61s 0ns, Transform time: 3s 679000000ns
[component_container_isolated-2] [ERROR] [1789771206.171575446] [tf_help]: Transform data too old when converting from map to odom
[component_container_isolated-2] [ERROR] [1789771206.171606565] [tf_help]: Data time: 61s 0ns, Transform time: 3s 679000000ns
[component_container_isolated-2] [INFO] [1789771206.215907257] [controller_server]: Passing new path to controller.
[component_container_isolated-2] [ERROR] [1789771206.221830622] [tf_help]: Transform data too old when converting from map to odom
[component_container_isolated-2] [ERROR] [1789771206.221856737] [tf_help]: Data time: 61s 900000000ns, Transform time: 3s 679000000ns
[component_container_isolated-2] [ERROR] [1789771206.274200975] [tf_help]: Transform data too old when converting from map to odom
[component_container_isolated-2] [ERROR] [1789771206.274239185] [tf_help]: Data time: 61s 900000000ns, Transform time: 3s 679000000ns
[component_container_isolated-2] [ERROR] [1789771206.321769565] [tf_help]: Transform data too old when converting from map to odom
[component_container_isolated-2] [ERROR] [1789771206.321805248] [tf_help]: Data time: 61s 900000000ns, Transform time: 3s 679000000ns
[component_container_isolated-2] [ERROR] [1789771206.371794153] [tf_help]: Transform data too old when converting from map to odom
[component_container_isolated-2] [ERROR] [1789771206.371824673] [tf_help]: Data time: 61s 900000000ns, Transform time: 3s 679000000ns
[component_container_isolated-2] [ERROR] [1789771206.421567338] [tf_help]: Transform data too old when converting from map to odom
[component_container_isolated-2] [ERROR] [1789771206.421598022] [tf_help]: Data time: 61s 900000000ns, Transform time: 3s 679000000ns
[component_container_isolated-2] [ERROR] [1789771206.471206488] [tf_help]: Transform data too old when converting from map to odom
[component_container_isolated-2] [ERROR] [1789771206.471237709] [tf_help]: Data time: 61s 900000000ns, Transform time: 3s 679000000ns
[component_container_isolated-2] [ERROR] [1789771206.521465625] [tf_help]: Transform data too old when converting from map to odom
[component_container_isolated-2] [ERROR] [1789771206.521507478] [tf_help]: Data time: 61s 900000000ns, Transform time: 3s 679000000ns
[component_container_isolated-2] [ERROR] [1789771206.571643668] [tf_help]: Transform data too old when converting from map to odom
[component_container_isolated-2] [ERROR] [1789771206.571712180] [tf_help]: Data time: 61s 900000000ns, Transform time: 3s 679000000ns
[component_container_isolated-2] [ERROR] [1789771206.621506516] [tf_help]: Transform data too old when converting from map to odom
[component_container_isolated-2] [ERROR] [1789771206.621540438] [tf_help]: Data time: 61s 900000000ns, Transform time: 3s 679000000ns
[component_container_isolated-2] [ERROR] [1789771206.671618528] [tf_help]: Transform data too old when converting from map to odom
[component_container_isolated-2] [ERROR] [1789771206.671661004] [tf_help]: Data time: 61s 900000000ns, Transform time: 3s 679000000ns
[component_container_isolated-2] [ERROR] [1789771206.721181243] [tf_help]: Transform data too old when converting from map to odom
[component_container_isolated-2] [ERROR] [1789771206.721209243] [tf_help]: Data time: 61s 900000000ns, Transform time: 3s 679000000ns
[component_container_isolated-2] [ERROR] [1789771206.771537269] [tf_help]: Transform data too old when converting from map to odom
[component_container_isolated-2] [ERROR] [1789771206.771573506] [tf_help]: Data time: 61s 900000000ns, Transform time: 3s 679000000ns
[component_container_isolated-2] [ERROR] [1789771206.821333207] [tf_help]: Transform data too old when converting from map to odom
[component_container_isolated-2] [ERROR] [1789771206.821370008] [tf_help]: Data time: 61s 900000000ns, Transform time: 3s 679000000ns
[component_container_isolated-2] [ERROR] [1789771206.871204368] [tf_help]: Transform data too old when converting from map to odom
[component_container_isolated-2] [ERROR] [1789771206.871240363] [tf_help]: Data time: 61s 900000000ns, Transform time: 3s 679000000ns
[component_container_isolated-2] [ERROR] [1789771206.922548344] [tf_help]: Transform data too old when converting from map to odom
[component_container_isolated-2] [ERROR] [1789771206.922583888] [tf_help]: Data time: 61s 900000000ns, Transform time: 3s 679000000ns
[component_container_isolated-2] [ERROR] [1789771206.971307289] [tf_help]: Transform data too old when converting from map to odom
[component_container_isolated-2] [ERROR] [1789771206.971346848] [tf_help]: Data time: 61s 900000000ns, Transform time: 3s 679000000ns
[component_container_isolated-2] [ERROR] [1789771207.016068095] [controller_server]: Failed to make progress
[component_container_isolated-2] [WARN] [1789771207.016143635] [controller_server]: [follow_path] [ActionServer] Aborting handle.
[component_container_isolated-2] [INFO] [1789771207.035670628] [local_costmap.local_costmap]: Received request to clear entirely the local_costmap
[component_container_isolated-2] [INFO] [1789771207.036006018] [controller_server]: Received a goal, begin computing control effort.
[component_container_isolated-2] [ERROR] [1789771207.065014137] [tf_help]: Transform data too old when converting from map to odom
[component_container_isolated-2] [ERROR] [1789771207.065063740] [tf_help]: Data time: 61s 900000000ns, Transform time: 3s 679000000ns
[component_container_isolated-2] [ERROR] [1789771207.092160154] [tf_help]: Transform data too old when converting from map to odom
[component_container_isolated-2] [ERROR] [1789771207.092194059] [tf_help]: Data time: 61s 900000000ns, Transform time: 3s 679000000ns
[component_container_isolated-2] [ERROR] [1789771207.141628537] [tf_help]: Transform data too old when converting from map to odom
[component_container_isolated-2] [ERROR] [1789771207.141661356] [tf_help]: Data time: 61s 900000000ns, Transform time: 3s 679000000ns
[component_container_isolated-2] [ERROR] [1789771207.193036009] [tf_help]: Transform data too old when converting from map to odom
[component_container_isolated-2] [ERROR] [1789771207.193066614] [tf_help]: Data time: 61s 900000000ns, Transform time: 3s 679000000ns
[component_container_isolated-2] [ERROR] [1789771207.241254731] [tf_help]: Transform data too old when converting from map to odom
[component_container_isolated-2] [ERROR] [1789771207.241291388] [tf_help]: Data time: 61s 900000000ns, Transform time: 3s 679000000ns
[component_container_isolated-2] [INFO] [1789771207.286150425] [controller_server]: Passing new path to controller.
[component_container_isolated-2] [ERROR] [1789771207.291628393] [tf_help]: Transform data too old when converting from map to odom
[component_container_isolated-2] [ERROR] [1789771207.291655539] [tf_help]: Data time: 62s 900000000ns, Transform time: 3s 679000000ns
[component_container_isolated-2] [ERROR] [1789771207.341259774] [tf_help]: Transform data too old when converting from map to odom
[component_container_isolated-2] [ERROR] [1789771207.341293934] [tf_help]: Data time: 62s 900000000ns, Transform time: 3s 679000000ns
[component_container_isolated-2] [ERROR] [1789771207.391727358] [tf_help]: Transform data too old when converting from map to odom
[component_container_isolated-2] [ERROR] [1789771207.391766164] [tf_help]: Data time: 62s 900000000ns, Transform time: 3s 679000000ns
[component_container_isolated-2] [INFO] [1789771207.441083069] [controller_server]: [TG-MPPI] cycle time (compute_backend=cpu): 5.771 ms/cycle avg over 50 cycles
[component_container_isolated-2] [ERROR] [1789771207.441220713] [tf_help]: Transform data too old when converting from map to odom
[component_container_isolated-2] [ERROR] [1789771207.441236755] [tf_help]: Data time: 62s 900000000ns, Transform time: 3s 679000000ns
[component_container_isolated-2] [ERROR] [1789771207.491653859] [tf_help]: Transform data too old when converting from map to odom
[component_container_isolated-2] [ERROR] [1789771207.491685874] [tf_help]: Data time: 62s 900000000ns, Transform time: 3s 679000000ns
[component_container_isolated-2] [ERROR] [1789771207.541462486] [tf_help]: Transform data too old when converting from map to odom
[component_container_isolated-2] [ERROR] [1789771207.541493757] [tf_help]: Data time: 62s 900000000ns, Transform time: 3s 679000000ns
[component_container_isolated-2] [ERROR] [1789771207.591517269] [tf_help]: Transform data too old when converting from map to odom
[component_container_isolated-2] [ERROR] [1789771207.591552878] [tf_help]: Data time: 62s 900000000ns, Transform time: 3s 679000000ns
[component_container_isolated-2] [ERROR] [1789771207.642087662] [tf_help]: Transform data too old when converting from map to odom
[component_container_isolated-2] [ERROR] [1789771207.642122116] [tf_help]: Data time: 62s 900000000ns, Transform time: 3s 679000000ns
[component_container_isolated-2] [ERROR] [1789771207.692010243] [tf_help]: Transform data too old when converting from map to odom
[component_container_isolated-2] [ERROR] [1789771207.692044373] [tf_help]: Data time: 62s 900000000ns, Transform time: 3s 679000000ns
[component_container_isolated-2] [ERROR] [1789771207.742312672] [tf_help]: Transform data too old when converting from map to odom
[component_container_isolated-2] [ERROR] [1789771207.742346519] [tf_help]: Data time: 62s 900000000ns, Transform time: 3s 679000000ns
[component_container_isolated-2] [ERROR] [1789771207.791385538] [tf_help]: Transform data too old when converting from map to odom
[component_container_isolated-2] [ERROR] [1789771207.791422419] [tf_help]: Data time: 62s 900000000ns, Transform time: 3s 679000000ns
[component_container_isolated-2] [ERROR] [1789771207.843602694] [tf_help]: Transform data too old when converting from map to odom
[component_container_isolated-2] [ERROR] [1789771207.843636553] [tf_help]: Data time: 62s 900000000ns, Transform time: 3s 679000000ns
[component_container_isolated-2] [ERROR] [1789771207.896610546] [tf_help]: Transform data too old when converting from map to odom
[component_container_isolated-2] [ERROR] [1789771207.896655287] [tf_help]: Data time: 62s 900000000ns, Transform time: 3s 679000000ns
[component_container_isolated-2] [ERROR] [1789771207.946288336] [tf_help]: Transform data too old when converting from map to odom
[component_container_isolated-2] [ERROR] [1789771207.946331467] [tf_help]: Data time: 62s 900000000ns, Transform time: 3s 679000000ns
[component_container_isolated-2] [ERROR] [1789771207.991994196] [tf_help]: Transform data too old when converting from map to odom
[component_container_isolated-2] [ERROR] [1789771207.992043487] [tf_help]: Data time: 62s 900000000ns, Transform time: 3s 679000000ns
[component_container_isolated-2] [ERROR] [1789771208.045965766] [tf_help]: Transform data too old when converting from map to odom
[component_container_isolated-2] [ERROR] [1789771208.046010265] [tf_help]: Data time: 62s 900000000ns, Transform time: 3s 679000000ns
[component_container_isolated-2] [ERROR] [1789771208.092009596] [tf_help]: Transform data too old when converting from map to odom
[component_container_isolated-2] [ERROR] [1789771208.092041861] [tf_help]: Data time: 62s 900000000ns, Transform time: 3s 679000000ns
[component_container_isolated-2] [ERROR] [1789771208.141298859] [tf_help]: Transform data too old when converting from map to odom
[component_container_isolated-2] [ERROR] [1789771208.141330323] [tf_help]: Data time: 62s 900000000ns, Transform time: 3s 679000000ns
[component_container_isolated-2] [ERROR] [1789771208.191311714] [tf_help]: Transform data too old when converting from map to odom
[component_container_isolated-2] [ERROR] [1789771208.191342302] [tf_help]: Data time: 62s 900000000ns, Transform time: 3s 679000000ns
[component_container_isolated-2] [ERROR] [1789771208.245025213] [tf_help]: Transform data too old when converting from map to odom
[component_container_isolated-2] [ERROR] [1789771208.245058727] [tf_help]: Data time: 62s 900000000ns, Transform time: 3s 679000000ns
[component_container_isolated-2] [INFO] [1789771208.286151748] [controller_server]: Passing new path to controller.
[component_container_isolated-2] [ERROR] [1789771208.292594755] [tf_help]: Transform data too old when converting from map to odom
[component_container_isolated-2] [ERROR] [1789771208.292635235] [tf_help]: Data time: 63s 800000000ns, Transform time: 3s 679000000ns
[component_container_isolated-2] [ERROR] [1789771208.342659146] [tf_help]: Transform data too old when converting from map to odom
[component_container_isolated-2] [ERROR] [1789771208.342692593] [tf_help]: Data time: 63s 800000000ns, Transform time: 3s 679000000ns
[component_container_isolated-2] [ERROR] [1789771208.391883624] [tf_help]: Transform data too old when converting from map to odom
[component_container_isolated-2] [ERROR] [1789771208.391918866] [tf_help]: Data time: 63s 800000000ns, Transform time: 3s 679000000ns
[component_container_isolated-2] [ERROR] [1789771208.442538105] [tf_help]: Transform data too old when converting from map to odom
[component_container_isolated-2] [ERROR] [1789771208.442577127] [tf_help]: Data time: 63s 800000000ns, Transform time: 3s 679000000ns
[component_container_isolated-2] [ERROR] [1789771208.491391827] [tf_help]: Transform data too old when converting from map to odom
[component_container_isolated-2] [ERROR] [1789771208.491422604] [tf_help]: Data time: 63s 800000000ns, Transform time: 3s 679000000ns
[component_container_isolated-2] [ERROR] [1789771208.541584211] [tf_help]: Transform data too old when converting from map to odom
[component_container_isolated-2] [ERROR] [1789771208.541624602] [tf_help]: Data time: 63s 800000000ns, Transform time: 3s 679000000ns
[component_container_isolated-2] [ERROR] [1789771208.591842499] [tf_help]: Transform data too old when converting from map to odom
[component_container_isolated-2] [ERROR] [1789771208.591881970] [tf_help]: Data time: 63s 800000000ns, Transform time: 3s 679000000ns
[component_container_isolated-2] [ERROR] [1789771208.642225137] [tf_help]: Transform data too old when converting from map to odom
[component_container_isolated-2] [ERROR] [1789771208.642258483] [tf_help]: Data time: 63s 800000000ns, Transform time: 3s 679000000ns
[component_container_isolated-2] [ERROR] [1789771208.692231348] [tf_help]: Transform data too old when converting from map to odom
[component_container_isolated-2] [ERROR] [1789771208.692265250] [tf_help]: Data time: 63s 800000000ns, Transform time: 3s 679000000ns
[component_container_isolated-2] [ERROR] [1789771208.742805681] [tf_help]: Transform data too old when converting from map to odom
[component_container_isolated-2] [ERROR] [1789771208.742832449] [tf_help]: Data time: 63s 800000000ns, Transform time: 3s 679000000ns
[component_container_isolated-2] [ERROR] [1789771208.791730063] [tf_help]: Transform data too old when converting from map to odom
[component_container_isolated-2] [ERROR] [1789771208.791761956] [tf_help]: Data time: 63s 800000000ns, Transform time: 3s 679000000ns
[component_container_isolated-2] [ERROR] [1789771208.841734097] [tf_help]: Transform data too old when converting from map to odom
[component_container_isolated-2] [ERROR] [1789771208.841777391] [tf_help]: Data time: 63s 800000000ns, Transform time: 3s 679000000ns
[component_container_isolated-2] [ERROR] [1789771208.891625361] [tf_help]: Transform data too old when converting from map to odom
[component_container_isolated-2] [ERROR] [1789771208.891655318] [tf_help]: Data time: 63s 800000000ns, Transform time: 3s 679000000ns
[component_container_isolated-2] [ERROR] [1789771208.941232595] [tf_help]: Transform data too old when converting from map to odom
[component_container_isolated-2] [ERROR] [1789771208.941266101] [tf_help]: Data time: 63s 800000000ns, Transform time: 3s 679000000ns
[component_container_isolated-2] [ERROR] [1789771208.991455748] [tf_help]: Transform data too old when converting from map to odom
[component_container_isolated-2] [ERROR] [1789771208.991486925] [tf_help]: Data time: 63s 800000000ns, Transform time: 3s 679000000ns
[component_container_isolated-2] [ERROR] [1789771209.041369309] [tf_help]: Transform data too old when converting from map to odom
[component_container_isolated-2] [ERROR] [1789771209.041403285] [tf_help]: Data time: 63s 800000000ns, Transform time: 3s 679000000ns
[component_container_isolated-2] [ERROR] [1789771209.091500061] [tf_help]: Transform data too old when converting from map to odom
[component_container_isolated-2] [ERROR] [1789771209.091533189] [tf_help]: Data time: 63s 800000000ns, Transform time: 3s 679000000ns
[component_container_isolated-2] [ERROR] [1789771209.141610289] [tf_help]: Transform data too old when converting from map to odom
[component_container_isolated-2] [ERROR] [1789771209.141640481] [tf_help]: Data time: 63s 800000000ns, Transform time: 3s 679000000ns
[component_container_isolated-2] [ERROR] [1789771209.191315021] [tf_help]: Transform data too old when converting from map to odom
[component_container_isolated-2] [ERROR] [1789771209.191352964] [tf_help]: Data time: 63s 800000000ns, Transform time: 3s 679000000ns
[component_container_isolated-2] [ERROR] [1789771209.241545191] [tf_help]: Transform data too old when converting from map to odom
[component_container_isolated-2] [ERROR] [1789771209.241575937] [tf_help]: Data time: 63s 800000000ns, Transform time: 3s 679000000ns
[component_container_isolated-2] [ERROR] [1789771209.292375482] [tf_help]: Transform data too old when converting from map to odom
[component_container_isolated-2] [ERROR] [1789771209.292406112] [tf_help]: Data time: 63s 800000000ns, Transform time: 3s 679000000ns
[component_container_isolated-2] [INFO] [1789771209.336143544] [controller_server]: Passing new path to controller.
[component_container_isolated-2] [ERROR] [1789771209.341421822] [tf_help]: Transform data too old when converting from map to odom
[component_container_isolated-2] [ERROR] [1789771209.341443537] [tf_help]: Data time: 64s 700000000ns, Transform time: 3s 679000000ns
[component_container_isolated-2] [ERROR] [1789771209.391339531] [tf_help]: Transform data too old when converting from map to odom
[component_container_isolated-2] [ERROR] [1789771209.391368683] [tf_help]: Data time: 64s 700000000ns, Transform time: 3s 679000000ns
[component_container_isolated-2] [ERROR] [1789771209.441641700] [tf_help]: Transform data too old when converting from map to odom
[component_container_isolated-2] [ERROR] [1789771209.441672518] [tf_help]: Data time: 64s 700000000ns, Transform time: 3s 679000000ns
[component_container_isolated-2] [ERROR] [1789771209.491272274] [tf_help]: Transform data too old when converting from map to odom
[component_container_isolated-2] [ERROR] [1789771209.491303810] [tf_help]: Data time: 64s 700000000ns, Transform time: 3s 679000000ns
[component_container_isolated-2] [ERROR] [1789771209.541204099] [tf_help]: Transform data too old when converting from map to odom
[component_container_isolated-2] [ERROR] [1789771209.541237516] [tf_help]: Data time: 64s 700000000ns, Transform time: 3s 679000000ns
[component_container_isolated-2] [ERROR] [1789771209.591456727] [tf_help]: Transform data too old when converting from map to odom
[component_container_isolated-2] [ERROR] [1789771209.591493374] [tf_help]: Data time: 64s 700000000ns, Transform time: 3s 679000000ns
[component_container_isolated-2] [ERROR] [1789771209.641566659] [tf_help]: Transform data too old when converting from map to odom
[component_container_isolated-2] [ERROR] [1789771209.641599135] [tf_help]: Data time: 64s 700000000ns, Transform time: 3s 679000000ns
[component_container_isolated-2] [ERROR] [1789771209.695606322] [tf_help]: Transform data too old when converting from map to odom
[component_container_isolated-2] [ERROR] [1789771209.695652326] [tf_help]: Data time: 64s 700000000ns, Transform time: 3s 679000000ns
[component_container_isolated-2] [ERROR] [1789771209.744533175] [tf_help]: Transform data too old when converting from map to odom
[component_container_isolated-2] [ERROR] [1789771209.744566184] [tf_help]: Data time: 64s 700000000ns, Transform time: 3s 679000000ns
[component_container_isolated-2] [ERROR] [1789771209.793330428] [tf_help]: Transform data too old when converting from map to odom
[component_container_isolated-2] [ERROR] [1789771209.793362106] [tf_help]: Data time: 64s 700000000ns, Transform time: 3s 679000000ns
[component_container_isolated-2] [ERROR] [1789771209.841234723] [tf_help]: Transform data too old when converting from map to odom
[component_container_isolated-2] [ERROR] [1789771209.841266514] [tf_help]: Data time: 64s 700000000ns, Transform time: 3s 679000000ns
[component_container_isolated-2] [ERROR] [1789771209.893585446] [tf_help]: Transform data too old when converting from map to odom
[component_container_isolated-2] [ERROR] [1789771209.893631965] [tf_help]: Data time: 64s 700000000ns, Transform time: 3s 679000000ns
[component_container_isolated-2] [INFO] [1789771209.942177307] [controller_server]: [TG-MPPI] cycle time (compute_backend=cpu): 5.937 ms/cycle avg over 50 cycles
[component_container_isolated-2] [ERROR] [1789771209.942333830] [tf_help]: Transform data too old when converting from map to odom
[component_container_isolated-2] [ERROR] [1789771209.942439393] [tf_help]: Data time: 64s 700000000ns, Transform time: 3s 679000000ns
[component_container_isolated-2] [ERROR] [1789771209.991680213] [tf_help]: Transform data too old when converting from map to odom
[component_container_isolated-2] [ERROR] [1789771209.991711869] [tf_help]: Data time: 64s 700000000ns, Transform time: 3s 679000000ns
[component_container_isolated-2] [ERROR] [1789771210.041233943] [tf_help]: Transform data too old when converting from map to odom
[component_container_isolated-2] [ERROR] [1789771210.041263571] [tf_help]: Data time: 64s 700000000ns, Transform time: 3s 679000000ns
[component_container_isolated-2] [ERROR] [1789771210.091296036] [tf_help]: Transform data too old when converting from map to odom
[component_container_isolated-2] [ERROR] [1789771210.091328586] [tf_help]: Data time: 64s 700000000ns, Transform time: 3s 679000000ns
[component_container_isolated-2] [ERROR] [1789771210.141263961] [tf_help]: Transform data too old when converting from map to odom
[component_container_isolated-2] [ERROR] [1789771210.141301483] [tf_help]: Data time: 64s 700000000ns, Transform time: 3s 679000000ns
[component_container_isolated-2] [ERROR] [1789771210.191847957] [tf_help]: Transform data too old when converting from map to odom
[component_container_isolated-2] [ERROR] [1789771210.191882593] [tf_help]: Data time: 64s 700000000ns, Transform time: 3s 679000000ns
[component_container_isolated-2] [ERROR] [1789771210.241534370] [tf_help]: Transform data too old when converting from map to odom
[component_container_isolated-2] [ERROR] [1789771210.241583027] [tf_help]: Data time: 64s 700000000ns, Transform time: 3s 679000000ns
[component_container_isolated-2] [ERROR] [1789771210.291543172] [tf_help]: Transform data too old when converting from map to odom
[component_container_isolated-2] [ERROR] [1789771210.291573215] [tf_help]: Data time: 64s 700000000ns, Transform time: 3s 679000000ns
[component_container_isolated-2] [INFO] [1789771210.336117541] [controller_server]: Passing new path to controller.
[component_container_isolated-2] [ERROR] [1789771210.341726440] [tf_help]: Transform data too old when converting from map to odom
[component_container_isolated-2] [ERROR] [1789771210.341751872] [tf_help]: Data time: 65s 700000000ns, Transform time: 3s 679000000ns
[component_container_isolated-2] [ERROR] [1789771210.391688839] [tf_help]: Transform data too old when converting from map to odom
[component_container_isolated-2] [ERROR] [1789771210.391720886] [tf_help]: Data time: 65s 700000000ns, Transform time: 3s 679000000ns
[component_container_isolated-2] [ERROR] [1789771210.441640178] [tf_help]: Transform data too old when converting from map to odom
[component_container_isolated-2] [ERROR] [1789771210.441672164] [tf_help]: Data time: 65s 700000000ns, Transform time: 3s 679000000ns
[component_container_isolated-2] [ERROR] [1789771210.491603309] [tf_help]: Transform data too old when converting from map to odom
[component_container_isolated-2] [ERROR] [1789771210.491644070] [tf_help]: Data time: 65s 700000000ns, Transform time: 3s 679000000ns
[component_container_isolated-2] [ERROR] [1789771210.541243125] [tf_help]: Transform data too old when converting from map to odom
[component_container_isolated-2] [ERROR] [1789771210.541277286] [tf_help]: Data time: 65s 700000000ns, Transform time: 3s 679000000ns
[component_container_isolated-2] [ERROR] [1789771210.591225917] [tf_help]: Transform data too old when converting from map to odom
[component_container_isolated-2] [ERROR] [1789771210.591258979] [tf_help]: Data time: 65s 700000000ns, Transform time: 3s 679000000ns
[component_container_isolated-2] [ERROR] [1789771210.642195911] [tf_help]: Transform data too old when converting from map to odom
[component_container_isolated-2] [ERROR] [1789771210.642236667] [tf_help]: Data time: 65s 700000000ns, Transform time: 3s 679000000ns
[component_container_isolated-2] [ERROR] [1789771210.692494374] [tf_help]: Transform data too old when converting from map to odom
[component_container_isolated-2] [ERROR] [1789771210.692527639] [tf_help]: Data time: 65s 700000000ns, Transform time: 3s 679000000ns
[component_container_isolated-2] [ERROR] [1789771210.749816767] [tf_help]: Transform data too old when converting from map to odom
[component_container_isolated-2] [ERROR] [1789771210.749859011] [tf_help]: Data time: 65s 700000000ns, Transform time: 3s 679000000ns
[component_container_isolated-2] [ERROR] [1789771210.792648945] [tf_help]: Transform data too old when converting from map to odom
[component_container_isolated-2] [ERROR] [1789771210.792686132] [tf_help]: Data time: 65s 700000000ns, Transform time: 3s 679000000ns
[component_container_isolated-2] [ERROR] [1789771210.846770407] [tf_help]: Transform data too old when converting from map to odom
[component_container_isolated-2] [ERROR] [1789771210.846810094] [tf_help]: Data time: 65s 700000000ns, Transform time: 3s 679000000ns
[component_container_isolated-2] [ERROR] [1789771210.893734960] [tf_help]: Transform data too old when converting from map to odom
[component_container_isolated-2] [ERROR] [1789771210.893801352] [tf_help]: Data time: 65s 700000000ns, Transform time: 3s 679000000ns
[component_container_isolated-2] [ERROR] [1789771210.941325506] [tf_help]: Transform data too old when converting from map to odom
[component_container_isolated-2] [ERROR] [1789771210.941369979] [tf_help]: Data time: 65s 700000000ns, Transform time: 3s 679000000ns
[component_container_isolated-2] [ERROR] [1789771210.991447468] [tf_help]: Transform data too old when converting from map to odom
[component_container_isolated-2] [ERROR] [1789771210.991482203] [tf_help]: Data time: 65s 700000000ns, Transform time: 3s 679000000ns
[component_container_isolated-2] [ERROR] [1789771211.041303612] [tf_help]: Transform data too old when converting from map to odom
[component_container_isolated-2] [ERROR] [1789771211.041338210] [tf_help]: Data time: 65s 700000000ns, Transform time: 3s 679000000ns
[component_container_isolated-2] [ERROR] [1789771211.091637223] [tf_help]: Transform data too old when converting from map to odom
[component_container_isolated-2] [ERROR] [1789771211.091672826] [tf_help]: Data time: 65s 700000000ns, Transform time: 3s 679000000ns
[component_container_isolated-2] [ERROR] [1789771211.141367690] [tf_help]: Transform data too old when converting from map to odom
[component_container_isolated-2] [ERROR] [1789771211.141405233] [tf_help]: Data time: 65s 700000000ns, Transform time: 3s 679000000ns
[component_container_isolated-2] [ERROR] [1789771211.193861764] [tf_help]: Transform data too old when converting from map to odom
[component_container_isolated-2] [ERROR] [1789771211.193899575] [tf_help]: Data time: 65s 700000000ns, Transform time: 3s 679000000ns
[component_container_isolated-2] [ERROR] [1789771211.241711141] [tf_help]: Transform data too old when converting from map to odom
[component_container_isolated-2] [ERROR] [1789771211.241744768] [tf_help]: Data time: 65s 700000000ns, Transform time: 3s 679000000ns
[component_container_isolated-2] [ERROR] [1789771211.291581538] [tf_help]: Transform data too old when converting from map to odom
[component_container_isolated-2] [ERROR] [1789771211.291615977] [tf_help]: Data time: 65s 700000000ns, Transform time: 3s 679000000ns
[component_container_isolated-2] [ERROR] [1789771211.341294908] [tf_help]: Transform data too old when converting from map to odom
[component_container_isolated-2] [ERROR] [1789771211.341328726] [tf_help]: Data time: 65s 700000000ns, Transform time: 3s 679000000ns
[component_container_isolated-2] [INFO] [1789771211.386120644] [controller_server]: Passing new path to controller.
[component_container_isolated-2] [ERROR] [1789771211.394592697] [tf_help]: Transform data too old when converting from map to odom
[component_container_isolated-2] [ERROR] [1789771211.394626290] [tf_help]: Data time: 66s 600000000ns, Transform time: 3s 679000000ns
[component_container_isolated-2] [ERROR] [1789771211.441369682] [tf_help]: Transform data too old when converting from map to odom
[component_container_isolated-2] [ERROR] [1789771211.441400449] [tf_help]: Data time: 66s 600000000ns, Transform time: 3s 679000000ns
[component_container_isolated-2] [ERROR] [1789771211.491370004] [tf_help]: Transform data too old when converting from map to odom
[component_container_isolated-2] [ERROR] [1789771211.491399696] [tf_help]: Data time: 66s 600000000ns, Transform time: 3s 679000000ns
[component_container_isolated-2] [ERROR] [1789771211.541378872] [tf_help]: Transform data too old when converting from map to odom
[component_container_isolated-2] [ERROR] [1789771211.541408451] [tf_help]: Data time: 66s 600000000ns, Transform time: 3s 679000000ns
[component_container_isolated-2] [ERROR] [1789771211.591435266] [tf_help]: Transform data too old when converting from map to odom
[component_container_isolated-2] [ERROR] [1789771211.591465969] [tf_help]: Data time: 66s 600000000ns, Transform time: 3s 679000000ns
[component_container_isolated-2] [ERROR] [1789771211.642907712] [tf_help]: Transform data too old when converting from map to odom
[component_container_isolated-2] [ERROR] [1789771211.642985639] [tf_help]: Data time: 66s 600000000ns, Transform time: 3s 679000000ns
[component_container_isolated-2] [ERROR] [1789771211.692363724] [tf_help]: Transform data too old when converting from map to odom
[component_container_isolated-2] [ERROR] [1789771211.692394179] [tf_help]: Data time: 66s 600000000ns, Transform time: 3s 679000000ns
[component_container_isolated-2] [ERROR] [1789771211.741582913] [tf_help]: Transform data too old when converting from map to odom
[component_container_isolated-2] [ERROR] [1789771211.741623105] [tf_help]: Data time: 66s 600000000ns, Transform time: 3s 679000000ns
[component_container_isolated-2] [ERROR] [1789771211.791513950] [tf_help]: Transform data too old when converting from map to odom
[component_container_isolated-2] [ERROR] [1789771211.791544858] [tf_help]: Data time: 66s 600000000ns, Transform time: 3s 679000000ns
[component_container_isolated-2] [ERROR] [1789771211.842482506] [tf_help]: Transform data too old when converting from map to odom
[component_container_isolated-2] [ERROR] [1789771211.842515821] [tf_help]: Data time: 66s 600000000ns, Transform time: 3s 679000000ns
[component_container_isolated-2] [ERROR] [1789771211.892554857] [tf_help]: Transform data too old when converting from map to odom
[component_container_isolated-2] [ERROR] [1789771211.892589844] [tf_help]: Data time: 66s 600000000ns, Transform time: 3s 679000000ns
[component_container_isolated-2] [ERROR] [1789771211.942532152] [tf_help]: Transform data too old when converting from map to odom
[component_container_isolated-2] [ERROR] [1789771211.942566450] [tf_help]: Data time: 66s 600000000ns, Transform time: 3s 679000000ns
[component_container_isolated-2] [ERROR] [1789771211.991813227] [tf_help]: Transform data too old when converting from map to odom
[component_container_isolated-2] [ERROR] [1789771211.991847652] [tf_help]: Data time: 66s 600000000ns, Transform time: 3s 679000000ns
[component_container_isolated-2] [ERROR] [1789771212.041689018] [tf_help]: Transform data too old when converting from map to odom
[component_container_isolated-2] [ERROR] [1789771212.041732374] [tf_help]: Data time: 66s 600000000ns, Transform time: 3s 679000000ns
[component_container_isolated-2] [ERROR] [1789771212.091414644] [tf_help]: Transform data too old when converting from map to odom
[component_container_isolated-2] [ERROR] [1789771212.091458035] [tf_help]: Data time: 66s 600000000ns, Transform time: 3s 679000000ns
[component_container_isolated-2] [ERROR] [1789771212.141798835] [tf_help]: Transform data too old when converting from map to odom
[component_container_isolated-2] [ERROR] [1789771212.141831915] [tf_help]: Data time: 66s 600000000ns, Transform time: 3s 679000000ns
[component_container_isolated-2] [ERROR] [1789771212.191523119] [tf_help]: Transform data too old when converting from map to odom
[component_container_isolated-2] [ERROR] [1789771212.191558155] [tf_help]: Data time: 66s 600000000ns, Transform time: 3s 679000000ns
[component_container_isolated-2] [ERROR] [1789771212.241602320] [tf_help]: Transform data too old when converting from map to odom
[component_container_isolated-2] [ERROR] [1789771212.241652757] [tf_help]: Data time: 66s 600000000ns, Transform time: 3s 679000000ns
[component_container_isolated-2] [ERROR] [1789771212.291834633] [tf_help]: Transform data too old when converting from map to odom
[component_container_isolated-2] [ERROR] [1789771212.291864606] [tf_help]: Data time: 66s 600000000ns, Transform time: 3s 679000000ns
[component_container_isolated-2] [ERROR] [1789771212.346381590] [tf_help]: Transform data too old when converting from map to odom
[component_container_isolated-2] [ERROR] [1789771212.346425362] [tf_help]: Data time: 66s 600000000ns, Transform time: 3s 679000000ns
[component_container_isolated-2] [ERROR] [1789771212.392265738] [tf_help]: Transform data too old when converting from map to odom
[component_container_isolated-2] [ERROR] [1789771212.392305703] [tf_help]: Data time: 66s 600000000ns, Transform time: 3s 679000000ns
[component_container_isolated-2] [INFO] [1789771212.436115908] [controller_server]: Passing new path to controller.
[component_container_isolated-2] [INFO] [1789771212.441278391] [controller_server]: [TG-MPPI] cycle time (compute_backend=cpu): 5.829 ms/cycle avg over 50 cycles
[component_container_isolated-2] [ERROR] [1789771212.441397277] [tf_help]: Transform data too old when converting from map to odom
[component_container_isolated-2] [ERROR] [1789771212.441412565] [tf_help]: Data time: 67s 600000000ns, Transform time: 3s 679000000ns
[component_container_isolated-2] [ERROR] [1789771212.491458970] [tf_help]: Transform data too old when converting from map to odom
[component_container_isolated-2] [ERROR] [1789771212.491510265] [tf_help]: Data time: 67s 600000000ns, Transform time: 3s 679000000ns
[component_container_isolated-2] [ERROR] [1789771212.542514619] [tf_help]: Transform data too old when converting from map to odom
[component_container_isolated-2] [ERROR] [1789771212.542550373] [tf_help]: Data time: 67s 600000000ns, Transform time: 3s 679000000ns
[component_container_isolated-2] [ERROR] [1789771212.591772732] [tf_help]: Transform data too old when converting from map to odom
[component_container_isolated-2] [ERROR] [1789771212.591802591] [tf_help]: Data time: 67s 600000000ns, Transform time: 3s 679000000ns
[component_container_isolated-2] [ERROR] [1789771212.642807173] [tf_help]: Transform data too old when converting from map to odom
[component_container_isolated-2] [ERROR] [1789771212.642840660] [tf_help]: Data time: 67s 600000000ns, Transform time: 3s 679000000ns
[component_container_isolated-2] [ERROR] [1789771212.691565055] [tf_help]: Transform data too old when converting from map to odom
[component_container_isolated-2] [ERROR] [1789771212.691600936] [tf_help]: Data time: 67s 600000000ns, Transform time: 3s 679000000ns
[component_container_isolated-2] [ERROR] [1789771212.742718814] [tf_help]: Transform data too old when converting from map to odom
[component_container_isolated-2] [ERROR] [1789771212.742751458] [tf_help]: Data time: 67s 600000000ns, Transform time: 3s 679000000ns
[component_container_isolated-2] [ERROR] [1789771212.791503010] [tf_help]: Transform data too old when converting from map to odom
[component_container_isolated-2] [ERROR] [1789771212.791536199] [tf_help]: Data time: 67s 600000000ns, Transform time: 3s 679000000ns
[component_container_isolated-2] [ERROR] [1789771212.843139884] [tf_help]: Transform data too old when converting from map to odom
[component_container_isolated-2] [ERROR] [1789771212.843178614] [tf_help]: Data time: 67s 600000000ns, Transform time: 3s 679000000ns
[component_container_isolated-2] [ERROR] [1789771212.893161227] [tf_help]: Transform data too old when converting from map to odom
[component_container_isolated-2] [ERROR] [1789771212.893209942] [tf_help]: Data time: 67s 600000000ns, Transform time: 3s 679000000ns
[component_container_isolated-2] [ERROR] [1789771212.942775152] [tf_help]: Transform data too old when converting from map to odom
[component_container_isolated-2] [ERROR] [1789771212.942817423] [tf_help]: Data time: 67s 600000000ns, Transform time: 3s 679000000ns
[component_container_isolated-2] [ERROR] [1789771212.992756940] [tf_help]: Transform data too old when converting from map to odom
[component_container_isolated-2] [ERROR] [1789771212.992809835] [tf_help]: Data time: 67s 600000000ns, Transform time: 3s 679000000ns
[component_container_isolated-2] [ERROR] [1789771213.041668734] [tf_help]: Transform data too old when converting from map to odom
[component_container_isolated-2] [ERROR] [1789771213.041708015] [tf_help]: Data time: 67s 600000000ns, Transform time: 3s 679000000ns
[component_container_isolated-2] [ERROR] [1789771213.093155315] [tf_help]: Transform data too old when converting from map to odom
[component_container_isolated-2] [ERROR] [1789771213.093219002] [tf_help]: Data time: 67s 600000000ns, Transform time: 3s 679000000ns
[component_container_isolated-2] [ERROR] [1789771213.141378019] [tf_help]: Transform data too old when converting from map to odom
[component_container_isolated-2] [ERROR] [1789771213.141411422] [tf_help]: Data time: 67s 600000000ns, Transform time: 3s 679000000ns
[component_container_isolated-2] [ERROR] [1789771213.191357694] [tf_help]: Transform data too old when converting from map to odom
[component_container_isolated-2] [ERROR] [1789771213.191397005] [tf_help]: Data time: 67s 600000000ns, Transform time: 3s 679000000ns
[component_container_isolated-2] [ERROR] [1789771213.242208117] [tf_help]: Transform data too old when converting from map to odom
[component_container_isolated-2] [ERROR] [1789771213.242238598] [tf_help]: Data time: 67s 600000000ns, Transform time: 3s 679000000ns
[component_container_isolated-2] [ERROR] [1789771213.291643370] [tf_help]: Transform data too old when converting from map to odom
[component_container_isolated-2] [ERROR] [1789771213.291678558] [tf_help]: Data time: 67s 600000000ns, Transform time: 3s 679000000ns
[component_container_isolated-2] [ERROR] [1789771213.342550867] [tf_help]: Transform data too old when converting from map to odom
[component_container_isolated-2] [ERROR] [1789771213.342583605] [tf_help]: Data time: 67s 600000000ns, Transform time: 3s 679000000ns
[component_container_isolated-2] [ERROR] [1789771213.391535832] [tf_help]: Transform data too old when converting from map to odom
[component_container_isolated-2] [ERROR] [1789771213.391571464] [tf_help]: Data time: 67s 600000000ns, Transform time: 3s 679000000ns
[component_container_isolated-2] [INFO] [1789771213.436118593] [controller_server]: Passing new path to controller.
[component_container_isolated-2] [ERROR] [1789771213.441481808] [tf_help]: Transform data too old when converting from map to odom
[component_container_isolated-2] [ERROR] [1789771213.441510092] [tf_help]: Data time: 68s 500000000ns, Transform time: 3s 679000000ns
[component_container_isolated-2] [ERROR] [1789771213.491648140] [tf_help]: Transform data too old when converting from map to odom
[component_container_isolated-2] [ERROR] [1789771213.491693974] [tf_help]: Data time: 68s 500000000ns, Transform time: 3s 679000000ns
[component_container_isolated-2] [ERROR] [1789771213.541512312] [tf_help]: Transform data too old when converting from map to odom
[component_container_isolated-2] [ERROR] [1789771213.541546387] [tf_help]: Data time: 68s 500000000ns, Transform time: 3s 679000000ns
[component_container_isolated-2] [ERROR] [1789771213.594045320] [tf_help]: Transform data too old when converting from map to odom
[component_container_isolated-2] [ERROR] [1789771213.594079704] [tf_help]: Data time: 68s 500000000ns, Transform time: 3s 679000000ns
[component_container_isolated-2] [ERROR] [1789771213.641838640] [tf_help]: Transform data too old when converting from map to odom
[component_container_isolated-2] [ERROR] [1789771213.641876668] [tf_help]: Data time: 68s 500000000ns, Transform time: 3s 679000000ns
[component_container_isolated-2] [ERROR] [1789771213.691556511] [tf_help]: Transform data too old when converting from map to odom
[component_container_isolated-2] [ERROR] [1789771213.691592615] [tf_help]: Data time: 68s 500000000ns, Transform time: 3s 679000000ns
[component_container_isolated-2] [ERROR] [1789771213.741582185] [tf_help]: Transform data too old when converting from map to odom
[component_container_isolated-2] [ERROR] [1789771213.741634239] [tf_help]: Data time: 68s 500000000ns, Transform time: 3s 679000000ns
[component_container_isolated-2] [ERROR] [1789771213.795605184] [tf_help]: Transform data too old when converting from map to odom
[component_container_isolated-2] [ERROR] [1789771213.795636037] [tf_help]: Data time: 68s 500000000ns, Transform time: 3s 679000000ns
[component_container_isolated-2] [ERROR] [1789771213.841331029] [tf_help]: Transform data too old when converting from map to odom
[component_container_isolated-2] [ERROR] [1789771213.841365394] [tf_help]: Data time: 68s 500000000ns, Transform time: 3s 679000000ns
[component_container_isolated-2] [ERROR] [1789771213.891614855] [tf_help]: Transform data too old when converting from map to odom
[component_container_isolated-2] [ERROR] [1789771213.891651452] [tf_help]: Data time: 68s 500000000ns, Transform time: 3s 679000000ns
[component_container_isolated-2] [ERROR] [1789771213.941327477] [tf_help]: Transform data too old when converting from map to odom
[component_container_isolated-2] [ERROR] [1789771213.941359566] [tf_help]: Data time: 68s 500000000ns, Transform time: 3s 679000000ns
[component_container_isolated-2] [ERROR] [1789771213.991625900] [tf_help]: Transform data too old when converting from map to odom
[component_container_isolated-2] [ERROR] [1789771213.991662299] [tf_help]: Data time: 68s 500000000ns, Transform time: 3s 679000000ns
[component_container_isolated-2] [ERROR] [1789771214.041497507] [tf_help]: Transform data too old when converting from map to odom
[component_container_isolated-2] [ERROR] [1789771214.041531386] [tf_help]: Data time: 68s 500000000ns, Transform time: 3s 679000000ns
[component_container_isolated-2] [ERROR] [1789771214.091517619] [tf_help]: Transform data too old when converting from map to odom
[component_container_isolated-2] [ERROR] [1789771214.091550470] [tf_help]: Data time: 68s 500000000ns, Transform time: 3s 679000000ns
[component_container_isolated-2] [ERROR] [1789771214.143848233] [tf_help]: Transform data too old when converting from map to odom
[component_container_isolated-2] [ERROR] [1789771214.143881917] [tf_help]: Data time: 68s 500000000ns, Transform time: 3s 679000000ns
[component_container_isolated-2] [ERROR] [1789771214.192050197] [tf_help]: Transform data too old when converting from map to odom
[component_container_isolated-2] [ERROR] [1789771214.192082551] [tf_help]: Data time: 68s 500000000ns, Transform time: 3s 679000000ns
[component_container_isolated-2] [ERROR] [1789771214.242172963] [tf_help]: Transform data too old when converting from map to odom
[component_container_isolated-2] [ERROR] [1789771214.242207221] [tf_help]: Data time: 68s 500000000ns, Transform time: 3s 679000000ns
[component_container_isolated-2] [ERROR] [1789771214.291672117] [tf_help]: Transform data too old when converting from map to odom
[component_container_isolated-2] [ERROR] [1789771214.291712622] [tf_help]: Data time: 68s 500000000ns, Transform time: 3s 679000000ns
[component_container_isolated-2] [ERROR] [1789771214.341556203] [tf_help]: Transform data too old when converting from map to odom
[component_container_isolated-2] [ERROR] [1789771214.341589937] [tf_help]: Data time: 68s 500000000ns, Transform time: 3s 679000000ns
[component_container_isolated-2] [ERROR] [1789771214.392166739] [tf_help]: Transform data too old when converting from map to odom
[component_container_isolated-2] [ERROR] [1789771214.392202052] [tf_help]: Data time: 68s 500000000ns, Transform time: 3s 679000000ns
[component_container_isolated-2] [ERROR] [1789771214.441501628] [tf_help]: Transform data too old when converting from map to odom
[component_container_isolated-2] [ERROR] [1789771214.441537860] [tf_help]: Data time: 68s 500000000ns, Transform time: 3s 679000000ns
[component_container_isolated-2] [INFO] [1789771214.486125422] [controller_server]: Passing new path to controller.
[component_container_isolated-2] [ERROR] [1789771214.491823570] [tf_help]: Transform data too old when converting from map to odom
[component_container_isolated-2] [ERROR] [1789771214.491868651] [tf_help]: Data time: 69s 400000000ns, Transform time: 3s 679000000ns
[component_container_isolated-2] [ERROR] [1789771214.543552019] [tf_help]: Transform data too old when converting from map to odom
[component_container_isolated-2] [ERROR] [1789771214.543586366] [tf_help]: Data time: 69s 400000000ns, Transform time: 3s 679000000ns
[component_container_isolated-2] [ERROR] [1789771214.591569340] [tf_help]: Transform data too old when converting from map to odom
[component_container_isolated-2] [ERROR] [1789771214.591605591] [tf_help]: Data time: 69s 400000000ns, Transform time: 3s 679000000ns
[component_container_isolated-2] [ERROR] [1789771214.641919774] [tf_help]: Transform data too old when converting from map to odom
[component_container_isolated-2] [ERROR] [1789771214.641953733] [tf_help]: Data time: 69s 400000000ns, Transform time: 3s 679000000ns
[component_container_isolated-2] [ERROR] [1789771214.696121253] [tf_help]: Transform data too old when converting from map to odom
[component_container_isolated-2] [ERROR] [1789771214.696154509] [tf_help]: Data time: 69s 400000000ns, Transform time: 3s 679000000ns
[component_container_isolated-2] [ERROR] [1789771214.741525423] [tf_help]: Transform data too old when converting from map to odom
[component_container_isolated-2] [ERROR] [1789771214.741559756] [tf_help]: Data time: 69s 400000000ns, Transform time: 3s 679000000ns
[component_container_isolated-2] [ERROR] [1789771214.791572697] [tf_help]: Transform data too old when converting from map to odom
[component_container_isolated-2] [ERROR] [1789771214.791604560] [tf_help]: Data time: 69s 400000000ns, Transform time: 3s 679000000ns
[component_container_isolated-2] [ERROR] [1789771214.841530659] [tf_help]: Transform data too old when converting from map to odom
[component_container_isolated-2] [ERROR] [1789771214.841563320] [tf_help]: Data time: 69s 400000000ns, Transform time: 3s 679000000ns
[component_container_isolated-2] [ERROR] [1789771214.892585142] [tf_help]: Transform data too old when converting from map to odom
[component_container_isolated-2] [ERROR] [1789771214.892619678] [tf_help]: Data time: 69s 400000000ns, Transform time: 3s 679000000ns
[component_container_isolated-2] [INFO] [1789771214.942413731] [controller_server]: [TG-MPPI] cycle time (compute_backend=cpu): 5.801 ms/cycle avg over 50 cycles
[component_container_isolated-2] [ERROR] [1789771214.942576705] [tf_help]: Transform data too old when converting from map to odom
[component_container_isolated-2] [ERROR] [1789771214.942595842] [tf_help]: Data time: 69s 400000000ns, Transform time: 3s 679000000ns
[ground_truth_localizer-1] [INFO] [1789771214.978680601] [ground_truth_localizer]: last 10 s: ground truth msgs 295, map->odom published 295 (290 via latest odom TF)
[component_container_isolated-2] [ERROR] [1789771214.991803111] [tf_help]: Transform data too old when converting from map to odom
[component_container_isolated-2] [ERROR] [1789771214.991838746] [tf_help]: Data time: 69s 400000000ns, Transform time: 3s 679000000ns
[component_container_isolated-2] [ERROR] [1789771215.041390050] [tf_help]: Transform data too old when converting from map to odom
[component_container_isolated-2] [ERROR] [1789771215.041422388] [tf_help]: Data time: 69s 400000000ns, Transform time: 3s 679000000ns
[component_container_isolated-2] [ERROR] [1789771215.091527109] [tf_help]: Transform data too old when converting from map to odom
[component_container_isolated-2] [ERROR] [1789771215.091560846] [tf_help]: Data time: 69s 400000000ns, Transform time: 3s 679000000ns
[component_container_isolated-2] [ERROR] [1789771215.141466597] [tf_help]: Transform data too old when converting from map to odom
[component_container_isolated-2] [ERROR] [1789771215.141505320] [tf_help]: Data time: 69s 400000000ns, Transform time: 3s 679000000ns
[component_container_isolated-2] [ERROR] [1789771215.191505204] [tf_help]: Transform data too old when converting from map to odom
[component_container_isolated-2] [ERROR] [1789771215.191541236] [tf_help]: Data time: 69s 400000000ns, Transform time: 3s 679000000ns
[component_container_isolated-2] [ERROR] [1789771215.241333855] [tf_help]: Transform data too old when converting from map to odom
[component_container_isolated-2] [ERROR] [1789771215.241369232] [tf_help]: Data time: 69s 400000000ns, Transform time: 3s 679000000ns
[component_container_isolated-2] [ERROR] [1789771215.292628423] [tf_help]: Transform data too old when converting from map to odom
[component_container_isolated-2] [ERROR] [1789771215.292663406] [tf_help]: Data time: 69s 400000000ns, Transform time: 3s 679000000ns
[component_container_isolated-2] [ERROR] [1789771215.342300851] [tf_help]: Transform data too old when converting from map to odom
[component_container_isolated-2] [ERROR] [1789771215.342336136] [tf_help]: Data time: 69s 400000000ns, Transform time: 3s 679000000ns
[component_container_isolated-2] [ERROR] [1789771215.391542510] [tf_help]: Transform data too old when converting from map to odom
[component_container_isolated-2] [ERROR] [1789771215.391575747] [tf_help]: Data time: 69s 400000000ns, Transform time: 3s 679000000ns
[component_container_isolated-2] [ERROR] [1789771215.441435329] [tf_help]: Transform data too old when converting from map to odom
[component_container_isolated-2] [ERROR] [1789771215.441468418] [tf_help]: Data time: 69s 400000000ns, Transform time: 3s 679000000ns
[component_container_isolated-2] [INFO] [1789771215.486155897] [controller_server]: Passing new path to controller.
[component_container_isolated-2] [ERROR] [1789771215.492208937] [tf_help]: Transform data too old when converting from map to odom
[component_container_isolated-2] [ERROR] [1789771215.492261183] [tf_help]: Data time: 70s 400000000ns, Transform time: 3s 679000000ns
[component_container_isolated-2] [ERROR] [1789771215.543106585] [tf_help]: Transform data too old when converting from map to odom
[component_container_isolated-2] [ERROR] [1789771215.543158399] [tf_help]: Data time: 70s 400000000ns, Transform time: 3s 679000000ns
[component_container_isolated-2] [ERROR] [1789771215.591928991] [tf_help]: Transform data too old when converting from map to odom
[component_container_isolated-2] [ERROR] [1789771215.591963765] [tf_help]: Data time: 70s 400000000ns, Transform time: 3s 679000000ns
[component_container_isolated-2] [ERROR] [1789771215.641347583] [tf_help]: Transform data too old when converting from map to odom
[component_container_isolated-2] [ERROR] [1789771215.641383303] [tf_help]: Data time: 70s 400000000ns, Transform time: 3s 679000000ns
[component_container_isolated-2] [ERROR] [1789771215.696139750] [tf_help]: Transform data too old when converting from map to odom
[component_container_isolated-2] [ERROR] [1789771215.696184026] [tf_help]: Data time: 70s 400000000ns, Transform time: 3s 679000000ns
[component_container_isolated-2] [ERROR] [1789771215.742527662] [tf_help]: Transform data too old when converting from map to odom
[component_container_isolated-2] [ERROR] [1789771215.742561514] [tf_help]: Data time: 70s 400000000ns, Transform time: 3s 679000000ns
[component_container_isolated-2] [ERROR] [1789771215.791930055] [tf_help]: Transform data too old when converting from map to odom
[component_container_isolated-2] [ERROR] [1789771215.791960836] [tf_help]: Data time: 70s 400000000ns, Transform time: 3s 679000000ns
[component_container_isolated-2] [ERROR] [1789771215.841407041] [tf_help]: Transform data too old when converting from map to odom
[component_container_isolated-2] [ERROR] [1789771215.841443072] [tf_help]: Data time: 70s 400000000ns, Transform time: 3s 679000000ns
[component_container_isolated-2] [ERROR] [1789771215.891506886] [tf_help]: Transform data too old when converting from map to odom
[component_container_isolated-2] [ERROR] [1789771215.891544744] [tf_help]: Data time: 70s 400000000ns, Transform time: 3s 679000000ns
[component_container_isolated-2] [ERROR] [1789771215.941193624] [tf_help]: Transform data too old when converting from map to odom
[component_container_isolated-2] [ERROR] [1789771215.941228793] [tf_help]: Data time: 70s 400000000ns, Transform time: 3s 679000000ns
[component_container_isolated-2] [ERROR] [1789771215.991357617] [tf_help]: Transform data too old when converting from map to odom
[component_container_isolated-2] [ERROR] [1789771215.991396047] [tf_help]: Data time: 70s 400000000ns, Transform time: 3s 679000000ns
[component_container_isolated-2] [ERROR] [1789771216.041285612] [tf_help]: Transform data too old when converting from map to odom
[component_container_isolated-2] [ERROR] [1789771216.041321830] [tf_help]: Data time: 70s 400000000ns, Transform time: 3s 679000000ns
[component_container_isolated-2] [ERROR] [1789771216.091630295] [tf_help]: Transform data too old when converting from map to odom
[component_container_isolated-2] [ERROR] [1789771216.091667603] [tf_help]: Data time: 70s 400000000ns, Transform time: 3s 679000000ns
[component_container_isolated-2] [ERROR] [1789771216.144341383] [tf_help]: Transform data too old when converting from map to odom
[component_container_isolated-2] [ERROR] [1789771216.144385636] [tf_help]: Data time: 70s 400000000ns, Transform time: 3s 679000000ns
[component_container_isolated-2] [ERROR] [1789771216.195467218] [tf_help]: Transform data too old when converting from map to odom
[component_container_isolated-2] [ERROR] [1789771216.195504906] [tf_help]: Data time: 70s 400000000ns, Transform time: 3s 679000000ns
[component_container_isolated-2] [ERROR] [1789771216.242480097] [tf_help]: Transform data too old when converting from map to odom
[component_container_isolated-2] [ERROR] [1789771216.242510215] [tf_help]: Data time: 70s 400000000ns, Transform time: 3s 679000000ns
[component_container_isolated-2] [ERROR] [1789771216.291844291] [tf_help]: Transform data too old when converting from map to odom
[component_container_isolated-2] [ERROR] [1789771216.291876340] [tf_help]: Data time: 70s 400000000ns, Transform time: 3s 679000000ns
[component_container_isolated-2] [ERROR] [1789771216.341242236] [tf_help]: Transform data too old when converting from map to odom
[component_container_isolated-2] [ERROR] [1789771216.341274124] [tf_help]: Data time: 70s 400000000ns, Transform time: 3s 679000000ns
[component_container_isolated-2] [ERROR] [1789771216.391428917] [tf_help]: Transform data too old when converting from map to odom
[component_container_isolated-2] [ERROR] [1789771216.391464951] [tf_help]: Data time: 70s 400000000ns, Transform time: 3s 679000000ns
[component_container_isolated-2] [ERROR] [1789771216.441281896] [tf_help]: Transform data too old when converting from map to odom
[component_container_isolated-2] [ERROR] [1789771216.441316998] [tf_help]: Data time: 70s 400000000ns, Transform time: 3s 679000000ns
[component_container_isolated-2] [ERROR] [1789771216.492544219] [tf_help]: Transform data too old when converting from map to odom
[component_container_isolated-2] [ERROR] [1789771216.492577929] [tf_help]: Data time: 70s 400000000ns, Transform time: 3s 679000000ns
[component_container_isolated-2] [INFO] [1789771216.536152966] [controller_server]: Passing new path to controller.
[component_container_isolated-2] [ERROR] [1789771216.541278263] [tf_help]: Transform data too old when converting from map to odom
[component_container_isolated-2] [ERROR] [1789771216.541301212] [tf_help]: Data time: 71s 400000000ns, Transform time: 3s 679000000ns
[component_container_isolated-2] [ERROR] [1789771216.592708654] [tf_help]: Transform data too old when converting from map to odom
[component_container_isolated-2] [ERROR] [1789771216.592739841] [tf_help]: Data time: 71s 400000000ns, Transform time: 3s 679000000ns
[component_container_isolated-2] [ERROR] [1789771216.642323983] [tf_help]: Transform data too old when converting from map to odom
[component_container_isolated-2] [ERROR] [1789771216.642355636] [tf_help]: Data time: 71s 400000000ns, Transform time: 3s 679000000ns
[component_container_isolated-2] [ERROR] [1789771216.692923480] [tf_help]: Transform data too old when converting from map to odom
[component_container_isolated-2] [ERROR] [1789771216.692956615] [tf_help]: Data time: 71s 400000000ns, Transform time: 3s 679000000ns
[component_container_isolated-2] [ERROR] [1789771216.741212684] [tf_help]: Transform data too old when converting from map to odom
[component_container_isolated-2] [ERROR] [1789771216.741245432] [tf_help]: Data time: 71s 400000000ns, Transform time: 3s 679000000ns
[component_container_isolated-2] [ERROR] [1789771216.794416076] [tf_help]: Transform data too old when converting from map to odom
[component_container_isolated-2] [ERROR] [1789771216.794454639] [tf_help]: Data time: 71s 400000000ns, Transform time: 3s 679000000ns
[component_container_isolated-2] [ERROR] [1789771216.842664088] [tf_help]: Transform data too old when converting from map to odom
[component_container_isolated-2] [ERROR] [1789771216.842694886] [tf_help]: Data time: 71s 400000000ns, Transform time: 3s 679000000ns
[component_container_isolated-2] [ERROR] [1789771216.892713928] [tf_help]: Transform data too old when converting from map to odom
[component_container_isolated-2] [ERROR] [1789771216.892744903] [tf_help]: Data time: 71s 400000000ns, Transform time: 3s 679000000ns
[component_container_isolated-2] [ERROR] [1789771216.942539591] [tf_help]: Transform data too old when converting from map to odom
[component_container_isolated-2] [ERROR] [1789771216.942574313] [tf_help]: Data time: 71s 400000000ns, Transform time: 3s 679000000ns
[component_container_isolated-2] [ERROR] [1789771216.991433583] [tf_help]: Transform data too old when converting from map to odom
[component_container_isolated-2] [ERROR] [1789771216.991465517] [tf_help]: Data time: 71s 400000000ns, Transform time: 3s 679000000ns
[component_container_isolated-2] [ERROR] [1789771217.041311153] [tf_help]: Transform data too old when converting from map to odom
[component_container_isolated-2] [ERROR] [1789771217.041345551] [tf_help]: Data time: 71s 400000000ns, Transform time: 3s 679000000ns
[component_container_isolated-2] [ERROR] [1789771217.092545090] [tf_help]: Transform data too old when converting from map to odom
[component_container_isolated-2] [ERROR] [1789771217.092579904] [tf_help]: Data time: 71s 400000000ns, Transform time: 3s 679000000ns
[component_container_isolated-2] [ERROR] [1789771217.146135622] [tf_help]: Transform data too old when converting from map to odom
[component_container_isolated-2] [ERROR] [1789771217.146182302] [tf_help]: Data time: 71s 400000000ns, Transform time: 3s 679000000ns
[component_container_isolated-2] [ERROR] [1789771217.193046112] [tf_help]: Transform data too old when converting from map to odom
[component_container_isolated-2] [ERROR] [1789771217.193079843] [tf_help]: Data time: 71s 400000000ns, Transform time: 3s 679000000ns
[component_container_isolated-2] [ERROR] [1789771217.241782664] [tf_help]: Transform data too old when converting from map to odom
[component_container_isolated-2] [ERROR] [1789771217.241814465] [tf_help]: Data time: 71s 400000000ns, Transform time: 3s 679000000ns
[component_container_isolated-2] [ERROR] [1789771217.291366427] [tf_help]: Transform data too old when converting from map to odom
[component_container_isolated-2] [ERROR] [1789771217.291398435] [tf_help]: Data time: 71s 400000000ns, Transform time: 3s 679000000ns
[component_container_isolated-2] [ERROR] [1789771217.341335900] [tf_help]: Transform data too old when converting from map to odom
[component_container_isolated-2] [ERROR] [1789771217.341367916] [tf_help]: Data time: 71s 400000000ns, Transform time: 3s 679000000ns
[component_container_isolated-2] [ERROR] [1789771217.391630599] [tf_help]: Transform data too old when converting from map to odom
[component_container_isolated-2] [ERROR] [1789771217.391660027] [tf_help]: Data time: 71s 400000000ns, Transform time: 3s 679000000ns
[component_container_isolated-2] [INFO] [1789771217.441482647] [controller_server]: [TG-MPPI] cycle time (compute_backend=cpu): 5.810 ms/cycle avg over 50 cycles
[component_container_isolated-2] [ERROR] [1789771217.441610730] [tf_help]: Transform data too old when converting from map to odom
[component_container_isolated-2] [ERROR] [1789771217.441626492] [tf_help]: Data time: 71s 400000000ns, Transform time: 3s 679000000ns
[component_container_isolated-2] [ERROR] [1789771217.491328870] [tf_help]: Transform data too old when converting from map to odom
[component_container_isolated-2] [ERROR] [1789771217.491376470] [tf_help]: Data time: 71s 400000000ns, Transform time: 3s 679000000ns
[component_container_isolated-2] [INFO] [1789771217.536117874] [controller_server]: Passing new path to controller.
[component_container_isolated-2] [ERROR] [1789771217.541840485] [tf_help]: Transform data too old when converting from map to odom
[component_container_isolated-2] [ERROR] [1789771217.541864616] [tf_help]: Data time: 72s 300000000ns, Transform time: 3s 679000000ns
[component_container_isolated-2] [ERROR] [1789771217.593609090] [tf_help]: Transform data too old when converting from map to odom
[component_container_isolated-2] [ERROR] [1789771217.593647102] [tf_help]: Data time: 72s 300000000ns, Transform time: 3s 679000000ns
[component_container_isolated-2] [ERROR] [1789771217.643460084] [tf_help]: Transform data too old when converting from map to odom
[component_container_isolated-2] [ERROR] [1789771217.643493482] [tf_help]: Data time: 72s 300000000ns, Transform time: 3s 679000000ns
[component_container_isolated-2] [ERROR] [1789771217.691445030] [tf_help]: Transform data too old when converting from map to odom
[component_container_isolated-2] [ERROR] [1789771217.691481281] [tf_help]: Data time: 72s 300000000ns, Transform time: 3s 679000000ns
[component_container_isolated-2] [ERROR] [1789771217.741279740] [tf_help]: Transform data too old when converting from map to odom
[component_container_isolated-2] [ERROR] [1789771217.741311561] [tf_help]: Data time: 72s 300000000ns, Transform time: 3s 679000000ns
[component_container_isolated-2] [ERROR] [1789771217.791378134] [tf_help]: Transform data too old when converting from map to odom
[component_container_isolated-2] [ERROR] [1789771217.791412003] [tf_help]: Data time: 72s 300000000ns, Transform time: 3s 679000000ns
[component_container_isolated-2] [ERROR] [1789771217.841304898] [tf_help]: Transform data too old when converting from map to odom
[component_container_isolated-2] [ERROR] [1789771217.841342963] [tf_help]: Data time: 72s 300000000ns, Transform time: 3s 679000000ns
[component_container_isolated-2] [ERROR] [1789771217.891559532] [tf_help]: Transform data too old when converting from map to odom
[component_container_isolated-2] [ERROR] [1789771217.891600024] [tf_help]: Data time: 72s 300000000ns, Transform time: 3s 679000000ns
[component_container_isolated-2] [ERROR] [1789771217.946585833] [tf_help]: Transform data too old when converting from map to odom
[component_container_isolated-2] [ERROR] [1789771217.946633733] [tf_help]: Data time: 72s 300000000ns, Transform time: 3s 679000000ns
[component_container_isolated-2] [ERROR] [1789771217.996064080] [tf_help]: Transform data too old when converting from map to odom
[component_container_isolated-2] [ERROR] [1789771217.996107446] [tf_help]: Data time: 72s 300000000ns, Transform time: 3s 679000000ns
[component_container_isolated-2] [ERROR] [1789771218.046689019] [tf_help]: Transform data too old when converting from map to odom
[component_container_isolated-2] [ERROR] [1789771218.046743112] [tf_help]: Data time: 72s 300000000ns, Transform time: 3s 679000000ns
[component_container_isolated-2] [ERROR] [1789771218.092027772] [tf_help]: Transform data too old when converting from map to odom
[component_container_isolated-2] [ERROR] [1789771218.092062033] [tf_help]: Data time: 72s 300000000ns, Transform time: 3s 679000000ns
[component_container_isolated-2] [ERROR] [1789771218.136188483] [controller_server]: Failed to make progress
[component_container_isolated-2] [WARN] [1789771218.136246772] [controller_server]: [follow_path] [ActionServer] Aborting handle.
[component_container_isolated-2] [INFO] [1789771218.155945261] [behavior_server]: Running backup
[component_container_isolated-2] [INFO] [1789771218.156126730] [behavior_server]: DriveOnHeading: no acceleration or deceleration limits set
[component_container_isolated-2] [ERROR] [1789771218.156214374] [behavior_server]: Pose Goes Off Grid.
[component_container_isolated-2] [WARN] [1789771218.156283465] [behavior_server]: Collision Ahead - Exiting DriveOnHeading
[component_container_isolated-2] [WARN] [1789771218.156296387] [behavior_server]: backup failed
[component_container_isolated-2] [WARN] [1789771218.156310131] [behavior_server]: [backup] [ActionServer] Aborting handle.
[component_container_isolated-2] [INFO] [1789771218.185682311] [local_costmap.local_costmap]: Received request to clear entirely the local_costmap
[component_container_isolated-2] [INFO] [1789771218.185999717] [global_costmap.global_costmap]: Received request to clear entirely the global_costmap
[component_container_isolated-2] [WARN] [1789771218.726662173] [planner_server]: Planner loop missed its desired rate of 20.0000 Hz. Current loop rate is 2.0000 Hz
[component_container_isolated-2] [INFO] [1789771218.745805714] [controller_server]: Received a goal, begin computing control effort.
[component_container_isolated-2] [ERROR] [1789771218.754287801] [tf_help]: Transform data too old when converting from map to odom
[component_container_isolated-2] [ERROR] [1789771218.754334156] [tf_help]: Data time: 73s 400000000ns, Transform time: 3s 679000000ns
[component_container_isolated-2] [ERROR] [1789771218.804898268] [tf_help]: Transform data too old when converting from map to odom
[component_container_isolated-2] [ERROR] [1789771218.804936797] [tf_help]: Data time: 73s 400000000ns, Transform time: 3s 679000000ns
[component_container_isolated-2] [ERROR] [1789771218.853561291] [tf_help]: Transform data too old when converting from map to odom
[component_container_isolated-2] [ERROR] [1789771218.853604870] [tf_help]: Data time: 73s 400000000ns, Transform time: 3s 679000000ns
[component_container_isolated-2] [ERROR] [1789771218.901535658] [tf_help]: Transform data too old when converting from map to odom
[component_container_isolated-2] [ERROR] [1789771218.901571649] [tf_help]: Data time: 73s 400000000ns, Transform time: 3s 679000000ns
[component_container_isolated-2] [ERROR] [1789771218.951410817] [tf_help]: Transform data too old when converting from map to odom
[component_container_isolated-2] [ERROR] [1789771218.951453188] [tf_help]: Data time: 73s 400000000ns, Transform time: 3s 679000000ns
[component_container_isolated-2] [ERROR] [1789771219.001454196] [tf_help]: Transform data too old when converting from map to odom
[component_container_isolated-2] [ERROR] [1789771219.001490336] [tf_help]: Data time: 73s 400000000ns, Transform time: 3s 679000000ns
[component_container_isolated-2] [ERROR] [1789771219.053617119] [tf_help]: Transform data too old when converting from map to odom
[component_container_isolated-2] [ERROR] [1789771219.053654588] [tf_help]: Data time: 73s 400000000ns, Transform time: 3s 679000000ns
[component_container_isolated-2] [ERROR] [1789771219.103025525] [tf_help]: Transform data too old when converting from map to odom
[component_container_isolated-2] [ERROR] [1789771219.103055292] [tf_help]: Data time: 73s 400000000ns, Transform time: 3s 679000000ns
[component_container_isolated-2] [ERROR] [1789771219.154808426] [tf_help]: Transform data too old when converting from map to odom
[component_container_isolated-2] [ERROR] [1789771219.154839174] [tf_help]: Data time: 73s 400000000ns, Transform time: 3s 679000000ns
[component_container_isolated-2] [ERROR] [1789771219.202237366] [tf_help]: Transform data too old when converting from map to odom
[component_container_isolated-2] [ERROR] [1789771219.202270939] [tf_help]: Data time: 73s 400000000ns, Transform time: 3s 679000000ns
[component_container_isolated-2] [ERROR] [1789771219.251891289] [tf_help]: Transform data too old when converting from map to odom
[component_container_isolated-2] [ERROR] [1789771219.251925160] [tf_help]: Data time: 73s 400000000ns, Transform time: 3s 679000000ns
[component_container_isolated-2] [ERROR] [1789771219.302247877] [tf_help]: Transform data too old when converting from map to odom
[component_container_isolated-2] [ERROR] [1789771219.302278560] [tf_help]: Data time: 73s 400000000ns, Transform time: 3s 679000000ns
[component_container_isolated-2] [ERROR] [1789771219.351052795] [tf_help]: Transform data too old when converting from map to odom
[component_container_isolated-2] [ERROR] [1789771219.351084974] [tf_help]: Data time: 73s 400000000ns, Transform time: 3s 679000000ns
[component_container_isolated-2] [ERROR] [1789771219.401013138] [tf_help]: Transform data too old when converting from map to odom
[component_container_isolated-2] [ERROR] [1789771219.401051194] [tf_help]: Data time: 73s 400000000ns, Transform time: 3s 679000000ns
[component_container_isolated-2] [ERROR] [1789771219.451148525] [tf_help]: Transform data too old when converting from map to odom
[component_container_isolated-2] [ERROR] [1789771219.451183603] [tf_help]: Data time: 73s 400000000ns, Transform time: 3s 679000000ns
[component_container_isolated-2] [ERROR] [1789771219.501118572] [tf_help]: Transform data too old when converting from map to odom
[component_container_isolated-2] [ERROR] [1789771219.501150623] [tf_help]: Data time: 73s 400000000ns, Transform time: 3s 679000000ns
[component_container_isolated-2] [ERROR] [1789771219.551372702] [tf_help]: Transform data too old when converting from map to odom
[component_container_isolated-2] [ERROR] [1789771219.551408154] [tf_help]: Data time: 73s 400000000ns, Transform time: 3s 679000000ns
[component_container_isolated-2] [ERROR] [1789771219.601602548] [tf_help]: Transform data too old when converting from map to odom
[component_container_isolated-2] [ERROR] [1789771219.601634266] [tf_help]: Data time: 73s 400000000ns, Transform time: 3s 679000000ns
[component_container_isolated-2] [ERROR] [1789771219.651257763] [tf_help]: Transform data too old when converting from map to odom
[component_container_isolated-2] [ERROR] [1789771219.651289744] [tf_help]: Data time: 73s 400000000ns, Transform time: 3s 679000000ns
[component_container_isolated-2] [ERROR] [1789771219.701738314] [tf_help]: Transform data too old when converting from map to odom
[component_container_isolated-2] [ERROR] [1789771219.701770054] [tf_help]: Data time: 73s 400000000ns, Transform time: 3s 679000000ns
[component_container_isolated-2] [ERROR] [1789771219.751181960] [tf_help]: Transform data too old when converting from map to odom
[component_container_isolated-2] [ERROR] [1789771219.751215679] [tf_help]: Data time: 73s 400000000ns, Transform time: 3s 679000000ns
[component_container_isolated-2] [INFO] [1789771219.795931166] [controller_server]: Passing new path to controller.
[component_container_isolated-2] [ERROR] [1789771219.801547069] [tf_help]: Transform data too old when converting from map to odom
[component_container_isolated-2] [ERROR] [1789771219.801577280] [tf_help]: Data time: 74s 400000000ns, Transform time: 3s 679000000ns
[component_container_isolated-2] [ERROR] [1789771219.851348869] [tf_help]: Transform data too old when converting from map to odom
[component_container_isolated-2] [ERROR] [1789771219.851378381] [tf_help]: Data time: 74s 400000000ns, Transform time: 3s 679000000ns
[component_container_isolated-2] [ERROR] [1789771219.901091438] [tf_help]: Transform data too old when converting from map to odom
[component_container_isolated-2] [ERROR] [1789771219.901121130] [tf_help]: Data time: 74s 400000000ns, Transform time: 3s 679000000ns
[component_container_isolated-2] [ERROR] [1789771219.951566673] [tf_help]: Transform data too old when converting from map to odom
[component_container_isolated-2] [ERROR] [1789771219.951607963] [tf_help]: Data time: 74s 400000000ns, Transform time: 3s 679000000ns
[component_container_isolated-2] [ERROR] [1789771220.001740762] [tf_help]: Transform data too old when converting from map to odom
[component_container_isolated-2] [ERROR] [1789771220.001777870] [tf_help]: Data time: 74s 400000000ns, Transform time: 3s 679000000ns
[component_container_isolated-2] [ERROR] [1789771220.051344674] [tf_help]: Transform data too old when converting from map to odom
[component_container_isolated-2] [ERROR] [1789771220.051377853] [tf_help]: Data time: 74s 400000000ns, Transform time: 3s 679000000ns
[component_container_isolated-2] [ERROR] [1789771220.101413185] [tf_help]: Transform data too old when converting from map to odom
[component_container_isolated-2] [ERROR] [1789771220.101458368] [tf_help]: Data time: 74s 400000000ns, Transform time: 3s 679000000ns
[component_container_isolated-2] [ERROR] [1789771220.151081238] [tf_help]: Transform data too old when converting from map to odom
[component_container_isolated-2] [ERROR] [1789771220.151116873] [tf_help]: Data time: 74s 400000000ns, Transform time: 3s 679000000ns
[component_container_isolated-2] [ERROR] [1789771220.201748426] [tf_help]: Transform data too old when converting from map to odom
[component_container_isolated-2] [ERROR] [1789771220.201783733] [tf_help]: Data time: 74s 400000000ns, Transform time: 3s 679000000ns
[component_container_isolated-2] [ERROR] [1789771220.255354091] [tf_help]: Transform data too old when converting from map to odom
[component_container_isolated-2] [ERROR] [1789771220.255393765] [tf_help]: Data time: 74s 400000000ns, Transform time: 3s 679000000ns
[component_container_isolated-2] [ERROR] [1789771220.301532394] [tf_help]: Transform data too old when converting from map to odom
[component_container_isolated-2] [ERROR] [1789771220.301563741] [tf_help]: Data time: 74s 400000000ns, Transform time: 3s 679000000ns
[component_container_isolated-2] [ERROR] [1789771220.351069858] [tf_help]: Transform data too old when converting from map to odom
[component_container_isolated-2] [ERROR] [1789771220.351102281] [tf_help]: Data time: 74s 400000000ns, Transform time: 3s 679000000ns
[component_container_isolated-2] [ERROR] [1789771220.403913324] [tf_help]: Transform data too old when converting from map to odom
[component_container_isolated-2] [ERROR] [1789771220.403958021] [tf_help]: Data time: 74s 400000000ns, Transform time: 3s 679000000ns
[component_container_isolated-2] [ERROR] [1789771220.455359851] [tf_help]: Transform data too old when converting from map to odom
[component_container_isolated-2] [ERROR] [1789771220.455404047] [tf_help]: Data time: 74s 400000000ns, Transform time: 3s 679000000ns
[component_container_isolated-2] [ERROR] [1789771220.501138828] [tf_help]: Transform data too old when converting from map to odom
[component_container_isolated-2] [ERROR] [1789771220.501170232] [tf_help]: Data time: 74s 400000000ns, Transform time: 3s 679000000ns
[component_container_isolated-2] [INFO] [1789771220.551225331] [controller_server]: [TG-MPPI] cycle time (compute_backend=cpu): 6.099 ms/cycle avg over 50 cycles
[component_container_isolated-2] [ERROR] [1789771220.551367338] [tf_help]: Transform data too old when converting from map to odom
[component_container_isolated-2] [ERROR] [1789771220.551386736] [tf_help]: Data time: 74s 400000000ns, Transform time: 3s 679000000ns
[component_container_isolated-2] [ERROR] [1789771220.601304878] [tf_help]: Transform data too old when converting from map to odom
[component_container_isolated-2] [ERROR] [1789771220.601337455] [tf_help]: Data time: 74s 400000000ns, Transform time: 3s 679000000ns
[component_container_isolated-2] [ERROR] [1789771220.651094417] [tf_help]: Transform data too old when converting from map to odom
[component_container_isolated-2] [ERROR] [1789771220.651128934] [tf_help]: Data time: 74s 400000000ns, Transform time: 3s 679000000ns
[component_container_isolated-2] [ERROR] [1789771220.701391125] [tf_help]: Transform data too old when converting from map to odom
[component_container_isolated-2] [ERROR] [1789771220.701424669] [tf_help]: Data time: 74s 400000000ns, Transform time: 3s 679000000ns
[component_container_isolated-2] [ERROR] [1789771220.751146174] [tf_help]: Transform data too old when converting from map to odom
[component_container_isolated-2] [ERROR] [1789771220.751182453] [tf_help]: Data time: 74s 400000000ns, Transform time: 3s 679000000ns
[component_container_isolated-2] [ERROR] [1789771220.805045334] [tf_help]: Transform data too old when converting from map to odom
[component_container_isolated-2] [ERROR] [1789771220.805091780] [tf_help]: Data time: 74s 400000000ns, Transform time: 3s 679000000ns
[component_container_isolated-2] [INFO] [1789771220.845940213] [controller_server]: Passing new path to controller.
[component_container_isolated-2] [ERROR] [1789771220.853842331] [tf_help]: Transform data too old when converting from map to odom
[component_container_isolated-2] [ERROR] [1789771220.853872753] [tf_help]: Data time: 75s 300000000ns, Transform time: 3s 679000000ns
[component_container_isolated-2] [ERROR] [1789771220.905235478] [tf_help]: Transform data too old when converting from map to odom
[component_container_isolated-2] [ERROR] [1789771220.905276564] [tf_help]: Data time: 75s 300000000ns, Transform time: 3s 679000000ns
[component_container_isolated-2] [ERROR] [1789771220.952175099] [tf_help]: Transform data too old when converting from map to odom
[component_container_isolated-2] [ERROR] [1789771220.952209610] [tf_help]: Data time: 75s 300000000ns, Transform time: 3s 679000000ns
[component_container_isolated-2] [ERROR] [1789771221.001191325] [tf_help]: Transform data too old when converting from map to odom
[component_container_isolated-2] [ERROR] [1789771221.001223485] [tf_help]: Data time: 75s 300000000ns, Transform time: 3s 679000000ns
[component_container_isolated-2] [ERROR] [1789771221.051152056] [tf_help]: Transform data too old when converting from map to odom
[component_container_isolated-2] [ERROR] [1789771221.051181939] [tf_help]: Data time: 75s 300000000ns, Transform time: 3s 679000000ns
[component_container_isolated-2] [ERROR] [1789771221.101150071] [tf_help]: Transform data too old when converting from map to odom
[component_container_isolated-2] [ERROR] [1789771221.101188379] [tf_help]: Data time: 75s 300000000ns, Transform time: 3s 679000000ns
[component_container_isolated-2] [ERROR] [1789771221.151444604] [tf_help]: Transform data too old when converting from map to odom
[component_container_isolated-2] [ERROR] [1789771221.151480620] [tf_help]: Data time: 75s 300000000ns, Transform time: 3s 679000000ns
[component_container_isolated-2] [ERROR] [1789771221.201426910] [tf_help]: Transform data too old when converting from map to odom
[component_container_isolated-2] [ERROR] [1789771221.201488183] [tf_help]: Data time: 75s 300000000ns, Transform time: 3s 679000000ns
[component_container_isolated-2] [ERROR] [1789771221.251889487] [tf_help]: Transform data too old when converting from map to odom
[component_container_isolated-2] [ERROR] [1789771221.251925775] [tf_help]: Data time: 75s 300000000ns, Transform time: 3s 679000000ns
[component_container_isolated-2] [ERROR] [1789771221.301094652] [tf_help]: Transform data too old when converting from map to odom
[component_container_isolated-2] [ERROR] [1789771221.301134503] [tf_help]: Data time: 75s 300000000ns, Transform time: 3s 679000000ns
[component_container_isolated-2] [ERROR] [1789771221.354969821] [tf_help]: Transform data too old when converting from map to odom
[component_container_isolated-2] [ERROR] [1789771221.355005772] [tf_help]: Data time: 75s 300000000ns, Transform time: 3s 679000000ns
[component_container_isolated-2] [ERROR] [1789771221.401123137] [tf_help]: Transform data too old when converting from map to odom
[component_container_isolated-2] [ERROR] [1789771221.401155274] [tf_help]: Data time: 75s 300000000ns, Transform time: 3s 679000000ns
[component_container_isolated-2] [ERROR] [1789771221.451071834] [tf_help]: Transform data too old when converting from map to odom
[component_container_isolated-2] [ERROR] [1789771221.451102014] [tf_help]: Data time: 75s 300000000ns, Transform time: 3s 679000000ns
[component_container_isolated-2] [ERROR] [1789771221.501080548] [tf_help]: Transform data too old when converting from map to odom
[component_container_isolated-2] [ERROR] [1789771221.501109999] [tf_help]: Data time: 75s 300000000ns, Transform time: 3s 679000000ns
[component_container_isolated-2] [ERROR] [1789771221.551260185] [tf_help]: Transform data too old when converting from map to odom
[component_container_isolated-2] [ERROR] [1789771221.551292002] [tf_help]: Data time: 75s 300000000ns, Transform time: 3s 679000000ns
[component_container_isolated-2] [ERROR] [1789771221.601280296] [tf_help]: Transform data too old when converting from map to odom
[component_container_isolated-2] [ERROR] [1789771221.601311684] [tf_help]: Data time: 75s 300000000ns, Transform time: 3s 679000000ns
[component_container_isolated-2] [ERROR] [1789771221.651158448] [tf_help]: Transform data too old when converting from map to odom
[component_container_isolated-2] [ERROR] [1789771221.651194313] [tf_help]: Data time: 75s 300000000ns, Transform time: 3s 679000000ns
[component_container_isolated-2] [ERROR] [1789771221.701253651] [tf_help]: Transform data too old when converting from map to odom
[component_container_isolated-2] [ERROR] [1789771221.701290682] [tf_help]: Data time: 75s 300000000ns, Transform time: 3s 679000000ns
[component_container_isolated-2] [ERROR] [1789771221.751401788] [tf_help]: Transform data too old when converting from map to odom
[component_container_isolated-2] [ERROR] [1789771221.751440571] [tf_help]: Data time: 75s 300000000ns, Transform time: 3s 679000000ns
[component_container_isolated-2] [ERROR] [1789771221.801471099] [tf_help]: Transform data too old when converting from map to odom
[component_container_isolated-2] [ERROR] [1789771221.801503528] [tf_help]: Data time: 75s 300000000ns, Transform time: 3s 679000000ns
[component_container_isolated-2] [INFO] [1789771221.845927248] [controller_server]: Passing new path to controller.
[component_container_isolated-2] [ERROR] [1789771221.851513277] [tf_help]: Transform data too old when converting from map to odom
[component_container_isolated-2] [ERROR] [1789771221.851535802] [tf_help]: Data time: 76s 300000000ns, Transform time: 3s 679000000ns
[component_container_isolated-2] [ERROR] [1789771221.901228228] [tf_help]: Transform data too old when converting from map to odom
[component_container_isolated-2] [ERROR] [1789771221.901263861] [tf_help]: Data time: 76s 300000000ns, Transform time: 3s 679000000ns
[component_container_isolated-2] [ERROR] [1789771221.951707564] [tf_help]: Transform data too old when converting from map to odom
[component_container_isolated-2] [ERROR] [1789771221.951741455] [tf_help]: Data time: 76s 300000000ns, Transform time: 3s 679000000ns
[component_container_isolated-2] [ERROR] [1789771222.001331117] [tf_help]: Transform data too old when converting from map to odom
[component_container_isolated-2] [ERROR] [1789771222.001368954] [tf_help]: Data time: 76s 300000000ns, Transform time: 3s 679000000ns
[component_container_isolated-2] [ERROR] [1789771222.051245996] [tf_help]: Transform data too old when converting from map to odom
[component_container_isolated-2] [ERROR] [1789771222.051279729] [tf_help]: Data time: 76s 300000000ns, Transform time: 3s 679000000ns
[component_container_isolated-2] [ERROR] [1789771222.101158254] [tf_help]: Transform data too old when converting from map to odom
[component_container_isolated-2] [ERROR] [1789771222.101190741] [tf_help]: Data time: 76s 300000000ns, Transform time: 3s 679000000ns
[component_container_isolated-2] [ERROR] [1789771222.151218652] [tf_help]: Transform data too old when converting from map to odom
[component_container_isolated-2] [ERROR] [1789771222.151251076] [tf_help]: Data time: 76s 300000000ns, Transform time: 3s 679000000ns
[component_container_isolated-2] [ERROR] [1789771222.201933803] [tf_help]: Transform data too old when converting from map to odom
[component_container_isolated-2] [ERROR] [1789771222.201967385] [tf_help]: Data time: 76s 300000000ns, Transform time: 3s 679000000ns
[component_container_isolated-2] [ERROR] [1789771222.251514048] [tf_help]: Transform data too old when converting from map to odom
[component_container_isolated-2] [ERROR] [1789771222.251546075] [tf_help]: Data time: 76s 300000000ns, Transform time: 3s 679000000ns
[component_container_isolated-2] [ERROR] [1789771222.301172895] [tf_help]: Transform data too old when converting from map to odom
[component_container_isolated-2] [ERROR] [1789771222.301204654] [tf_help]: Data time: 76s 300000000ns, Transform time: 3s 679000000ns
[component_container_isolated-2] [ERROR] [1789771222.351183335] [tf_help]: Transform data too old when converting from map to odom
[component_container_isolated-2] [ERROR] [1789771222.351215067] [tf_help]: Data time: 76s 300000000ns, Transform time: 3s 679000000ns
[component_container_isolated-2] [ERROR] [1789771222.401231387] [tf_help]: Transform data too old when converting from map to odom
[component_container_isolated-2] [ERROR] [1789771222.401264198] [tf_help]: Data time: 76s 300000000ns, Transform time: 3s 679000000ns
[component_container_isolated-2] [ERROR] [1789771222.454558219] [tf_help]: Transform data too old when converting from map to odom
[component_container_isolated-2] [ERROR] [1789771222.454596818] [tf_help]: Data time: 76s 300000000ns, Transform time: 3s 679000000ns
[component_container_isolated-2] [ERROR] [1789771222.501250288] [tf_help]: Transform data too old when converting from map to odom
[component_container_isolated-2] [ERROR] [1789771222.501283555] [tf_help]: Data time: 76s 300000000ns, Transform time: 3s 679000000ns
[component_container_isolated-2] [ERROR] [1789771222.551136836] [tf_help]: Transform data too old when converting from map to odom
[component_container_isolated-2] [ERROR] [1789771222.551170555] [tf_help]: Data time: 76s 300000000ns, Transform time: 3s 679000000ns
[component_container_isolated-2] [ERROR] [1789771222.601067655] [tf_help]: Transform data too old when converting from map to odom
[component_container_isolated-2] [ERROR] [1789771222.601100012] [tf_help]: Data time: 76s 300000000ns, Transform time: 3s 679000000ns
[component_container_isolated-2] [ERROR] [1789771222.651450420] [tf_help]: Transform data too old when converting from map to odom
[component_container_isolated-2] [ERROR] [1789771222.651486651] [tf_help]: Data time: 76s 300000000ns, Transform time: 3s 679000000ns
[component_container_isolated-2] [ERROR] [1789771222.701301787] [tf_help]: Transform data too old when converting from map to odom
[component_container_isolated-2] [ERROR] [1789771222.701338682] [tf_help]: Data time: 76s 300000000ns, Transform time: 3s 679000000ns
[component_container_isolated-2] [ERROR] [1789771222.751358571] [tf_help]: Transform data too old when converting from map to odom
[component_container_isolated-2] [ERROR] [1789771222.751389810] [tf_help]: Data time: 76s 300000000ns, Transform time: 3s 679000000ns
[component_container_isolated-2] [ERROR] [1789771222.801159683] [tf_help]: Transform data too old when converting from map to odom
[component_container_isolated-2] [ERROR] [1789771222.801192512] [tf_help]: Data time: 76s 300000000ns, Transform time: 3s 679000000ns
[component_container_isolated-2] [ERROR] [1789771222.851341390] [tf_help]: Transform data too old when converting from map to odom
[component_container_isolated-2] [ERROR] [1789771222.851372558] [tf_help]: Data time: 76s 300000000ns, Transform time: 3s 679000000ns
[component_container_isolated-2] [INFO] [1789771222.895931464] [controller_server]: Passing new path to controller.
[component_container_isolated-2] [ERROR] [1789771222.901078813] [tf_help]: Transform data too old when converting from map to odom
[component_container_isolated-2] [ERROR] [1789771222.901096859] [tf_help]: Data time: 77s 200000000ns, Transform time: 3s 679000000ns
[component_container_isolated-2] [ERROR] [1789771222.951150051] [tf_help]: Transform data too old when converting from map to odom
[component_container_isolated-2] [ERROR] [1789771222.951183141] [tf_help]: Data time: 77s 200000000ns, Transform time: 3s 679000000ns
[component_container_isolated-2] [ERROR] [1789771223.001137692] [tf_help]: Transform data too old when converting from map to odom
[component_container_isolated-2] [ERROR] [1789771223.001172882] [tf_help]: Data time: 77s 200000000ns, Transform time: 3s 679000000ns
[component_container_isolated-2] [INFO] [1789771223.051219923] [controller_server]: [TG-MPPI] cycle time (compute_backend=cpu): 5.480 ms/cycle avg over 50 cycles
[component_container_isolated-2] [ERROR] [1789771223.051362935] [tf_help]: Transform data too old when converting from map to odom
[component_container_isolated-2] [ERROR] [1789771223.051380355] [tf_help]: Data time: 77s 200000000ns, Transform time: 3s 679000000ns
[component_container_isolated-2] [ERROR] [1789771223.101080226] [tf_help]: Transform data too old when converting from map to odom
[component_container_isolated-2] [ERROR] [1789771223.101124409] [tf_help]: Data time: 77s 200000000ns, Transform time: 3s 679000000ns
[component_container_isolated-2] [ERROR] [1789771223.151283448] [tf_help]: Transform data too old when converting from map to odom
[component_container_isolated-2] [ERROR] [1789771223.151318138] [tf_help]: Data time: 77s 200000000ns, Transform time: 3s 679000000ns
[component_container_isolated-2] [ERROR] [1789771223.200969973] [tf_help]: Transform data too old when converting from map to odom
[component_container_isolated-2] [ERROR] [1789771223.201004252] [tf_help]: Data time: 77s 200000000ns, Transform time: 3s 679000000ns
[component_container_isolated-2] [ERROR] [1789771223.251376252] [tf_help]: Transform data too old when converting from map to odom
[component_container_isolated-2] [ERROR] [1789771223.251407104] [tf_help]: Data time: 77s 200000000ns, Transform time: 3s 679000000ns
[component_container_isolated-2] [ERROR] [1789771223.301107022] [tf_help]: Transform data too old when converting from map to odom
[component_container_isolated-2] [ERROR] [1789771223.301137164] [tf_help]: Data time: 77s 200000000ns, Transform time: 3s 679000000ns
[component_container_isolated-2] [ERROR] [1789771223.351984301] [tf_help]: Transform data too old when converting from map to odom
[component_container_isolated-2] [ERROR] [1789771223.352018436] [tf_help]: Data time: 77s 200000000ns, Transform time: 3s 679000000ns
[component_container_isolated-2] [ERROR] [1789771223.402487200] [tf_help]: Transform data too old when converting from map to odom
[component_container_isolated-2] [ERROR] [1789771223.402518655] [tf_help]: Data time: 77s 200000000ns, Transform time: 3s 679000000ns
[component_container_isolated-2] [ERROR] [1789771223.452165288] [tf_help]: Transform data too old when converting from map to odom
[component_container_isolated-2] [ERROR] [1789771223.452200693] [tf_help]: Data time: 77s 200000000ns, Transform time: 3s 679000000ns
[component_container_isolated-2] [ERROR] [1789771223.501190395] [tf_help]: Transform data too old when converting from map to odom
[component_container_isolated-2] [ERROR] [1789771223.501224208] [tf_help]: Data time: 77s 200000000ns, Transform time: 3s 679000000ns
[component_container_isolated-2] [ERROR] [1789771223.551238844] [tf_help]: Transform data too old when converting from map to odom
[component_container_isolated-2] [ERROR] [1789771223.551277101] [tf_help]: Data time: 77s 200000000ns, Transform time: 3s 679000000ns
[component_container_isolated-2] [ERROR] [1789771223.601820129] [tf_help]: Transform data too old when converting from map to odom
[component_container_isolated-2] [ERROR] [1789771223.601854805] [tf_help]: Data time: 77s 200000000ns, Transform time: 3s 679000000ns
[component_container_isolated-2] [ERROR] [1789771223.652180680] [tf_help]: Transform data too old when converting from map to odom
[component_container_isolated-2] [ERROR] [1789771223.652213528] [tf_help]: Data time: 77s 200000000ns, Transform time: 3s 679000000ns
[component_container_isolated-2] [ERROR] [1789771223.702304119] [tf_help]: Transform data too old when converting from map to odom
[component_container_isolated-2] [ERROR] [1789771223.702336411] [tf_help]: Data time: 77s 200000000ns, Transform time: 3s 679000000ns
[component_container_isolated-2] [ERROR] [1789771223.751212846] [tf_help]: Transform data too old when converting from map to odom
[component_container_isolated-2] [ERROR] [1789771223.751247880] [tf_help]: Data time: 77s 200000000ns, Transform time: 3s 679000000ns
[component_container_isolated-2] [ERROR] [1789771223.801097961] [tf_help]: Transform data too old when converting from map to odom
[component_container_isolated-2] [ERROR] [1789771223.801136868] [tf_help]: Data time: 77s 200000000ns, Transform time: 3s 679000000ns
[component_container_isolated-2] [ERROR] [1789771223.851486085] [tf_help]: Transform data too old when converting from map to odom
[component_container_isolated-2] [ERROR] [1789771223.851521223] [tf_help]: Data time: 77s 200000000ns, Transform time: 3s 679000000ns
[component_container_isolated-2] [INFO] [1789771223.895928435] [controller_server]: Passing new path to controller.
[component_container_isolated-2] [ERROR] [1789771223.901072315] [tf_help]: Transform data too old when converting from map to odom
[component_container_isolated-2] [ERROR] [1789771223.901097087] [tf_help]: Data time: 78s 200000000ns, Transform time: 3s 679000000ns
[component_container_isolated-2] [ERROR] [1789771223.953075724] [tf_help]: Transform data too old when converting from map to odom
[component_container_isolated-2] [ERROR] [1789771223.953108633] [tf_help]: Data time: 78s 200000000ns, Transform time: 3s 679000000ns
[component_container_isolated-2] [ERROR] [1789771224.001360077] [tf_help]: Transform data too old when converting from map to odom
[component_container_isolated-2] [ERROR] [1789771224.001422805] [tf_help]: Data time: 78s 200000000ns, Transform time: 3s 679000000ns
[component_container_isolated-2] [ERROR] [1789771224.055538080] [tf_help]: Transform data too old when converting from map to odom
[component_container_isolated-2] [ERROR] [1789771224.055587786] [tf_help]: Data time: 78s 200000000ns, Transform time: 3s 679000000ns
[component_container_isolated-2] [ERROR] [1789771224.105734755] [tf_help]: Transform data too old when converting from map to odom
[component_container_isolated-2] [ERROR] [1789771224.105782680] [tf_help]: Data time: 78s 200000000ns, Transform time: 3s 679000000ns
[component_container_isolated-2] [ERROR] [1789771224.156110182] [tf_help]: Transform data too old when converting from map to odom
[component_container_isolated-2] [ERROR] [1789771224.156154583] [tf_help]: Data time: 78s 200000000ns, Transform time: 3s 679000000ns
[component_container_isolated-2] [ERROR] [1789771224.205762085] [tf_help]: Transform data too old when converting from map to odom
[component_container_isolated-2] [ERROR] [1789771224.205809471] [tf_help]: Data time: 78s 200000000ns, Transform time: 3s 679000000ns
[component_container_isolated-2] [ERROR] [1789771224.254850413] [tf_help]: Transform data too old when converting from map to odom
[component_container_isolated-2] [ERROR] [1789771224.254885703] [tf_help]: Data time: 78s 200000000ns, Transform time: 3s 679000000ns
[component_container_isolated-2] [ERROR] [1789771224.306085605] [tf_help]: Transform data too old when converting from map to odom
[component_container_isolated-2] [ERROR] [1789771224.306135600] [tf_help]: Data time: 78s 200000000ns, Transform time: 3s 679000000ns
[component_container_isolated-2] [ERROR] [1789771224.354846366] [tf_help]: Transform data too old when converting from map to odom
[component_container_isolated-2] [ERROR] [1789771224.354878798] [tf_help]: Data time: 78s 200000000ns, Transform time: 3s 679000000ns
[component_container_isolated-2] [ERROR] [1789771224.401264175] [tf_help]: Transform data too old when converting from map to odom
[component_container_isolated-2] [ERROR] [1789771224.401298481] [tf_help]: Data time: 78s 200000000ns, Transform time: 3s 679000000ns
[component_container_isolated-2] [ERROR] [1789771224.451343961] [tf_help]: Transform data too old when converting from map to odom
[component_container_isolated-2] [ERROR] [1789771224.451379539] [tf_help]: Data time: 78s 200000000ns, Transform time: 3s 679000000ns
[component_container_isolated-2] [ERROR] [1789771224.501412550] [tf_help]: Transform data too old when converting from map to odom
[component_container_isolated-2] [ERROR] [1789771224.501450620] [tf_help]: Data time: 78s 200000000ns, Transform time: 3s 679000000ns
[component_container_isolated-2] [ERROR] [1789771224.553499435] [tf_help]: Transform data too old when converting from map to odom
[component_container_isolated-2] [ERROR] [1789771224.553545690] [tf_help]: Data time: 78s 200000000ns, Transform time: 3s 679000000ns
[component_container_isolated-2] [ERROR] [1789771224.602034866] [tf_help]: Transform data too old when converting from map to odom
[component_container_isolated-2] [ERROR] [1789771224.602068768] [tf_help]: Data time: 78s 200000000ns, Transform time: 3s 679000000ns
[component_container_isolated-2] [ERROR] [1789771224.651494777] [tf_help]: Transform data too old when converting from map to odom
[component_container_isolated-2] [ERROR] [1789771224.651536313] [tf_help]: Data time: 78s 200000000ns, Transform time: 3s 679000000ns
[component_container_isolated-2] [ERROR] [1789771224.702168579] [tf_help]: Transform data too old when converting from map to odom
[component_container_isolated-2] [ERROR] [1789771224.702202285] [tf_help]: Data time: 78s 200000000ns, Transform time: 3s 679000000ns
[component_container_isolated-2] [ERROR] [1789771224.751483766] [tf_help]: Transform data too old when converting from map to odom
[component_container_isolated-2] [ERROR] [1789771224.751520718] [tf_help]: Data time: 78s 200000000ns, Transform time: 3s 679000000ns
[component_container_isolated-2] [ERROR] [1789771224.801204795] [tf_help]: Transform data too old when converting from map to odom
[component_container_isolated-2] [ERROR] [1789771224.801236896] [tf_help]: Data time: 78s 200000000ns, Transform time: 3s 679000000ns
[component_container_isolated-2] [ERROR] [1789771224.852454889] [tf_help]: Transform data too old when converting from map to odom
[component_container_isolated-2] [ERROR] [1789771224.852483363] [tf_help]: Data time: 78s 200000000ns, Transform time: 3s 679000000ns
[component_container_isolated-2] [ERROR] [1789771224.902001268] [tf_help]: Transform data too old when converting from map to odom
[component_container_isolated-2] [ERROR] [1789771224.902036107] [tf_help]: Data time: 78s 200000000ns, Transform time: 3s 679000000ns
[component_container_isolated-2] [INFO] [1789771224.945929548] [controller_server]: Passing new path to controller.
[component_container_isolated-2] [ERROR] [1789771224.952086129] [tf_help]: Transform data too old when converting from map to odom
[component_container_isolated-2] [ERROR] [1789771224.952114323] [tf_help]: Data time: 79s 200000000ns, Transform time: 3s 679000000ns
[component_container_isolated-2] [ERROR] [1789771225.001972143] [tf_help]: Transform data too old when converting from map to odom
[component_container_isolated-2] [ERROR] [1789771225.002007001] [tf_help]: Data time: 79s 200000000ns, Transform time: 3s 679000000ns
[component_container_isolated-2] [ERROR] [1789771225.052184579] [tf_help]: Transform data too old when converting from map to odom
[component_container_isolated-2] [ERROR] [1789771225.052217414] [tf_help]: Data time: 79s 200000000ns, Transform time: 3s 679000000ns
[component_container_isolated-2] [ERROR] [1789771225.103118330] [tf_help]: Transform data too old when converting from map to odom
[component_container_isolated-2] [ERROR] [1789771225.103152933] [tf_help]: Data time: 79s 200000000ns, Transform time: 3s 679000000ns
[component_container_isolated-2] [ERROR] [1789771225.151555543] [tf_help]: Transform data too old when converting from map to odom
[component_container_isolated-2] [ERROR] [1789771225.151588017] [tf_help]: Data time: 79s 200000000ns, Transform time: 3s 679000000ns
[component_container_isolated-2] [ERROR] [1789771225.202570995] [tf_help]: Transform data too old when converting from map to odom
[component_container_isolated-2] [ERROR] [1789771225.202617282] [tf_help]: Data time: 79s 200000000ns, Transform time: 3s 679000000ns
[component_container_isolated-2] [ERROR] [1789771225.251508077] [tf_help]: Transform data too old when converting from map to odom
[component_container_isolated-2] [ERROR] [1789771225.251551855] [tf_help]: Data time: 79s 200000000ns, Transform time: 3s 679000000ns
[component_container_isolated-2] [ERROR] [1789771225.301253947] [tf_help]: Transform data too old when converting from map to odom
[component_container_isolated-2] [ERROR] [1789771225.301293004] [tf_help]: Data time: 79s 200000000ns, Transform time: 3s 679000000ns
[component_container_isolated-2] [ERROR] [1789771225.353119326] [tf_help]: Transform data too old when converting from map to odom
[component_container_isolated-2] [ERROR] [1789771225.353155414] [tf_help]: Data time: 79s 200000000ns, Transform time: 3s 679000000ns
[component_container_isolated-2] [ERROR] [1789771225.401191025] [tf_help]: Transform data too old when converting from map to odom
[component_container_isolated-2] [ERROR] [1789771225.401225517] [tf_help]: Data time: 79s 200000000ns, Transform time: 3s 679000000ns
[component_container_isolated-2] [ERROR] [1789771225.451052650] [tf_help]: Transform data too old when converting from map to odom
[component_container_isolated-2] [ERROR] [1789771225.451084359] [tf_help]: Data time: 79s 200000000ns, Transform time: 3s 679000000ns
[component_container_isolated-2] [ERROR] [1789771225.504301964] [tf_help]: Transform data too old when converting from map to odom
[component_container_isolated-2] [ERROR] [1789771225.504340213] [tf_help]: Data time: 79s 200000000ns, Transform time: 3s 679000000ns
[component_container_isolated-2] [INFO] [1789771225.551261212] [controller_server]: [TG-MPPI] cycle time (compute_backend=cpu): 6.147 ms/cycle avg over 50 cycles
[component_container_isolated-2] [ERROR] [1789771225.551397295] [tf_help]: Transform data too old when converting from map to odom
[component_container_isolated-2] [ERROR] [1789771225.551415456] [tf_help]: Data time: 79s 200000000ns, Transform time: 3s 679000000ns
[component_container_isolated-2] [ERROR] [1789771225.601744774] [tf_help]: Transform data too old when converting from map to odom
[component_container_isolated-2] [ERROR] [1789771225.601777250] [tf_help]: Data time: 79s 200000000ns, Transform time: 3s 679000000ns
[component_container_isolated-2] [ERROR] [1789771225.651358908] [tf_help]: Transform data too old when converting from map to odom
[component_container_isolated-2] [ERROR] [1789771225.651389865] [tf_help]: Data time: 79s 200000000ns, Transform time: 3s 679000000ns
[component_container_isolated-2] [ERROR] [1789771225.701456973] [tf_help]: Transform data too old when converting from map to odom
[component_container_isolated-2] [ERROR] [1789771225.701487517] [tf_help]: Data time: 79s 200000000ns, Transform time: 3s 679000000ns
[ground_truth_localizer-1] [INFO] [1789771225.703247584] [ground_truth_localizer]: last 10 s: ground truth msgs 294, map->odom published 294 (286 via latest odom TF)
[component_container_isolated-2] [ERROR] [1789771225.751112444] [tf_help]: Transform data too old when converting from map to odom
[component_container_isolated-2] [ERROR] [1789771225.751142289] [tf_help]: Data time: 79s 200000000ns, Transform time: 3s 679000000ns
[component_container_isolated-2] [ERROR] [1789771225.801264101] [tf_help]: Transform data too old when converting from map to odom
[component_container_isolated-2] [ERROR] [1789771225.801305064] [tf_help]: Data time: 79s 200000000ns, Transform time: 3s 679000000ns
[component_container_isolated-2] [ERROR] [1789771225.851284885] [tf_help]: Transform data too old when converting from map to odom
[component_container_isolated-2] [ERROR] [1789771225.851314188] [tf_help]: Data time: 79s 200000000ns, Transform time: 3s 679000000ns
[component_container_isolated-2] [ERROR] [1789771225.901051428] [tf_help]: Transform data too old when converting from map to odom
[component_container_isolated-2] [ERROR] [1789771225.901080628] [tf_help]: Data time: 79s 200000000ns, Transform time: 3s 679000000ns
[component_container_isolated-2] [ERROR] [1789771225.951613128] [tf_help]: Transform data too old when converting from map to odom
[component_container_isolated-2] [ERROR] [1789771225.951645379] [tf_help]: Data time: 79s 200000000ns, Transform time: 3s 679000000ns
[component_container_isolated-2] [INFO] [1789771225.995963148] [controller_server]: Passing new path to controller.
[component_container_isolated-2] [ERROR] [1789771226.001259284] [tf_help]: Transform data too old when converting from map to odom
[component_container_isolated-2] [ERROR] [1789771226.001284135] [tf_help]: Data time: 80s 100000000ns, Transform time: 3s 679000000ns
[component_container_isolated-2] [ERROR] [1789771226.051206835] [tf_help]: Transform data too old when converting from map to odom
[component_container_isolated-2] [ERROR] [1789771226.051238540] [tf_help]: Data time: 80s 100000000ns, Transform time: 3s 679000000ns
[component_container_isolated-2] [ERROR] [1789771226.101120579] [tf_help]: Transform data too old when converting from map to odom
[component_container_isolated-2] [ERROR] [1789771226.101157707] [tf_help]: Data time: 80s 100000000ns, Transform time: 3s 679000000ns
[component_container_isolated-2] [ERROR] [1789771226.152498467] [tf_help]: Transform data too old when converting from map to odom
[component_container_isolated-2] [ERROR] [1789771226.152538030] [tf_help]: Data time: 80s 100000000ns, Transform time: 3s 679000000ns
[component_container_isolated-2] [ERROR] [1789771226.202457042] [tf_help]: Transform data too old when converting from map to odom
[component_container_isolated-2] [ERROR] [1789771226.202492927] [tf_help]: Data time: 80s 100000000ns, Transform time: 3s 679000000ns
[component_container_isolated-2] [ERROR] [1789771226.252381450] [tf_help]: Transform data too old when converting from map to odom
[component_container_isolated-2] [ERROR] [1789771226.252419325] [tf_help]: Data time: 80s 100000000ns, Transform time: 3s 679000000ns
[component_container_isolated-2] [ERROR] [1789771226.301838194] [tf_help]: Transform data too old when converting from map to odom
[component_container_isolated-2] [ERROR] [1789771226.301871071] [tf_help]: Data time: 80s 100000000ns, Transform time: 3s 679000000ns
[component_container_isolated-2] [ERROR] [1789771226.351915580] [tf_help]: Transform data too old when converting from map to odom
[component_container_isolated-2] [ERROR] [1789771226.351953412] [tf_help]: Data time: 80s 100000000ns, Transform time: 3s 679000000ns
[component_container_isolated-2] [ERROR] [1789771226.401735050] [tf_help]: Transform data too old when converting from map to odom
[component_container_isolated-2] [ERROR] [1789771226.401771953] [tf_help]: Data time: 80s 100000000ns, Transform time: 3s 679000000ns
[component_container_isolated-2] [ERROR] [1789771226.451822905] [tf_help]: Transform data too old when converting from map to odom
[component_container_isolated-2] [ERROR] [1789771226.451852361] [tf_help]: Data time: 80s 100000000ns, Transform time: 3s 679000000ns
[component_container_isolated-2] [ERROR] [1789771226.501111230] [tf_help]: Transform data too old when converting from map to odom
[component_container_isolated-2] [ERROR] [1789771226.501141650] [tf_help]: Data time: 80s 100000000ns, Transform time: 3s 679000000ns
[component_container_isolated-2] [ERROR] [1789771226.551388995] [tf_help]: Transform data too old when converting from map to odom
[component_container_isolated-2] [ERROR] [1789771226.551429028] [tf_help]: Data time: 80s 100000000ns, Transform time: 3s 679000000ns
[component_container_isolated-2] [ERROR] [1789771226.601247622] [tf_help]: Transform data too old when converting from map to odom
[component_container_isolated-2] [ERROR] [1789771226.601280717] [tf_help]: Data time: 80s 100000000ns, Transform time: 3s 679000000ns
[component_container_isolated-2] [ERROR] [1789771226.651379232] [tf_help]: Transform data too old when converting from map to odom
[component_container_isolated-2] [ERROR] [1789771226.651410818] [tf_help]: Data time: 80s 100000000ns, Transform time: 3s 679000000ns
[component_container_isolated-2] [ERROR] [1789771226.701617518] [tf_help]: Transform data too old when converting from map to odom
[component_container_isolated-2] [ERROR] [1789771226.701650533] [tf_help]: Data time: 80s 100000000ns, Transform time: 3s 679000000ns
[component_container_isolated-2] [ERROR] [1789771226.751449656] [tf_help]: Transform data too old when converting from map to odom
[component_container_isolated-2] [ERROR] [1789771226.751485713] [tf_help]: Data time: 80s 100000000ns, Transform time: 3s 679000000ns
[component_container_isolated-2] [ERROR] [1789771226.802143124] [tf_help]: Transform data too old when converting from map to odom
[component_container_isolated-2] [ERROR] [1789771226.802191480] [tf_help]: Data time: 80s 100000000ns, Transform time: 3s 679000000ns
[component_container_isolated-2] [ERROR] [1789771226.851563312] [tf_help]: Transform data too old when converting from map to odom
[component_container_isolated-2] [ERROR] [1789771226.851601321] [tf_help]: Data time: 80s 100000000ns, Transform time: 3s 679000000ns
[component_container_isolated-2] [ERROR] [1789771226.901370133] [tf_help]: Transform data too old when converting from map to odom
[component_container_isolated-2] [ERROR] [1789771226.901404668] [tf_help]: Data time: 80s 100000000ns, Transform time: 3s 679000000ns
[component_container_isolated-2] [ERROR] [1789771226.954006193] [tf_help]: Transform data too old when converting from map to odom
[component_container_isolated-2] [ERROR] [1789771226.954045005] [tf_help]: Data time: 80s 100000000ns, Transform time: 3s 679000000ns
[component_container_isolated-2] [INFO] [1789771226.995928495] [controller_server]: Passing new path to controller.
[component_container_isolated-2] [ERROR] [1789771227.001823544] [tf_help]: Transform data too old when converting from map to odom
[component_container_isolated-2] [ERROR] [1789771227.001848153] [tf_help]: Data time: 81s 100000000ns, Transform time: 3s 679000000ns
[component_container_isolated-2] [ERROR] [1789771227.051140499] [tf_help]: Transform data too old when converting from map to odom
[component_container_isolated-2] [ERROR] [1789771227.051178307] [tf_help]: Data time: 81s 100000000ns, Transform time: 3s 679000000ns
[component_container_isolated-2] [ERROR] [1789771227.102015912] [tf_help]: Transform data too old when converting from map to odom
[component_container_isolated-2] [ERROR] [1789771227.102047114] [tf_help]: Data time: 81s 100000000ns, Transform time: 3s 679000000ns
[component_container_isolated-2] [ERROR] [1789771227.151997820] [tf_help]: Transform data too old when converting from map to odom
[component_container_isolated-2] [ERROR] [1789771227.152029520] [tf_help]: Data time: 81s 100000000ns, Transform time: 3s 679000000ns
[component_container_isolated-2] [ERROR] [1789771227.201508014] [tf_help]: Transform data too old when converting from map to odom
[component_container_isolated-2] [ERROR] [1789771227.201539857] [tf_help]: Data time: 81s 100000000ns, Transform time: 3s 679000000ns
[component_container_isolated-2] [ERROR] [1789771227.251549148] [tf_help]: Transform data too old when converting from map to odom
[component_container_isolated-2] [ERROR] [1789771227.251583850] [tf_help]: Data time: 81s 100000000ns, Transform time: 3s 679000000ns
[component_container_isolated-2] [ERROR] [1789771227.301074713] [tf_help]: Transform data too old when converting from map to odom
[component_container_isolated-2] [ERROR] [1789771227.301110167] [tf_help]: Data time: 81s 100000000ns, Transform time: 3s 679000000ns
[component_container_isolated-2] [ERROR] [1789771227.352242976] [tf_help]: Transform data too old when converting from map to odom
[component_container_isolated-2] [ERROR] [1789771227.352277670] [tf_help]: Data time: 81s 100000000ns, Transform time: 3s 679000000ns
[component_container_isolated-2] [ERROR] [1789771227.402235520] [tf_help]: Transform data too old when converting from map to odom
[component_container_isolated-2] [ERROR] [1789771227.402273108] [tf_help]: Data time: 81s 100000000ns, Transform time: 3s 679000000ns
[component_container_isolated-2] [ERROR] [1789771227.452515617] [tf_help]: Transform data too old when converting from map to odom
[component_container_isolated-2] [ERROR] [1789771227.452547801] [tf_help]: Data time: 81s 100000000ns, Transform time: 3s 679000000ns
[component_container_isolated-2] [ERROR] [1789771227.502156241] [tf_help]: Transform data too old when converting from map to odom
[component_container_isolated-2] [ERROR] [1789771227.502187629] [tf_help]: Data time: 81s 100000000ns, Transform time: 3s 679000000ns
[component_container_isolated-2] [ERROR] [1789771227.552183549] [tf_help]: Transform data too old when converting from map to odom
[component_container_isolated-2] [ERROR] [1789771227.552216717] [tf_help]: Data time: 81s 100000000ns, Transform time: 3s 679000000ns
[component_container_isolated-2] [ERROR] [1789771227.602148954] [tf_help]: Transform data too old when converting from map to odom
[component_container_isolated-2] [ERROR] [1789771227.602179320] [tf_help]: Data time: 81s 100000000ns, Transform time: 3s 679000000ns
[component_container_isolated-2] [ERROR] [1789771227.652100413] [tf_help]: Transform data too old when converting from map to odom
[component_container_isolated-2] [ERROR] [1789771227.652131654] [tf_help]: Data time: 81s 100000000ns, Transform time: 3s 679000000ns
[component_container_isolated-2] [ERROR] [1789771227.701904989] [tf_help]: Transform data too old when converting from map to odom
[component_container_isolated-2] [ERROR] [1789771227.701935178] [tf_help]: Data time: 81s 100000000ns, Transform time: 3s 679000000ns
[component_container_isolated-2] [ERROR] [1789771227.751021785] [tf_help]: Transform data too old when converting from map to odom
[component_container_isolated-2] [ERROR] [1789771227.751055776] [tf_help]: Data time: 81s 100000000ns, Transform time: 3s 679000000ns
[component_container_isolated-2] [ERROR] [1789771227.801057335] [tf_help]: Transform data too old when converting from map to odom
[component_container_isolated-2] [ERROR] [1789771227.801092984] [tf_help]: Data time: 81s 100000000ns, Transform time: 3s 679000000ns
[component_container_isolated-2] [ERROR] [1789771227.851181432] [tf_help]: Transform data too old when converting from map to odom
[component_container_isolated-2] [ERROR] [1789771227.851218978] [tf_help]: Data time: 81s 100000000ns, Transform time: 3s 679000000ns
[component_container_isolated-2] [ERROR] [1789771227.905637944] [tf_help]: Transform data too old when converting from map to odom
[component_container_isolated-2] [ERROR] [1789771227.905686061] [tf_help]: Data time: 81s 100000000ns, Transform time: 3s 679000000ns
[component_container_isolated-2] [ERROR] [1789771227.952925850] [tf_help]: Transform data too old when converting from map to odom
[component_container_isolated-2] [ERROR] [1789771227.952957243] [tf_help]: Data time: 81s 100000000ns, Transform time: 3s 679000000ns
[component_container_isolated-2] [ERROR] [1789771228.001514707] [tf_help]: Transform data too old when converting from map to odom
[component_container_isolated-2] [ERROR] [1789771228.001549421] [tf_help]: Data time: 81s 100000000ns, Transform time: 3s 679000000ns
[component_container_isolated-2] [INFO] [1789771228.045938089] [controller_server]: Passing new path to controller.
[component_container_isolated-2] [INFO] [1789771228.055313376] [controller_server]: [TG-MPPI] cycle time (compute_backend=cpu): 5.695 ms/cycle avg over 50 cycles
[component_container_isolated-2] [ERROR] [1789771228.055470129] [tf_help]: Transform data too old when converting from map to odom
[component_container_isolated-2] [ERROR] [1789771228.055488278] [tf_help]: Data time: 82s 100000000ns, Transform time: 3s 679000000ns
[component_container_isolated-2] [ERROR] [1789771228.101090907] [tf_help]: Transform data too old when converting from map to odom
[component_container_isolated-2] [ERROR] [1789771228.101123363] [tf_help]: Data time: 82s 100000000ns, Transform time: 3s 679000000ns
[component_container_isolated-2] [ERROR] [1789771228.151205142] [tf_help]: Transform data too old when converting from map to odom
[component_container_isolated-2] [ERROR] [1789771228.151239799] [tf_help]: Data time: 82s 100000000ns, Transform time: 3s 679000000ns
[component_container_isolated-2] [ERROR] [1789771228.201403368] [tf_help]: Transform data too old when converting from map to odom
[component_container_isolated-2] [ERROR] [1789771228.201448355] [tf_help]: Data time: 82s 100000000ns, Transform time: 3s 679000000ns
[component_container_isolated-2] [ERROR] [1789771228.251425998] [tf_help]: Transform data too old when converting from map to odom
[component_container_isolated-2] [ERROR] [1789771228.251476441] [tf_help]: Data time: 82s 100000000ns, Transform time: 3s 679000000ns
[component_container_isolated-2] [ERROR] [1789771228.301361803] [tf_help]: Transform data too old when converting from map to odom
[component_container_isolated-2] [ERROR] [1789771228.301399617] [tf_help]: Data time: 82s 100000000ns, Transform time: 3s 679000000ns
[component_container_isolated-2] [ERROR] [1789771228.351038393] [tf_help]: Transform data too old when converting from map to odom
[component_container_isolated-2] [ERROR] [1789771228.351078730] [tf_help]: Data time: 82s 100000000ns, Transform time: 3s 679000000ns
[component_container_isolated-2] [ERROR] [1789771228.401353109] [tf_help]: Transform data too old when converting from map to odom
[component_container_isolated-2] [ERROR] [1789771228.401384923] [tf_help]: Data time: 82s 100000000ns, Transform time: 3s 679000000ns
[component_container_isolated-2] [ERROR] [1789771228.451182935] [tf_help]: Transform data too old when converting from map to odom
[component_container_isolated-2] [ERROR] [1789771228.451216355] [tf_help]: Data time: 82s 100000000ns, Transform time: 3s 679000000ns
[component_container_isolated-2] [ERROR] [1789771228.501287920] [tf_help]: Transform data too old when converting from map to odom
[component_container_isolated-2] [ERROR] [1789771228.501321665] [tf_help]: Data time: 82s 100000000ns, Transform time: 3s 679000000ns
[component_container_isolated-2] [ERROR] [1789771228.551593490] [tf_help]: Transform data too old when converting from map to odom
[component_container_isolated-2] [ERROR] [1789771228.551625532] [tf_help]: Data time: 82s 100000000ns, Transform time: 3s 679000000ns
[component_container_isolated-2] [ERROR] [1789771228.601147003] [tf_help]: Transform data too old when converting from map to odom
[component_container_isolated-2] [ERROR] [1789771228.601179451] [tf_help]: Data time: 82s 100000000ns, Transform time: 3s 679000000ns
[component_container_isolated-2] [ERROR] [1789771228.651898265] [tf_help]: Transform data too old when converting from map to odom
[component_container_isolated-2] [ERROR] [1789771228.651949760] [tf_help]: Data time: 82s 100000000ns, Transform time: 3s 679000000ns
[component_container_isolated-2] [ERROR] [1789771228.701026715] [tf_help]: Transform data too old when converting from map to odom
[component_container_isolated-2] [ERROR] [1789771228.701060685] [tf_help]: Data time: 82s 100000000ns, Transform time: 3s 679000000ns
[component_container_isolated-2] [ERROR] [1789771228.754507725] [tf_help]: Transform data too old when converting from map to odom
[component_container_isolated-2] [ERROR] [1789771228.754537134] [tf_help]: Data time: 82s 100000000ns, Transform time: 3s 679000000ns
[component_container_isolated-2] [ERROR] [1789771228.803629442] [tf_help]: Transform data too old when converting from map to odom
[component_container_isolated-2] [ERROR] [1789771228.803672970] [tf_help]: Data time: 82s 100000000ns, Transform time: 3s 679000000ns
[component_container_isolated-2] [ERROR] [1789771228.851310987] [tf_help]: Transform data too old when converting from map to odom
[component_container_isolated-2] [ERROR] [1789771228.851342100] [tf_help]: Data time: 82s 100000000ns, Transform time: 3s 679000000ns
[component_container_isolated-2] [ERROR] [1789771228.902050223] [tf_help]: Transform data too old when converting from map to odom
[component_container_isolated-2] [ERROR] [1789771228.902081582] [tf_help]: Data time: 82s 100000000ns, Transform time: 3s 679000000ns
[component_container_isolated-2] [ERROR] [1789771228.951841594] [tf_help]: Transform data too old when converting from map to odom
[component_container_isolated-2] [ERROR] [1789771228.951890452] [tf_help]: Data time: 82s 100000000ns, Transform time: 3s 679000000ns
[component_container_isolated-2] [ERROR] [1789771229.001859005] [tf_help]: Transform data too old when converting from map to odom
[component_container_isolated-2] [ERROR] [1789771229.001894856] [tf_help]: Data time: 82s 100000000ns, Transform time: 3s 679000000ns
[component_container_isolated-2] [INFO] [1789771229.045962445] [controller_server]: Passing new path to controller.
[component_container_isolated-2] [ERROR] [1789771229.051648164] [tf_help]: Transform data too old when converting from map to odom
[component_container_isolated-2] [ERROR] [1789771229.051677966] [tf_help]: Data time: 83s 0ns, Transform time: 3s 679000000ns
[component_container_isolated-2] [ERROR] [1789771229.101079699] [tf_help]: Transform data too old when converting from map to odom
[component_container_isolated-2] [ERROR] [1789771229.101114111] [tf_help]: Data time: 83s 0ns, Transform time: 3s 679000000ns
[component_container_isolated-2] [ERROR] [1789771229.151110537] [tf_help]: Transform data too old when converting from map to odom
[component_container_isolated-2] [ERROR] [1789771229.151141604] [tf_help]: Data time: 83s 0ns, Transform time: 3s 679000000ns
[component_container_isolated-2] [ERROR] [1789771229.201088871] [tf_help]: Transform data too old when converting from map to odom
[component_container_isolated-2] [ERROR] [1789771229.201119467] [tf_help]: Data time: 83s 0ns, Transform time: 3s 679000000ns
[component_container_isolated-2] [ERROR] [1789771229.251224045] [tf_help]: Transform data too old when converting from map to odom
[component_container_isolated-2] [ERROR] [1789771229.251256143] [tf_help]: Data time: 83s 0ns, Transform time: 3s 679000000ns
[component_container_isolated-2] [ERROR] [1789771229.301284863] [tf_help]: Transform data too old when converting from map to odom
[component_container_isolated-2] [ERROR] [1789771229.301317682] [tf_help]: Data time: 83s 0ns, Transform time: 3s 679000000ns
[component_container_isolated-2] [ERROR] [1789771229.350951737] [tf_help]: Transform data too old when converting from map to odom
[component_container_isolated-2] [ERROR] [1789771229.350981760] [tf_help]: Data time: 83s 0ns, Transform time: 3s 679000000ns
[component_container_isolated-2] [ERROR] [1789771229.401328983] [tf_help]: Transform data too old when converting from map to odom
[component_container_isolated-2] [ERROR] [1789771229.401361016] [tf_help]: Data time: 83s 0ns, Transform time: 3s 679000000ns
[component_container_isolated-2] [ERROR] [1789771229.451152432] [tf_help]: Transform data too old when converting from map to odom
[component_container_isolated-2] [ERROR] [1789771229.451183538] [tf_help]: Data time: 83s 0ns, Transform time: 3s 679000000ns
[component_container_isolated-2] [ERROR] [1789771229.495963359] [controller_server]: Failed to make progress
[component_container_isolated-2] [WARN] [1789771229.496028811] [controller_server]: [follow_path] [ActionServer] Aborting handle.
[component_container_isolated-2] [INFO] [1789771229.515655614] [local_costmap.local_costmap]: Received request to clear entirely the local_costmap
[component_container_isolated-2] [INFO] [1789771229.516107041] [controller_server]: Received a goal, begin computing control effort.
[component_container_isolated-2] [ERROR] [1789771229.663917965] [tf_help]: Transform data too old when converting from map to odom
[component_container_isolated-2] [ERROR] [1789771229.663961634] [tf_help]: Data time: 83s 0ns, Transform time: 3s 679000000ns
[component_container_isolated-2] [WARN] [1789771229.663968180] [controller_server]: Control loop missed its desired rate of 20.0000Hz
[component_container_isolated-2] [ERROR] [1789771229.669032752] [tf_help]: Transform data too old when converting from map to odom
[component_container_isolated-2] [ERROR] [1789771229.669050499] [tf_help]: Data time: 83s 0ns, Transform time: 3s 679000000ns
[component_container_isolated-2] [ERROR] [1789771229.724255395] [tf_help]: Transform data too old when converting from map to odom
[component_container_isolated-2] [ERROR] [1789771229.724287869] [tf_help]: Data time: 83s 0ns, Transform time: 3s 679000000ns
[component_container_isolated-2] [ERROR] [1789771229.779732293] [tf_help]: Transform data too old when converting from map to odom
[component_container_isolated-2] [ERROR] [1789771229.779764637] [tf_help]: Data time: 83s 0ns, Transform time: 3s 679000000ns
[component_container_isolated-2] [ERROR] [1789771229.835145070] [tf_help]: Transform data too old when converting from map to odom
[component_container_isolated-2] [ERROR] [1789771229.835192252] [tf_help]: Data time: 83s 0ns, Transform time: 3s 679000000ns
[component_container_isolated-2] [ERROR] [1789771229.890993136] [tf_help]: Transform data too old when converting from map to odom
[component_container_isolated-2] [ERROR] [1789771229.891028679] [tf_help]: Data time: 83s 0ns, Transform time: 3s 679000000ns
[component_container_isolated-2] [ERROR] [1789771229.946348777] [tf_help]: Transform data too old when converting from map to odom
[component_container_isolated-2] [ERROR] [1789771229.946383117] [tf_help]: Data time: 83s 0ns, Transform time: 3s 679000000ns
[component_container_isolated-2] [ERROR] [1789771230.001869741] [tf_help]: Transform data too old when converting from map to odom
[component_container_isolated-2] [ERROR] [1789771230.001903376] [tf_help]: Data time: 83s 0ns, Transform time: 3s 679000000ns
[component_container_isolated-2] [ERROR] [1789771230.057554291] [tf_help]: Transform data too old when converting from map to odom
[component_container_isolated-2] [ERROR] [1789771230.057587686] [tf_help]: Data time: 83s 0ns, Transform time: 3s 679000000ns
[component_container_isolated-2] [INFO] [1789771230.107667812] [controller_server]: Passing new path to controller.
[component_container_isolated-2] [ERROR] [1789771230.113410321] [tf_help]: Transform data too old when converting from map to odom
[component_container_isolated-2] [ERROR] [1789771230.113434446] [tf_help]: Data time: 84s 0ns, Transform time: 3s 679000000ns
[component_container_isolated-2] [ERROR] [1789771230.169368788] [tf_help]: Transform data too old when converting from map to odom
[component_container_isolated-2] [ERROR] [1789771230.169400771] [tf_help]: Data time: 84s 0ns, Transform time: 3s 679000000ns
[component_container_isolated-2] [ERROR] [1789771230.219304002] [tf_help]: Transform data too old when converting from map to odom
[component_container_isolated-2] [ERROR] [1789771230.219339546] [tf_help]: Data time: 84s 0ns, Transform time: 3s 679000000ns
[component_container_isolated-2] [ERROR] [1789771230.269183489] [tf_help]: Transform data too old when converting from map to odom
[component_container_isolated-2] [ERROR] [1789771230.269214775] [tf_help]: Data time: 84s 0ns, Transform time: 3s 679000000ns
[component_container_isolated-2] [ERROR] [1789771230.319329967] [tf_help]: Transform data too old when converting from map to odom
[component_container_isolated-2] [ERROR] [1789771230.319362465] [tf_help]: Data time: 84s 0ns, Transform time: 3s 679000000ns
[component_container_isolated-2] [ERROR] [1789771230.369223734] [tf_help]: Transform data too old when converting from map to odom
[component_container_isolated-2] [ERROR] [1789771230.369272655] [tf_help]: Data time: 84s 0ns, Transform time: 3s 679000000ns
[component_container_isolated-2] [ERROR] [1789771230.419205005] [tf_help]: Transform data too old when converting from map to odom
[component_container_isolated-2] [ERROR] [1789771230.419239797] [tf_help]: Data time: 84s 0ns, Transform time: 3s 679000000ns
[component_container_isolated-2] [ERROR] [1789771230.469435520] [tf_help]: Transform data too old when converting from map to odom
[component_container_isolated-2] [ERROR] [1789771230.469472427] [tf_help]: Data time: 84s 0ns, Transform time: 3s 679000000ns
[component_container_isolated-2] [ERROR] [1789771230.520193094] [tf_help]: Transform data too old when converting from map to odom
[component_container_isolated-2] [ERROR] [1789771230.520226465] [tf_help]: Data time: 84s 0ns, Transform time: 3s 679000000ns
[component_container_isolated-2] [ERROR] [1789771230.569447260] [tf_help]: Transform data too old when converting from map to odom
[component_container_isolated-2] [ERROR] [1789771230.569502006] [tf_help]: Data time: 84s 0ns, Transform time: 3s 679000000ns
[component_container_isolated-2] [ERROR] [1789771230.620237188] [tf_help]: Transform data too old when converting from map to odom
[component_container_isolated-2] [ERROR] [1789771230.620278554] [tf_help]: Data time: 84s 0ns, Transform time: 3s 679000000ns
[component_container_isolated-2] [ERROR] [1789771230.670026266] [tf_help]: Transform data too old when converting from map to odom
[component_container_isolated-2] [ERROR] [1789771230.670071869] [tf_help]: Data time: 84s 0ns, Transform time: 3s 679000000ns
[component_container_isolated-2] [INFO] [1789771230.719955275] [controller_server]: [TG-MPPI] cycle time (compute_backend=cpu): 5.359 ms/cycle avg over 50 cycles
[component_container_isolated-2] [ERROR] [1789771230.720113190] [tf_help]: Transform data too old when converting from map to odom
[component_container_isolated-2] [ERROR] [1789771230.720133037] [tf_help]: Data time: 84s 0ns, Transform time: 3s 679000000ns
[component_container_isolated-2] [ERROR] [1789771230.770183542] [tf_help]: Transform data too old when converting from map to odom
[component_container_isolated-2] [ERROR] [1789771230.770219017] [tf_help]: Data time: 84s 0ns, Transform time: 3s 679000000ns
[component_container_isolated-2] [ERROR] [1789771230.820226219] [tf_help]: Transform data too old when converting from map to odom
[component_container_isolated-2] [ERROR] [1789771230.820256403] [tf_help]: Data time: 84s 0ns, Transform time: 3s 679000000ns
[component_container_isolated-2] [ERROR] [1789771230.870364254] [tf_help]: Transform data too old when converting from map to odom
[component_container_isolated-2] [ERROR] [1789771230.870396165] [tf_help]: Data time: 84s 0ns, Transform time: 3s 679000000ns
[component_container_isolated-2] [ERROR] [1789771230.919972849] [tf_help]: Transform data too old when converting from map to odom
[component_container_isolated-2] [ERROR] [1789771230.920004214] [tf_help]: Data time: 84s 0ns, Transform time: 3s 679000000ns
[component_container_isolated-2] [ERROR] [1789771230.970387275] [tf_help]: Transform data too old when converting from map to odom
[component_container_isolated-2] [ERROR] [1789771230.970418258] [tf_help]: Data time: 84s 0ns, Transform time: 3s 679000000ns
[component_container_isolated-2] [ERROR] [1789771231.019962146] [tf_help]: Transform data too old when converting from map to odom
[component_container_isolated-2] [ERROR] [1789771231.020000020] [tf_help]: Data time: 84s 0ns, Transform time: 3s 679000000ns
[component_container_isolated-2] [ERROR] [1789771231.070075785] [tf_help]: Transform data too old when converting from map to odom
[component_container_isolated-2] [ERROR] [1789771231.070107205] [tf_help]: Data time: 84s 0ns, Transform time: 3s 679000000ns
[component_container_isolated-2] [INFO] [1789771231.114139059] [controller_server]: Passing new path to controller.
[component_container_isolated-2] [ERROR] [1789771231.124400215] [tf_help]: Transform data too old when converting from map to odom
[component_container_isolated-2] [ERROR] [1789771231.124446054] [tf_help]: Data time: 85s 0ns, Transform time: 3s 679000000ns
[component_container_isolated-2] [ERROR] [1789771231.172180943] [tf_help]: Transform data too old when converting from map to odom
[component_container_isolated-2] [ERROR] [1789771231.172224663] [tf_help]: Data time: 85s 0ns, Transform time: 3s 679000000ns
[component_container_isolated-2] [ERROR] [1789771231.219756934] [tf_help]: Transform data too old when converting from map to odom
[component_container_isolated-2] [ERROR] [1789771231.219796620] [tf_help]: Data time: 85s 0ns, Transform time: 3s 679000000ns
[component_container_isolated-2] [ERROR] [1789771231.270955352] [tf_help]: Transform data too old when converting from map to odom
[component_container_isolated-2] [ERROR] [1789771231.270987650] [tf_help]: Data time: 85s 0ns, Transform time: 3s 679000000ns
[component_container_isolated-2] [ERROR] [1789771231.319334111] [tf_help]: Transform data too old when converting from map to odom
[component_container_isolated-2] [ERROR] [1789771231.319368940] [tf_help]: Data time: 85s 0ns, Transform time: 3s 679000000ns
[component_container_isolated-2] [ERROR] [1789771231.369360677] [tf_help]: Transform data too old when converting from map to odom
[component_container_isolated-2] [ERROR] [1789771231.369411855] [tf_help]: Data time: 85s 0ns, Transform time: 3s 679000000ns
[component_container_isolated-2] [ERROR] [1789771231.420280211] [tf_help]: Transform data too old when converting from map to odom
[component_container_isolated-2] [ERROR] [1789771231.420327220] [tf_help]: Data time: 85s 0ns, Transform time: 3s 679000000ns
[component_container_isolated-2] [ERROR] [1789771231.473656052] [tf_help]: Transform data too old when converting from map to odom
[component_container_isolated-2] [ERROR] [1789771231.473703172] [tf_help]: Data time: 85s 0ns, Transform time: 3s 679000000ns
[component_container_isolated-2] [ERROR] [1789771231.524156449] [tf_help]: Transform data too old when converting from map to odom
[component_container_isolated-2] [ERROR] [1789771231.524203707] [tf_help]: Data time: 85s 0ns, Transform time: 3s 679000000ns
[component_container_isolated-2] [ERROR] [1789771231.571113299] [tf_help]: Transform data too old when converting from map to odom
[component_container_isolated-2] [ERROR] [1789771231.571149289] [tf_help]: Data time: 85s 0ns, Transform time: 3s 679000000ns
[component_container_isolated-2] [ERROR] [1789771231.619417458] [tf_help]: Transform data too old when converting from map to odom
[component_container_isolated-2] [ERROR] [1789771231.619456096] [tf_help]: Data time: 85s 0ns, Transform time: 3s 679000000ns
[component_container_isolated-2] [ERROR] [1789771231.669177918] [tf_help]: Transform data too old when converting from map to odom
[component_container_isolated-2] [ERROR] [1789771231.669209952] [tf_help]: Data time: 85s 0ns, Transform time: 3s 679000000ns
[component_container_isolated-2] [ERROR] [1789771231.719366892] [tf_help]: Transform data too old when converting from map to odom
[component_container_isolated-2] [ERROR] [1789771231.719399784] [tf_help]: Data time: 85s 0ns, Transform time: 3s 679000000ns
[component_container_isolated-2] [ERROR] [1789771231.769357036] [tf_help]: Transform data too old when converting from map to odom
[component_container_isolated-2] [ERROR] [1789771231.769390173] [tf_help]: Data time: 85s 0ns, Transform time: 3s 679000000ns
[component_container_isolated-2] [ERROR] [1789771231.819566144] [tf_help]: Transform data too old when converting from map to odom
[component_container_isolated-2] [ERROR] [1789771231.819596809] [tf_help]: Data time: 85s 0ns, Transform time: 3s 679000000ns
[component_container_isolated-2] [ERROR] [1789771231.872593565] [tf_help]: Transform data too old when converting from map to odom
[component_container_isolated-2] [ERROR] [1789771231.872638021] [tf_help]: Data time: 85s 0ns, Transform time: 3s 679000000ns
[component_container_isolated-2] [ERROR] [1789771231.923882817] [tf_help]: Transform data too old when converting from map to odom
[component_container_isolated-2] [ERROR] [1789771231.923930080] [tf_help]: Data time: 85s 0ns, Transform time: 3s 679000000ns
[component_container_isolated-2] [ERROR] [1789771231.973870021] [tf_help]: Transform data too old when converting from map to odom
[component_container_isolated-2] [ERROR] [1789771231.973912558] [tf_help]: Data time: 85s 0ns, Transform time: 3s 679000000ns
[component_container_isolated-2] [ERROR] [1789771232.021276646] [tf_help]: Transform data too old when converting from map to odom
[component_container_isolated-2] [ERROR] [1789771232.021316471] [tf_help]: Data time: 85s 0ns, Transform time: 3s 679000000ns
[component_container_isolated-2] [ERROR] [1789771232.069087987] [tf_help]: Transform data too old when converting from map to odom
[component_container_isolated-2] [ERROR] [1789771232.069121604] [tf_help]: Data time: 85s 0ns, Transform time: 3s 679000000ns
[component_container_isolated-2] [ERROR] [1789771232.119605946] [tf_help]: Transform data too old when converting from map to odom
[component_container_isolated-2] [ERROR] [1789771232.119636611] [tf_help]: Data time: 85s 0ns, Transform time: 3s 679000000ns
[component_container_isolated-2] [INFO] [1789771232.164133725] [controller_server]: Passing new path to controller.
[component_container_isolated-2] [ERROR] [1789771232.169615270] [tf_help]: Transform data too old when converting from map to odom
[component_container_isolated-2] [ERROR] [1789771232.169639851] [tf_help]: Data time: 85s 800000000ns, Transform time: 3s 679000000ns
[component_container_isolated-2] [ERROR] [1789771232.219550478] [tf_help]: Transform data too old when converting from map to odom
[component_container_isolated-2] [ERROR] [1789771232.219590140] [tf_help]: Data time: 85s 800000000ns, Transform time: 3s 679000000ns
[component_container_isolated-2] [ERROR] [1789771232.269503160] [tf_help]: Transform data too old when converting from map to odom
[component_container_isolated-2] [ERROR] [1789771232.269536945] [tf_help]: Data time: 85s 800000000ns, Transform time: 3s 679000000ns
[component_container_isolated-2] [ERROR] [1789771232.322234737] [tf_help]: Transform data too old when converting from map to odom
[component_container_isolated-2] [ERROR] [1789771232.322271688] [tf_help]: Data time: 85s 800000000ns, Transform time: 3s 679000000ns
[component_container_isolated-2] [ERROR] [1789771232.369592694] [tf_help]: Transform data too old when converting from map to odom
[component_container_isolated-2] [ERROR] [1789771232.369626382] [tf_help]: Data time: 85s 800000000ns, Transform time: 3s 679000000ns
[component_container_isolated-2] [ERROR] [1789771232.419394684] [tf_help]: Transform data too old when converting from map to odom
[component_container_isolated-2] [ERROR] [1789771232.419428023] [tf_help]: Data time: 85s 800000000ns, Transform time: 3s 679000000ns
[component_container_isolated-2] [ERROR] [1789771232.469156263] [tf_help]: Transform data too old when converting from map to odom
[component_container_isolated-2] [ERROR] [1789771232.469189712] [tf_help]: Data time: 85s 800000000ns, Transform time: 3s 679000000ns
[component_container_isolated-2] [ERROR] [1789771232.519341497] [tf_help]: Transform data too old when converting from map to odom
[component_container_isolated-2] [ERROR] [1789771232.519372721] [tf_help]: Data time: 85s 800000000ns, Transform time: 3s 679000000ns
[component_container_isolated-2] [ERROR] [1789771232.569482470] [tf_help]: Transform data too old when converting from map to odom
[component_container_isolated-2] [ERROR] [1789771232.569519689] [tf_help]: Data time: 85s 800000000ns, Transform time: 3s 679000000ns
[component_container_isolated-2] [ERROR] [1789771232.619236647] [tf_help]: Transform data too old when converting from map to odom
[component_container_isolated-2] [ERROR] [1789771232.619289953] [tf_help]: Data time: 85s 800000000ns, Transform time: 3s 679000000ns
[component_container_isolated-2] [ERROR] [1789771232.669213207] [tf_help]: Transform data too old when converting from map to odom
[component_container_isolated-2] [ERROR] [1789771232.669248834] [tf_help]: Data time: 85s 800000000ns, Transform time: 3s 679000000ns
[component_container_isolated-2] [ERROR] [1789771232.719229216] [tf_help]: Transform data too old when converting from map to odom
[component_container_isolated-2] [ERROR] [1789771232.719262114] [tf_help]: Data time: 85s 800000000ns, Transform time: 3s 679000000ns
[component_container_isolated-2] [ERROR] [1789771232.769286284] [tf_help]: Transform data too old when converting from map to odom
[component_container_isolated-2] [ERROR] [1789771232.769321215] [tf_help]: Data time: 85s 800000000ns, Transform time: 3s 679000000ns
[component_container_isolated-2] [ERROR] [1789771232.823436470] [tf_help]: Transform data too old when converting from map to odom
[component_container_isolated-2] [ERROR] [1789771232.823475958] [tf_help]: Data time: 85s 800000000ns, Transform time: 3s 679000000ns
[component_container_isolated-2] [ERROR] [1789771232.869291813] [tf_help]: Transform data too old when converting from map to odom
[component_container_isolated-2] [ERROR] [1789771232.869327972] [tf_help]: Data time: 85s 800000000ns, Transform time: 3s 679000000ns
[component_container_isolated-2] [ERROR] [1789771232.919390538] [tf_help]: Transform data too old when converting from map to odom
[component_container_isolated-2] [ERROR] [1789771232.919438410] [tf_help]: Data time: 85s 800000000ns, Transform time: 3s 679000000ns
[component_container_isolated-2] [ERROR] [1789771232.969908738] [tf_help]: Transform data too old when converting from map to odom
[component_container_isolated-2] [ERROR] [1789771232.969944120] [tf_help]: Data time: 85s 800000000ns, Transform time: 3s 679000000ns
[component_container_isolated-2] [ERROR] [1789771233.019249937] [tf_help]: Transform data too old when converting from map to odom
[component_container_isolated-2] [ERROR] [1789771233.019300030] [tf_help]: Data time: 85s 800000000ns, Transform time: 3s 679000000ns
[component_container_isolated-2] [ERROR] [1789771233.069100252] [tf_help]: Transform data too old when converting from map to odom
[component_container_isolated-2] [ERROR] [1789771233.069130715] [tf_help]: Data time: 85s 800000000ns, Transform time: 3s 679000000ns
[component_container_isolated-2] [ERROR] [1789771233.119171431] [tf_help]: Transform data too old when converting from map to odom
[component_container_isolated-2] [ERROR] [1789771233.119203692] [tf_help]: Data time: 85s 800000000ns, Transform time: 3s 679000000ns
[component_container_isolated-2] [ERROR] [1789771233.169505967] [tf_help]: Transform data too old when converting from map to odom
[component_container_isolated-2] [ERROR] [1789771233.169536883] [tf_help]: Data time: 85s 800000000ns, Transform time: 3s 679000000ns
[component_container_isolated-2] [INFO] [1789771233.214028689] [controller_server]: Passing new path to controller.
[component_container_isolated-2] [INFO] [1789771233.219114554] [controller_server]: [TG-MPPI] cycle time (compute_backend=cpu): 6.026 ms/cycle avg over 50 cycles
[component_container_isolated-2] [ERROR] [1789771233.219235042] [tf_help]: Transform data too old when converting from map to odom
[component_container_isolated-2] [ERROR] [1789771233.219252659] [tf_help]: Data time: 86s 900000000ns, Transform time: 3s 679000000ns
[component_container_isolated-2] [ERROR] [1789771233.269222807] [tf_help]: Transform data too old when converting from map to odom
[component_container_isolated-2] [ERROR] [1789771233.269260163] [tf_help]: Data time: 86s 900000000ns, Transform time: 3s 679000000ns
[component_container_isolated-2] [ERROR] [1789771233.319258191] [tf_help]: Transform data too old when converting from map to odom
[component_container_isolated-2] [ERROR] [1789771233.319293743] [tf_help]: Data time: 86s 900000000ns, Transform time: 3s 679000000ns
[component_container_isolated-2] [ERROR] [1789771233.374699733] [tf_help]: Transform data too old when converting from map to odom
[component_container_isolated-2] [ERROR] [1789771233.374755595] [tf_help]: Data time: 86s 900000000ns, Transform time: 3s 679000000ns
[component_container_isolated-2] [ERROR] [1789771233.423666966] [tf_help]: Transform data too old when converting from map to odom
[component_container_isolated-2] [ERROR] [1789771233.423716587] [tf_help]: Data time: 86s 900000000ns, Transform time: 3s 679000000ns
[component_container_isolated-2] [ERROR] [1789771233.470892732] [tf_help]: Transform data too old when converting from map to odom
[component_container_isolated-2] [ERROR] [1789771233.470930549] [tf_help]: Data time: 86s 900000000ns, Transform time: 3s 679000000ns
[component_container_isolated-2] [ERROR] [1789771233.521497490] [tf_help]: Transform data too old when converting from map to odom
[component_container_isolated-2] [ERROR] [1789771233.521531602] [tf_help]: Data time: 86s 900000000ns, Transform time: 3s 679000000ns
[component_container_isolated-2] [ERROR] [1789771233.570305608] [tf_help]: Transform data too old when converting from map to odom
[component_container_isolated-2] [ERROR] [1789771233.570342502] [tf_help]: Data time: 86s 900000000ns, Transform time: 3s 679000000ns
[component_container_isolated-2] [ERROR] [1789771233.620288966] [tf_help]: Transform data too old when converting from map to odom
[component_container_isolated-2] [ERROR] [1789771233.620321122] [tf_help]: Data time: 86s 900000000ns, Transform time: 3s 679000000ns
[component_container_isolated-2] [ERROR] [1789771233.669131000] [tf_help]: Transform data too old when converting from map to odom
[component_container_isolated-2] [ERROR] [1789771233.669167377] [tf_help]: Data time: 86s 900000000ns, Transform time: 3s 679000000ns
[component_container_isolated-2] [ERROR] [1789771233.719147038] [tf_help]: Transform data too old when converting from map to odom
[component_container_isolated-2] [ERROR] [1789771233.719183918] [tf_help]: Data time: 86s 900000000ns, Transform time: 3s 679000000ns
[component_container_isolated-2] [ERROR] [1789771233.769416517] [tf_help]: Transform data too old when converting from map to odom
[component_container_isolated-2] [ERROR] [1789771233.769458981] [tf_help]: Data time: 86s 900000000ns, Transform time: 3s 679000000ns
[component_container_isolated-2] [ERROR] [1789771233.819364502] [tf_help]: Transform data too old when converting from map to odom
[component_container_isolated-2] [ERROR] [1789771233.819398581] [tf_help]: Data time: 86s 900000000ns, Transform time: 3s 679000000ns
[component_container_isolated-2] [ERROR] [1789771233.869182714] [tf_help]: Transform data too old when converting from map to odom
[component_container_isolated-2] [ERROR] [1789771233.869214253] [tf_help]: Data time: 86s 900000000ns, Transform time: 3s 679000000ns
[component_container_isolated-2] [ERROR] [1789771233.919449558] [tf_help]: Transform data too old when converting from map to odom
[component_container_isolated-2] [ERROR] [1789771233.919490717] [tf_help]: Data time: 86s 900000000ns, Transform time: 3s 679000000ns
[component_container_isolated-2] [ERROR] [1789771233.970629492] [tf_help]: Transform data too old when converting from map to odom
[component_container_isolated-2] [ERROR] [1789771233.970661352] [tf_help]: Data time: 86s 900000000ns, Transform time: 3s 679000000ns
[component_container_isolated-2] [ERROR] [1789771234.023382219] [tf_help]: Transform data too old when converting from map to odom
[component_container_isolated-2] [ERROR] [1789771234.023418652] [tf_help]: Data time: 86s 900000000ns, Transform time: 3s 679000000ns
[component_container_isolated-2] [ERROR] [1789771234.069161758] [tf_help]: Transform data too old when converting from map to odom
[component_container_isolated-2] [ERROR] [1789771234.069197394] [tf_help]: Data time: 86s 900000000ns, Transform time: 3s 679000000ns
[component_container_isolated-2] [ERROR] [1789771234.119298191] [tf_help]: Transform data too old when converting from map to odom
[component_container_isolated-2] [ERROR] [1789771234.119329646] [tf_help]: Data time: 86s 900000000ns, Transform time: 3s 679000000ns
[component_container_isolated-2] [ERROR] [1789771234.169103134] [tf_help]: Transform data too old when converting from map to odom
[component_container_isolated-2] [ERROR] [1789771234.169135392] [tf_help]: Data time: 86s 900000000ns, Transform time: 3s 679000000ns
[component_container_isolated-2] [INFO] [1789771234.214114818] [controller_server]: Passing new path to controller.
[component_container_isolated-2] [ERROR] [1789771234.219785710] [tf_help]: Transform data too old when converting from map to odom
[component_container_isolated-2] [ERROR] [1789771234.219810942] [tf_help]: Data time: 87s 800000000ns, Transform time: 3s 679000000ns
[component_container_isolated-2] [ERROR] [1789771234.269435729] [tf_help]: Transform data too old when converting from map to odom
[component_container_isolated-2] [ERROR] [1789771234.269468606] [tf_help]: Data time: 87s 800000000ns, Transform time: 3s 679000000ns
[component_container_isolated-2] [ERROR] [1789771234.319280840] [tf_help]: Transform data too old when converting from map to odom
[component_container_isolated-2] [ERROR] [1789771234.319313377] [tf_help]: Data time: 87s 800000000ns, Transform time: 3s 679000000ns
[component_container_isolated-2] [ERROR] [1789771234.369674874] [tf_help]: Transform data too old when converting from map to odom
[component_container_isolated-2] [ERROR] [1789771234.369712894] [tf_help]: Data time: 87s 800000000ns, Transform time: 3s 679000000ns
[component_container_isolated-2] [ERROR] [1789771234.419234438] [tf_help]: Transform data too old when converting from map to odom
[component_container_isolated-2] [ERROR] [1789771234.419267195] [tf_help]: Data time: 87s 800000000ns, Transform time: 3s 679000000ns
[component_container_isolated-2] [ERROR] [1789771234.469317386] [tf_help]: Transform data too old when converting from map to odom
[component_container_isolated-2] [ERROR] [1789771234.469358473] [tf_help]: Data time: 87s 800000000ns, Transform time: 3s 679000000ns
[component_container_isolated-2] [ERROR] [1789771234.519247986] [tf_help]: Transform data too old when converting from map to odom
[component_container_isolated-2] [ERROR] [1789771234.519280692] [tf_help]: Data time: 87s 800000000ns, Transform time: 3s 679000000ns
[component_container_isolated-2] [ERROR] [1789771234.569228470] [tf_help]: Transform data too old when converting from map to odom
[component_container_isolated-2] [ERROR] [1789771234.569260813] [tf_help]: Data time: 87s 800000000ns, Transform time: 3s 679000000ns
[component_container_isolated-2] [ERROR] [1789771234.620062511] [tf_help]: Transform data too old when converting from map to odom
[component_container_isolated-2] [ERROR] [1789771234.620094363] [tf_help]: Data time: 87s 800000000ns, Transform time: 3s 679000000ns
[component_container_isolated-2] [ERROR] [1789771234.669859306] [tf_help]: Transform data too old when converting from map to odom
[component_container_isolated-2] [ERROR] [1789771234.669889376] [tf_help]: Data time: 87s 800000000ns, Transform time: 3s 679000000ns
[component_container_isolated-2] [ERROR] [1789771234.720344934] [tf_help]: Transform data too old when converting from map to odom
[component_container_isolated-2] [ERROR] [1789771234.720379768] [tf_help]: Data time: 87s 800000000ns, Transform time: 3s 679000000ns
[component_container_isolated-2] [ERROR] [1789771234.769493675] [tf_help]: Transform data too old when converting from map to odom
[component_container_isolated-2] [ERROR] [1789771234.769527734] [tf_help]: Data time: 87s 800000000ns, Transform time: 3s 679000000ns
[component_container_isolated-2] [ERROR] [1789771234.819422131] [tf_help]: Transform data too old when converting from map to odom
[component_container_isolated-2] [ERROR] [1789771234.819471990] [tf_help]: Data time: 87s 800000000ns, Transform time: 3s 679000000ns
[component_container_isolated-2] [ERROR] [1789771234.869355325] [tf_help]: Transform data too old when converting from map to odom
[component_container_isolated-2] [ERROR] [1789771234.869390760] [tf_help]: Data time: 87s 800000000ns, Transform time: 3s 679000000ns
[component_container_isolated-2] [ERROR] [1789771234.919623786] [tf_help]: Transform data too old when converting from map to odom
[component_container_isolated-2] [ERROR] [1789771234.919657590] [tf_help]: Data time: 87s 800000000ns, Transform time: 3s 679000000ns
[component_container_isolated-2] [ERROR] [1789771234.969388254] [tf_help]: Transform data too old when converting from map to odom
[component_container_isolated-2] [ERROR] [1789771234.969418538] [tf_help]: Data time: 87s 800000000ns, Transform time: 3s 679000000ns
[component_container_isolated-2] [ERROR] [1789771235.019442797] [tf_help]: Transform data too old when converting from map to odom
[component_container_isolated-2] [ERROR] [1789771235.019477727] [tf_help]: Data time: 87s 800000000ns, Transform time: 3s 679000000ns
[component_container_isolated-2] [ERROR] [1789771235.073363217] [tf_help]: Transform data too old when converting from map to odom
[component_container_isolated-2] [ERROR] [1789771235.073407116] [tf_help]: Data time: 87s 800000000ns, Transform time: 3s 679000000ns
[component_container_isolated-2] [ERROR] [1789771235.121965416] [tf_help]: Transform data too old when converting from map to odom
[component_container_isolated-2] [ERROR] [1789771235.121996775] [tf_help]: Data time: 87s 800000000ns, Transform time: 3s 679000000ns
[component_container_isolated-2] [ERROR] [1789771235.169342757] [tf_help]: Transform data too old when converting from map to odom
[component_container_isolated-2] [ERROR] [1789771235.169376323] [tf_help]: Data time: 87s 800000000ns, Transform time: 3s 679000000ns
[component_container_isolated-2] [ERROR] [1789771235.219390599] [tf_help]: Transform data too old when converting from map to odom
[component_container_isolated-2] [ERROR] [1789771235.219436066] [tf_help]: Data time: 87s 800000000ns, Transform time: 3s 679000000ns
[component_container_isolated-2] [INFO] [1789771235.264133944] [controller_server]: Passing new path to controller.
[component_container_isolated-2] [ERROR] [1789771235.269478374] [tf_help]: Transform data too old when converting from map to odom
[component_container_isolated-2] [ERROR] [1789771235.269503104] [tf_help]: Data time: 88s 800000000ns, Transform time: 3s 679000000ns
[component_container_isolated-2] [ERROR] [1789771235.319196058] [tf_help]: Transform data too old when converting from map to odom
[component_container_isolated-2] [ERROR] [1789771235.319230525] [tf_help]: Data time: 88s 800000000ns, Transform time: 3s 679000000ns
[component_container_isolated-2] [ERROR] [1789771235.369353441] [tf_help]: Transform data too old when converting from map to odom
[component_container_isolated-2] [ERROR] [1789771235.369387805] [tf_help]: Data time: 88s 800000000ns, Transform time: 3s 679000000ns
[component_container_isolated-2] [ERROR] [1789771235.419343332] [tf_help]: Transform data too old when converting from map to odom
[component_container_isolated-2] [ERROR] [1789771235.419373446] [tf_help]: Data time: 88s 800000000ns, Transform time: 3s 679000000ns
[component_container_isolated-2] [ERROR] [1789771235.469363309] [tf_help]: Transform data too old when converting from map to odom
[component_container_isolated-2] [ERROR] [1789771235.469394446] [tf_help]: Data time: 88s 800000000ns, Transform time: 3s 679000000ns
[component_container_isolated-2] [ERROR] [1789771235.519216052] [tf_help]: Transform data too old when converting from map to odom
[component_container_isolated-2] [ERROR] [1789771235.519246321] [tf_help]: Data time: 88s 800000000ns, Transform time: 3s 679000000ns
[component_container_isolated-2] [ERROR] [1789771235.569196547] [tf_help]: Transform data too old when converting from map to odom
[component_container_isolated-2] [ERROR] [1789771235.569239821] [tf_help]: Data time: 88s 800000000ns, Transform time: 3s 679000000ns
[component_container_isolated-2] [ERROR] [1789771235.619879471] [tf_help]: Transform data too old when converting from map to odom
[component_container_isolated-2] [ERROR] [1789771235.619915685] [tf_help]: Data time: 88s 800000000ns, Transform time: 3s 679000000ns
[component_container_isolated-2] [ERROR] [1789771235.673362084] [tf_help]: Transform data too old when converting from map to odom
[component_container_isolated-2] [ERROR] [1789771235.673395755] [tf_help]: Data time: 88s 800000000ns, Transform time: 3s 679000000ns
[component_container_isolated-2] [INFO] [1789771235.719230095] [controller_server]: [TG-MPPI] cycle time (compute_backend=cpu): 5.727 ms/cycle avg over 50 cycles
[component_container_isolated-2] [ERROR] [1789771235.719366831] [tf_help]: Transform data too old when converting from map to odom
[component_container_isolated-2] [ERROR] [1789771235.719384315] [tf_help]: Data time: 88s 800000000ns, Transform time: 3s 679000000ns
[component_container_isolated-2] [ERROR] [1789771235.770345694] [tf_help]: Transform data too old when converting from map to odom
[component_container_isolated-2] [ERROR] [1789771235.770381928] [tf_help]: Data time: 88s 800000000ns, Transform time: 3s 679000000ns
[component_container_isolated-2] [ERROR] [1789771235.819902759] [tf_help]: Transform data too old when converting from map to odom
[component_container_isolated-2] [ERROR] [1789771235.819936066] [tf_help]: Data time: 88s 800000000ns, Transform time: 3s 679000000ns
[component_container_isolated-2] [ERROR] [1789771235.869201966] [tf_help]: Transform data too old when converting from map to odom
[component_container_isolated-2] [ERROR] [1789771235.869233718] [tf_help]: Data time: 88s 800000000ns, Transform time: 3s 679000000ns
[component_container_isolated-2] [ERROR] [1789771235.919340341] [tf_help]: Transform data too old when converting from map to odom
[component_container_isolated-2] [ERROR] [1789771235.919385970] [tf_help]: Data time: 88s 800000000ns, Transform time: 3s 679000000ns
[component_container_isolated-2] [ERROR] [1789771235.969480884] [tf_help]: Transform data too old when converting from map to odom
[component_container_isolated-2] [ERROR] [1789771235.969529828] [tf_help]: Data time: 88s 800000000ns, Transform time: 3s 679000000ns
[component_container_isolated-2] [ERROR] [1789771236.019901513] [tf_help]: Transform data too old when converting from map to odom
[component_container_isolated-2] [ERROR] [1789771236.019938521] [tf_help]: Data time: 88s 800000000ns, Transform time: 3s 679000000ns
[component_container_isolated-2] [ERROR] [1789771236.073526584] [tf_help]: Transform data too old when converting from map to odom
[component_container_isolated-2] [ERROR] [1789771236.073556213] [tf_help]: Data time: 88s 800000000ns, Transform time: 3s 679000000ns
[component_container_isolated-2] [ERROR] [1789771236.119078449] [tf_help]: Transform data too old when converting from map to odom
[component_container_isolated-2] [ERROR] [1789771236.119110602] [tf_help]: Data time: 88s 800000000ns, Transform time: 3s 679000000ns
[component_container_isolated-2] [ERROR] [1789771236.170478690] [tf_help]: Transform data too old when converting from map to odom
[component_container_isolated-2] [ERROR] [1789771236.170510326] [tf_help]: Data time: 88s 800000000ns, Transform time: 3s 679000000ns
[component_container_isolated-2] [ERROR] [1789771236.219529460] [tf_help]: Transform data too old when converting from map to odom
[component_container_isolated-2] [ERROR] [1789771236.219559592] [tf_help]: Data time: 88s 800000000ns, Transform time: 3s 679000000ns
[component_container_isolated-2] [INFO] [1789771236.264053206] [controller_server]: Passing new path to controller.
[component_container_isolated-2] [ERROR] [1789771236.269987687] [tf_help]: Transform data too old when converting from map to odom
[component_container_isolated-2] [ERROR] [1789771236.270019590] [tf_help]: Data time: 89s 800000000ns, Transform time: 3s 679000000ns
[component_container_isolated-2] [ERROR] [1789771236.319572116] [tf_help]: Transform data too old when converting from map to odom
[component_container_isolated-2] [ERROR] [1789771236.319616670] [tf_help]: Data time: 89s 800000000ns, Transform time: 3s 679000000ns
[component_container_isolated-2] [ERROR] [1789771236.369482325] [tf_help]: Transform data too old when converting from map to odom
[component_container_isolated-2] [ERROR] [1789771236.369518947] [tf_help]: Data time: 89s 800000000ns, Transform time: 3s 679000000ns
[component_container_isolated-2] [ERROR] [1789771236.419141375] [tf_help]: Transform data too old when converting from map to odom
[component_container_isolated-2] [ERROR] [1789771236.419174663] [tf_help]: Data time: 89s 800000000ns, Transform time: 3s 679000000ns
[ground_truth_localizer-1] [INFO] [1789771236.450031109] [ground_truth_localizer]: last 10 s: ground truth msgs 294, map->odom published 294 (284 via latest odom TF)
[component_container_isolated-2] [ERROR] [1789771236.469223748] [tf_help]: Transform data too old when converting from map to odom
[component_container_isolated-2] [ERROR] [1789771236.469254781] [tf_help]: Data time: 89s 800000000ns, Transform time: 3s 679000000ns
[component_container_isolated-2] [ERROR] [1789771236.519178274] [tf_help]: Transform data too old when converting from map to odom
[component_container_isolated-2] [ERROR] [1789771236.519216406] [tf_help]: Data time: 89s 800000000ns, Transform time: 3s 679000000ns
[component_container_isolated-2] [ERROR] [1789771236.569252609] [tf_help]: Transform data too old when converting from map to odom
[component_container_isolated-2] [ERROR] [1789771236.569284511] [tf_help]: Data time: 89s 800000000ns, Transform time: 3s 679000000ns
[component_container_isolated-2] [ERROR] [1789771236.620396420] [tf_help]: Transform data too old when converting from map to odom
[component_container_isolated-2] [ERROR] [1789771236.620430282] [tf_help]: Data time: 89s 800000000ns, Transform time: 3s 679000000ns
[component_container_isolated-2] [ERROR] [1789771236.669732908] [tf_help]: Transform data too old when converting from map to odom
[component_container_isolated-2] [ERROR] [1789771236.669769673] [tf_help]: Data time: 89s 800000000ns, Transform time: 3s 679000000ns
[component_container_isolated-2] [ERROR] [1789771236.719568003] [tf_help]: Transform data too old when converting from map to odom
[component_container_isolated-2] [ERROR] [1789771236.719603162] [tf_help]: Data time: 89s 800000000ns, Transform time: 3s 679000000ns
[component_container_isolated-2] [ERROR] [1789771236.769246870] [tf_help]: Transform data too old when converting from map to odom
[component_container_isolated-2] [ERROR] [1789771236.769277193] [tf_help]: Data time: 89s 800000000ns, Transform time: 3s 679000000ns
[component_container_isolated-2] [ERROR] [1789771236.819574588] [tf_help]: Transform data too old when converting from map to odom
[component_container_isolated-2] [ERROR] [1789771236.819609347] [tf_help]: Data time: 89s 800000000ns, Transform time: 3s 679000000ns
[component_container_isolated-2] [ERROR] [1789771236.869298524] [tf_help]: Transform data too old when converting from map to odom
[component_container_isolated-2] [ERROR] [1789771236.869328003] [tf_help]: Data time: 89s 800000000ns, Transform time: 3s 679000000ns
[component_container_isolated-2] [ERROR] [1789771236.919459176] [tf_help]: Transform data too old when converting from map to odom
[component_container_isolated-2] [ERROR] [1789771236.919507958] [tf_help]: Data time: 89s 800000000ns, Transform time: 3s 679000000ns
[component_container_isolated-2] [ERROR] [1789771236.969481960] [tf_help]: Transform data too old when converting from map to odom
[component_container_isolated-2] [ERROR] [1789771236.969527403] [tf_help]: Data time: 89s 800000000ns, Transform time: 3s 679000000ns
[component_container_isolated-2] [ERROR] [1789771237.019330027] [tf_help]: Transform data too old when converting from map to odom
[component_container_isolated-2] [ERROR] [1789771237.019364266] [tf_help]: Data time: 89s 800000000ns, Transform time: 3s 679000000ns
[component_container_isolated-2] [ERROR] [1789771237.069696529] [tf_help]: Transform data too old when converting from map to odom
[component_container_isolated-2] [ERROR] [1789771237.069735501] [tf_help]: Data time: 89s 800000000ns, Transform time: 3s 679000000ns
[component_container_isolated-2] [ERROR] [1789771237.119183210] [tf_help]: Transform data too old when converting from map to odom
[component_container_isolated-2] [ERROR] [1789771237.119217500] [tf_help]: Data time: 89s 800000000ns, Transform time: 3s 679000000ns
[component_container_isolated-2] [ERROR] [1789771237.170422444] [tf_help]: Transform data too old when converting from map to odom
[component_container_isolated-2] [ERROR] [1789771237.170464059] [tf_help]: Data time: 89s 800000000ns, Transform time: 3s 679000000ns
[component_container_isolated-2] [ERROR] [1789771237.219708408] [tf_help]: Transform data too old when converting from map to odom
[component_container_isolated-2] [ERROR] [1789771237.219739393] [tf_help]: Data time: 89s 800000000ns, Transform time: 3s 679000000ns
[component_container_isolated-2] [ERROR] [1789771237.269097487] [tf_help]: Transform data too old when converting from map to odom
[component_container_isolated-2] [ERROR] [1789771237.269130376] [tf_help]: Data time: 89s 800000000ns, Transform time: 3s 679000000ns
[component_container_isolated-2] [INFO] [1789771237.314061167] [controller_server]: Passing new path to controller.
[component_container_isolated-2] [ERROR] [1789771237.319277272] [tf_help]: Transform data too old when converting from map to odom
[component_container_isolated-2] [ERROR] [1789771237.319301149] [tf_help]: Data time: 90s 700000000ns, Transform time: 3s 679000000ns
[component_container_isolated-2] [ERROR] [1789771237.370979749] [tf_help]: Transform data too old when converting from map to odom
[component_container_isolated-2] [ERROR] [1789771237.371013511] [tf_help]: Data time: 90s 700000000ns, Transform time: 3s 679000000ns
[component_container_isolated-2] [ERROR] [1789771237.419447670] [tf_help]: Transform data too old when converting from map to odom
[component_container_isolated-2] [ERROR] [1789771237.419483028] [tf_help]: Data time: 90s 700000000ns, Transform time: 3s 679000000ns
[component_container_isolated-2] [ERROR] [1789771237.469270413] [tf_help]: Transform data too old when converting from map to odom
[component_container_isolated-2] [ERROR] [1789771237.469304195] [tf_help]: Data time: 90s 700000000ns, Transform time: 3s 679000000ns
[component_container_isolated-2] [ERROR] [1789771237.519414154] [tf_help]: Transform data too old when converting from map to odom
[component_container_isolated-2] [ERROR] [1789771237.519450618] [tf_help]: Data time: 90s 700000000ns, Transform time: 3s 679000000ns
[component_container_isolated-2] [ERROR] [1789771237.570724041] [tf_help]: Transform data too old when converting from map to odom
[component_container_isolated-2] [ERROR] [1789771237.570757187] [tf_help]: Data time: 90s 700000000ns, Transform time: 3s 679000000ns
[component_container_isolated-2] [ERROR] [1789771237.619502448] [tf_help]: Transform data too old when converting from map to odom
[component_container_isolated-2] [ERROR] [1789771237.619532920] [tf_help]: Data time: 90s 700000000ns, Transform time: 3s 679000000ns
[component_container_isolated-2] [ERROR] [1789771237.670811903] [tf_help]: Transform data too old when converting from map to odom
[component_container_isolated-2] [ERROR] [1789771237.670845893] [tf_help]: Data time: 90s 700000000ns, Transform time: 3s 679000000ns
[component_container_isolated-2] [ERROR] [1789771237.719919949] [tf_help]: Transform data too old when converting from map to odom
[component_container_isolated-2] [ERROR] [1789771237.719952530] [tf_help]: Data time: 90s 700000000ns, Transform time: 3s 679000000ns
[component_container_isolated-2] [ERROR] [1789771237.770547751] [tf_help]: Transform data too old when converting from map to odom
[component_container_isolated-2] [ERROR] [1789771237.770582783] [tf_help]: Data time: 90s 700000000ns, Transform time: 3s 679000000ns
[component_container_isolated-2] [ERROR] [1789771237.820126288] [tf_help]: Transform data too old when converting from map to odom
[component_container_isolated-2] [ERROR] [1789771237.820159957] [tf_help]: Data time: 90s 700000000ns, Transform time: 3s 679000000ns
[component_container_isolated-2] [ERROR] [1789771237.870161892] [tf_help]: Transform data too old when converting from map to odom
[component_container_isolated-2] [ERROR] [1789771237.870195160] [tf_help]: Data time: 90s 700000000ns, Transform time: 3s 679000000ns
[component_container_isolated-2] [ERROR] [1789771237.920062281] [tf_help]: Transform data too old when converting from map to odom
[component_container_isolated-2] [ERROR] [1789771237.920093986] [tf_help]: Data time: 90s 700000000ns, Transform time: 3s 679000000ns
[component_container_isolated-2] [ERROR] [1789771237.969321507] [tf_help]: Transform data too old when converting from map to odom
[component_container_isolated-2] [ERROR] [1789771237.969349789] [tf_help]: Data time: 90s 700000000ns, Transform time: 3s 679000000ns
[component_container_isolated-2] [ERROR] [1789771238.019248442] [tf_help]: Transform data too old when converting from map to odom
[component_container_isolated-2] [ERROR] [1789771238.019294696] [tf_help]: Data time: 90s 700000000ns, Transform time: 3s 679000000ns
[component_container_isolated-2] [ERROR] [1789771238.069315413] [tf_help]: Transform data too old when converting from map to odom
[component_container_isolated-2] [ERROR] [1789771238.069348051] [tf_help]: Data time: 90s 700000000ns, Transform time: 3s 679000000ns
[component_container_isolated-2] [ERROR] [1789771238.119687572] [tf_help]: Transform data too old when converting from map to odom
[component_container_isolated-2] [ERROR] [1789771238.119727144] [tf_help]: Data time: 90s 700000000ns, Transform time: 3s 679000000ns
[component_container_isolated-2] [ERROR] [1789771238.169187045] [tf_help]: Transform data too old when converting from map to odom
[component_container_isolated-2] [ERROR] [1789771238.169222856] [tf_help]: Data time: 90s 700000000ns, Transform time: 3s 679000000ns
[component_container_isolated-2] [INFO] [1789771238.219027378] [controller_server]: [TG-MPPI] cycle time (compute_backend=cpu): 5.446 ms/cycle avg over 50 cycles
[component_container_isolated-2] [ERROR] [1789771238.219182613] [tf_help]: Transform data too old when converting from map to odom
[component_container_isolated-2] [ERROR] [1789771238.219202780] [tf_help]: Data time: 90s 700000000ns, Transform time: 3s 679000000ns
[component_container_isolated-2] [ERROR] [1789771238.269389006] [tf_help]: Transform data too old when converting from map to odom
[component_container_isolated-2] [ERROR] [1789771238.269421167] [tf_help]: Data time: 90s 700000000ns, Transform time: 3s 679000000ns
[component_container_isolated-2] [ERROR] [1789771238.319121690] [tf_help]: Transform data too old when converting from map to odom
[component_container_isolated-2] [ERROR] [1789771238.319152292] [tf_help]: Data time: 90s 700000000ns, Transform time: 3s 679000000ns
[component_container_isolated-2] [INFO] [1789771238.364061367] [controller_server]: Passing new path to controller.
[component_container_isolated-2] [ERROR] [1789771238.369358206] [tf_help]: Transform data too old when converting from map to odom
[component_container_isolated-2] [ERROR] [1789771238.369380996] [tf_help]: Data time: 91s 600000000ns, Transform time: 3s 679000000ns
[component_container_isolated-2] [ERROR] [1789771238.419523212] [tf_help]: Transform data too old when converting from map to odom
[component_container_isolated-2] [ERROR] [1789771238.419555525] [tf_help]: Data time: 91s 600000000ns, Transform time: 3s 679000000ns
[component_container_isolated-2] [ERROR] [1789771238.469392374] [tf_help]: Transform data too old when converting from map to odom
[component_container_isolated-2] [ERROR] [1789771238.469426007] [tf_help]: Data time: 91s 600000000ns, Transform time: 3s 679000000ns
[component_container_isolated-2] [ERROR] [1789771238.519214528] [tf_help]: Transform data too old when converting from map to odom
[component_container_isolated-2] [ERROR] [1789771238.519250176] [tf_help]: Data time: 91s 600000000ns, Transform time: 3s 679000000ns
[component_container_isolated-2] [ERROR] [1789771238.569373962] [tf_help]: Transform data too old when converting from map to odom
[component_container_isolated-2] [ERROR] [1789771238.569408163] [tf_help]: Data time: 91s 600000000ns, Transform time: 3s 679000000ns
[component_container_isolated-2] [ERROR] [1789771238.619428095] [tf_help]: Transform data too old when converting from map to odom
[component_container_isolated-2] [ERROR] [1789771238.619462382] [tf_help]: Data time: 91s 600000000ns, Transform time: 3s 679000000ns
[component_container_isolated-2] [ERROR] [1789771238.669351887] [tf_help]: Transform data too old when converting from map to odom
[component_container_isolated-2] [ERROR] [1789771238.669399313] [tf_help]: Data time: 91s 600000000ns, Transform time: 3s 679000000ns
[component_container_isolated-2] [ERROR] [1789771238.719288076] [tf_help]: Transform data too old when converting from map to odom
[component_container_isolated-2] [ERROR] [1789771238.719322430] [tf_help]: Data time: 91s 600000000ns, Transform time: 3s 679000000ns
[component_container_isolated-2] [ERROR] [1789771238.769321779] [tf_help]: Transform data too old when converting from map to odom
[component_container_isolated-2] [ERROR] [1789771238.769370214] [tf_help]: Data time: 91s 600000000ns, Transform time: 3s 679000000ns
[component_container_isolated-2] [ERROR] [1789771238.819323488] [tf_help]: Transform data too old when converting from map to odom
[component_container_isolated-2] [ERROR] [1789771238.819356609] [tf_help]: Data time: 91s 600000000ns, Transform time: 3s 679000000ns
[component_container_isolated-2] [ERROR] [1789771238.869288471] [tf_help]: Transform data too old when converting from map to odom
[component_container_isolated-2] [ERROR] [1789771238.869314570] [tf_help]: Data time: 91s 600000000ns, Transform time: 3s 679000000ns
[component_container_isolated-2] [ERROR] [1789771238.919454030] [tf_help]: Transform data too old when converting from map to odom
[component_container_isolated-2] [ERROR] [1789771238.919499493] [tf_help]: Data time: 91s 600000000ns, Transform time: 3s 679000000ns
[component_container_isolated-2] [ERROR] [1789771238.969709997] [tf_help]: Transform data too old when converting from map to odom
[component_container_isolated-2] [ERROR] [1789771238.969755661] [tf_help]: Data time: 91s 600000000ns, Transform time: 3s 679000000ns
[component_container_isolated-2] [ERROR] [1789771239.023844098] [tf_help]: Transform data too old when converting from map to odom
[component_container_isolated-2] [ERROR] [1789771239.023891370] [tf_help]: Data time: 91s 600000000ns, Transform time: 3s 679000000ns
[component_container_isolated-2] [ERROR] [1789771239.073575809] [tf_help]: Transform data too old when converting from map to odom
[component_container_isolated-2] [ERROR] [1789771239.073611631] [tf_help]: Data time: 91s 600000000ns, Transform time: 3s 679000000ns
[component_container_isolated-2] [ERROR] [1789771239.119521670] [tf_help]: Transform data too old when converting from map to odom
[component_container_isolated-2] [ERROR] [1789771239.119560344] [tf_help]: Data time: 91s 600000000ns, Transform time: 3s 679000000ns
[component_container_isolated-2] [ERROR] [1789771239.169324798] [tf_help]: Transform data too old when converting from map to odom
[component_container_isolated-2] [ERROR] [1789771239.169356011] [tf_help]: Data time: 91s 600000000ns, Transform time: 3s 679000000ns
[component_container_isolated-2] [ERROR] [1789771239.219504271] [tf_help]: Transform data too old when converting from map to odom
[component_container_isolated-2] [ERROR] [1789771239.219537345] [tf_help]: Data time: 91s 600000000ns, Transform time: 3s 679000000ns
[component_container_isolated-2] [ERROR] [1789771239.269465006] [tf_help]: Transform data too old when converting from map to odom
[component_container_isolated-2] [ERROR] [1789771239.269495656] [tf_help]: Data time: 91s 600000000ns, Transform time: 3s 679000000ns
[component_container_isolated-2] [ERROR] [1789771239.319222058] [tf_help]: Transform data too old when converting from map to odom
[component_container_isolated-2] [ERROR] [1789771239.319255004] [tf_help]: Data time: 91s 600000000ns, Transform time: 3s 679000000ns
[component_container_isolated-2] [INFO] [1789771239.364036366] [controller_server]: Passing new path to controller.
[component_container_isolated-2] [ERROR] [1789771239.374280059] [tf_help]: Transform data too old when converting from map to odom
[component_container_isolated-2] [ERROR] [1789771239.374323493] [tf_help]: Data time: 92s 600000000ns, Transform time: 3s 679000000ns
[component_container_isolated-2] [ERROR] [1789771239.423831636] [tf_help]: Transform data too old when converting from map to odom
[component_container_isolated-2] [ERROR] [1789771239.423873285] [tf_help]: Data time: 92s 600000000ns, Transform time: 3s 679000000ns
[component_container_isolated-2] [ERROR] [1789771239.469256608] [tf_help]: Transform data too old when converting from map to odom
[component_container_isolated-2] [ERROR] [1789771239.469297606] [tf_help]: Data time: 92s 600000000ns, Transform time: 3s 679000000ns
[component_container_isolated-2] [ERROR] [1789771239.519331575] [tf_help]: Transform data too old when converting from map to odom
[component_container_isolated-2] [ERROR] [1789771239.519362483] [tf_help]: Data time: 92s 600000000ns, Transform time: 3s 679000000ns
[component_container_isolated-2] [ERROR] [1789771239.569217368] [tf_help]: Transform data too old when converting from map to odom
[component_container_isolated-2] [ERROR] [1789771239.569247708] [tf_help]: Data time: 92s 600000000ns, Transform time: 3s 679000000ns
[component_container_isolated-2] [ERROR] [1789771239.619284850] [tf_help]: Transform data too old when converting from map to odom
[component_container_isolated-2] [ERROR] [1789771239.619317406] [tf_help]: Data time: 92s 600000000ns, Transform time: 3s 679000000ns
[component_container_isolated-2] [ERROR] [1789771239.669264202] [tf_help]: Transform data too old when converting from map to odom
[component_container_isolated-2] [ERROR] [1789771239.669297758] [tf_help]: Data time: 92s 600000000ns, Transform time: 3s 679000000ns
[component_container_isolated-2] [ERROR] [1789771239.719364622] [tf_help]: Transform data too old when converting from map to odom
[component_container_isolated-2] [ERROR] [1789771239.719395036] [tf_help]: Data time: 92s 600000000ns, Transform time: 3s 679000000ns
[component_container_isolated-2] [ERROR] [1789771239.769311574] [tf_help]: Transform data too old when converting from map to odom
[component_container_isolated-2] [ERROR] [1789771239.769344518] [tf_help]: Data time: 92s 600000000ns, Transform time: 3s 679000000ns
[component_container_isolated-2] [ERROR] [1789771239.819606833] [tf_help]: Transform data too old when converting from map to odom
[component_container_isolated-2] [ERROR] [1789771239.819637676] [tf_help]: Data time: 92s 600000000ns, Transform time: 3s 679000000ns
[component_container_isolated-2] [ERROR] [1789771239.869405619] [tf_help]: Transform data too old when converting from map to odom
[component_container_isolated-2] [ERROR] [1789771239.869449664] [tf_help]: Data time: 92s 600000000ns, Transform time: 3s 679000000ns
[component_container_isolated-2] [ERROR] [1789771239.919267120] [tf_help]: Transform data too old when converting from map to odom
[component_container_isolated-2] [ERROR] [1789771239.919314344] [tf_help]: Data time: 92s 600000000ns, Transform time: 3s 679000000ns
[component_container_isolated-2] [ERROR] [1789771239.969761465] [tf_help]: Transform data too old when converting from map to odom
[component_container_isolated-2] [ERROR] [1789771239.969797105] [tf_help]: Data time: 92s 600000000ns, Transform time: 3s 679000000ns
[component_container_isolated-2] [ERROR] [1789771240.019355426] [tf_help]: Transform data too old when converting from map to odom
[component_container_isolated-2] [ERROR] [1789771240.019390281] [tf_help]: Data time: 92s 600000000ns, Transform time: 3s 679000000ns
[component_container_isolated-2] [ERROR] [1789771240.069286824] [tf_help]: Transform data too old when converting from map to odom
[component_container_isolated-2] [ERROR] [1789771240.069317140] [tf_help]: Data time: 92s 600000000ns, Transform time: 3s 679000000ns
[component_container_isolated-2] [ERROR] [1789771240.119160946] [tf_help]: Transform data too old when converting from map to odom
[component_container_isolated-2] [ERROR] [1789771240.119198330] [tf_help]: Data time: 92s 600000000ns, Transform time: 3s 679000000ns
[component_container_isolated-2] [ERROR] [1789771240.169641726] [tf_help]: Transform data too old when converting from map to odom
[component_container_isolated-2] [ERROR] [1789771240.169683787] [tf_help]: Data time: 92s 600000000ns, Transform time: 3s 679000000ns
[component_container_isolated-2] [ERROR] [1789771240.219847527] [tf_help]: Transform data too old when converting from map to odom
[component_container_isolated-2] [ERROR] [1789771240.219879655] [tf_help]: Data time: 92s 600000000ns, Transform time: 3s 679000000ns
[component_container_isolated-2] [ERROR] [1789771240.269439354] [tf_help]: Transform data too old when converting from map to odom
[component_container_isolated-2] [ERROR] [1789771240.269478986] [tf_help]: Data time: 92s 600000000ns, Transform time: 3s 679000000ns
[component_container_isolated-2] [ERROR] [1789771240.319280341] [tf_help]: Transform data too old when converting from map to odom
[component_container_isolated-2] [ERROR] [1789771240.319316764] [tf_help]: Data time: 92s 600000000ns, Transform time: 3s 679000000ns
[component_container_isolated-2] [ERROR] [1789771240.369394734] [tf_help]: Transform data too old when converting from map to odom
[component_container_isolated-2] [ERROR] [1789771240.369428321] [tf_help]: Data time: 92s 600000000ns, Transform time: 3s 679000000ns
[component_container_isolated-2] [INFO] [1789771240.414012032] [controller_server]: Passing new path to controller.
[component_container_isolated-2] [ERROR] [1789771240.421831455] [tf_help]: Transform data too old when converting from map to odom
[component_container_isolated-2] [ERROR] [1789771240.421862269] [tf_help]: Data time: 93s 400000000ns, Transform time: 3s 679000000ns
[component_container_isolated-2] [ERROR] [1789771240.472386049] [tf_help]: Transform data too old when converting from map to odom
[component_container_isolated-2] [ERROR] [1789771240.472417114] [tf_help]: Data time: 93s 400000000ns, Transform time: 3s 679000000ns
[component_container_isolated-2] [ERROR] [1789771240.514110914] [controller_server]: Failed to make progress
[component_container_isolated-2] [WARN] [1789771240.514171389] [controller_server]: [follow_path] [ActionServer] Aborting handle.
[component_container_isolated-2] [INFO] [1789771240.525962708] [behavior_server]: Running spin
[component_container_isolated-2] [INFO] [1789771240.526053976] [behavior_server]: Turning 1.57 for spin behavior.
[component_container_isolated-2] [ERROR] [1789771240.626254327] [behavior_server]: Pose Goes Off Grid.
[component_container_isolated-2] [WARN] [1789771240.626331784] [behavior_server]: Collision Ahead - Exiting Spin
[component_container_isolated-2] [WARN] [1789771240.626345261] [behavior_server]: spin failed
[component_container_isolated-2] [WARN] [1789771240.626358273] [behavior_server]: [spin] [ActionServer] Aborting handle.
[component_container_isolated-2] [INFO] [1789771240.655971156] [behavior_server]: Running wait
[component_container_isolated-2] [INFO] [1789771245.656137776] [behavior_server]: wait completed successfully
[component_container_isolated-2] [INFO] [1789771245.705777737] [controller_server]: Received a goal, begin computing control effort.
[component_container_isolated-2] [INFO] [1789771245.709842041] [controller_server]: Optimizer reset (compute_backend=cpu)
[component_container_isolated-2] [ERROR] [1789771245.716302164] [tf_help]: Transform data too old when converting from map to odom
[component_container_isolated-2] [ERROR] [1789771245.716340636] [tf_help]: Data time: 98s 500000000ns, Transform time: 3s 679000000ns
[component_container_isolated-2] [ERROR] [1789771245.764145909] [tf_help]: Transform data too old when converting from map to odom
[component_container_isolated-2] [ERROR] [1789771245.764201504] [tf_help]: Data time: 98s 500000000ns, Transform time: 3s 679000000ns
[component_container_isolated-2] [ERROR] [1789771245.815679649] [tf_help]: Transform data too old when converting from map to odom
[component_container_isolated-2] [ERROR] [1789771245.815716719] [tf_help]: Data time: 98s 500000000ns, Transform time: 3s 679000000ns
[component_container_isolated-2] [ERROR] [1789771245.861334732] [tf_help]: Transform data too old when converting from map to odom
[component_container_isolated-2] [ERROR] [1789771245.861369839] [tf_help]: Data time: 98s 500000000ns, Transform time: 3s 679000000ns
[component_container_isolated-2] [INFO] [1789771245.911800041] [controller_server]: [TG-MPPI] cycle time (compute_backend=cpu): 5.732 ms/cycle avg over 50 cycles
[component_container_isolated-2] [ERROR] [1789771245.911972829] [tf_help]: Transform data too old when converting from map to odom
[component_container_isolated-2] [ERROR] [1789771245.911994427] [tf_help]: Data time: 98s 500000000ns, Transform time: 3s 679000000ns
[component_container_isolated-2] [ERROR] [1789771245.962716955] [tf_help]: Transform data too old when converting from map to odom
[component_container_isolated-2] [ERROR] [1789771245.962746076] [tf_help]: Data time: 98s 500000000ns, Transform time: 3s 679000000ns
[component_container_isolated-2] [ERROR] [1789771246.012041618] [tf_help]: Transform data too old when converting from map to odom
[component_container_isolated-2] [ERROR] [1789771246.012074299] [tf_help]: Data time: 98s 500000000ns, Transform time: 3s 679000000ns
[component_container_isolated-2] [ERROR] [1789771246.062223088] [tf_help]: Transform data too old when converting from map to odom
[component_container_isolated-2] [ERROR] [1789771246.062257012] [tf_help]: Data time: 98s 500000000ns, Transform time: 3s 679000000ns
[component_container_isolated-2] [ERROR] [1789771246.112804170] [tf_help]: Transform data too old when converting from map to odom
[component_container_isolated-2] [ERROR] [1789771246.112835970] [tf_help]: Data time: 98s 500000000ns, Transform time: 3s 679000000ns
[component_container_isolated-2] [ERROR] [1789771246.161679686] [tf_help]: Transform data too old when converting from map to odom
[component_container_isolated-2] [ERROR] [1789771246.161720197] [tf_help]: Data time: 98s 500000000ns, Transform time: 3s 679000000ns
[component_container_isolated-2] [ERROR] [1789771246.211177377] [tf_help]: Transform data too old when converting from map to odom
[component_container_isolated-2] [ERROR] [1789771246.211211177] [tf_help]: Data time: 98s 500000000ns, Transform time: 3s 679000000ns
[component_container_isolated-2] [ERROR] [1789771246.261174523] [tf_help]: Transform data too old when converting from map to odom
[component_container_isolated-2] [ERROR] [1789771246.261207696] [tf_help]: Data time: 98s 500000000ns, Transform time: 3s 679000000ns
[component_container_isolated-2] [ERROR] [1789771246.313203969] [tf_help]: Transform data too old when converting from map to odom
[component_container_isolated-2] [ERROR] [1789771246.313232191] [tf_help]: Data time: 98s 500000000ns, Transform time: 3s 679000000ns
[component_container_isolated-2] [ERROR] [1789771246.362291847] [tf_help]: Transform data too old when converting from map to odom
[component_container_isolated-2] [ERROR] [1789771246.362324924] [tf_help]: Data time: 98s 500000000ns, Transform time: 3s 679000000ns
[component_container_isolated-2] [ERROR] [1789771246.411815147] [tf_help]: Transform data too old when converting from map to odom
[component_container_isolated-2] [ERROR] [1789771246.411848299] [tf_help]: Data time: 98s 500000000ns, Transform time: 3s 679000000ns
[component_container_isolated-2] [ERROR] [1789771246.461321321] [tf_help]: Transform data too old when converting from map to odom
[component_container_isolated-2] [ERROR] [1789771246.461352121] [tf_help]: Data time: 98s 500000000ns, Transform time: 3s 679000000ns
[component_container_isolated-2] [ERROR] [1789771246.512232929] [tf_help]: Transform data too old when converting from map to odom
[component_container_isolated-2] [ERROR] [1789771246.512272319] [tf_help]: Data time: 98s 500000000ns, Transform time: 3s 679000000ns
[component_container_isolated-2] [ERROR] [1789771246.562693637] [tf_help]: Transform data too old when converting from map to odom
[component_container_isolated-2] [ERROR] [1789771246.562724236] [tf_help]: Data time: 98s 500000000ns, Transform time: 3s 679000000ns
[component_container_isolated-2] [ERROR] [1789771246.612217415] [tf_help]: Transform data too old when converting from map to odom
[component_container_isolated-2] [ERROR] [1789771246.612257496] [tf_help]: Data time: 98s 500000000ns, Transform time: 3s 679000000ns
[component_container_isolated-2] [ERROR] [1789771246.662007210] [tf_help]: Transform data too old when converting from map to odom
[component_container_isolated-2] [ERROR] [1789771246.662040128] [tf_help]: Data time: 98s 500000000ns, Transform time: 3s 679000000ns
[component_container_isolated-2] [ERROR] [1789771246.711427502] [tf_help]: Transform data too old when converting from map to odom
[component_container_isolated-2] [ERROR] [1789771246.711465788] [tf_help]: Data time: 98s 500000000ns, Transform time: 3s 679000000ns
[component_container_isolated-2] [INFO] [1789771246.755939820] [controller_server]: Passing new path to controller.
[component_container_isolated-2] [ERROR] [1789771246.761471658] [tf_help]: Transform data too old when converting from map to odom
[component_container_isolated-2] [ERROR] [1789771246.761491705] [tf_help]: Data time: 99s 500000000ns, Transform time: 3s 679000000ns
[component_container_isolated-2] [ERROR] [1789771246.811267179] [tf_help]: Transform data too old when converting from map to odom
[component_container_isolated-2] [ERROR] [1789771246.811301084] [tf_help]: Data time: 99s 500000000ns, Transform time: 3s 679000000ns
[component_container_isolated-2] [ERROR] [1789771246.861186097] [tf_help]: Transform data too old when converting from map to odom
[component_container_isolated-2] [ERROR] [1789771246.861226271] [tf_help]: Data time: 99s 500000000ns, Transform time: 3s 679000000ns
[component_container_isolated-2] [ERROR] [1789771246.911208734] [tf_help]: Transform data too old when converting from map to odom
[component_container_isolated-2] [ERROR] [1789771246.911242127] [tf_help]: Data time: 99s 500000000ns, Transform time: 3s 679000000ns
[component_container_isolated-2] [ERROR] [1789771246.961409146] [tf_help]: Transform data too old when converting from map to odom
[component_container_isolated-2] [ERROR] [1789771246.961458011] [tf_help]: Data time: 99s 500000000ns, Transform time: 3s 679000000ns
[component_container_isolated-2] [ERROR] [1789771247.011325955] [tf_help]: Transform data too old when converting from map to odom
[component_container_isolated-2] [ERROR] [1789771247.011360069] [tf_help]: Data time: 99s 500000000ns, Transform time: 3s 679000000ns
[component_container_isolated-2] [ERROR] [1789771247.060978883] [tf_help]: Transform data too old when converting from map to odom
[component_container_isolated-2] [ERROR] [1789771247.061009104] [tf_help]: Data time: 99s 500000000ns, Transform time: 3s 679000000ns
[component_container_isolated-2] [ERROR] [1789771247.111374371] [tf_help]: Transform data too old when converting from map to odom
[component_container_isolated-2] [ERROR] [1789771247.111405085] [tf_help]: Data time: 99s 500000000ns, Transform time: 3s 679000000ns
[component_container_isolated-2] [ERROR] [1789771247.161092061] [tf_help]: Transform data too old when converting from map to odom
[component_container_isolated-2] [ERROR] [1789771247.161124720] [tf_help]: Data time: 99s 500000000ns, Transform time: 3s 679000000ns
[component_container_isolated-2] [ERROR] [1789771247.211251916] [tf_help]: Transform data too old when converting from map to odom
[component_container_isolated-2] [ERROR] [1789771247.211286450] [tf_help]: Data time: 99s 500000000ns, Transform time: 3s 679000000ns
[ground_truth_localizer-1] [INFO] [1789771247.219497562] [ground_truth_localizer]: last 10 s: ground truth msgs 294, map->odom published 294 (279 via latest odom TF)
[component_container_isolated-2] [ERROR] [1789771247.261406674] [tf_help]: Transform data too old when converting from map to odom
[component_container_isolated-2] [ERROR] [1789771247.261444857] [tf_help]: Data time: 99s 500000000ns, Transform time: 3s 679000000ns
[component_container_isolated-2] [ERROR] [1789771247.311617701] [tf_help]: Transform data too old when converting from map to odom
[component_container_isolated-2] [ERROR] [1789771247.311650349] [tf_help]: Data time: 99s 500000000ns, Transform time: 3s 679000000ns
[component_container_isolated-2] [ERROR] [1789771247.361067313] [tf_help]: Transform data too old when converting from map to odom
[component_container_isolated-2] [ERROR] [1789771247.361100717] [tf_help]: Data time: 99s 500000000ns, Transform time: 3s 679000000ns
[component_container_isolated-2] [ERROR] [1789771247.411039058] [tf_help]: Transform data too old when converting from map to odom
[component_container_isolated-2] [ERROR] [1789771247.411067443] [tf_help]: Data time: 99s 500000000ns, Transform time: 3s 679000000ns
[component_container_isolated-2] [ERROR] [1789771247.461155979] [tf_help]: Transform data too old when converting from map to odom
[component_container_isolated-2] [ERROR] [1789771247.461188105] [tf_help]: Data time: 99s 500000000ns, Transform time: 3s 679000000ns
[component_container_isolated-2] [ERROR] [1789771247.511258835] [tf_help]: Transform data too old when converting from map to odom
[component_container_isolated-2] [ERROR] [1789771247.511298089] [tf_help]: Data time: 99s 500000000ns, Transform time: 3s 679000000ns
[component_container_isolated-2] [ERROR] [1789771247.561613457] [tf_help]: Transform data too old when converting from map to odom
[component_container_isolated-2] [ERROR] [1789771247.561644501] [tf_help]: Data time: 99s 500000000ns, Transform time: 3s 679000000ns
[component_container_isolated-2] [ERROR] [1789771247.611174607] [tf_help]: Transform data too old when converting from map to odom
[component_container_isolated-2] [ERROR] [1789771247.611208617] [tf_help]: Data time: 99s 500000000ns, Transform time: 3s 679000000ns
[component_container_isolated-2] [ERROR] [1789771247.661543811] [tf_help]: Transform data too old when converting from map to odom
[component_container_isolated-2] [ERROR] [1789771247.661579660] [tf_help]: Data time: 99s 500000000ns, Transform time: 3s 679000000ns
[component_container_isolated-2] [ERROR] [1789771247.711564968] [tf_help]: Transform data too old when converting from map to odom
[component_container_isolated-2] [ERROR] [1789771247.711603517] [tf_help]: Data time: 99s 500000000ns, Transform time: 3s 679000000ns
[component_container_isolated-2] [ERROR] [1789771247.761556991] [tf_help]: Transform data too old when converting from map to odom
[component_container_isolated-2] [ERROR] [1789771247.761603156] [tf_help]: Data time: 99s 500000000ns, Transform time: 3s 679000000ns
[component_container_isolated-2] [INFO] [1789771247.805919018] [controller_server]: Passing new path to controller.
[component_container_isolated-2] [ERROR] [1789771247.811486876] [tf_help]: Transform data too old when converting from map to odom
[component_container_isolated-2] [ERROR] [1789771247.811521248] [tf_help]: Data time: 100s 400000000ns, Transform time: 3s 679000000ns
[component_container_isolated-2] [ERROR] [1789771247.861318534] [tf_help]: Transform data too old when converting from map to odom
[component_container_isolated-2] [ERROR] [1789771247.861357010] [tf_help]: Data time: 100s 400000000ns, Transform time: 3s 679000000ns
[component_container_isolated-2] [ERROR] [1789771247.911579269] [tf_help]: Transform data too old when converting from map to odom
[component_container_isolated-2] [ERROR] [1789771247.911627537] [tf_help]: Data time: 100s 400000000ns, Transform time: 3s 679000000ns
[component_container_isolated-2] [ERROR] [1789771247.961206871] [tf_help]: Transform data too old when converting from map to odom
[component_container_isolated-2] [ERROR] [1789771247.961236071] [tf_help]: Data time: 100s 400000000ns, Transform time: 3s 679000000ns
[component_container_isolated-2] [ERROR] [1789771248.011311911] [tf_help]: Transform data too old when converting from map to odom
[component_container_isolated-2] [ERROR] [1789771248.011354694] [tf_help]: Data time: 100s 400000000ns, Transform time: 3s 679000000ns
[component_container_isolated-2] [ERROR] [1789771248.063783676] [tf_help]: Transform data too old when converting from map to odom
[component_container_isolated-2] [ERROR] [1789771248.063838213] [tf_help]: Data time: 100s 400000000ns, Transform time: 3s 679000000ns
[component_container_isolated-2] [ERROR] [1789771248.111157379] [tf_help]: Transform data too old when converting from map to odom
[component_container_isolated-2] [ERROR] [1789771248.111192072] [tf_help]: Data time: 100s 400000000ns, Transform time: 3s 679000000ns
[component_container_isolated-2] [ERROR] [1789771248.161498735] [tf_help]: Transform data too old when converting from map to odom
[component_container_isolated-2] [ERROR] [1789771248.161534980] [tf_help]: Data time: 100s 400000000ns, Transform time: 3s 679000000ns
[component_container_isolated-2] [ERROR] [1789771248.211329945] [tf_help]: Transform data too old when converting from map to odom
[component_container_isolated-2] [ERROR] [1789771248.211371946] [tf_help]: Data time: 100s 400000000ns, Transform time: 3s 679000000ns
[component_container_isolated-2] [ERROR] [1789771248.261289264] [tf_help]: Transform data too old when converting from map to odom
[component_container_isolated-2] [ERROR] [1789771248.261320732] [tf_help]: Data time: 100s 400000000ns, Transform time: 3s 679000000ns
[component_container_isolated-2] [ERROR] [1789771248.311237420] [tf_help]: Transform data too old when converting from map to odom
[component_container_isolated-2] [ERROR] [1789771248.311272367] [tf_help]: Data time: 100s 400000000ns, Transform time: 3s 679000000ns
[component_container_isolated-2] [ERROR] [1789771248.361800619] [tf_help]: Transform data too old when converting from map to odom
[component_container_isolated-2] [ERROR] [1789771248.361851124] [tf_help]: Data time: 100s 400000000ns, Transform time: 3s 679000000ns
[component_container_isolated-2] [INFO] [1789771248.411150625] [controller_server]: [TG-MPPI] cycle time (compute_backend=cpu): 5.452 ms/cycle avg over 50 cycles
[component_container_isolated-2] [ERROR] [1789771248.411311270] [tf_help]: Transform data too old when converting from map to odom
[component_container_isolated-2] [ERROR] [1789771248.411330898] [tf_help]: Data time: 100s 400000000ns, Transform time: 3s 679000000ns
[component_container_isolated-2] [ERROR] [1789771248.461288944] [tf_help]: Transform data too old when converting from map to odom
[component_container_isolated-2] [ERROR] [1789771248.461327013] [tf_help]: Data time: 100s 400000000ns, Transform time: 3s 679000000ns
[component_container_isolated-2] [ERROR] [1789771248.511272806] [tf_help]: Transform data too old when converting from map to odom
[component_container_isolated-2] [ERROR] [1789771248.511326906] [tf_help]: Data time: 100s 400000000ns, Transform time: 3s 679000000ns
[component_container_isolated-2] [ERROR] [1789771248.562278651] [tf_help]: Transform data too old when converting from map to odom
[component_container_isolated-2] [ERROR] [1789771248.562312969] [tf_help]: Data time: 100s 400000000ns, Transform time: 3s 679000000ns
[component_container_isolated-2] [ERROR] [1789771248.612836398] [tf_help]: Transform data too old when converting from map to odom
[component_container_isolated-2] [ERROR] [1789771248.612870216] [tf_help]: Data time: 100s 400000000ns, Transform time: 3s 679000000ns
[component_container_isolated-2] [ERROR] [1789771248.661397182] [tf_help]: Transform data too old when converting from map to odom
[component_container_isolated-2] [ERROR] [1789771248.661449557] [tf_help]: Data time: 100s 400000000ns, Transform time: 3s 679000000ns
[component_container_isolated-2] [ERROR] [1789771248.712006831] [tf_help]: Transform data too old when converting from map to odom
[component_container_isolated-2] [ERROR] [1789771248.712044026] [tf_help]: Data time: 100s 400000000ns, Transform time: 3s 679000000ns
[component_container_isolated-2] [ERROR] [1789771248.762094327] [tf_help]: Transform data too old when converting from map to odom
[component_container_isolated-2] [ERROR] [1789771248.762136355] [tf_help]: Data time: 100s 400000000ns, Transform time: 3s 679000000ns
[component_container_isolated-2] [INFO] [1789771248.805902319] [controller_server]: Passing new path to controller.
[component_container_isolated-2] [ERROR] [1789771248.812108088] [tf_help]: Transform data too old when converting from map to odom
[component_container_isolated-2] [ERROR] [1789771248.812144040] [tf_help]: Data time: 101s 400000000ns, Transform time: 3s 679000000ns
[component_container_isolated-2] [ERROR] [1789771248.863067067] [tf_help]: Transform data too old when converting from map to odom
[component_container_isolated-2] [ERROR] [1789771248.863106841] [tf_help]: Data time: 101s 400000000ns, Transform time: 3s 679000000ns
[component_container_isolated-2] [ERROR] [1789771248.912386528] [tf_help]: Transform data too old when converting from map to odom
[component_container_isolated-2] [ERROR] [1789771248.912415439] [tf_help]: Data time: 101s 400000000ns, Transform time: 3s 679000000ns
[component_container_isolated-2] [ERROR] [1789771248.961332114] [tf_help]: Transform data too old when converting from map to odom
[component_container_isolated-2] [ERROR] [1789771248.961364875] [tf_help]: Data time: 101s 400000000ns, Transform time: 3s 679000000ns
[component_container_isolated-2] [ERROR] [1789771249.011546857] [tf_help]: Transform data too old when converting from map to odom
[component_container_isolated-2] [ERROR] [1789771249.011580228] [tf_help]: Data time: 101s 400000000ns, Transform time: 3s 679000000ns
[component_container_isolated-2] [ERROR] [1789771249.061509606] [tf_help]: Transform data too old when converting from map to odom
[component_container_isolated-2] [ERROR] [1789771249.061565655] [tf_help]: Data time: 101s 400000000ns, Transform time: 3s 679000000ns
[component_container_isolated-2] [ERROR] [1789771249.111207402] [tf_help]: Transform data too old when converting from map to odom
[component_container_isolated-2] [ERROR] [1789771249.111243005] [tf_help]: Data time: 101s 400000000ns, Transform time: 3s 679000000ns
[component_container_isolated-2] [ERROR] [1789771249.161513042] [tf_help]: Transform data too old when converting from map to odom
[component_container_isolated-2] [ERROR] [1789771249.161545115] [tf_help]: Data time: 101s 400000000ns, Transform time: 3s 679000000ns
[component_container_isolated-2] [ERROR] [1789771249.211582077] [tf_help]: Transform data too old when converting from map to odom
[component_container_isolated-2] [ERROR] [1789771249.211613483] [tf_help]: Data time: 101s 400000000ns, Transform time: 3s 679000000ns
[component_container_isolated-2] [ERROR] [1789771249.261675095] [tf_help]: Transform data too old when converting from map to odom
[component_container_isolated-2] [ERROR] [1789771249.261721074] [tf_help]: Data time: 101s 400000000ns, Transform time: 3s 679000000ns
[component_container_isolated-2] [ERROR] [1789771249.311755221] [tf_help]: Transform data too old when converting from map to odom
[component_container_isolated-2] [ERROR] [1789771249.311789376] [tf_help]: Data time: 101s 400000000ns, Transform time: 3s 679000000ns
[component_container_isolated-2] [ERROR] [1789771249.361835776] [tf_help]: Transform data too old when converting from map to odom
[component_container_isolated-2] [ERROR] [1789771249.361881464] [tf_help]: Data time: 101s 400000000ns, Transform time: 3s 679000000ns
[component_container_isolated-2] [ERROR] [1789771249.411800361] [tf_help]: Transform data too old when converting from map to odom
[component_container_isolated-2] [ERROR] [1789771249.411875971] [tf_help]: Data time: 101s 400000000ns, Transform time: 3s 679000000ns
[component_container_isolated-2] [ERROR] [1789771249.461286026] [tf_help]: Transform data too old when converting from map to odom
[component_container_isolated-2] [ERROR] [1789771249.461319430] [tf_help]: Data time: 101s 400000000ns, Transform time: 3s 679000000ns
[component_container_isolated-2] [ERROR] [1789771249.511320881] [tf_help]: Transform data too old when converting from map to odom
[component_container_isolated-2] [ERROR] [1789771249.511354967] [tf_help]: Data time: 101s 400000000ns, Transform time: 3s 679000000ns
[component_container_isolated-2] [ERROR] [1789771249.561762716] [tf_help]: Transform data too old when converting from map to odom
[component_container_isolated-2] [ERROR] [1789771249.561792753] [tf_help]: Data time: 101s 400000000ns, Transform time: 3s 679000000ns
[component_container_isolated-2] [ERROR] [1789771249.611113244] [tf_help]: Transform data too old when converting from map to odom
[component_container_isolated-2] [ERROR] [1789771249.611146278] [tf_help]: Data time: 101s 400000000ns, Transform time: 3s 679000000ns
[component_container_isolated-2] [ERROR] [1789771249.661584362] [tf_help]: Transform data too old when converting from map to odom
[component_container_isolated-2] [ERROR] [1789771249.661617752] [tf_help]: Data time: 101s 400000000ns, Transform time: 3s 679000000ns
[component_container_isolated-2] [ERROR] [1789771249.712578627] [tf_help]: Transform data too old when converting from map to odom
[component_container_isolated-2] [ERROR] [1789771249.712607296] [tf_help]: Data time: 101s 400000000ns, Transform time: 3s 679000000ns
[component_container_isolated-2] [ERROR] [1789771249.762890521] [tf_help]: Transform data too old when converting from map to odom
[component_container_isolated-2] [ERROR] [1789771249.762930592] [tf_help]: Data time: 101s 400000000ns, Transform time: 3s 679000000ns
[component_container_isolated-2] [ERROR] [1789771249.811842896] [tf_help]: Transform data too old when converting from map to odom
[component_container_isolated-2] [ERROR] [1789771249.811881776] [tf_help]: Data time: 101s 400000000ns, Transform time: 3s 679000000ns
[component_container_isolated-2] [INFO] [1789771249.855916205] [controller_server]: Passing new path to controller.
[component_container_isolated-2] [ERROR] [1789771249.863838614] [tf_help]: Transform data too old when converting from map to odom
[component_container_isolated-2] [ERROR] [1789771249.863882594] [tf_help]: Data time: 102s 300000000ns, Transform time: 3s 679000000ns
[component_container_isolated-2] [ERROR] [1789771249.911730326] [tf_help]: Transform data too old when converting from map to odom
[component_container_isolated-2] [ERROR] [1789771249.911761818] [tf_help]: Data time: 102s 300000000ns, Transform time: 3s 679000000ns
[component_container_isolated-2] [ERROR] [1789771249.966551343] [tf_help]: Transform data too old when converting from map to odom
[component_container_isolated-2] [ERROR] [1789771249.966606693] [tf_help]: Data time: 102s 300000000ns, Transform time: 3s 679000000ns
[component_container_isolated-2] [ERROR] [1789771250.011515558] [tf_help]: Transform data too old when converting from map to odom
[component_container_isolated-2] [ERROR] [1789771250.011552541] [tf_help]: Data time: 102s 300000000ns, Transform time: 3s 679000000ns
[component_container_isolated-2] [ERROR] [1789771250.061446117] [tf_help]: Transform data too old when converting from map to odom
[component_container_isolated-2] [ERROR] [1789771250.061480210] [tf_help]: Data time: 102s 300000000ns, Transform time: 3s 679000000ns
[component_container_isolated-2] [ERROR] [1789771250.111469847] [tf_help]: Transform data too old when converting from map to odom
[component_container_isolated-2] [ERROR] [1789771250.111508477] [tf_help]: Data time: 102s 300000000ns, Transform time: 3s 679000000ns
[component_container_isolated-2] [ERROR] [1789771250.161247632] [tf_help]: Transform data too old when converting from map to odom
[component_container_isolated-2] [ERROR] [1789771250.161284110] [tf_help]: Data time: 102s 300000000ns, Transform time: 3s 679000000ns
[component_container_isolated-2] [ERROR] [1789771250.211167346] [tf_help]: Transform data too old when converting from map to odom
[component_container_isolated-2] [ERROR] [1789771250.211202027] [tf_help]: Data time: 102s 300000000ns, Transform time: 3s 679000000ns
[component_container_isolated-2] [ERROR] [1789771250.263125270] [tf_help]: Transform data too old when converting from map to odom
[component_container_isolated-2] [ERROR] [1789771250.263161684] [tf_help]: Data time: 102s 300000000ns, Transform time: 3s 679000000ns
[component_container_isolated-2] [ERROR] [1789771250.311289577] [tf_help]: Transform data too old when converting from map to odom
[component_container_isolated-2] [ERROR] [1789771250.311321479] [tf_help]: Data time: 102s 300000000ns, Transform time: 3s 679000000ns
[component_container_isolated-2] [ERROR] [1789771250.362960462] [tf_help]: Transform data too old when converting from map to odom
[component_container_isolated-2] [ERROR] [1789771250.363000564] [tf_help]: Data time: 102s 300000000ns, Transform time: 3s 679000000ns
[component_container_isolated-2] [ERROR] [1789771250.412214672] [tf_help]: Transform data too old when converting from map to odom
[component_container_isolated-2] [ERROR] [1789771250.412257563] [tf_help]: Data time: 102s 300000000ns, Transform time: 3s 679000000ns
[component_container_isolated-2] [ERROR] [1789771250.462835724] [tf_help]: Transform data too old when converting from map to odom
[component_container_isolated-2] [ERROR] [1789771250.462868615] [tf_help]: Data time: 102s 300000000ns, Transform time: 3s 679000000ns
[component_container_isolated-2] [ERROR] [1789771250.511771864] [tf_help]: Transform data too old when converting from map to odom
[component_container_isolated-2] [ERROR] [1789771250.511801251] [tf_help]: Data time: 102s 300000000ns, Transform time: 3s 679000000ns
[component_container_isolated-2] [ERROR] [1789771250.564138015] [tf_help]: Transform data too old when converting from map to odom
[component_container_isolated-2] [ERROR] [1789771250.564166461] [tf_help]: Data time: 102s 300000000ns, Transform time: 3s 679000000ns
[component_container_isolated-2] [ERROR] [1789771250.611881560] [tf_help]: Transform data too old when converting from map to odom
[component_container_isolated-2] [ERROR] [1789771250.611908493] [tf_help]: Data time: 102s 300000000ns, Transform time: 3s 679000000ns
[component_container_isolated-2] [ERROR] [1789771250.661826966] [tf_help]: Transform data too old when converting from map to odom
[component_container_isolated-2] [ERROR] [1789771250.661857578] [tf_help]: Data time: 102s 300000000ns, Transform time: 3s 679000000ns
[component_container_isolated-2] [ERROR] [1789771250.713596200] [tf_help]: Transform data too old when converting from map to odom
[component_container_isolated-2] [ERROR] [1789771250.713667438] [tf_help]: Data time: 102s 300000000ns, Transform time: 3s 679000000ns
[component_container_isolated-2] [ERROR] [1789771250.762605452] [tf_help]: Transform data too old when converting from map to odom
[component_container_isolated-2] [ERROR] [1789771250.762636549] [tf_help]: Data time: 102s 300000000ns, Transform time: 3s 679000000ns
[component_container_isolated-2] [ERROR] [1789771250.811281135] [tf_help]: Transform data too old when converting from map to odom
[component_container_isolated-2] [ERROR] [1789771250.811312493] [tf_help]: Data time: 102s 300000000ns, Transform time: 3s 679000000ns
[component_container_isolated-2] [INFO] [1789771250.855920236] [controller_server]: Passing new path to controller.
[component_container_isolated-2] [ERROR] [1789771250.861960177] [tf_help]: Transform data too old when converting from map to odom
[component_container_isolated-2] [ERROR] [1789771250.862020788] [tf_help]: Data time: 103s 100000000ns, Transform time: 3s 679000000ns
[component_container_isolated-2] [INFO] [1789771250.911238162] [controller_server]: [TG-MPPI] cycle time (compute_backend=cpu): 5.855 ms/cycle avg over 50 cycles
[component_container_isolated-2] [ERROR] [1789771250.911398526] [tf_help]: Transform data too old when converting from map to odom
[component_container_isolated-2] [ERROR] [1789771250.911417170] [tf_help]: Data time: 103s 100000000ns, Transform time: 3s 679000000ns
[component_container_isolated-2] [ERROR] [1789771250.961190997] [tf_help]: Transform data too old when converting from map to odom
[component_container_isolated-2] [ERROR] [1789771250.961223973] [tf_help]: Data time: 103s 100000000ns, Transform time: 3s 679000000ns
[component_container_isolated-2] [ERROR] [1789771251.011567062] [tf_help]: Transform data too old when converting from map to odom
[component_container_isolated-2] [ERROR] [1789771251.011600462] [tf_help]: Data time: 103s 100000000ns, Transform time: 3s 679000000ns
[component_container_isolated-2] [ERROR] [1789771251.062022908] [tf_help]: Transform data too old when converting from map to odom
[component_container_isolated-2] [ERROR] [1789771251.062062973] [tf_help]: Data time: 103s 100000000ns, Transform time: 3s 679000000ns
[component_container_isolated-2] [ERROR] [1789771251.111291035] [tf_help]: Transform data too old when converting from map to odom
[component_container_isolated-2] [ERROR] [1789771251.111323203] [tf_help]: Data time: 103s 100000000ns, Transform time: 3s 679000000ns
[component_container_isolated-2] [ERROR] [1789771251.161424912] [tf_help]: Transform data too old when converting from map to odom
[component_container_isolated-2] [ERROR] [1789771251.161471392] [tf_help]: Data time: 103s 100000000ns, Transform time: 3s 679000000ns
[component_container_isolated-2] [ERROR] [1789771251.211506478] [tf_help]: Transform data too old when converting from map to odom
[component_container_isolated-2] [ERROR] [1789771251.211541180] [tf_help]: Data time: 103s 100000000ns, Transform time: 3s 679000000ns
[component_container_isolated-2] [ERROR] [1789771251.261588344] [tf_help]: Transform data too old when converting from map to odom
[component_container_isolated-2] [ERROR] [1789771251.261629323] [tf_help]: Data time: 103s 100000000ns, Transform time: 3s 679000000ns
[component_container_isolated-2] [ERROR] [1789771251.311683254] [tf_help]: Transform data too old when converting from map to odom
[component_container_isolated-2] [ERROR] [1789771251.311721943] [tf_help]: Data time: 103s 100000000ns, Transform time: 3s 679000000ns
[component_container_isolated-2] [ERROR] [1789771251.361389410] [tf_help]: Transform data too old when converting from map to odom
[component_container_isolated-2] [ERROR] [1789771251.361423099] [tf_help]: Data time: 103s 100000000ns, Transform time: 3s 679000000ns
[component_container_isolated-2] [ERROR] [1789771251.411580240] [tf_help]: Transform data too old when converting from map to odom
[component_container_isolated-2] [ERROR] [1789771251.411610614] [tf_help]: Data time: 103s 100000000ns, Transform time: 3s 679000000ns
[component_container_isolated-2] [ERROR] [1789771251.462140634] [tf_help]: Transform data too old when converting from map to odom
[component_container_isolated-2] [ERROR] [1789771251.462173085] [tf_help]: Data time: 103s 100000000ns, Transform time: 3s 679000000ns
[component_container_isolated-2] [ERROR] [1789771251.511914975] [tf_help]: Transform data too old when converting from map to odom
[component_container_isolated-2] [ERROR] [1789771251.511946466] [tf_help]: Data time: 103s 100000000ns, Transform time: 3s 679000000ns
[component_container_isolated-2] [ERROR] [1789771251.561118856] [tf_help]: Transform data too old when converting from map to odom
[component_container_isolated-2] [ERROR] [1789771251.561151713] [tf_help]: Data time: 103s 100000000ns, Transform time: 3s 679000000ns
[component_container_isolated-2] [ERROR] [1789771251.611405606] [tf_help]: Transform data too old when converting from map to odom
[component_container_isolated-2] [ERROR] [1789771251.611445985] [tf_help]: Data time: 103s 100000000ns, Transform time: 3s 679000000ns
[component_container_isolated-2] [ERROR] [1789771251.661525219] [tf_help]: Transform data too old when converting from map to odom
[component_container_isolated-2] [ERROR] [1789771251.661571725] [tf_help]: Data time: 103s 100000000ns, Transform time: 3s 679000000ns
[component_container_isolated-2] [ERROR] [1789771251.711324644] [tf_help]: Transform data too old when converting from map to odom
[component_container_isolated-2] [ERROR] [1789771251.711386264] [tf_help]: Data time: 103s 100000000ns, Transform time: 3s 679000000ns
[component_container_isolated-2] [ERROR] [1789771251.761329534] [tf_help]: Transform data too old when converting from map to odom
[component_container_isolated-2] [ERROR] [1789771251.761363259] [tf_help]: Data time: 103s 100000000ns, Transform time: 3s 679000000ns
[component_container_isolated-2] [ERROR] [1789771251.812461912] [tf_help]: Transform data too old when converting from map to odom
[component_container_isolated-2] [ERROR] [1789771251.812493109] [tf_help]: Data time: 103s 100000000ns, Transform time: 3s 679000000ns
[component_container_isolated-2] [ERROR] [1789771251.861318978] [tf_help]: Transform data too old when converting from map to odom
[component_container_isolated-2] [ERROR] [1789771251.861358085] [tf_help]: Data time: 103s 100000000ns, Transform time: 3s 679000000ns
[component_container_isolated-2] [INFO] [1789771251.905914395] [controller_server]: Passing new path to controller.
[component_container_isolated-2] [ERROR] [1789771251.911476038] [tf_help]: Transform data too old when converting from map to odom
[component_container_isolated-2] [ERROR] [1789771251.911508814] [tf_help]: Data time: 104s 200000000ns, Transform time: 3s 679000000ns
[component_container_isolated-2] [ERROR] [1789771251.962155893] [tf_help]: Transform data too old when converting from map to odom
[component_container_isolated-2] [ERROR] [1789771251.962188114] [tf_help]: Data time: 104s 200000000ns, Transform time: 3s 679000000ns
[component_container_isolated-2] [ERROR] [1789771252.011170065] [tf_help]: Transform data too old when converting from map to odom
[component_container_isolated-2] [ERROR] [1789771252.011204167] [tf_help]: Data time: 104s 200000000ns, Transform time: 3s 679000000ns
[component_container_isolated-2] [ERROR] [1789771252.061605920] [tf_help]: Transform data too old when converting from map to odom
[component_container_isolated-2] [ERROR] [1789771252.061642288] [tf_help]: Data time: 104s 200000000ns, Transform time: 3s 679000000ns
[component_container_isolated-2] [ERROR] [1789771252.111795308] [tf_help]: Transform data too old when converting from map to odom
[component_container_isolated-2] [ERROR] [1789771252.111840795] [tf_help]: Data time: 104s 200000000ns, Transform time: 3s 679000000ns
[component_container_isolated-2] [ERROR] [1789771252.161682083] [tf_help]: Transform data too old when converting from map to odom
[component_container_isolated-2] [ERROR] [1789771252.161712717] [tf_help]: Data time: 104s 200000000ns, Transform time: 3s 679000000ns
[component_container_isolated-2] [ERROR] [1789771252.211155598] [tf_help]: Transform data too old when converting from map to odom
[component_container_isolated-2] [ERROR] [1789771252.211190117] [tf_help]: Data time: 104s 200000000ns, Transform time: 3s 679000000ns
[component_container_isolated-2] [ERROR] [1789771252.261769176] [tf_help]: Transform data too old when converting from map to odom
[component_container_isolated-2] [ERROR] [1789771252.261799377] [tf_help]: Data time: 104s 200000000ns, Transform time: 3s 679000000ns
[component_container_isolated-2] [ERROR] [1789771252.312024178] [tf_help]: Transform data too old when converting from map to odom
[component_container_isolated-2] [ERROR] [1789771252.312063658] [tf_help]: Data time: 104s 200000000ns, Transform time: 3s 679000000ns
[component_container_isolated-2] [ERROR] [1789771252.362268605] [tf_help]: Transform data too old when converting from map to odom
[component_container_isolated-2] [ERROR] [1789771252.362300428] [tf_help]: Data time: 104s 200000000ns, Transform time: 3s 679000000ns
[component_container_isolated-2] [ERROR] [1789771252.411519167] [tf_help]: Transform data too old when converting from map to odom
[component_container_isolated-2] [ERROR] [1789771252.411555599] [tf_help]: Data time: 104s 200000000ns, Transform time: 3s 679000000ns
[component_container_isolated-2] [ERROR] [1789771252.461791343] [tf_help]: Transform data too old when converting from map to odom
[component_container_isolated-2] [ERROR] [1789771252.461825054] [tf_help]: Data time: 104s 200000000ns, Transform time: 3s 679000000ns
[component_container_isolated-2] [ERROR] [1789771252.512149363] [tf_help]: Transform data too old when converting from map to odom
[component_container_isolated-2] [ERROR] [1789771252.512194127] [tf_help]: Data time: 104s 200000000ns, Transform time: 3s 679000000ns
[component_container_isolated-2] [ERROR] [1789771252.561298845] [tf_help]: Transform data too old when converting from map to odom
[component_container_isolated-2] [ERROR] [1789771252.561328987] [tf_help]: Data time: 104s 200000000ns, Transform time: 3s 679000000ns
[component_container_isolated-2] [ERROR] [1789771252.613436835] [tf_help]: Transform data too old when converting from map to odom
[component_container_isolated-2] [ERROR] [1789771252.613469288] [tf_help]: Data time: 104s 200000000ns, Transform time: 3s 679000000ns
[component_container_isolated-2] [ERROR] [1789771252.661588517] [tf_help]: Transform data too old when converting from map to odom
[component_container_isolated-2] [ERROR] [1789771252.661620784] [tf_help]: Data time: 104s 200000000ns, Transform time: 3s 679000000ns
[component_container_isolated-2] [ERROR] [1789771252.715659264] [tf_help]: Transform data too old when converting from map to odom
[component_container_isolated-2] [ERROR] [1789771252.715712293] [tf_help]: Data time: 104s 200000000ns, Transform time: 3s 679000000ns
[component_container_isolated-2] [ERROR] [1789771252.765325407] [tf_help]: Transform data too old when converting from map to odom
[component_container_isolated-2] [ERROR] [1789771252.765357146] [tf_help]: Data time: 104s 200000000ns, Transform time: 3s 679000000ns
[component_container_isolated-2] [ERROR] [1789771252.812652604] [tf_help]: Transform data too old when converting from map to odom
[component_container_isolated-2] [ERROR] [1789771252.812688957] [tf_help]: Data time: 104s 200000000ns, Transform time: 3s 679000000ns
[component_container_isolated-2] [ERROR] [1789771252.862938762] [tf_help]: Transform data too old when converting from map to odom
[component_container_isolated-2] [ERROR] [1789771252.862974029] [tf_help]: Data time: 104s 200000000ns, Transform time: 3s 679000000ns
[component_container_isolated-2] [ERROR] [1789771252.916367936] [tf_help]: Transform data too old when converting from map to odom
[component_container_isolated-2] [ERROR] [1789771252.916423345] [tf_help]: Data time: 104s 200000000ns, Transform time: 3s 679000000ns
[component_container_isolated-2] [INFO] [1789771252.955917889] [controller_server]: Passing new path to controller.
[component_container_isolated-2] [ERROR] [1789771252.966647049] [tf_help]: Transform data too old when converting from map to odom
[component_container_isolated-2] [ERROR] [1789771252.966700026] [tf_help]: Data time: 105s 100000000ns, Transform time: 3s 679000000ns
[component_container_isolated-2] [ERROR] [1789771253.017259984] [tf_help]: Transform data too old when converting from map to odom
[component_container_isolated-2] [ERROR] [1789771253.017309557] [tf_help]: Data time: 105s 100000000ns, Transform time: 3s 679000000ns
[component_container_isolated-2] [ERROR] [1789771253.065422803] [tf_help]: Transform data too old when converting from map to odom
[component_container_isolated-2] [ERROR] [1789771253.065461782] [tf_help]: Data time: 105s 100000000ns, Transform time: 3s 679000000ns
[component_container_isolated-2] [ERROR] [1789771253.111130734] [tf_help]: Transform data too old when converting from map to odom
[component_container_isolated-2] [ERROR] [1789771253.111161671] [tf_help]: Data time: 105s 100000000ns, Transform time: 3s 679000000ns
[component_container_isolated-2] [ERROR] [1789771253.163285842] [tf_help]: Transform data too old when converting from map to odom
[component_container_isolated-2] [ERROR] [1789771253.163328757] [tf_help]: Data time: 105s 100000000ns, Transform time: 3s 679000000ns
[component_container_isolated-2] [ERROR] [1789771253.211869893] [tf_help]: Transform data too old when converting from map to odom
[component_container_isolated-2] [ERROR] [1789771253.211902051] [tf_help]: Data time: 105s 100000000ns, Transform time: 3s 679000000ns
[component_container_isolated-2] [ERROR] [1789771253.261885309] [tf_help]: Transform data too old when converting from map to odom
[component_container_isolated-2] [ERROR] [1789771253.261919743] [tf_help]: Data time: 105s 100000000ns, Transform time: 3s 679000000ns
[component_container_isolated-2] [ERROR] [1789771253.311854410] [tf_help]: Transform data too old when converting from map to odom
[component_container_isolated-2] [ERROR] [1789771253.311886892] [tf_help]: Data time: 105s 100000000ns, Transform time: 3s 679000000ns
[component_container_isolated-2] [ERROR] [1789771253.361643933] [tf_help]: Transform data too old when converting from map to odom
[component_container_isolated-2] [ERROR] [1789771253.361674925] [tf_help]: Data time: 105s 100000000ns, Transform time: 3s 679000000ns
[component_container_isolated-2] [INFO] [1789771253.411661402] [controller_server]: [TG-MPPI] cycle time (compute_backend=cpu): 6.110 ms/cycle avg over 50 cycles
[component_container_isolated-2] [ERROR] [1789771253.411795809] [tf_help]: Transform data too old when converting from map to odom
[component_container_isolated-2] [ERROR] [1789771253.411815536] [tf_help]: Data time: 105s 100000000ns, Transform time: 3s 679000000ns
[component_container_isolated-2] [ERROR] [1789771253.461845488] [tf_help]: Transform data too old when converting from map to odom
[component_container_isolated-2] [ERROR] [1789771253.461885944] [tf_help]: Data time: 105s 100000000ns, Transform time: 3s 679000000ns
[component_container_isolated-2] [ERROR] [1789771253.511811953] [tf_help]: Transform data too old when converting from map to odom
[component_container_isolated-2] [ERROR] [1789771253.511844994] [tf_help]: Data time: 105s 100000000ns, Transform time: 3s 679000000ns
[component_container_isolated-2] [ERROR] [1789771253.562172803] [tf_help]: Transform data too old when converting from map to odom
[component_container_isolated-2] [ERROR] [1789771253.562204358] [tf_help]: Data time: 105s 100000000ns, Transform time: 3s 679000000ns
[component_container_isolated-2] [ERROR] [1789771253.611485160] [tf_help]: Transform data too old when converting from map to odom
[component_container_isolated-2] [ERROR] [1789771253.611524439] [tf_help]: Data time: 105s 100000000ns, Transform time: 3s 679000000ns
[component_container_isolated-2] [ERROR] [1789771253.663581652] [tf_help]: Transform data too old when converting from map to odom
[component_container_isolated-2] [ERROR] [1789771253.663619285] [tf_help]: Data time: 105s 100000000ns, Transform time: 3s 679000000ns
[component_container_isolated-2] [ERROR] [1789771253.715039362] [tf_help]: Transform data too old when converting from map to odom
[component_container_isolated-2] [ERROR] [1789771253.715080555] [tf_help]: Data time: 105s 100000000ns, Transform time: 3s 679000000ns
[component_container_isolated-2] [ERROR] [1789771253.762337974] [tf_help]: Transform data too old when converting from map to odom
[component_container_isolated-2] [ERROR] [1789771253.762376485] [tf_help]: Data time: 105s 100000000ns, Transform time: 3s 679000000ns
[component_container_isolated-2] [ERROR] [1789771253.811913791] [tf_help]: Transform data too old when converting from map to odom
[component_container_isolated-2] [ERROR] [1789771253.811961259] [tf_help]: Data time: 105s 100000000ns, Transform time: 3s 679000000ns
[component_container_isolated-2] [ERROR] [1789771253.863664457] [tf_help]: Transform data too old when converting from map to odom
[component_container_isolated-2] [ERROR] [1789771253.863705379] [tf_help]: Data time: 105s 100000000ns, Transform time: 3s 679000000ns
[component_container_isolated-2] [ERROR] [1789771253.911800528] [tf_help]: Transform data too old when converting from map to odom
[component_container_isolated-2] [ERROR] [1789771253.911835266] [tf_help]: Data time: 105s 100000000ns, Transform time: 3s 679000000ns
[component_container_isolated-2] [INFO] [1789771253.955909779] [controller_server]: Passing new path to controller.
[component_container_isolated-2] [ERROR] [1789771253.961497535] [tf_help]: Transform data too old when converting from map to odom
[component_container_isolated-2] [ERROR] [1789771253.961531303] [tf_help]: Data time: 106s 100000000ns, Transform time: 3s 679000000ns
[component_container_isolated-2] [ERROR] [1789771254.011523251] [tf_help]: Transform data too old when converting from map to odom
[component_container_isolated-2] [ERROR] [1789771254.011567392] [tf_help]: Data time: 106s 100000000ns, Transform time: 3s 679000000ns
[component_container_isolated-2] [ERROR] [1789771254.061777410] [tf_help]: Transform data too old when converting from map to odom
[component_container_isolated-2] [ERROR] [1789771254.061821100] [tf_help]: Data time: 106s 100000000ns, Transform time: 3s 679000000ns
[component_container_isolated-2] [ERROR] [1789771254.116238422] [tf_help]: Transform data too old when converting from map to odom
[component_container_isolated-2] [ERROR] [1789771254.116290384] [tf_help]: Data time: 106s 100000000ns, Transform time: 3s 679000000ns
[component_container_isolated-2] [ERROR] [1789771254.165056101] [tf_help]: Transform data too old when converting from map to odom
[component_container_isolated-2] [ERROR] [1789771254.165094728] [tf_help]: Data time: 106s 100000000ns, Transform time: 3s 679000000ns
[component_container_isolated-2] [ERROR] [1789771254.211472312] [tf_help]: Transform data too old when converting from map to odom
[component_container_isolated-2] [ERROR] [1789771254.211504789] [tf_help]: Data time: 106s 100000000ns, Transform time: 3s 679000000ns
[component_container_isolated-2] [ERROR] [1789771254.261547330] [tf_help]: Transform data too old when converting from map to odom
[component_container_isolated-2] [ERROR] [1789771254.261579880] [tf_help]: Data time: 106s 100000000ns, Transform time: 3s 679000000ns
[component_container_isolated-2] [ERROR] [1789771254.316191172] [tf_help]: Transform data too old when converting from map to odom
[component_container_isolated-2] [ERROR] [1789771254.316238997] [tf_help]: Data time: 106s 100000000ns, Transform time: 3s 679000000ns
[component_container_isolated-2] [ERROR] [1789771254.362047330] [tf_help]: Transform data too old when converting from map to odom
[component_container_isolated-2] [ERROR] [1789771254.362097006] [tf_help]: Data time: 106s 100000000ns, Transform time: 3s 679000000ns
[component_container_isolated-2] [ERROR] [1789771254.412749331] [tf_help]: Transform data too old when converting from map to odom
[component_container_isolated-2] [ERROR] [1789771254.412784171] [tf_help]: Data time: 106s 100000000ns, Transform time: 3s 679000000ns
[component_container_isolated-2] [ERROR] [1789771254.461175529] [tf_help]: Transform data too old when converting from map to odom
[component_container_isolated-2] [ERROR] [1789771254.461209353] [tf_help]: Data time: 106s 100000000ns, Transform time: 3s 679000000ns
[component_container_isolated-2] [ERROR] [1789771254.511008985] [tf_help]: Transform data too old when converting from map to odom
[component_container_isolated-2] [ERROR] [1789771254.511042533] [tf_help]: Data time: 106s 100000000ns, Transform time: 3s 679000000ns
[component_container_isolated-2] [ERROR] [1789771254.561235586] [tf_help]: Transform data too old when converting from map to odom
[component_container_isolated-2] [ERROR] [1789771254.561270693] [tf_help]: Data time: 106s 100000000ns, Transform time: 3s 679000000ns
[component_container_isolated-2] [ERROR] [1789771254.611002341] [tf_help]: Transform data too old when converting from map to odom
[component_container_isolated-2] [ERROR] [1789771254.611038284] [tf_help]: Data time: 106s 100000000ns, Transform time: 3s 679000000ns
[component_container_isolated-2] [ERROR] [1789771254.661359509] [tf_help]: Transform data too old when converting from map to odom
[component_container_isolated-2] [ERROR] [1789771254.661390426] [tf_help]: Data time: 106s 100000000ns, Transform time: 3s 679000000ns
[component_container_isolated-2] [ERROR] [1789771254.712373276] [tf_help]: Transform data too old when converting from map to odom
[component_container_isolated-2] [ERROR] [1789771254.712409089] [tf_help]: Data time: 106s 100000000ns, Transform time: 3s 679000000ns
[component_container_isolated-2] [ERROR] [1789771254.762373118] [tf_help]: Transform data too old when converting from map to odom
[component_container_isolated-2] [ERROR] [1789771254.762405542] [tf_help]: Data time: 106s 100000000ns, Transform time: 3s 679000000ns
[component_container_isolated-2] [ERROR] [1789771254.812418458] [tf_help]: Transform data too old when converting from map to odom
[component_container_isolated-2] [ERROR] [1789771254.812485416] [tf_help]: Data time: 106s 100000000ns, Transform time: 3s 679000000ns
[component_container_isolated-2] [ERROR] [1789771254.864822734] [tf_help]: Transform data too old when converting from map to odom
[component_container_isolated-2] [ERROR] [1789771254.864857704] [tf_help]: Data time: 106s 100000000ns, Transform time: 3s 679000000ns
[component_container_isolated-2] [ERROR] [1789771254.911612892] [tf_help]: Transform data too old when converting from map to odom
[component_container_isolated-2] [ERROR] [1789771254.911653288] [tf_help]: Data time: 106s 100000000ns, Transform time: 3s 679000000ns
[component_container_isolated-2] [ERROR] [1789771254.965902439] [tf_help]: Transform data too old when converting from map to odom
[component_container_isolated-2] [ERROR] [1789771254.965947577] [tf_help]: Data time: 106s 100000000ns, Transform time: 3s 679000000ns
[component_container_isolated-2] [INFO] [1789771255.005967358] [controller_server]: Passing new path to controller.
[component_container_isolated-2] [ERROR] [1789771255.016499533] [tf_help]: Transform data too old when converting from map to odom
[component_container_isolated-2] [ERROR] [1789771255.016544707] [tf_help]: Data time: 107s 100000000ns, Transform time: 3s 679000000ns
[component_container_isolated-2] [ERROR] [1789771255.061456259] [tf_help]: Transform data too old when converting from map to odom
[component_container_isolated-2] [ERROR] [1789771255.061496786] [tf_help]: Data time: 107s 100000000ns, Transform time: 3s 679000000ns
[component_container_isolated-2] [ERROR] [1789771255.111276669] [tf_help]: Transform data too old when converting from map to odom
[component_container_isolated-2] [ERROR] [1789771255.111306721] [tf_help]: Data time: 107s 100000000ns, Transform time: 3s 679000000ns
[component_container_isolated-2] [ERROR] [1789771255.161259569] [tf_help]: Transform data too old when converting from map to odom
[component_container_isolated-2] [ERROR] [1789771255.161296725] [tf_help]: Data time: 107s 100000000ns, Transform time: 3s 679000000ns
[component_container_isolated-2] [ERROR] [1789771255.211477659] [tf_help]: Transform data too old when converting from map to odom
[component_container_isolated-2] [ERROR] [1789771255.211512534] [tf_help]: Data time: 107s 100000000ns, Transform time: 3s 679000000ns
[component_container_isolated-2] [ERROR] [1789771255.262644977] [tf_help]: Transform data too old when converting from map to odom
[component_container_isolated-2] [ERROR] [1789771255.262682394] [tf_help]: Data time: 107s 100000000ns, Transform time: 3s 679000000ns
[component_container_isolated-2] [ERROR] [1789771255.312579979] [tf_help]: Transform data too old when converting from map to odom
[component_container_isolated-2] [ERROR] [1789771255.312618850] [tf_help]: Data time: 107s 100000000ns, Transform time: 3s 679000000ns
[component_container_isolated-2] [ERROR] [1789771255.366146143] [tf_help]: Transform data too old when converting from map to odom
[component_container_isolated-2] [ERROR] [1789771255.366192603] [tf_help]: Data time: 107s 100000000ns, Transform time: 3s 679000000ns
[component_container_isolated-2] [ERROR] [1789771255.415978556] [tf_help]: Transform data too old when converting from map to odom
[component_container_isolated-2] [ERROR] [1789771255.416023208] [tf_help]: Data time: 107s 100000000ns, Transform time: 3s 679000000ns
[component_container_isolated-2] [ERROR] [1789771255.462569459] [tf_help]: Transform data too old when converting from map to odom
[component_container_isolated-2] [ERROR] [1789771255.462608228] [tf_help]: Data time: 107s 100000000ns, Transform time: 3s 679000000ns
[component_container_isolated-2] [ERROR] [1789771255.513331147] [tf_help]: Transform data too old when converting from map to odom
[component_container_isolated-2] [ERROR] [1789771255.513364383] [tf_help]: Data time: 107s 100000000ns, Transform time: 3s 679000000ns
[component_container_isolated-2] [ERROR] [1789771255.561723565] [tf_help]: Transform data too old when converting from map to odom
[component_container_isolated-2] [ERROR] [1789771255.561755757] [tf_help]: Data time: 107s 100000000ns, Transform time: 3s 679000000ns
[component_container_isolated-2] [ERROR] [1789771255.611424737] [tf_help]: Transform data too old when converting from map to odom
[component_container_isolated-2] [ERROR] [1789771255.611462908] [tf_help]: Data time: 107s 100000000ns, Transform time: 3s 679000000ns
[component_container_isolated-2] [ERROR] [1789771255.661223794] [tf_help]: Transform data too old when converting from map to odom
[component_container_isolated-2] [ERROR] [1789771255.661256112] [tf_help]: Data time: 107s 100000000ns, Transform time: 3s 679000000ns
[component_container_isolated-2] [ERROR] [1789771255.711299479] [tf_help]: Transform data too old when converting from map to odom
[component_container_isolated-2] [ERROR] [1789771255.711328905] [tf_help]: Data time: 107s 100000000ns, Transform time: 3s 679000000ns
[component_container_isolated-2] [ERROR] [1789771255.761148294] [tf_help]: Transform data too old when converting from map to odom
[component_container_isolated-2] [ERROR] [1789771255.761181887] [tf_help]: Data time: 107s 100000000ns, Transform time: 3s 679000000ns
[component_container_isolated-2] [ERROR] [1789771255.812100960] [tf_help]: Transform data too old when converting from map to odom
[component_container_isolated-2] [ERROR] [1789771255.812150085] [tf_help]: Data time: 107s 100000000ns, Transform time: 3s 679000000ns
[component_container_isolated-2] [ERROR] [1789771255.864858738] [tf_help]: Transform data too old when converting from map to odom
[component_container_isolated-2] [ERROR] [1789771255.864899731] [tf_help]: Data time: 107s 100000000ns, Transform time: 3s 679000000ns
[component_container_isolated-2] [INFO] [1789771255.914517102] [controller_server]: [TG-MPPI] cycle time (compute_backend=cpu): 6.501 ms/cycle avg over 50 cycles
[component_container_isolated-2] [ERROR] [1789771255.914656014] [tf_help]: Transform data too old when converting from map to odom
[component_container_isolated-2] [ERROR] [1789771255.914674020] [tf_help]: Data time: 107s 100000000ns, Transform time: 3s 679000000ns
[component_container_isolated-2] [ERROR] [1789771255.961371273] [tf_help]: Transform data too old when converting from map to odom
[component_container_isolated-2] [ERROR] [1789771255.961406599] [tf_help]: Data time: 107s 100000000ns, Transform time: 3s 679000000ns
[component_container_isolated-2] [INFO] [1789771256.005942217] [controller_server]: Passing new path to controller.
[component_container_isolated-2] [ERROR] [1789771256.011290927] [tf_help]: Transform data too old when converting from map to odom
[component_container_isolated-2] [ERROR] [1789771256.011322232] [tf_help]: Data time: 108s 0ns, Transform time: 3s 679000000ns
[component_container_isolated-2] [ERROR] [1789771256.066039239] [tf_help]: Transform data too old when converting from map to odom
[component_container_isolated-2] [ERROR] [1789771256.066087382] [tf_help]: Data time: 108s 0ns, Transform time: 3s 679000000ns
[component_container_isolated-2] [ERROR] [1789771256.115930333] [tf_help]: Transform data too old when converting from map to odom
[component_container_isolated-2] [ERROR] [1789771256.115979472] [tf_help]: Data time: 108s 0ns, Transform time: 3s 679000000ns
[component_container_isolated-2] [ERROR] [1789771256.166379024] [tf_help]: Transform data too old when converting from map to odom
[component_container_isolated-2] [ERROR] [1789771256.166422598] [tf_help]: Data time: 108s 0ns, Transform time: 3s 679000000ns
[component_container_isolated-2] [ERROR] [1789771256.212487137] [tf_help]: Transform data too old when converting from map to odom
[component_container_isolated-2] [ERROR] [1789771256.212521203] [tf_help]: Data time: 108s 0ns, Transform time: 3s 679000000ns
[component_container_isolated-2] [ERROR] [1789771256.262331878] [tf_help]: Transform data too old when converting from map to odom
[component_container_isolated-2] [ERROR] [1789771256.262362950] [tf_help]: Data time: 108s 0ns, Transform time: 3s 679000000ns
[component_container_isolated-2] [ERROR] [1789771256.311191518] [tf_help]: Transform data too old when converting from map to odom
[component_container_isolated-2] [ERROR] [1789771256.311236163] [tf_help]: Data time: 108s 0ns, Transform time: 3s 679000000ns
[component_container_isolated-2] [ERROR] [1789771256.361500270] [tf_help]: Transform data too old when converting from map to odom
[component_container_isolated-2] [ERROR] [1789771256.361531108] [tf_help]: Data time: 108s 0ns, Transform time: 3s 679000000ns
[component_container_isolated-2] [ERROR] [1789771256.411099177] [tf_help]: Transform data too old when converting from map to odom
[component_container_isolated-2] [ERROR] [1789771256.411131265] [tf_help]: Data time: 108s 0ns, Transform time: 3s 679000000ns
[component_container_isolated-2] [ERROR] [1789771256.462313789] [tf_help]: Transform data too old when converting from map to odom
[component_container_isolated-2] [ERROR] [1789771256.462346993] [tf_help]: Data time: 108s 0ns, Transform time: 3s 679000000ns
[component_container_isolated-2] [ERROR] [1789771256.512083010] [tf_help]: Transform data too old when converting from map to odom
[component_container_isolated-2] [ERROR] [1789771256.512119147] [tf_help]: Data time: 108s 0ns, Transform time: 3s 679000000ns
[component_container_isolated-2] [ERROR] [1789771256.561384973] [tf_help]: Transform data too old when converting from map to odom
[component_container_isolated-2] [ERROR] [1789771256.561421591] [tf_help]: Data time: 108s 0ns, Transform time: 3s 679000000ns
[component_container_isolated-2] [ERROR] [1789771256.605954794] [controller_server]: Failed to make progress
[component_container_isolated-2] [WARN] [1789771256.606014200] [controller_server]: [follow_path] [ActionServer] Aborting handle.
[component_container_isolated-2] [INFO] [1789771256.625667136] [local_costmap.local_costmap]: Received request to clear entirely the local_costmap
[component_container_isolated-2] [INFO] [1789771256.626082474] [controller_server]: Received a goal, begin computing control effort.
[component_container_isolated-2] [ERROR] [1789771256.668062921] [tf_help]: Transform data too old when converting from map to odom
[component_container_isolated-2] [ERROR] [1789771256.668118377] [tf_help]: Data time: 108s 0ns, Transform time: 3s 679000000ns
[component_container_isolated-2] [ERROR] [1789771256.686708629] [tf_help]: Transform data too old when converting from map to odom
[component_container_isolated-2] [ERROR] [1789771256.686752197] [tf_help]: Data time: 108s 0ns, Transform time: 3s 679000000ns
[component_container_isolated-2] [ERROR] [1789771256.733793942] [tf_help]: Transform data too old when converting from map to odom
[component_container_isolated-2] [ERROR] [1789771256.733865054] [tf_help]: Data time: 108s 0ns, Transform time: 3s 679000000ns
[component_container_isolated-2] [ERROR] [1789771256.782655017] [tf_help]: Transform data too old when converting from map to odom
[component_container_isolated-2] [ERROR] [1789771256.782692540] [tf_help]: Data time: 108s 0ns, Transform time: 3s 679000000ns
[component_container_isolated-2] [ERROR] [1789771256.832247341] [tf_help]: Transform data too old when converting from map to odom
[component_container_isolated-2] [ERROR] [1789771256.832287025] [tf_help]: Data time: 108s 0ns, Transform time: 3s 679000000ns
[component_container_isolated-2] [ERROR] [1789771256.882241200] [tf_help]: Transform data too old when converting from map to odom
[component_container_isolated-2] [ERROR] [1789771256.882280827] [tf_help]: Data time: 108s 0ns, Transform time: 3s 679000000ns
[component_container_isolated-2] [ERROR] [1789771256.938362065] [tf_help]: Transform data too old when converting from map to odom
[component_container_isolated-2] [ERROR] [1789771256.938417271] [tf_help]: Data time: 108s 0ns, Transform time: 3s 679000000ns
[component_container_isolated-2] [ERROR] [1789771256.987043239] [tf_help]: Transform data too old when converting from map to odom
[component_container_isolated-2] [ERROR] [1789771256.987095125] [tf_help]: Data time: 108s 0ns, Transform time: 3s 679000000ns
[component_container_isolated-2] [ERROR] [1789771257.037071099] [tf_help]: Transform data too old when converting from map to odom
[component_container_isolated-2] [ERROR] [1789771257.037149572] [tf_help]: Data time: 108s 0ns, Transform time: 3s 679000000ns
[component_container_isolated-2] [INFO] [1789771257.076185171] [controller_server]: Passing new path to controller.
[component_container_isolated-2] [ERROR] [1789771257.087222285] [tf_help]: Transform data too old when converting from map to odom
[component_container_isolated-2] [ERROR] [1789771257.087261437] [tf_help]: Data time: 108s 800000000ns, Transform time: 3s 679000000ns
[component_container_isolated-2] [ERROR] [1789771257.132983165] [tf_help]: Transform data too old when converting from map to odom
[component_container_isolated-2] [ERROR] [1789771257.133020053] [tf_help]: Data time: 108s 800000000ns, Transform time: 3s 679000000ns
[component_container_isolated-2] [ERROR] [1789771257.181651176] [tf_help]: Transform data too old when converting from map to odom
[component_container_isolated-2] [ERROR] [1789771257.181681701] [tf_help]: Data time: 108s 800000000ns, Transform time: 3s 679000000ns
[component_container_isolated-2] [ERROR] [1789771257.232222886] [tf_help]: Transform data too old when converting from map to odom
[component_container_isolated-2] [ERROR] [1789771257.232260618] [tf_help]: Data time: 108s 800000000ns, Transform time: 3s 679000000ns
[component_container_isolated-2] [ERROR] [1789771257.285335148] [tf_help]: Transform data too old when converting from map to odom
[component_container_isolated-2] [ERROR] [1789771257.285365390] [tf_help]: Data time: 108s 800000000ns, Transform time: 3s 679000000ns
[component_container_isolated-2] [ERROR] [1789771257.333008989] [tf_help]: Transform data too old when converting from map to odom
[component_container_isolated-2] [ERROR] [1789771257.333057219] [tf_help]: Data time: 108s 800000000ns, Transform time: 3s 679000000ns
[component_container_isolated-2] [ERROR] [1789771257.382892579] [tf_help]: Transform data too old when converting from map to odom
[component_container_isolated-2] [ERROR] [1789771257.382951775] [tf_help]: Data time: 108s 800000000ns, Transform time: 3s 679000000ns
[component_container_isolated-2] [ERROR] [1789771257.431596840] [tf_help]: Transform data too old when converting from map to odom
[component_container_isolated-2] [ERROR] [1789771257.431627661] [tf_help]: Data time: 108s 800000000ns, Transform time: 3s 679000000ns
[component_container_isolated-2] [ERROR] [1789771257.481508553] [tf_help]: Transform data too old when converting from map to odom
[component_container_isolated-2] [ERROR] [1789771257.481538616] [tf_help]: Data time: 108s 800000000ns, Transform time: 3s 679000000ns
[component_container_isolated-2] [ERROR] [1789771257.532197059] [tf_help]: Transform data too old when converting from map to odom
[component_container_isolated-2] [ERROR] [1789771257.532237843] [tf_help]: Data time: 108s 800000000ns, Transform time: 3s 679000000ns
[component_container_isolated-2] [ERROR] [1789771257.583306811] [tf_help]: Transform data too old when converting from map to odom
[component_container_isolated-2] [ERROR] [1789771257.583340464] [tf_help]: Data time: 108s 800000000ns, Transform time: 3s 679000000ns
[component_container_isolated-2] [ERROR] [1789771257.631589033] [tf_help]: Transform data too old when converting from map to odom
[component_container_isolated-2] [ERROR] [1789771257.631619837] [tf_help]: Data time: 108s 800000000ns, Transform time: 3s 679000000ns
[component_container_isolated-2] [ERROR] [1789771257.683557954] [tf_help]: Transform data too old when converting from map to odom
[component_container_isolated-2] [ERROR] [1789771257.683589624] [tf_help]: Data time: 108s 800000000ns, Transform time: 3s 679000000ns
[component_container_isolated-2] [ERROR] [1789771257.732890012] [tf_help]: Transform data too old when converting from map to odom
[component_container_isolated-2] [ERROR] [1789771257.732932766] [tf_help]: Data time: 108s 800000000ns, Transform time: 3s 679000000ns
[component_container_isolated-2] [ERROR] [1789771257.782217797] [tf_help]: Transform data too old when converting from map to odom
[component_container_isolated-2] [ERROR] [1789771257.782247201] [tf_help]: Data time: 108s 800000000ns, Transform time: 3s 679000000ns
[component_container_isolated-2] [ERROR] [1789771257.831597856] [tf_help]: Transform data too old when converting from map to odom
[component_container_isolated-2] [ERROR] [1789771257.831628036] [tf_help]: Data time: 108s 800000000ns, Transform time: 3s 679000000ns
[component_container_isolated-2] [ERROR] [1789771257.881526941] [tf_help]: Transform data too old when converting from map to odom
[component_container_isolated-2] [ERROR] [1789771257.881581987] [tf_help]: Data time: 108s 800000000ns, Transform time: 3s 679000000ns
[component_container_isolated-2] [ERROR] [1789771257.931773785] [tf_help]: Transform data too old when converting from map to odom
[component_container_isolated-2] [ERROR] [1789771257.931813112] [tf_help]: Data time: 108s 800000000ns, Transform time: 3s 679000000ns
[component_container_isolated-2] [ERROR] [1789771257.981405326] [tf_help]: Transform data too old when converting from map to odom
[component_container_isolated-2] [ERROR] [1789771257.981466384] [tf_help]: Data time: 108s 800000000ns, Transform time: 3s 679000000ns
[component_container_isolated-2] [ERROR] [1789771258.031734438] [tf_help]: Transform data too old when converting from map to odom
[component_container_isolated-2] [ERROR] [1789771258.031770177] [tf_help]: Data time: 108s 800000000ns, Transform time: 3s 679000000ns
[component_container_isolated-2] [INFO] [1789771258.076209023] [controller_server]: Passing new path to controller.
[component_container_isolated-2] [ERROR] [1789771258.081850100] [tf_help]: Transform data too old when converting from map to odom
[component_container_isolated-2] [ERROR] [1789771258.081878246] [tf_help]: Data time: 109s 900000000ns, Transform time: 3s 679000000ns
[ground_truth_localizer-1] [INFO] [1789771258.102631833] [ground_truth_localizer]: last 10 s: ground truth msgs 294, map->odom published 294 (292 via latest odom TF)
[component_container_isolated-2] [ERROR] [1789771258.131671062] [tf_help]: Transform data too old when converting from map to odom
[component_container_isolated-2] [ERROR] [1789771258.131729769] [tf_help]: Data time: 109s 900000000ns, Transform time: 3s 679000000ns
[component_container_isolated-2] [ERROR] [1789771258.186668454] [tf_help]: Transform data too old when converting from map to odom
[component_container_isolated-2] [ERROR] [1789771258.186712597] [tf_help]: Data time: 109s 900000000ns, Transform time: 3s 679000000ns
[component_container_isolated-2] [ERROR] [1789771258.232198551] [tf_help]: Transform data too old when converting from map to odom
[component_container_isolated-2] [ERROR] [1789771258.232231573] [tf_help]: Data time: 109s 900000000ns, Transform time: 3s 679000000ns
[component_container_isolated-2] [ERROR] [1789771258.282401698] [tf_help]: Transform data too old when converting from map to odom
[component_container_isolated-2] [ERROR] [1789771258.282436964] [tf_help]: Data time: 109s 900000000ns, Transform time: 3s 679000000ns
[component_container_isolated-2] [ERROR] [1789771258.332387867] [tf_help]: Transform data too old when converting from map to odom
[component_container_isolated-2] [ERROR] [1789771258.332421064] [tf_help]: Data time: 109s 900000000ns, Transform time: 3s 679000000ns
[component_container_isolated-2] [ERROR] [1789771258.386873317] [tf_help]: Transform data too old when converting from map to odom
[component_container_isolated-2] [ERROR] [1789771258.386936814] [tf_help]: Data time: 109s 900000000ns, Transform time: 3s 679000000ns
[component_container_isolated-2] [INFO] [1789771258.433667820] [controller_server]: [TG-MPPI] cycle time (compute_backend=cpu): 6.854 ms/cycle avg over 50 cycles
[component_container_isolated-2] [ERROR] [1789771258.433886190] [tf_help]: Transform data too old when converting from map to odom
[component_container_isolated-2] [ERROR] [1789771258.433910817] [tf_help]: Data time: 109s 900000000ns, Transform time: 3s 679000000ns
[component_container_isolated-2] [ERROR] [1789771258.483419384] [tf_help]: Transform data too old when converting from map to odom
[component_container_isolated-2] [ERROR] [1789771258.483456481] [tf_help]: Data time: 109s 900000000ns, Transform time: 3s 679000000ns
[component_container_isolated-2] [ERROR] [1789771258.538596452] [tf_help]: Transform data too old when converting from map to odom
[component_container_isolated-2] [ERROR] [1789771258.538665690] [tf_help]: Data time: 109s 900000000ns, Transform time: 3s 679000000ns
[component_container_isolated-2] [ERROR] [1789771258.587006225] [tf_help]: Transform data too old when converting from map to odom
[component_container_isolated-2] [ERROR] [1789771258.587056024] [tf_help]: Data time: 109s 900000000ns, Transform time: 3s 679000000ns
[component_container_isolated-2] [ERROR] [1789771258.636494832] [tf_help]: Transform data too old when converting from map to odom
[component_container_isolated-2] [ERROR] [1789771258.636540601] [tf_help]: Data time: 109s 900000000ns, Transform time: 3s 679000000ns
[component_container_isolated-2] [ERROR] [1789771258.684338172] [tf_help]: Transform data too old when converting from map to odom
[component_container_isolated-2] [ERROR] [1789771258.684377526] [tf_help]: Data time: 109s 900000000ns, Transform time: 3s 679000000ns
[component_container_isolated-2] [ERROR] [1789771258.732093976] [tf_help]: Transform data too old when converting from map to odom
[component_container_isolated-2] [ERROR] [1789771258.732137728] [tf_help]: Data time: 109s 900000000ns, Transform time: 3s 679000000ns
[component_container_isolated-2] [ERROR] [1789771258.784552898] [tf_help]: Transform data too old when converting from map to odom
[component_container_isolated-2] [ERROR] [1789771258.784590278] [tf_help]: Data time: 109s 900000000ns, Transform time: 3s 679000000ns
[component_container_isolated-2] [ERROR] [1789771258.832729316] [tf_help]: Transform data too old when converting from map to odom
[component_container_isolated-2] [ERROR] [1789771258.832761834] [tf_help]: Data time: 109s 900000000ns, Transform time: 3s 679000000ns
[component_container_isolated-2] [ERROR] [1789771258.882150512] [tf_help]: Transform data too old when converting from map to odom
[component_container_isolated-2] [ERROR] [1789771258.882182598] [tf_help]: Data time: 109s 900000000ns, Transform time: 3s 679000000ns
[component_container_isolated-2] [ERROR] [1789771258.931626964] [tf_help]: Transform data too old when converting from map to odom
[component_container_isolated-2] [ERROR] [1789771258.931661048] [tf_help]: Data time: 109s 900000000ns, Transform time: 3s 679000000ns
[component_container_isolated-2] [ERROR] [1789771258.986261428] [tf_help]: Transform data too old when converting from map to odom
[component_container_isolated-2] [ERROR] [1789771258.986305585] [tf_help]: Data time: 109s 900000000ns, Transform time: 3s 679000000ns
[component_container_isolated-2] [ERROR] [1789771259.033540950] [tf_help]: Transform data too old when converting from map to odom
[component_container_isolated-2] [ERROR] [1789771259.033576971] [tf_help]: Data time: 109s 900000000ns, Transform time: 3s 679000000ns
[component_container_isolated-2] [ERROR] [1789771259.081428207] [tf_help]: Transform data too old when converting from map to odom
[component_container_isolated-2] [ERROR] [1789771259.081488557] [tf_help]: Data time: 109s 900000000ns, Transform time: 3s 679000000ns
[component_container_isolated-2] [INFO] [1789771259.126213520] [controller_server]: Passing new path to controller.
[component_container_isolated-2] [ERROR] [1789771259.131809005] [tf_help]: Transform data too old when converting from map to odom
[component_container_isolated-2] [ERROR] [1789771259.131848584] [tf_help]: Data time: 110s 900000000ns, Transform time: 3s 679000000ns
[component_container_isolated-2] [ERROR] [1789771259.184248023] [tf_help]: Transform data too old when converting from map to odom
[component_container_isolated-2] [ERROR] [1789771259.184279898] [tf_help]: Data time: 110s 900000000ns, Transform time: 3s 679000000ns
[component_container_isolated-2] [ERROR] [1789771259.232347604] [tf_help]: Transform data too old when converting from map to odom
[component_container_isolated-2] [ERROR] [1789771259.232380577] [tf_help]: Data time: 110s 900000000ns, Transform time: 3s 679000000ns
[component_container_isolated-2] [ERROR] [1789771259.281677406] [tf_help]: Transform data too old when converting from map to odom
[component_container_isolated-2] [ERROR] [1789771259.281716465] [tf_help]: Data time: 110s 900000000ns, Transform time: 3s 679000000ns
[component_container_isolated-2] [ERROR] [1789771259.333911187] [tf_help]: Transform data too old when converting from map to odom
[component_container_isolated-2] [ERROR] [1789771259.333939999] [tf_help]: Data time: 110s 900000000ns, Transform time: 3s 679000000ns
[component_container_isolated-2] [ERROR] [1789771259.381829738] [tf_help]: Transform data too old when converting from map to odom
[component_container_isolated-2] [ERROR] [1789771259.381864477] [tf_help]: Data time: 110s 900000000ns, Transform time: 3s 679000000ns
[component_container_isolated-2] [ERROR] [1789771259.431935708] [tf_help]: Transform data too old when converting from map to odom
[component_container_isolated-2] [ERROR] [1789771259.431972263] [tf_help]: Data time: 110s 900000000ns, Transform time: 3s 679000000ns
[component_container_isolated-2] [ERROR] [1789771259.481602889] [tf_help]: Transform data too old when converting from map to odom
[component_container_isolated-2] [ERROR] [1789771259.481635841] [tf_help]: Data time: 110s 900000000ns, Transform time: 3s 679000000ns
[component_container_isolated-2] [ERROR] [1789771259.532519548] [tf_help]: Transform data too old when converting from map to odom
[component_container_isolated-2] [ERROR] [1789771259.532552973] [tf_help]: Data time: 110s 900000000ns, Transform time: 3s 679000000ns
[component_container_isolated-2] [ERROR] [1789771259.581314549] [tf_help]: Transform data too old when converting from map to odom
[component_container_isolated-2] [ERROR] [1789771259.581348502] [tf_help]: Data time: 110s 900000000ns, Transform time: 3s 679000000ns
[component_container_isolated-2] [ERROR] [1789771259.631616835] [tf_help]: Transform data too old when converting from map to odom
[component_container_isolated-2] [ERROR] [1789771259.631651573] [tf_help]: Data time: 110s 900000000ns, Transform time: 3s 679000000ns
[component_container_isolated-2] [ERROR] [1789771259.684670008] [tf_help]: Transform data too old when converting from map to odom
[component_container_isolated-2] [ERROR] [1789771259.684702645] [tf_help]: Data time: 110s 900000000ns, Transform time: 3s 679000000ns
[component_container_isolated-2] [ERROR] [1789771259.732251759] [tf_help]: Transform data too old when converting from map to odom
[component_container_isolated-2] [ERROR] [1789771259.732297768] [tf_help]: Data time: 110s 900000000ns, Transform time: 3s 679000000ns
[component_container_isolated-2] [ERROR] [1789771259.782028434] [tf_help]: Transform data too old when converting from map to odom
[component_container_isolated-2] [ERROR] [1789771259.782061567] [tf_help]: Data time: 110s 900000000ns, Transform time: 3s 679000000ns
[component_container_isolated-2] [ERROR] [1789771259.832053279] [tf_help]: Transform data too old when converting from map to odom
[component_container_isolated-2] [ERROR] [1789771259.832086567] [tf_help]: Data time: 110s 900000000ns, Transform time: 3s 679000000ns
[component_container_isolated-2] [ERROR] [1789771259.882081959] [tf_help]: Transform data too old when converting from map to odom
[component_container_isolated-2] [ERROR] [1789771259.882121576] [tf_help]: Data time: 110s 900000000ns, Transform time: 3s 679000000ns
[component_container_isolated-2] [ERROR] [1789771259.932143317] [tf_help]: Transform data too old when converting from map to odom
[component_container_isolated-2] [ERROR] [1789771259.932174115] [tf_help]: Data time: 110s 900000000ns, Transform time: 3s 679000000ns
[component_container_isolated-2] [ERROR] [1789771259.981898247] [tf_help]: Transform data too old when converting from map to odom
[component_container_isolated-2] [ERROR] [1789771259.981928170] [tf_help]: Data time: 110s 900000000ns, Transform time: 3s 679000000ns
[component_container_isolated-2] [ERROR] [1789771260.032353431] [tf_help]: Transform data too old when converting from map to odom
[component_container_isolated-2] [ERROR] [1789771260.032385302] [tf_help]: Data time: 110s 900000000ns, Transform time: 3s 679000000ns
[component_container_isolated-2] [ERROR] [1789771260.081933170] [tf_help]: Transform data too old when converting from map to odom
[component_container_isolated-2] [ERROR] [1789771260.081964757] [tf_help]: Data time: 110s 900000000ns, Transform time: 3s 679000000ns
[component_container_isolated-2] [INFO] [1789771260.126212517] [controller_server]: Passing new path to controller.
[component_container_isolated-2] [ERROR] [1789771260.131786574] [tf_help]: Transform data too old when converting from map to odom
[component_container_isolated-2] [ERROR] [1789771260.131814612] [tf_help]: Data time: 111s 800000000ns, Transform time: 3s 679000000ns
[component_container_isolated-2] [ERROR] [1789771260.181960850] [tf_help]: Transform data too old when converting from map to odom
[component_container_isolated-2] [ERROR] [1789771260.181990888] [tf_help]: Data time: 111s 800000000ns, Transform time: 3s 679000000ns
[component_container_isolated-2] [ERROR] [1789771260.232145438] [tf_help]: Transform data too old when converting from map to odom
[component_container_isolated-2] [ERROR] [1789771260.232179112] [tf_help]: Data time: 111s 800000000ns, Transform time: 3s 679000000ns
[component_container_isolated-2] [ERROR] [1789771260.283325440] [tf_help]: Transform data too old when converting from map to odom
[component_container_isolated-2] [ERROR] [1789771260.283352428] [tf_help]: Data time: 111s 800000000ns, Transform time: 3s 679000000ns
[component_container_isolated-2] [ERROR] [1789771260.331743353] [tf_help]: Transform data too old when converting from map to odom
[component_container_isolated-2] [ERROR] [1789771260.331776661] [tf_help]: Data time: 111s 800000000ns, Transform time: 3s 679000000ns
[component_container_isolated-2] [ERROR] [1789771260.381428492] [tf_help]: Transform data too old when converting from map to odom
[component_container_isolated-2] [ERROR] [1789771260.381466368] [tf_help]: Data time: 111s 800000000ns, Transform time: 3s 679000000ns
[component_container_isolated-2] [ERROR] [1789771260.431456777] [tf_help]: Transform data too old when converting from map to odom
[component_container_isolated-2] [ERROR] [1789771260.431490164] [tf_help]: Data time: 111s 800000000ns, Transform time: 3s 679000000ns
[component_container_isolated-2] [ERROR] [1789771260.481469127] [tf_help]: Transform data too old when converting from map to odom
[component_container_isolated-2] [ERROR] [1789771260.481502714] [tf_help]: Data time: 111s 800000000ns, Transform time: 3s 679000000ns
[component_container_isolated-2] [ERROR] [1789771260.536010225] [tf_help]: Transform data too old when converting from map to odom
[component_container_isolated-2] [ERROR] [1789771260.536055011] [tf_help]: Data time: 111s 800000000ns, Transform time: 3s 679000000ns
[component_container_isolated-2] [ERROR] [1789771260.583087539] [tf_help]: Transform data too old when converting from map to odom
[component_container_isolated-2] [ERROR] [1789771260.583121151] [tf_help]: Data time: 111s 800000000ns, Transform time: 3s 679000000ns
[component_container_isolated-2] [ERROR] [1789771260.631499217] [tf_help]: Transform data too old when converting from map to odom
[component_container_isolated-2] [ERROR] [1789771260.631530945] [tf_help]: Data time: 111s 800000000ns, Transform time: 3s 679000000ns
[component_container_isolated-2] [ERROR] [1789771260.681392543] [tf_help]: Transform data too old when converting from map to odom
[component_container_isolated-2] [ERROR] [1789771260.681425719] [tf_help]: Data time: 111s 800000000ns, Transform time: 3s 679000000ns
[component_container_isolated-2] [ERROR] [1789771260.731481131] [tf_help]: Transform data too old when converting from map to odom
[component_container_isolated-2] [ERROR] [1789771260.731528306] [tf_help]: Data time: 111s 800000000ns, Transform time: 3s 679000000ns
[component_container_isolated-2] [ERROR] [1789771260.781707530] [tf_help]: Transform data too old when converting from map to odom
[component_container_isolated-2] [ERROR] [1789771260.781741747] [tf_help]: Data time: 111s 800000000ns, Transform time: 3s 679000000ns
[component_container_isolated-2] [ERROR] [1789771260.831497237] [tf_help]: Transform data too old when converting from map to odom
[component_container_isolated-2] [ERROR] [1789771260.831527268] [tf_help]: Data time: 111s 800000000ns, Transform time: 3s 679000000ns
[component_container_isolated-2] [ERROR] [1789771260.881326521] [tf_help]: Transform data too old when converting from map to odom
[component_container_isolated-2] [ERROR] [1789771260.881358640] [tf_help]: Data time: 111s 800000000ns, Transform time: 3s 679000000ns
[component_container_isolated-2] [INFO] [1789771260.931335739] [controller_server]: [TG-MPPI] cycle time (compute_backend=cpu): 6.243 ms/cycle avg over 50 cycles
[component_container_isolated-2] [ERROR] [1789771260.931474524] [tf_help]: Transform data too old when converting from map to odom
[component_container_isolated-2] [ERROR] [1789771260.931492322] [tf_help]: Data time: 111s 800000000ns, Transform time: 3s 679000000ns
[component_container_isolated-2] [ERROR] [1789771260.981522258] [tf_help]: Transform data too old when converting from map to odom
[component_container_isolated-2] [ERROR] [1789771260.981559895] [tf_help]: Data time: 111s 800000000ns, Transform time: 3s 679000000ns
[component_container_isolated-2] [ERROR] [1789771261.032412502] [tf_help]: Transform data too old when converting from map to odom
[component_container_isolated-2] [ERROR] [1789771261.032458002] [tf_help]: Data time: 111s 800000000ns, Transform time: 3s 679000000ns
[component_container_isolated-2] [ERROR] [1789771261.083364699] [tf_help]: Transform data too old when converting from map to odom
[component_container_isolated-2] [ERROR] [1789771261.083409488] [tf_help]: Data time: 111s 800000000ns, Transform time: 3s 679000000ns
[component_container_isolated-2] [ERROR] [1789771261.135635193] [tf_help]: Transform data too old when converting from map to odom
[component_container_isolated-2] [ERROR] [1789771261.135672586] [tf_help]: Data time: 111s 800000000ns, Transform time: 3s 679000000ns
[component_container_isolated-2] [INFO] [1789771261.176175959] [controller_server]: Passing new path to controller.
[component_container_isolated-2] [ERROR] [1789771261.183575084] [tf_help]: Transform data too old when converting from map to odom
[component_container_isolated-2] [ERROR] [1789771261.183607574] [tf_help]: Data time: 112s 600000000ns, Transform time: 3s 679000000ns
[component_container_isolated-2] [ERROR] [1789771261.233178395] [tf_help]: Transform data too old when converting from map to odom
[component_container_isolated-2] [ERROR] [1789771261.233211635] [tf_help]: Data time: 112s 600000000ns, Transform time: 3s 679000000ns
[component_container_isolated-2] [ERROR] [1789771261.281700292] [tf_help]: Transform data too old when converting from map to odom
[component_container_isolated-2] [ERROR] [1789771261.281733854] [tf_help]: Data time: 112s 600000000ns, Transform time: 3s 679000000ns
[component_container_isolated-2] [ERROR] [1789771261.331405136] [tf_help]: Transform data too old when converting from map to odom
[component_container_isolated-2] [ERROR] [1789771261.331439515] [tf_help]: Data time: 112s 600000000ns, Transform time: 3s 679000000ns
[component_container_isolated-2] [ERROR] [1789771261.381968273] [tf_help]: Transform data too old when converting from map to odom
[component_container_isolated-2] [ERROR] [1789771261.382003495] [tf_help]: Data time: 112s 600000000ns, Transform time: 3s 679000000ns
[component_container_isolated-2] [ERROR] [1789771261.432042293] [tf_help]: Transform data too old when converting from map to odom
[component_container_isolated-2] [ERROR] [1789771261.432084175] [tf_help]: Data time: 112s 600000000ns, Transform time: 3s 679000000ns
[component_container_isolated-2] [ERROR] [1789771261.481608783] [tf_help]: Transform data too old when converting from map to odom
[component_container_isolated-2] [ERROR] [1789771261.481643042] [tf_help]: Data time: 112s 600000000ns, Transform time: 3s 679000000ns
[component_container_isolated-2] [ERROR] [1789771261.531451731] [tf_help]: Transform data too old when converting from map to odom
[component_container_isolated-2] [ERROR] [1789771261.531485624] [tf_help]: Data time: 112s 600000000ns, Transform time: 3s 679000000ns
[component_container_isolated-2] [ERROR] [1789771261.581476428] [tf_help]: Transform data too old when converting from map to odom
[component_container_isolated-2] [ERROR] [1789771261.581510776] [tf_help]: Data time: 112s 600000000ns, Transform time: 3s 679000000ns
[component_container_isolated-2] [ERROR] [1789771261.631544770] [tf_help]: Transform data too old when converting from map to odom
[component_container_isolated-2] [ERROR] [1789771261.631582689] [tf_help]: Data time: 112s 600000000ns, Transform time: 3s 679000000ns
[component_container_isolated-2] [ERROR] [1789771261.682412665] [tf_help]: Transform data too old when converting from map to odom
[component_container_isolated-2] [ERROR] [1789771261.682467530] [tf_help]: Data time: 112s 600000000ns, Transform time: 3s 679000000ns
[component_container_isolated-2] [ERROR] [1789771261.732460776] [tf_help]: Transform data too old when converting from map to odom
[component_container_isolated-2] [ERROR] [1789771261.732496836] [tf_help]: Data time: 112s 600000000ns, Transform time: 3s 679000000ns
[component_container_isolated-2] [ERROR] [1789771261.781820466] [tf_help]: Transform data too old when converting from map to odom
[component_container_isolated-2] [ERROR] [1789771261.781875458] [tf_help]: Data time: 112s 600000000ns, Transform time: 3s 679000000ns
[component_container_isolated-2] [ERROR] [1789771261.836006821] [tf_help]: Transform data too old when converting from map to odom
[component_container_isolated-2] [ERROR] [1789771261.836057310] [tf_help]: Data time: 112s 600000000ns, Transform time: 3s 679000000ns
[component_container_isolated-2] [ERROR] [1789771261.886207357] [tf_help]: Transform data too old when converting from map to odom
[component_container_isolated-2] [ERROR] [1789771261.886254094] [tf_help]: Data time: 112s 600000000ns, Transform time: 3s 679000000ns
[component_container_isolated-2] [ERROR] [1789771261.932114091] [tf_help]: Transform data too old when converting from map to odom
[component_container_isolated-2] [ERROR] [1789771261.932143911] [tf_help]: Data time: 112s 600000000ns, Transform time: 3s 679000000ns
[component_container_isolated-2] [ERROR] [1789771261.981668438] [tf_help]: Transform data too old when converting from map to odom
[component_container_isolated-2] [ERROR] [1789771261.981702465] [tf_help]: Data time: 112s 600000000ns, Transform time: 3s 679000000ns
[component_container_isolated-2] [ERROR] [1789771262.031407299] [tf_help]: Transform data too old when converting from map to odom
[component_container_isolated-2] [ERROR] [1789771262.031443608] [tf_help]: Data time: 112s 600000000ns, Transform time: 3s 679000000ns
[component_container_isolated-2] [ERROR] [1789771262.081694372] [tf_help]: Transform data too old when converting from map to odom
[component_container_isolated-2] [ERROR] [1789771262.081724090] [tf_help]: Data time: 112s 600000000ns, Transform time: 3s 679000000ns
[component_container_isolated-2] [ERROR] [1789771262.136046105] [tf_help]: Transform data too old when converting from map to odom
[component_container_isolated-2] [ERROR] [1789771262.136091749] [tf_help]: Data time: 112s 600000000ns, Transform time: 3s 679000000ns
[component_container_isolated-2] [ERROR] [1789771262.186267439] [tf_help]: Transform data too old when converting from map to odom
[component_container_isolated-2] [ERROR] [1789771262.186313182] [tf_help]: Data time: 112s 600000000ns, Transform time: 3s 679000000ns
[component_container_isolated-2] [INFO] [1789771262.226285666] [controller_server]: Passing new path to controller.
[component_container_isolated-2] [ERROR] [1789771262.236497024] [tf_help]: Transform data too old when converting from map to odom
[component_container_isolated-2] [ERROR] [1789771262.236541471] [tf_help]: Data time: 113s 800000000ns, Transform time: 3s 679000000ns
[component_container_isolated-2] [ERROR] [1789771262.283022207] [tf_help]: Transform data too old when converting from map to odom
[component_container_isolated-2] [ERROR] [1789771262.283060048] [tf_help]: Data time: 113s 800000000ns, Transform time: 3s 679000000ns
[component_container_isolated-2] [ERROR] [1789771262.332376335] [tf_help]: Transform data too old when converting from map to odom
[component_container_isolated-2] [ERROR] [1789771262.332409871] [tf_help]: Data time: 113s 800000000ns, Transform time: 3s 679000000ns
[component_container_isolated-2] [ERROR] [1789771262.383018458] [tf_help]: Transform data too old when converting from map to odom
[component_container_isolated-2] [ERROR] [1789771262.383052219] [tf_help]: Data time: 113s 800000000ns, Transform time: 3s 679000000ns
[component_container_isolated-2] [ERROR] [1789771262.432038795] [tf_help]: Transform data too old when converting from map to odom
[component_container_isolated-2] [ERROR] [1789771262.432068804] [tf_help]: Data time: 113s 800000000ns, Transform time: 3s 679000000ns
[component_container_isolated-2] [ERROR] [1789771262.481611196] [tf_help]: Transform data too old when converting from map to odom
[component_container_isolated-2] [ERROR] [1789771262.481647932] [tf_help]: Data time: 113s 800000000ns, Transform time: 3s 679000000ns
[component_container_isolated-2] [ERROR] [1789771262.531633922] [tf_help]: Transform data too old when converting from map to odom
[component_container_isolated-2] [ERROR] [1789771262.531672440] [tf_help]: Data time: 113s 800000000ns, Transform time: 3s 679000000ns
[component_container_isolated-2] [ERROR] [1789771262.581749042] [tf_help]: Transform data too old when converting from map to odom
[component_container_isolated-2] [ERROR] [1789771262.581781453] [tf_help]: Data time: 113s 800000000ns, Transform time: 3s 679000000ns
[component_container_isolated-2] [ERROR] [1789771262.631318932] [tf_help]: Transform data too old when converting from map to odom
[component_container_isolated-2] [ERROR] [1789771262.631349826] [tf_help]: Data time: 113s 800000000ns, Transform time: 3s 679000000ns
[component_container_isolated-2] [ERROR] [1789771262.682190944] [tf_help]: Transform data too old when converting from map to odom
[component_container_isolated-2] [ERROR] [1789771262.682222006] [tf_help]: Data time: 113s 800000000ns, Transform time: 3s 679000000ns
[component_container_isolated-2] [ERROR] [1789771262.731887374] [tf_help]: Transform data too old when converting from map to odom
[component_container_isolated-2] [ERROR] [1789771262.731921032] [tf_help]: Data time: 113s 800000000ns, Transform time: 3s 679000000ns
[component_container_isolated-2] [ERROR] [1789771262.784505455] [tf_help]: Transform data too old when converting from map to odom
[component_container_isolated-2] [ERROR] [1789771262.784538068] [tf_help]: Data time: 113s 800000000ns, Transform time: 3s 679000000ns
[component_container_isolated-2] [ERROR] [1789771262.831602958] [tf_help]: Transform data too old when converting from map to odom
[component_container_isolated-2] [ERROR] [1789771262.831638868] [tf_help]: Data time: 113s 800000000ns, Transform time: 3s 679000000ns
[component_container_isolated-2] [ERROR] [1789771262.881891104] [tf_help]: Transform data too old when converting from map to odom
[component_container_isolated-2] [ERROR] [1789771262.881934664] [tf_help]: Data time: 113s 800000000ns, Transform time: 3s 679000000ns
[component_container_isolated-2] [ERROR] [1789771262.931405218] [tf_help]: Transform data too old when converting from map to odom
[component_container_isolated-2] [ERROR] [1789771262.931446757] [tf_help]: Data time: 113s 800000000ns, Transform time: 3s 679000000ns
[component_container_isolated-2] [ERROR] [1789771262.981588278] [tf_help]: Transform data too old when converting from map to odom
[component_container_isolated-2] [ERROR] [1789771262.981621316] [tf_help]: Data time: 113s 800000000ns, Transform time: 3s 679000000ns
[component_container_isolated-2] [ERROR] [1789771263.031514834] [tf_help]: Transform data too old when converting from map to odom
[component_container_isolated-2] [ERROR] [1789771263.031548667] [tf_help]: Data time: 113s 800000000ns, Transform time: 3s 679000000ns
[component_container_isolated-2] [ERROR] [1789771263.081769727] [tf_help]: Transform data too old when converting from map to odom
[component_container_isolated-2] [ERROR] [1789771263.081801295] [tf_help]: Data time: 113s 800000000ns, Transform time: 3s 679000000ns
[component_container_isolated-2] [ERROR] [1789771263.131601837] [tf_help]: Transform data too old when converting from map to odom
[component_container_isolated-2] [ERROR] [1789771263.131639758] [tf_help]: Data time: 113s 800000000ns, Transform time: 3s 679000000ns
[component_container_isolated-2] [ERROR] [1789771263.181842155] [tf_help]: Transform data too old when converting from map to odom
[component_container_isolated-2] [ERROR] [1789771263.181875765] [tf_help]: Data time: 113s 800000000ns, Transform time: 3s 679000000ns
[component_container_isolated-2] [INFO] [1789771263.226180322] [controller_server]: Passing new path to controller.
[component_container_isolated-2] [ERROR] [1789771263.232210820] [tf_help]: Transform data too old when converting from map to odom
[component_container_isolated-2] [ERROR] [1789771263.232240278] [tf_help]: Data time: 114s 800000000ns, Transform time: 3s 679000000ns
[component_container_isolated-2] [ERROR] [1789771263.281464330] [tf_help]: Transform data too old when converting from map to odom
[component_container_isolated-2] [ERROR] [1789771263.281500983] [tf_help]: Data time: 114s 800000000ns, Transform time: 3s 679000000ns
[component_container_isolated-2] [ERROR] [1789771263.331570725] [tf_help]: Transform data too old when converting from map to odom
[component_container_isolated-2] [ERROR] [1789771263.331619925] [tf_help]: Data time: 114s 800000000ns, Transform time: 3s 679000000ns
[component_container_isolated-2] [ERROR] [1789771263.381813946] [tf_help]: Transform data too old when converting from map to odom
[component_container_isolated-2] [ERROR] [1789771263.381844559] [tf_help]: Data time: 114s 800000000ns, Transform time: 3s 679000000ns
[component_container_isolated-2] [INFO] [1789771263.431456100] [controller_server]: [TG-MPPI] cycle time (compute_backend=cpu): 6.027 ms/cycle avg over 50 cycles
[component_container_isolated-2] [ERROR] [1789771263.431582017] [tf_help]: Transform data too old when converting from map to odom
[component_container_isolated-2] [ERROR] [1789771263.431599963] [tf_help]: Data time: 114s 800000000ns, Transform time: 3s 679000000ns
[component_container_isolated-2] [ERROR] [1789771263.481396072] [tf_help]: Transform data too old when converting from map to odom
[component_container_isolated-2] [ERROR] [1789771263.481434271] [tf_help]: Data time: 114s 800000000ns, Transform time: 3s 679000000ns
[component_container_isolated-2] [ERROR] [1789771263.531710413] [tf_help]: Transform data too old when converting from map to odom
[component_container_isolated-2] [ERROR] [1789771263.531743025] [tf_help]: Data time: 114s 800000000ns, Transform time: 3s 679000000ns
[component_container_isolated-2] [ERROR] [1789771263.581409464] [tf_help]: Transform data too old when converting from map to odom
[component_container_isolated-2] [ERROR] [1789771263.581446868] [tf_help]: Data time: 114s 800000000ns, Transform time: 3s 679000000ns
[component_container_isolated-2] [ERROR] [1789771263.631632093] [tf_help]: Transform data too old when converting from map to odom
[component_container_isolated-2] [ERROR] [1789771263.631666797] [tf_help]: Data time: 114s 800000000ns, Transform time: 3s 679000000ns
[component_container_isolated-2] [ERROR] [1789771263.681577448] [tf_help]: Transform data too old when converting from map to odom
[component_container_isolated-2] [ERROR] [1789771263.681622430] [tf_help]: Data time: 114s 800000000ns, Transform time: 3s 679000000ns
[component_container_isolated-2] [ERROR] [1789771263.731655760] [tf_help]: Transform data too old when converting from map to odom
[component_container_isolated-2] [ERROR] [1789771263.731686334] [tf_help]: Data time: 114s 800000000ns, Transform time: 3s 679000000ns
[component_container_isolated-2] [ERROR] [1789771263.781570476] [tf_help]: Transform data too old when converting from map to odom
[component_container_isolated-2] [ERROR] [1789771263.781601184] [tf_help]: Data time: 114s 800000000ns, Transform time: 3s 679000000ns
[component_container_isolated-2] [ERROR] [1789771263.831541043] [tf_help]: Transform data too old when converting from map to odom
[component_container_isolated-2] [ERROR] [1789771263.831570254] [tf_help]: Data time: 114s 800000000ns, Transform time: 3s 679000000ns
[component_container_isolated-2] [ERROR] [1789771263.885400545] [tf_help]: Transform data too old when converting from map to odom
[component_container_isolated-2] [ERROR] [1789771263.885430122] [tf_help]: Data time: 114s 800000000ns, Transform time: 3s 679000000ns
[component_container_isolated-2] [ERROR] [1789771263.931394825] [tf_help]: Transform data too old when converting from map to odom
[component_container_isolated-2] [ERROR] [1789771263.931427305] [tf_help]: Data time: 114s 800000000ns, Transform time: 3s 679000000ns
[component_container_isolated-2] [ERROR] [1789771263.981701434] [tf_help]: Transform data too old when converting from map to odom
[component_container_isolated-2] [ERROR] [1789771263.981747993] [tf_help]: Data time: 114s 800000000ns, Transform time: 3s 679000000ns
[component_container_isolated-2] [ERROR] [1789771264.033459904] [tf_help]: Transform data too old when converting from map to odom
[component_container_isolated-2] [ERROR] [1789771264.033512264] [tf_help]: Data time: 114s 800000000ns, Transform time: 3s 679000000ns
[component_container_isolated-2] [ERROR] [1789771264.081980545] [tf_help]: Transform data too old when converting from map to odom
[component_container_isolated-2] [ERROR] [1789771264.082013033] [tf_help]: Data time: 114s 800000000ns, Transform time: 3s 679000000ns
[component_container_isolated-2] [ERROR] [1789771264.131711716] [tf_help]: Transform data too old when converting from map to odom
[component_container_isolated-2] [ERROR] [1789771264.131759182] [tf_help]: Data time: 114s 800000000ns, Transform time: 3s 679000000ns
[component_container_isolated-2] [ERROR] [1789771264.182166304] [tf_help]: Transform data too old when converting from map to odom
[component_container_isolated-2] [ERROR] [1789771264.182203720] [tf_help]: Data time: 114s 800000000ns, Transform time: 3s 679000000ns
[component_container_isolated-2] [ERROR] [1789771264.231423525] [tf_help]: Transform data too old when converting from map to odom
[component_container_isolated-2] [ERROR] [1789771264.231458115] [tf_help]: Data time: 114s 800000000ns, Transform time: 3s 679000000ns
[component_container_isolated-2] [INFO] [1789771264.276179374] [controller_server]: Passing new path to controller.
[component_container_isolated-2] [ERROR] [1789771264.281546844] [tf_help]: Transform data too old when converting from map to odom
[component_container_isolated-2] [ERROR] [1789771264.281575822] [tf_help]: Data time: 115s 800000000ns, Transform time: 3s 679000000ns
[component_container_isolated-2] [ERROR] [1789771264.331696885] [tf_help]: Transform data too old when converting from map to odom
[component_container_isolated-2] [ERROR] [1789771264.331727432] [tf_help]: Data time: 115s 800000000ns, Transform time: 3s 679000000ns
[component_container_isolated-2] [ERROR] [1789771264.382442590] [tf_help]: Transform data too old when converting from map to odom
[component_container_isolated-2] [ERROR] [1789771264.382475224] [tf_help]: Data time: 115s 800000000ns, Transform time: 3s 679000000ns
[component_container_isolated-2] [ERROR] [1789771264.431794386] [tf_help]: Transform data too old when converting from map to odom
[component_container_isolated-2] [ERROR] [1789771264.431828835] [tf_help]: Data time: 115s 800000000ns, Transform time: 3s 679000000ns
[component_container_isolated-2] [ERROR] [1789771264.481532256] [tf_help]: Transform data too old when converting from map to odom
[component_container_isolated-2] [ERROR] [1789771264.481564382] [tf_help]: Data time: 115s 800000000ns, Transform time: 3s 679000000ns
[component_container_isolated-2] [ERROR] [1789771264.531937480] [tf_help]: Transform data too old when converting from map to odom
[component_container_isolated-2] [ERROR] [1789771264.531970189] [tf_help]: Data time: 115s 800000000ns, Transform time: 3s 679000000ns
[component_container_isolated-2] [ERROR] [1789771264.581563775] [tf_help]: Transform data too old when converting from map to odom
[component_container_isolated-2] [ERROR] [1789771264.581598984] [tf_help]: Data time: 115s 800000000ns, Transform time: 3s 679000000ns
[component_container_isolated-2] [ERROR] [1789771264.636566949] [tf_help]: Transform data too old when converting from map to odom
[component_container_isolated-2] [ERROR] [1789771264.636630827] [tf_help]: Data time: 115s 800000000ns, Transform time: 3s 679000000ns
[component_container_isolated-2] [ERROR] [1789771264.684046446] [tf_help]: Transform data too old when converting from map to odom
[component_container_isolated-2] [ERROR] [1789771264.684104007] [tf_help]: Data time: 115s 800000000ns, Transform time: 3s 679000000ns
[component_container_isolated-2] [ERROR] [1789771264.731649903] [tf_help]: Transform data too old when converting from map to odom
[component_container_isolated-2] [ERROR] [1789771264.731681068] [tf_help]: Data time: 115s 800000000ns, Transform time: 3s 679000000ns
[component_container_isolated-2] [ERROR] [1789771264.781496704] [tf_help]: Transform data too old when converting from map to odom
[component_container_isolated-2] [ERROR] [1789771264.781527403] [tf_help]: Data time: 115s 800000000ns, Transform time: 3s 679000000ns
[component_container_isolated-2] [ERROR] [1789771264.831908835] [tf_help]: Transform data too old when converting from map to odom
[component_container_isolated-2] [ERROR] [1789771264.831940403] [tf_help]: Data time: 115s 800000000ns, Transform time: 3s 679000000ns
[component_container_isolated-2] [ERROR] [1789771264.881904109] [tf_help]: Transform data too old when converting from map to odom
[component_container_isolated-2] [ERROR] [1789771264.881937445] [tf_help]: Data time: 115s 800000000ns, Transform time: 3s 679000000ns
[component_container_isolated-2] [ERROR] [1789771264.931458387] [tf_help]: Transform data too old when converting from map to odom
[component_container_isolated-2] [ERROR] [1789771264.931491423] [tf_help]: Data time: 115s 800000000ns, Transform time: 3s 679000000ns
[component_container_isolated-2] [ERROR] [1789771264.981709600] [tf_help]: Transform data too old when converting from map to odom
[component_container_isolated-2] [ERROR] [1789771264.981748633] [tf_help]: Data time: 115s 800000000ns, Transform time: 3s 679000000ns
[component_container_isolated-2] [ERROR] [1789771265.031797572] [tf_help]: Transform data too old when converting from map to odom
[component_container_isolated-2] [ERROR] [1789771265.031839551] [tf_help]: Data time: 115s 800000000ns, Transform time: 3s 679000000ns
[component_container_isolated-2] [ERROR] [1789771265.081475471] [tf_help]: Transform data too old when converting from map to odom
[component_container_isolated-2] [ERROR] [1789771265.081509290] [tf_help]: Data time: 115s 800000000ns, Transform time: 3s 679000000ns
[component_container_isolated-2] [ERROR] [1789771265.131525291] [tf_help]: Transform data too old when converting from map to odom
[component_container_isolated-2] [ERROR] [1789771265.131570915] [tf_help]: Data time: 115s 800000000ns, Transform time: 3s 679000000ns
[component_container_isolated-2] [ERROR] [1789771265.182395290] [tf_help]: Transform data too old when converting from map to odom
[component_container_isolated-2] [ERROR] [1789771265.182426246] [tf_help]: Data time: 115s 800000000ns, Transform time: 3s 679000000ns
[component_container_isolated-2] [ERROR] [1789771265.235394157] [tf_help]: Transform data too old when converting from map to odom
[component_container_isolated-2] [ERROR] [1789771265.235447070] [tf_help]: Data time: 115s 800000000ns, Transform time: 3s 679000000ns
[component_container_isolated-2] [INFO] [1789771265.276223367] [controller_server]: Passing new path to controller.
[component_container_isolated-2] [ERROR] [1789771265.284491016] [tf_help]: Transform data too old when converting from map to odom
[component_container_isolated-2] [ERROR] [1789771265.284521585] [tf_help]: Data time: 116s 800000000ns, Transform time: 3s 679000000ns
[component_container_isolated-2] [ERROR] [1789771265.331565175] [tf_help]: Transform data too old when converting from map to odom
[component_container_isolated-2] [ERROR] [1789771265.331597286] [tf_help]: Data time: 116s 800000000ns, Transform time: 3s 679000000ns
[component_container_isolated-2] [ERROR] [1789771265.381507696] [tf_help]: Transform data too old when converting from map to odom
[component_container_isolated-2] [ERROR] [1789771265.381538277] [tf_help]: Data time: 116s 800000000ns, Transform time: 3s 679000000ns
[component_container_isolated-2] [ERROR] [1789771265.431507382] [tf_help]: Transform data too old when converting from map to odom
[component_container_isolated-2] [ERROR] [1789771265.431539593] [tf_help]: Data time: 116s 800000000ns, Transform time: 3s 679000000ns
[component_container_isolated-2] [ERROR] [1789771265.481949911] [tf_help]: Transform data too old when converting from map to odom
[component_container_isolated-2] [ERROR] [1789771265.481977919] [tf_help]: Data time: 116s 800000000ns, Transform time: 3s 679000000ns
[component_container_isolated-2] [ERROR] [1789771265.531921501] [tf_help]: Transform data too old when converting from map to odom
[component_container_isolated-2] [ERROR] [1789771265.531974008] [tf_help]: Data time: 116s 800000000ns, Transform time: 3s 679000000ns
[component_container_isolated-2] [ERROR] [1789771265.581599554] [tf_help]: Transform data too old when converting from map to odom
[component_container_isolated-2] [ERROR] [1789771265.581632415] [tf_help]: Data time: 116s 800000000ns, Transform time: 3s 679000000ns
[component_container_isolated-2] [ERROR] [1789771265.632776850] [tf_help]: Transform data too old when converting from map to odom
[component_container_isolated-2] [ERROR] [1789771265.632814606] [tf_help]: Data time: 116s 800000000ns, Transform time: 3s 679000000ns
[component_container_isolated-2] [ERROR] [1789771265.681607823] [tf_help]: Transform data too old when converting from map to odom
[component_container_isolated-2] [ERROR] [1789771265.681648788] [tf_help]: Data time: 116s 800000000ns, Transform time: 3s 679000000ns
[component_container_isolated-2] [ERROR] [1789771265.732810891] [tf_help]: Transform data too old when converting from map to odom
[component_container_isolated-2] [ERROR] [1789771265.732843518] [tf_help]: Data time: 116s 800000000ns, Transform time: 3s 679000000ns
[component_container_isolated-2] [ERROR] [1789771265.781779233] [tf_help]: Transform data too old when converting from map to odom
[component_container_isolated-2] [ERROR] [1789771265.781810198] [tf_help]: Data time: 116s 800000000ns, Transform time: 3s 679000000ns
[component_container_isolated-2] [ERROR] [1789771265.831578584] [tf_help]: Transform data too old when converting from map to odom
[component_container_isolated-2] [ERROR] [1789771265.831617971] [tf_help]: Data time: 116s 800000000ns, Transform time: 3s 679000000ns
[component_container_isolated-2] [ERROR] [1789771265.881739979] [tf_help]: Transform data too old when converting from map to odom
[component_container_isolated-2] [ERROR] [1789771265.881778466] [tf_help]: Data time: 116s 800000000ns, Transform time: 3s 679000000ns
[component_container_isolated-2] [INFO] [1789771265.933935426] [controller_server]: [TG-MPPI] cycle time (compute_backend=cpu): 5.715 ms/cycle avg over 50 cycles
[component_container_isolated-2] [ERROR] [1789771265.934157713] [tf_help]: Transform data too old when converting from map to odom
[component_container_isolated-2] [ERROR] [1789771265.934183704] [tf_help]: Data time: 116s 800000000ns, Transform time: 3s 679000000ns
[WARNING] [launch]: user interrupted with ctrl-c (SIGINT)
[component_container_isolated-2] [INFO] [1789771265.978676387] [rclcpp]: signal_handler(SIGINT/SIGTERM)
[component_container_isolated-2] [INFO] [1789771265.978757585] [lifecycle_manager_navigation]: Running Nav2 LifecycleManager rcl preshutdown (lifecycle_manager_navigation)
[component_container_isolated-2] [INFO] [1789771265.978803962] [lifecycle_manager_navigation]: [34m[1mTerminating bond timer...[0m[0m
[INFO] [ground_truth_localizer-1]: process has finished cleanly [pid 93127]
[component_container_isolated-2] [ERROR] [1789771265.983095928] [tf_help]: Transform data too old when converting from map to odom
[component_container_isolated-2] [ERROR] [1789771265.983131579] [tf_help]: Data time: 116s 800000000ns, Transform time: 3s 679000000ns
[component_container_isolated-2] [ERROR] [1789771266.005910657] [bt_navigator_navigate_to_pose_rclcpp_node]: Failed to get result for follow_path in node halt!
[component_container_isolated-2] [INFO] [1789771266.006079636] [bt_navigator]: [navigate_to_pose] [ActionServer] Client requested to cancel the goal. Cancelling.
[component_container_isolated-2] [INFO] [1789771266.006254571] [bt_navigator]: Goal canceled
[component_container_isolated-2] [INFO] [1789771266.026211349] [controller_server]: Goal was canceled. Stopping the robot.
[component_container_isolated-2] [INFO] [1789771266.026243767] [controller_server]: [follow_path] [ActionServer] Client requested to cancel the goal. Cancelling.
[component_container_isolated-2] [INFO] [1789771266.083551876] [velocity_smoother]: Running Nav2 LifecycleNode rcl preshutdown (velocity_smoother)
[component_container_isolated-2] [INFO] [1789771266.083606604] [velocity_smoother]: Deactivating
[component_container_isolated-2] [INFO] [1789771266.083630702] [velocity_smoother]: Destroying bond (velocity_smoother) to lifecycle manager.
[component_container_isolated-2] [INFO] [1789771266.093734525] [velocity_smoother]: Cleaning up
[component_container_isolated-2] [INFO] [1789771266.093768230] [velocity_smoother]: Destroying bond (velocity_smoother) to lifecycle manager.
[component_container_isolated-2] [INFO] [1789771266.093774042] [waypoint_follower]: Running Nav2 LifecycleNode rcl preshutdown (waypoint_follower)
[component_container_isolated-2] [INFO] [1789771266.093787217] [waypoint_follower]: Deactivating
[component_container_isolated-2] [INFO] [1789771266.093793680] [waypoint_follower]: Destroying bond (waypoint_follower) to lifecycle manager.
[component_container_isolated-2] [INFO] [1789771266.103928598] [waypoint_follower]: Cleaning up
[component_container_isolated-2] [INFO] [1789771266.110817744] [waypoint_follower]: Destroying bond (waypoint_follower) to lifecycle manager.
[component_container_isolated-2] [INFO] [1789771266.110845596] [behavior_server]: Running Nav2 LifecycleNode rcl preshutdown (behavior_server)
[component_container_isolated-2] [INFO] [1789771266.110858994] [behavior_server]: Deactivating
[component_container_isolated-2] [INFO] [1789771266.110879773] [behavior_server]: Destroying bond (behavior_server) to lifecycle manager.
[component_container_isolated-2] [INFO] [1789771266.121009503] [behavior_server]: Cleaning up
[component_container_isolated-2] [INFO] [1789771266.126895951] [behavior_server]: Destroying bond (behavior_server) to lifecycle manager.
[component_container_isolated-2] [INFO] [1789771266.126919849] [lifecycle_manager_localization]: Running Nav2 LifecycleManager rcl preshutdown (lifecycle_manager_localization)
[component_container_isolated-2] [INFO] [1789771266.126927349] [lifecycle_manager_localization]: [34m[1mTerminating bond timer...[0m[0m
[component_container_isolated-2] [INFO] [1789771266.150409290] [planner_server]: Running Nav2 LifecycleNode rcl preshutdown (planner_server)
[component_container_isolated-2] [INFO] [1789771266.150467300] [planner_server]: Deactivating
[component_container_isolated-2] [INFO] [1789771266.150493543] [global_costmap.global_costmap]: Deactivating
[component_container_isolated-2] [INFO] [1789771266.153209354] [global_costmap.global_costmap]: stvl_global was deactivated.
[ground_truth_localizer-1] Exception ignored in: <function TransformListener.__del__ at 0x7ed02e554f70>
[ground_truth_localizer-1] Traceback (most recent call last):
[ground_truth_localizer-1]   File "/opt/ros/humble/lib/python3.10/site-packages/tf2_ros/transform_listener.py", line 119, in __del__
[ground_truth_localizer-1]     self.executor.shutdown()
[ground_truth_localizer-1]   File "/opt/ros/humble/local/lib/python3.10/dist-packages/rclpy/executors.py", line 264, in shutdown
[ground_truth_localizer-1]     self._sigint_gc.destroy()
[ground_truth_localizer-1]   File "/opt/ros/humble/local/lib/python3.10/dist-packages/rclpy/signals.py", line 65, in destroy
[ground_truth_localizer-1]     with self.handle:
[ground_truth_localizer-1] rclpy._rclpy_pybind11.InvalidHandle: cannot use Destroyable because destruction was requested
[component_container_isolated-2] [INFO] [1789771266.723811304] [planner_server]: Deactivating plugin GridBased of type NavfnPlanner
[component_container_isolated-2] [INFO] [1789771266.723850146] [planner_server]: Destroying bond (planner_server) to lifecycle manager.
[component_container_isolated-2] [INFO] [1789771266.733972887] [planner_server]: Cleaning up
[component_container_isolated-2] [INFO] [1789771266.744305259] [global_costmap.global_costmap]: Cleaning up
[ERROR] [component_container_isolated-2]: process[component_container_isolated-2] failed to terminate '5' seconds after receiving 'SIGINT', escalating to 'SIGTERM'
[INFO] [component_container_isolated-2]: sending signal 'SIGTERM' to process[component_container_isolated-2]
[ERROR] [component_container_isolated-2]: process[component_container_isolated-2] failed to terminate '10.0' seconds after receiving 'SIGTERM', escalating to 'SIGKILL'
[INFO] [component_container_isolated-2]: sending signal 'SIGKILL' to process[component_container_isolated-2]
[ERROR] [component_container_isolated-2]: process has died [pid 93129, exit code -9, cmd '/opt/ros/humble/lib/rclcpp_components/component_container_isolated --ros-args --log-level info --ros-args -r __node:=nav2_container --params-file /tmp/launch_params_cc2137iv --params-file /tmp/launch_params_sv_pfsnt -r /tf:=tf -r /tf_static:=tf_static'].
