[INFO] [launch]: All log files can be found below /home/saran/.ros/log/2026-09-19-00-36-35-821277-aorus-92148
[INFO] [launch]: Default logging verbosity is set to INFO
[INFO] [ground_truth_localizer-1]: process started with pid [92181]
[INFO] [component_container_isolated-2]: process started with pid [92183]
[component_container_isolated-2] [INFO] [1789770996.767092841] [nav2_container]: Load Library: /opt/ros/humble/lib/libcontroller_server_core.so
[component_container_isolated-2] [INFO] [1789770996.771020940] [nav2_container]: Found class: rclcpp_components::NodeFactoryTemplate<nav2_controller::ControllerServer>
[component_container_isolated-2] [INFO] [1789770996.771059351] [nav2_container]: Instantiate class: rclcpp_components::NodeFactoryTemplate<nav2_controller::ControllerServer>
[component_container_isolated-2] [INFO] [1789770996.775339617] [controller_server]: 
[component_container_isolated-2] 	controller_server lifecycle node launched. 
[component_container_isolated-2] 	Waiting on external lifecycle transitions to activate
[component_container_isolated-2] 	See https://design.ros2.org/articles/node_lifecycle.html for more information.
[component_container_isolated-2] [INFO] [1789770996.778293827] [controller_server]: Creating controller server
[component_container_isolated-2] [INFO] [1789770996.781694295] [local_costmap.local_costmap]: 
[component_container_isolated-2] 	local_costmap lifecycle node launched. 
[component_container_isolated-2] 	Waiting on external lifecycle transitions to activate
[component_container_isolated-2] 	See https://design.ros2.org/articles/node_lifecycle.html for more information.
[component_container_isolated-2] [INFO] [1789770996.782089872] [local_costmap.local_costmap]: Creating Costmap
[INFO] [launch_ros.actions.load_composable_nodes]: Loaded node '/controller_server' in container '/nav2_container'
[component_container_isolated-2] [INFO] [1789770996.782496332] [nav2_container]: Load Library: /opt/ros/humble/lib/libmap_server_core.so
[component_container_isolated-2] [INFO] [1789770996.788027380] [nav2_container]: Found class: rclcpp_components::NodeFactoryTemplate<nav2_map_server::CostmapFilterInfoServer>
[component_container_isolated-2] [INFO] [1789770996.788046058] [nav2_container]: Found class: rclcpp_components::NodeFactoryTemplate<nav2_map_server::MapSaver>
[component_container_isolated-2] [INFO] [1789770996.788049429] [nav2_container]: Found class: rclcpp_components::NodeFactoryTemplate<nav2_map_server::MapServer>
[component_container_isolated-2] [INFO] [1789770996.788052223] [nav2_container]: Instantiate class: rclcpp_components::NodeFactoryTemplate<nav2_map_server::MapServer>
[component_container_isolated-2] [INFO] [1789770996.791077661] [map_server]: 
[component_container_isolated-2] 	map_server lifecycle node launched. 
[INFO] [launch_ros.actions.load_composable_nodes]: Loaded node '/map_server' in container '/nav2_container'
[component_container_isolated-2] 	Waiting on external lifecycle transitions to activate
[component_container_isolated-2] 	See https://design.ros2.org/articles/node_lifecycle.html for more information.
[component_container_isolated-2] [INFO] [1789770996.791106237] [map_server]: Creating
[component_container_isolated-2] [INFO] [1789770996.791327072] [nav2_container]: Load Library: /opt/ros/humble/lib/libsmoother_server_core.so
[component_container_isolated-2] [INFO] [1789770996.792214016] [nav2_container]: Found class: rclcpp_components::NodeFactoryTemplate<nav2_smoother::SmootherServer>
[component_container_isolated-2] [INFO] [1789770996.792223537] [nav2_container]: Instantiate class: rclcpp_components::NodeFactoryTemplate<nav2_smoother::SmootherServer>
[component_container_isolated-2] [INFO] [1789770996.795294738] [smoother_server]: 
[component_container_isolated-2] 	smoother_server lifecycle node launched. 
[component_container_isolated-2] 	Waiting on external lifecycle transitions to activate
[component_container_isolated-2] 	See https://design.ros2.org/articles/node_lifecycle.html for more information.
[component_container_isolated-2] [INFO] [1789770996.796352219] [smoother_server]: Creating smoother server
[INFO] [launch_ros.actions.load_composable_nodes]: Loaded node '/smoother_server' in container '/nav2_container'
[component_container_isolated-2] [INFO] [1789770996.796749328] [nav2_container]: Load Library: /opt/ros/humble/lib/libamcl_core.so
[component_container_isolated-2] [INFO] [1789770996.797981338] [nav2_container]: Found class: rclcpp_components::NodeFactoryTemplate<nav2_amcl::AmclNode>
[component_container_isolated-2] [INFO] [1789770996.797993774] [nav2_container]: Instantiate class: rclcpp_components::NodeFactoryTemplate<nav2_amcl::AmclNode>
[component_container_isolated-2] [INFO] [1789770996.801781644] [amcl]: 
[component_container_isolated-2] 	amcl lifecycle node launched. 
[component_container_isolated-2] 	Waiting on external lifecycle transitions to activate
[component_container_isolated-2] 	See https://design.ros2.org/articles/node_lifecycle.html for more information.
[component_container_isolated-2] [INFO] [1789770996.802045641] [amcl]: Creating
[INFO] [launch_ros.actions.load_composable_nodes]: Loaded node '/amcl' in container '/nav2_container'
[component_container_isolated-2] [INFO] [1789770996.804358764] [nav2_container]: Load Library: /opt/ros/humble/lib/libplanner_server_core.so
[component_container_isolated-2] [INFO] [1789770996.805214322] [nav2_container]: Found class: rclcpp_components::NodeFactoryTemplate<nav2_planner::PlannerServer>
[component_container_isolated-2] [INFO] [1789770996.805243612] [nav2_container]: Instantiate class: rclcpp_components::NodeFactoryTemplate<nav2_planner::PlannerServer>
[component_container_isolated-2] [INFO] [1789770996.813606557] [planner_server]: 
[component_container_isolated-2] 	planner_server lifecycle node launched. 
[component_container_isolated-2] 	Waiting on external lifecycle transitions to activate
[component_container_isolated-2] 	See https://design.ros2.org/articles/node_lifecycle.html for more information.
[component_container_isolated-2] [INFO] [1789770996.815908615] [planner_server]: Creating
[component_container_isolated-2] [INFO] [1789770996.833043083] [global_costmap.global_costmap]: 
[component_container_isolated-2] 	global_costmap lifecycle node launched. 
[component_container_isolated-2] 	Waiting on external lifecycle transitions to activate
[component_container_isolated-2] 	See https://design.ros2.org/articles/node_lifecycle.html for more information.
[component_container_isolated-2] [INFO] [1789770996.833449337] [global_costmap.global_costmap]: Creating Costmap
[component_container_isolated-2] [INFO] [1789770996.834290697] [nav2_container]: Load Library: /opt/ros/humble/lib/libnav2_lifecycle_manager_core.so
[INFO] [launch_ros.actions.load_composable_nodes]: Loaded node '/planner_server' in container '/nav2_container'
[component_container_isolated-2] [INFO] [1789770996.834800022] [nav2_container]: Found class: rclcpp_components::NodeFactoryTemplate<nav2_lifecycle_manager::LifecycleManager>
[component_container_isolated-2] [INFO] [1789770996.834812261] [nav2_container]: Instantiate class: rclcpp_components::NodeFactoryTemplate<nav2_lifecycle_manager::LifecycleManager>
[component_container_isolated-2] [INFO] [1789770996.839703801] [lifecycle_manager_localization]: Creating
[component_container_isolated-2] [INFO] [1789770996.841429110] [lifecycle_manager_localization]: [34m[1mCreating and initializing lifecycle service clients[0m[0m
[INFO] [launch_ros.actions.load_composable_nodes]: Loaded node '/lifecycle_manager_localization' in container '/nav2_container'
[component_container_isolated-2] [INFO] [1789770996.841453661] [nav2_container]: Load Library: /opt/ros/humble/lib/libbehavior_server_core.so
[component_container_isolated-2] [INFO] [1789770996.843206668] [nav2_container]: Found class: rclcpp_components::NodeFactoryTemplate<behavior_server::BehaviorServer>
[component_container_isolated-2] [INFO] [1789770996.843224031] [nav2_container]: Instantiate class: rclcpp_components::NodeFactoryTemplate<behavior_server::BehaviorServer>
[component_container_isolated-2] [INFO] [1789770996.846424663] [lifecycle_manager_localization]: [34m[1mStarting managed nodes bringup...[0m[0m
[component_container_isolated-2] [INFO] [1789770996.846478820] [lifecycle_manager_localization]: [34m[1mConfiguring map_server[0m[0m
[component_container_isolated-2] [INFO] [1789770996.846665101] [map_server]: Configuring
[component_container_isolated-2] [INFO] [1789770996.846728695] [map_io]: Loading yaml file: /home/saran/robohouse_ws/src/BARN_dataset/scaled_1/map_files/yaml_5.yaml
[component_container_isolated-2] [INFO] [1789770996.846966002] [map_io]: resolution: 0.15
[component_container_isolated-2] [INFO] [1789770996.846975510] [map_io]: origin[0]: -4.5
[component_container_isolated-2] [INFO] [1789770996.846980104] [map_io]: origin[1]: 0
[component_container_isolated-2] [INFO] [1789770996.846983827] [map_io]: origin[2]: 0
[component_container_isolated-2] [INFO] [1789770996.846987421] [map_io]: free_thresh: 0.5
[component_container_isolated-2] [INFO] [1789770996.846991133] [map_io]: occupied_thresh: 0.5
[component_container_isolated-2] [INFO] [1789770996.846995854] [map_io]: mode: trinary
[component_container_isolated-2] [INFO] [1789770996.847000935] [map_io]: negate: 0
[component_container_isolated-2] [INFO] [1789770996.847185945] [map_io]: Loading image_file: /home/saran/robohouse_ws/src/BARN_dataset/scaled_1/map_files/map_pgm_5.pgm
[component_container_isolated-2] [INFO] [1789770996.847570509] [map_io]: Read map /home/saran/robohouse_ws/src/BARN_dataset/scaled_1/map_files/map_pgm_5.pgm: 30 X 78 map @ 0.15 m/cell
[component_container_isolated-2] [INFO] [1789770996.850275218] [lifecycle_manager_localization]: [34m[1mConfiguring amcl[0m[0m
[component_container_isolated-2] [INFO] [1789770996.850394712] [amcl]: Configuring
[component_container_isolated-2] [INFO] [1789770996.850468177] [amcl]: initTransforms
[component_container_isolated-2] [INFO] [1789770996.854553543] [behavior_server]: 
[component_container_isolated-2] 	behavior_server lifecycle node launched. 
[component_container_isolated-2] 	Waiting on external lifecycle transitions to activate
[component_container_isolated-2] 	See https://design.ros2.org/articles/node_lifecycle.html for more information.
[INFO] [launch_ros.actions.load_composable_nodes]: Loaded node '/behavior_server' in container '/nav2_container'
[component_container_isolated-2] [INFO] [1789770996.861061480] [amcl]: initPubSub
[component_container_isolated-2] [INFO] [1789770996.861278419] [nav2_container]: Load Library: /opt/ros/humble/lib/libbt_navigator_core.so
[component_container_isolated-2] [INFO] [1789770996.863777384] [nav2_container]: Found class: rclcpp_components::NodeFactoryTemplate<nav2_bt_navigator::BtNavigator>
[component_container_isolated-2] [INFO] [1789770996.863811379] [nav2_container]: Instantiate class: rclcpp_components::NodeFactoryTemplate<nav2_bt_navigator::BtNavigator>
[component_container_isolated-2] [INFO] [1789770996.865501873] [amcl]: Subscribed to map topic.
[component_container_isolated-2] [INFO] [1789770996.869305030] [lifecycle_manager_localization]: [34m[1mActivating map_server[0m[0m
[component_container_isolated-2] [INFO] [1789770996.869474979] [map_server]: Activating
[component_container_isolated-2] [INFO] [1789770996.869546282] [map_server]: Creating bond (map_server) to lifecycle manager.
[component_container_isolated-2] [INFO] [1789770996.869582285] [amcl]: Received a 30 X 78 map @ 0.150 m/pix
[component_container_isolated-2] [INFO] [1789770996.876884870] [bt_navigator]: 
[component_container_isolated-2] 	bt_navigator lifecycle node launched. 
[INFO] [launch_ros.actions.load_composable_nodes]: Loaded node '/bt_navigator' in container '/nav2_container'
[component_container_isolated-2] 	Waiting on external lifecycle transitions to activate
[component_container_isolated-2] 	See https://design.ros2.org/articles/node_lifecycle.html for more information.
[component_container_isolated-2] [INFO] [1789770996.876934886] [bt_navigator]: Creating
[component_container_isolated-2] [INFO] [1789770996.878696301] [nav2_container]: Load Library: /opt/ros/humble/lib/libwaypoint_follower_core.so
[component_container_isolated-2] [INFO] [1789770996.879345760] [nav2_container]: Found class: rclcpp_components::NodeFactoryTemplate<nav2_waypoint_follower::WaypointFollower>
[component_container_isolated-2] [INFO] [1789770996.879367283] [nav2_container]: Instantiate class: rclcpp_components::NodeFactoryTemplate<nav2_waypoint_follower::WaypointFollower>
[component_container_isolated-2] [INFO] [1789770996.888473394] [waypoint_follower]: 
[component_container_isolated-2] 	waypoint_follower lifecycle node launched. 
[component_container_isolated-2] 	Waiting on external lifecycle transitions to activate
[component_container_isolated-2] 	See https://design.ros2.org/articles/node_lifecycle.html for more information.
[component_container_isolated-2] [INFO] [1789770996.889038696] [waypoint_follower]: Creating
[INFO] [launch_ros.actions.load_composable_nodes]: Loaded node '/waypoint_follower' in container '/nav2_container'
[component_container_isolated-2] [INFO] [1789770996.890593755] [nav2_container]: Load Library: /opt/ros/humble/lib/libvelocity_smoother_core.so
[component_container_isolated-2] [INFO] [1789770996.891334369] [nav2_container]: Found class: rclcpp_components::NodeFactoryTemplate<nav2_velocity_smoother::VelocitySmoother>
[component_container_isolated-2] [INFO] [1789770996.891357095] [nav2_container]: Instantiate class: rclcpp_components::NodeFactoryTemplate<nav2_velocity_smoother::VelocitySmoother>
[component_container_isolated-2] [INFO] [1789770996.900861789] [velocity_smoother]: 
[component_container_isolated-2] 	velocity_smoother lifecycle node launched. 
[INFO] [launch_ros.actions.load_composable_nodes]: Loaded node '/velocity_smoother' in container '/nav2_container'
[component_container_isolated-2] 	Waiting on external lifecycle transitions to activate
[component_container_isolated-2] 	See https://design.ros2.org/articles/node_lifecycle.html for more information.
[component_container_isolated-2] [INFO] [1789770996.902873443] [nav2_container]: Found class: rclcpp_components::NodeFactoryTemplate<nav2_lifecycle_manager::LifecycleManager>
[component_container_isolated-2] [INFO] [1789770996.902909943] [nav2_container]: Instantiate class: rclcpp_components::NodeFactoryTemplate<nav2_lifecycle_manager::LifecycleManager>
[component_container_isolated-2] [INFO] [1789770996.912287776] [lifecycle_manager_navigation]: Creating
[INFO] [launch_ros.actions.load_composable_nodes]: Loaded node '/lifecycle_manager_navigation' in container '/nav2_container'
[component_container_isolated-2] [INFO] [1789770996.915326686] [lifecycle_manager_navigation]: [34m[1mCreating and initializing lifecycle service clients[0m[0m
[ground_truth_localizer-1] [INFO] [1789770996.921637399] [ground_truth_localizer]: publishing map->odom from /ground_truth/odom (AMCL tf_broadcast must be false)
[component_container_isolated-2] [INFO] [1789770996.925453528] [lifecycle_manager_navigation]: [34m[1mStarting managed nodes bringup...[0m[0m
[component_container_isolated-2] [INFO] [1789770996.925494425] [lifecycle_manager_navigation]: [34m[1mConfiguring controller_server[0m[0m
[component_container_isolated-2] [INFO] [1789770996.925625654] [controller_server]: Configuring controller interface
[component_container_isolated-2] [INFO] [1789770996.925864833] [controller_server]: getting goal checker plugins..
[component_container_isolated-2] [INFO] [1789770996.925993331] [controller_server]: Controller frequency set to 20.0000Hz
[component_container_isolated-2] [INFO] [1789770996.926031935] [local_costmap.local_costmap]: Configuring
[component_container_isolated-2] [INFO] [1789770996.928800715] [local_costmap.local_costmap]: Using plugin "obstacle_layer"
[component_container_isolated-2] [INFO] [1789770996.931681345] [local_costmap.local_costmap]: Subscribed to Topics: front_scan rear_scan
[component_container_isolated-2] [INFO] [1789770996.937252467] [local_costmap.local_costmap]: Initialized plugin "obstacle_layer"
[component_container_isolated-2] [INFO] [1789770996.937298248] [local_costmap.local_costmap]: Using plugin "stvl_local"
[component_container_isolated-2] [INFO] [1789770996.963583539] [local_costmap.local_costmap]: stvl_local being initialized as SpatioTemporalVoxelLayer!
[component_container_isolated-2] [INFO] [1789770996.963615568] [local_costmap.local_costmap]: stvl_local's global frame is odom.
[component_container_isolated-2] [INFO] [1789770996.964969520] [local_costmap.local_costmap]: stvl_local loaded parameters from parameter server.
[component_container_isolated-2] [INFO] [1789770996.967667646] [local_costmap.local_costmap]: stvl_local created underlying voxel grid.
[component_container_isolated-2] [INFO] [1789770996.968920175] [local_costmap.local_costmap]: Voxel filter activated.
[component_container_isolated-2] [INFO] [1789770996.970466823] [local_costmap.local_costmap]: stvl_local initialization complete!
[component_container_isolated-2] [INFO] [1789770996.970486262] [local_costmap.local_costmap]: Initialized plugin "stvl_local"
[component_container_isolated-2] [INFO] [1789770996.970490370] [local_costmap.local_costmap]: Using plugin "inflation_layer"
[component_container_isolated-2] [INFO] [1789770996.970892381] [local_costmap.local_costmap]: Initialized plugin "inflation_layer"
[component_container_isolated-2] [INFO] [1789770996.972897844] [lifecycle_manager_localization]: Server map_server connected with bond.
[component_container_isolated-2] [INFO] [1789770996.972931402] [lifecycle_manager_localization]: [34m[1mActivating amcl[0m[0m
[component_container_isolated-2] [INFO] [1789770996.973065972] [amcl]: Activating
[component_container_isolated-2] [INFO] [1789770996.973095886] [amcl]: Creating bond (amcl) to lifecycle manager.
[component_container_isolated-2] [INFO] [1789770996.975227602] [amcl]: initialPoseReceived
[component_container_isolated-2] [INFO] [1789770996.975266407] [amcl]: Setting pose (1.500000): -2.250 1.000 1.571
[component_container_isolated-2] [INFO] [1789770996.975642600] [controller_server]: Created progress_checker : progress_checker of type nav2_controller::SimpleProgressChecker
[component_container_isolated-2] [INFO] [1789770996.975876661] [amcl]: initialPoseReceived
[component_container_isolated-2] [INFO] [1789770996.975894660] [amcl]: Setting pose (1.500000): -2.250 1.000 1.571
[component_container_isolated-2] [INFO] [1789770996.976131935] [controller_server]: Created goal checker : general_goal_checker of type nav2_controller::SimpleGoalChecker
[component_container_isolated-2] [INFO] [1789770996.976464436] [controller_server]: Controller Server has general_goal_checker  goal checkers available.
[component_container_isolated-2] [INFO] [1789770996.977286448] [amcl]: initialPoseReceived
[component_container_isolated-2] [INFO] [1789770996.977295370] [amcl]: Setting pose (1.500000): -2.250 1.000 1.571
[component_container_isolated-2] [INFO] [1789770996.979479298] [amcl]: createLaserObject
[component_container_isolated-2] [INFO] [1789770997.075631316] [lifecycle_manager_localization]: Server amcl connected with bond.
[component_container_isolated-2] [INFO] [1789770997.075665823] [lifecycle_manager_localization]: [34m[1mManaged nodes are active[0m[0m
[component_container_isolated-2] [INFO] [1789770997.075690947] [lifecycle_manager_localization]: [34m[1mCreating bond timer...[0m[0m
[component_container_isolated-2] [INFO] [1789770997.298309683] [controller_server]: Created controller : FollowPath of type nav2_tgmppi_controller::TgMppiController
[component_container_isolated-2] [INFO] [1789770997.301859366] [controller_server]: [TG-MPPI] flow mode: water field over local costmap (reflood every 1 cycle(s), plan-seeded membrane, radius=2.50m, bias=0.40 gain=1.00, shadow=true, sampling=disabled, critic=disabled, ancillary collision check=enabled)
[component_container_isolated-2] [INFO] [1789770997.301943490] [controller_server]: Controller period is equal to model dt. Control sequence shifting is ON
[component_container_isolated-2] [INFO] [1789770997.306464898] [controller_server]: ConstraintCritic instantiated with 1 power and 4.000000 weight.
[component_container_isolated-2] [INFO] [1789770997.334131395] [controller_server]: Critic loaded : tgmppi::critics::ConstraintCritic
[component_container_isolated-2] [INFO] [1789770997.334769136] [controller_server]: InflationCostCritic instantiated with 1 power and 300.000000 / 0.015000 weights. Critic will collision check based on footprint cost.
[component_container_isolated-2] [INFO] [1789770997.334794790] [controller_server]: Critic loaded : tgmppi::critics::CostCritic
[component_container_isolated-2] [INFO] [1789770997.335032169] [controller_server]: GoalCritic instantiated with 1 power and 5.000000 weight.
[component_container_isolated-2] [INFO] [1789770997.335042852] [controller_server]: Critic loaded : tgmppi::critics::GoalCritic
[component_container_isolated-2] [INFO] [1789770997.335336015] [controller_server]: GoalAngleCritic instantiated with 1 power, 3.000000 weight, 0.500000 angular threshold and symmetric_yaw_tolerance disabled
[component_container_isolated-2] [INFO] [1789770997.335351742] [controller_server]: Critic loaded : tgmppi::critics::GoalAngleCritic
[component_container_isolated-2] [INFO] [1789770997.335957845] [controller_server]: ReferenceTrajectoryCritic instantiated with 1 power and 3.000000 weight
[component_container_isolated-2] [INFO] [1789770997.335973016] [controller_server]: Critic loaded : tgmppi::critics::PathAlignCritic
[component_container_isolated-2] [INFO] [1789770997.336355045] [controller_server]: Critic loaded : tgmppi::critics::PathFollowCritic
[component_container_isolated-2] [INFO] [1789770997.336827244] [controller_server]: PathAngleCritic instantiated with 1 power and 2.000000 weight. Reversing allowed.
[component_container_isolated-2] [INFO] [1789770997.336838222] [controller_server]: Critic loaded : tgmppi::critics::PathAngleCritic
[component_container_isolated-2] [INFO] [1789770997.337060533] [controller_server]: PreferForwardCritic instantiated with 1 power and 2.000000 weight.
[component_container_isolated-2] [INFO] [1789770997.337067007] [controller_server]: Critic loaded : tgmppi::critics::PreferForwardCritic
[component_container_isolated-2] [INFO] [1789770997.341993506] [controller_server]: Optimizer reset (compute_backend=cpu)
[component_container_isolated-2] [INFO] [1789770997.343167647] [TgMppiController]: Configured MPPI Controller: FollowPath
[component_container_isolated-2] [INFO] [1789770997.343184710] [controller_server]: Controller Server has FollowPath  controllers available.
[component_container_isolated-2] [INFO] [1789770997.346771920] [lifecycle_manager_navigation]: [34m[1mConfiguring smoother_server[0m[0m
[component_container_isolated-2] [INFO] [1789770997.346849865] [smoother_server]: Configuring smoother server
[component_container_isolated-2] [INFO] [1789770997.350171950] [smoother_server]: Created smoother : simple_smoother of type nav2_smoother::SimpleSmoother
[component_container_isolated-2] [INFO] [1789770997.350577518] [smoother_server]: Smoother Server has simple_smoother  smoothers available.
[component_container_isolated-2] [INFO] [1789770997.353128165] [lifecycle_manager_navigation]: [34m[1mConfiguring planner_server[0m[0m
[component_container_isolated-2] [INFO] [1789770997.353284267] [planner_server]: Configuring
[component_container_isolated-2] [INFO] [1789770997.353314017] [global_costmap.global_costmap]: Configuring
[component_container_isolated-2] [INFO] [1789770997.355589310] [global_costmap.global_costmap]: Using plugin "static_layer"
[component_container_isolated-2] [INFO] [1789770997.356178282] [global_costmap.global_costmap]: Subscribing to the map topic (/map) with transient local durability
[component_container_isolated-2] [INFO] [1789770997.356499885] [global_costmap.global_costmap]: Subscribing to updates
[component_container_isolated-2] [INFO] [1789770997.356734930] [global_costmap.global_costmap]: Initialized plugin "static_layer"
[component_container_isolated-2] [INFO] [1789770997.356746162] [global_costmap.global_costmap]: Using plugin "obstacle_layer"
[component_container_isolated-2] [INFO] [1789770997.357147781] [global_costmap.global_costmap]: Subscribed to Topics: front_scan rear_scan
[component_container_isolated-2] [INFO] [1789770997.360634728] [global_costmap.global_costmap]: Initialized plugin "obstacle_layer"
[component_container_isolated-2] [INFO] [1789770997.360654403] [global_costmap.global_costmap]: Using plugin "stvl_global"
[component_container_isolated-2] [INFO] [1789770997.360770998] [global_costmap.global_costmap]: stvl_global being initialized as SpatioTemporalVoxelLayer!
[component_container_isolated-2] [INFO] [1789770997.360776783] [global_costmap.global_costmap]: stvl_global's global frame is map.
[component_container_isolated-2] [INFO] [1789770997.361663922] [global_costmap.global_costmap]: stvl_global loaded parameters from parameter server.
[component_container_isolated-2] [INFO] [1789770997.362420059] [global_costmap.global_costmap]: stvl_global created underlying voxel grid.
[component_container_isolated-2] [INFO] [1789770997.363819845] [global_costmap.global_costmap]: Voxel filter activated.
[component_container_isolated-2] [INFO] [1789770997.365165297] [global_costmap.global_costmap]: stvl_global initialization complete!
[component_container_isolated-2] [INFO] [1789770997.365184257] [global_costmap.global_costmap]: Initialized plugin "stvl_global"
[component_container_isolated-2] [INFO] [1789770997.365188519] [global_costmap.global_costmap]: Using plugin "inflation_layer"
[component_container_isolated-2] [INFO] [1789770997.365706314] [global_costmap.global_costmap]: Initialized plugin "inflation_layer"
[component_container_isolated-2] [INFO] [1789770997.368870989] [planner_server]: Created global planner plugin GridBased of type nav2_navfn_planner/NavfnPlanner
[component_container_isolated-2] [INFO] [1789770997.368895890] [planner_server]: Configuring plugin GridBased of type NavfnPlanner
[component_container_isolated-2] [INFO] [1789770997.369275771] [planner_server]: Planner Server has GridBased  planners available.
[component_container_isolated-2] [INFO] [1789770997.372831652] [lifecycle_manager_navigation]: [34m[1mConfiguring behavior_server[0m[0m
[component_container_isolated-2] [INFO] [1789770997.372935200] [behavior_server]: Configuring
[component_container_isolated-2] [INFO] [1789770997.375653129] [behavior_server]: Creating behavior plugin spin of type nav2_behaviors/Spin
[component_container_isolated-2] [INFO] [1789770997.376900459] [behavior_server]: Configuring spin
[component_container_isolated-2] [INFO] [1789770997.379224389] [behavior_server]: Creating behavior plugin backup of type nav2_behaviors/BackUp
[component_container_isolated-2] [INFO] [1789770997.379742142] [behavior_server]: Configuring backup
[component_container_isolated-2] [INFO] [1789770997.381804262] [behavior_server]: Creating behavior plugin drive_on_heading of type nav2_behaviors/DriveOnHeading
[component_container_isolated-2] [INFO] [1789770997.382286834] [behavior_server]: Configuring drive_on_heading
[component_container_isolated-2] [INFO] [1789770997.384265174] [behavior_server]: Creating behavior plugin wait of type nav2_behaviors/Wait
[component_container_isolated-2] [INFO] [1789770997.384683658] [behavior_server]: Configuring wait
[component_container_isolated-2] [INFO] [1789770997.387235782] [lifecycle_manager_navigation]: [34m[1mConfiguring bt_navigator[0m[0m
[component_container_isolated-2] [INFO] [1789770997.387301907] [bt_navigator]: Configuring
[component_container_isolated-2] [INFO] [1789770997.422048472] [lifecycle_manager_navigation]: [34m[1mConfiguring waypoint_follower[0m[0m
[component_container_isolated-2] [INFO] [1789770997.422162798] [waypoint_follower]: Configuring
[component_container_isolated-2] [INFO] [1789770997.425881306] [waypoint_follower]: Created waypoint_task_executor : wait_at_waypoint of type nav2_waypoint_follower::WaitAtWaypoint
[component_container_isolated-2] [INFO] [1789770997.426263358] [lifecycle_manager_navigation]: [34m[1mConfiguring velocity_smoother[0m[0m
[component_container_isolated-2] [INFO] [1789770997.426374250] [velocity_smoother]: Configuring velocity smoother
[component_container_isolated-2] [INFO] [1789770997.426556139] [global_costmap.global_costmap]: StaticLayer: Resizing costmap to 30 X 78 at 0.150000 m/pix
[component_container_isolated-2] [INFO] [1789770997.429768003] [lifecycle_manager_navigation]: [34m[1mActivating controller_server[0m[0m
[component_container_isolated-2] [INFO] [1789770997.429900083] [controller_server]: Activating
[component_container_isolated-2] [INFO] [1789770997.429941155] [local_costmap.local_costmap]: Activating
[component_container_isolated-2] [INFO] [1789770997.429960596] [local_costmap.local_costmap]: Checking transform
[component_container_isolated-2] [INFO] [1789770997.430077658] [local_costmap.local_costmap]: start
[component_container_isolated-2] [INFO] [1789770997.431215331] [local_costmap.local_costmap]: stvl_local was activated.
[component_container_isolated-2] [WARN] [1789770997.631865732] [controller_server]: Parameter controller_server.verbose not found
[component_container_isolated-2] [INFO] [1789770997.635271722] [controller_server]: Optimizer reset (compute_backend=cpu)
[component_container_isolated-2] [INFO] [1789770997.635544856] [TgMppiController]: Activated MPPI Controller: FollowPath
[component_container_isolated-2] [INFO] [1789770997.635560445] [controller_server]: Creating bond (controller_server) to lifecycle manager.
[component_container_isolated-2] [INFO] [1789770997.738961532] [lifecycle_manager_navigation]: Server controller_server connected with bond.
[component_container_isolated-2] [INFO] [1789770997.739010181] [lifecycle_manager_navigation]: [34m[1mActivating smoother_server[0m[0m
[component_container_isolated-2] [INFO] [1789770997.739294896] [smoother_server]: Activating
[component_container_isolated-2] [INFO] [1789770997.739343119] [smoother_server]: Creating bond (smoother_server) to lifecycle manager.
[component_container_isolated-2] [INFO] [1789770997.843440771] [lifecycle_manager_navigation]: Server smoother_server connected with bond.
[component_container_isolated-2] [INFO] [1789770997.843475930] [lifecycle_manager_navigation]: [34m[1mActivating planner_server[0m[0m
[component_container_isolated-2] [INFO] [1789770997.843641318] [planner_server]: Activating
[component_container_isolated-2] [INFO] [1789770997.843676195] [global_costmap.global_costmap]: Activating
[component_container_isolated-2] [INFO] [1789770997.843682204] [global_costmap.global_costmap]: Checking transform
[component_container_isolated-2] [INFO] [1789770997.843690223] [global_costmap.global_costmap]: Timed out waiting for transform from base_link to map to become available, tf error: Invalid frame ID "map" passed to canTransform argument target_frame - frame does not exist
[component_container_isolated-2] [INFO] [1789770998.343766931] [global_costmap.global_costmap]: Timed out waiting for transform from base_link to map to become available, tf error: Lookup would require extrapolation into the past.  Requested time 2.688000 but the earliest data is at time 2.936000, when looking up transform from frame [base_link] to frame [map]
[component_container_isolated-2] [INFO] [1789770998.610690945] [local_costmap.local_costmap]: Message Filter dropping message: frame 'front_lidar_1' at time 2.869 for reason 'the timestamp on the message is earlier than all the data in the transform cache'
[component_container_isolated-2] [INFO] [1789770998.610760060] [local_costmap.local_costmap]: Message Filter dropping message: frame 'real_sense_1' at time 2.923 for reason 'the timestamp on the message is earlier than all the data in the transform cache'
[component_container_isolated-2] [INFO] [1789770998.843814799] [global_costmap.global_costmap]: start
[component_container_isolated-2] [INFO] [1789770998.844795482] [global_costmap.global_costmap]: stvl_global was activated.
[component_container_isolated-2] [INFO] [1789770999.845147796] [planner_server]: Activating plugin GridBased of type NavfnPlanner
[component_container_isolated-2] [INFO] [1789770999.846006724] [planner_server]: Creating bond (planner_server) to lifecycle manager.
[component_container_isolated-2] [INFO] [1789770999.949742351] [lifecycle_manager_navigation]: Server planner_server connected with bond.
[component_container_isolated-2] [INFO] [1789770999.949783044] [lifecycle_manager_navigation]: [34m[1mActivating behavior_server[0m[0m
[component_container_isolated-2] [INFO] [1789770999.949988669] [behavior_server]: Activating
[component_container_isolated-2] [INFO] [1789770999.950008144] [behavior_server]: Activating spin
[component_container_isolated-2] [INFO] [1789770999.950022211] [behavior_server]: Activating backup
[component_container_isolated-2] [INFO] [1789770999.950028642] [behavior_server]: Activating drive_on_heading
[component_container_isolated-2] [INFO] [1789770999.950050948] [behavior_server]: Activating wait
[component_container_isolated-2] [INFO] [1789770999.950058911] [behavior_server]: Creating bond (behavior_server) to lifecycle manager.
[component_container_isolated-2] [INFO] [1789771000.053154945] [lifecycle_manager_navigation]: Server behavior_server connected with bond.
[component_container_isolated-2] [INFO] [1789771000.053193984] [lifecycle_manager_navigation]: [34m[1mActivating bt_navigator[0m[0m
[component_container_isolated-2] [INFO] [1789771000.053403451] [bt_navigator]: Activating
[component_container_isolated-2] [INFO] [1789771000.079657461] [bt_navigator]: Creating bond (bt_navigator) to lifecycle manager.
[component_container_isolated-2] [INFO] [1789771000.182647962] [lifecycle_manager_navigation]: Server bt_navigator connected with bond.
[component_container_isolated-2] [INFO] [1789771000.182690133] [lifecycle_manager_navigation]: [34m[1mActivating waypoint_follower[0m[0m
[component_container_isolated-2] [INFO] [1789771000.182927211] [waypoint_follower]: Activating
[component_container_isolated-2] [INFO] [1789771000.182972451] [waypoint_follower]: Creating bond (waypoint_follower) to lifecycle manager.
[component_container_isolated-2] [INFO] [1789771000.288127541] [lifecycle_manager_navigation]: Server waypoint_follower connected with bond.
[component_container_isolated-2] [INFO] [1789771000.288171550] [lifecycle_manager_navigation]: [34m[1mActivating velocity_smoother[0m[0m
[component_container_isolated-2] [INFO] [1789771000.288458143] [velocity_smoother]: Activating
[component_container_isolated-2] [INFO] [1789771000.288539029] [velocity_smoother]: Creating bond (velocity_smoother) to lifecycle manager.
[component_container_isolated-2] [INFO] [1789771000.394490280] [lifecycle_manager_navigation]: Server velocity_smoother connected with bond.
[component_container_isolated-2] [INFO] [1789771000.394524014] [lifecycle_manager_navigation]: [34m[1mManaged nodes are active[0m[0m
[component_container_isolated-2] [INFO] [1789771000.394528936] [lifecycle_manager_navigation]: [34m[1mCreating bond timer...[0m[0m
[component_container_isolated-2] [INFO] [1789771001.840971823] [global_costmap.global_costmap]: Message Filter dropping message: frame 'front_lidar_1' at time 5.997 for reason 'the timestamp on the message is earlier than all the data in the transform cache'
[component_container_isolated-2] [INFO] [1789771002.085630759] [bt_navigator]: Begin navigating from current location (-2.25, 1.00) to (-1.12, 9.52)
[component_container_isolated-2] [INFO] [1789771002.106315227] [controller_server]: Received a goal, begin computing control effort.
[component_container_isolated-2] [WARN] [1789771002.106370363] [controller_server]: No goal checker was specified in parameter 'current_goal_checker'. Server will use only plugin loaded general_goal_checker . This warning will appear once.
[component_container_isolated-2] [INFO] [1789771002.111762313] [controller_server]: Optimizer reset (compute_backend=cpu)
[component_container_isolated-2] [ERROR] [1789771002.119802137] [tf_help]: Transform data too old when converting from map to odom
[component_container_isolated-2] [ERROR] [1789771002.119836212] [tf_help]: Data time: 6s 400000000ns, Transform time: 4s 296000000ns
[component_container_isolated-2] [ERROR] [1789771002.163490836] [tf_help]: Transform data too old when converting from map to odom
[component_container_isolated-2] [ERROR] [1789771002.163533316] [tf_help]: Data time: 6s 400000000ns, Transform time: 4s 296000000ns
[component_container_isolated-2] [ERROR] [1789771002.212715159] [tf_help]: Transform data too old when converting from map to odom
[component_container_isolated-2] [ERROR] [1789771002.212746341] [tf_help]: Data time: 6s 400000000ns, Transform time: 4s 296000000ns
[component_container_isolated-2] [ERROR] [1789771002.262951929] [tf_help]: Transform data too old when converting from map to odom
[component_container_isolated-2] [ERROR] [1789771002.262992795] [tf_help]: Data time: 6s 400000000ns, Transform time: 4s 296000000ns
[component_container_isolated-2] [ERROR] [1789771002.313150422] [tf_help]: Transform data too old when converting from map to odom
[component_container_isolated-2] [ERROR] [1789771002.313183977] [tf_help]: Data time: 6s 400000000ns, Transform time: 4s 296000000ns
[component_container_isolated-2] [ERROR] [1789771002.361903399] [tf_help]: Transform data too old when converting from map to odom
[component_container_isolated-2] [ERROR] [1789771002.361932551] [tf_help]: Data time: 6s 400000000ns, Transform time: 4s 296000000ns
[component_container_isolated-2] [ERROR] [1789771002.411859860] [tf_help]: Transform data too old when converting from map to odom
[component_container_isolated-2] [ERROR] [1789771002.411888980] [tf_help]: Data time: 6s 400000000ns, Transform time: 4s 296000000ns
[component_container_isolated-2] [ERROR] [1789771002.462180075] [tf_help]: Transform data too old when converting from map to odom
[component_container_isolated-2] [ERROR] [1789771002.462209052] [tf_help]: Data time: 6s 400000000ns, Transform time: 4s 296000000ns
[component_container_isolated-2] [ERROR] [1789771002.512508964] [tf_help]: Transform data too old when converting from map to odom
[component_container_isolated-2] [ERROR] [1789771002.512539946] [tf_help]: Data time: 6s 400000000ns, Transform time: 4s 296000000ns
[component_container_isolated-2] [ERROR] [1789771002.562147295] [tf_help]: Transform data too old when converting from map to odom
[component_container_isolated-2] [ERROR] [1789771002.562181001] [tf_help]: Data time: 6s 400000000ns, Transform time: 4s 296000000ns
[component_container_isolated-2] [ERROR] [1789771002.611957702] [tf_help]: Transform data too old when converting from map to odom
[component_container_isolated-2] [ERROR] [1789771002.611991326] [tf_help]: Data time: 6s 400000000ns, Transform time: 4s 296000000ns
[component_container_isolated-2] [ERROR] [1789771002.661916161] [tf_help]: Transform data too old when converting from map to odom
[component_container_isolated-2] [ERROR] [1789771002.661949470] [tf_help]: Data time: 6s 400000000ns, Transform time: 4s 296000000ns
[component_container_isolated-2] [ERROR] [1789771002.712073047] [tf_help]: Transform data too old when converting from map to odom
[component_container_isolated-2] [ERROR] [1789771002.712108020] [tf_help]: Data time: 6s 400000000ns, Transform time: 4s 296000000ns
[component_container_isolated-2] [ERROR] [1789771002.766952335] [tf_help]: Transform data too old when converting from map to odom
[component_container_isolated-2] [ERROR] [1789771002.766997256] [tf_help]: Data time: 6s 400000000ns, Transform time: 4s 296000000ns
[component_container_isolated-2] [ERROR] [1789771002.814525263] [tf_help]: Transform data too old when converting from map to odom
[component_container_isolated-2] [ERROR] [1789771002.814559020] [tf_help]: Data time: 6s 400000000ns, Transform time: 4s 296000000ns
[component_container_isolated-2] [ERROR] [1789771002.862105883] [tf_help]: Transform data too old when converting from map to odom
[component_container_isolated-2] [ERROR] [1789771002.862138747] [tf_help]: Data time: 6s 400000000ns, Transform time: 4s 296000000ns
[component_container_isolated-2] [ERROR] [1789771002.912028193] [tf_help]: Transform data too old when converting from map to odom
[component_container_isolated-2] [ERROR] [1789771002.912057639] [tf_help]: Data time: 6s 400000000ns, Transform time: 4s 296000000ns
[component_container_isolated-2] [ERROR] [1789771002.962328678] [tf_help]: Transform data too old when converting from map to odom
[component_container_isolated-2] [ERROR] [1789771002.962359991] [tf_help]: Data time: 6s 400000000ns, Transform time: 4s 296000000ns
[component_container_isolated-2] [ERROR] [1789771003.012188140] [tf_help]: Transform data too old when converting from map to odom
[component_container_isolated-2] [ERROR] [1789771003.012224055] [tf_help]: Data time: 6s 400000000ns, Transform time: 4s 296000000ns
[component_container_isolated-2] [ERROR] [1789771003.062279299] [tf_help]: Transform data too old when converting from map to odom
[component_container_isolated-2] [ERROR] [1789771003.062308585] [tf_help]: Data time: 6s 400000000ns, Transform time: 4s 296000000ns
[component_container_isolated-2] [ERROR] [1789771003.112688026] [tf_help]: Transform data too old when converting from map to odom
[component_container_isolated-2] [ERROR] [1789771003.112729918] [tf_help]: Data time: 6s 400000000ns, Transform time: 4s 296000000ns
[component_container_isolated-2] [INFO] [1789771003.156566184] [controller_server]: Passing new path to controller.
[component_container_isolated-2] [ERROR] [1789771003.162666659] [tf_help]: Transform data too old when converting from map to odom
[component_container_isolated-2] [ERROR] [1789771003.162685840] [tf_help]: Data time: 7s 400000000ns, Transform time: 4s 296000000ns
[component_container_isolated-2] [ERROR] [1789771003.212934770] [tf_help]: Transform data too old when converting from map to odom
[component_container_isolated-2] [ERROR] [1789771003.212966141] [tf_help]: Data time: 7s 400000000ns, Transform time: 4s 296000000ns
[component_container_isolated-2] [ERROR] [1789771003.263001911] [tf_help]: Transform data too old when converting from map to odom
[component_container_isolated-2] [ERROR] [1789771003.263030354] [tf_help]: Data time: 7s 400000000ns, Transform time: 4s 296000000ns
[component_container_isolated-2] [ERROR] [1789771003.312451029] [tf_help]: Transform data too old when converting from map to odom
[component_container_isolated-2] [ERROR] [1789771003.312479153] [tf_help]: Data time: 7s 400000000ns, Transform time: 4s 296000000ns
[component_container_isolated-2] [ERROR] [1789771003.362715758] [tf_help]: Transform data too old when converting from map to odom
[component_container_isolated-2] [ERROR] [1789771003.362743575] [tf_help]: Data time: 7s 400000000ns, Transform time: 4s 296000000ns
[component_container_isolated-2] [ERROR] [1789771003.413428960] [tf_help]: Transform data too old when converting from map to odom
[component_container_isolated-2] [ERROR] [1789771003.413467758] [tf_help]: Data time: 7s 400000000ns, Transform time: 4s 296000000ns
[component_container_isolated-2] [ERROR] [1789771003.462249365] [tf_help]: Transform data too old when converting from map to odom
[component_container_isolated-2] [ERROR] [1789771003.462281310] [tf_help]: Data time: 7s 400000000ns, Transform time: 4s 296000000ns
[component_container_isolated-2] [ERROR] [1789771003.513447638] [tf_help]: Transform data too old when converting from map to odom
[component_container_isolated-2] [ERROR] [1789771003.513478288] [tf_help]: Data time: 7s 400000000ns, Transform time: 4s 296000000ns
[component_container_isolated-2] [ERROR] [1789771003.565267573] [tf_help]: Transform data too old when converting from map to odom
[component_container_isolated-2] [ERROR] [1789771003.565306208] [tf_help]: Data time: 7s 400000000ns, Transform time: 4s 296000000ns
[component_container_isolated-2] [ERROR] [1789771003.613054731] [tf_help]: Transform data too old when converting from map to odom
[component_container_isolated-2] [ERROR] [1789771003.613087996] [tf_help]: Data time: 7s 400000000ns, Transform time: 4s 296000000ns
[component_container_isolated-2] [ERROR] [1789771003.662412870] [tf_help]: Transform data too old when converting from map to odom
[component_container_isolated-2] [ERROR] [1789771003.662448410] [tf_help]: Data time: 7s 400000000ns, Transform time: 4s 296000000ns
[component_container_isolated-2] [ERROR] [1789771003.712485866] [tf_help]: Transform data too old when converting from map to odom
[component_container_isolated-2] [ERROR] [1789771003.712523301] [tf_help]: Data time: 7s 400000000ns, Transform time: 4s 296000000ns
[component_container_isolated-2] [ERROR] [1789771003.762805130] [tf_help]: Transform data too old when converting from map to odom
[component_container_isolated-2] [ERROR] [1789771003.762835767] [tf_help]: Data time: 7s 400000000ns, Transform time: 4s 296000000ns
[component_container_isolated-2] [ERROR] [1789771003.812745739] [tf_help]: Transform data too old when converting from map to odom
[component_container_isolated-2] [ERROR] [1789771003.812784159] [tf_help]: Data time: 7s 400000000ns, Transform time: 4s 296000000ns
[component_container_isolated-2] [ERROR] [1789771003.862561713] [tf_help]: Transform data too old when converting from map to odom
[component_container_isolated-2] [ERROR] [1789771003.862593405] [tf_help]: Data time: 7s 400000000ns, Transform time: 4s 296000000ns
[component_container_isolated-2] [ERROR] [1789771003.912885830] [tf_help]: Transform data too old when converting from map to odom
[component_container_isolated-2] [ERROR] [1789771003.912924646] [tf_help]: Data time: 7s 400000000ns, Transform time: 4s 296000000ns
[component_container_isolated-2] [ERROR] [1789771003.962561861] [tf_help]: Transform data too old when converting from map to odom
[component_container_isolated-2] [ERROR] [1789771003.962594636] [tf_help]: Data time: 7s 400000000ns, Transform time: 4s 296000000ns
[component_container_isolated-2] [ERROR] [1789771004.013212385] [tf_help]: Transform data too old when converting from map to odom
[component_container_isolated-2] [ERROR] [1789771004.013246407] [tf_help]: Data time: 7s 400000000ns, Transform time: 4s 296000000ns
[component_container_isolated-2] [ERROR] [1789771004.064454726] [tf_help]: Transform data too old when converting from map to odom
[component_container_isolated-2] [ERROR] [1789771004.064486383] [tf_help]: Data time: 7s 400000000ns, Transform time: 4s 296000000ns
[component_container_isolated-2] [ERROR] [1789771004.112498698] [tf_help]: Transform data too old when converting from map to odom
[component_container_isolated-2] [ERROR] [1789771004.112529591] [tf_help]: Data time: 7s 400000000ns, Transform time: 4s 296000000ns
[component_container_isolated-2] [ERROR] [1789771004.162914737] [tf_help]: Transform data too old when converting from map to odom
[component_container_isolated-2] [ERROR] [1789771004.162945551] [tf_help]: Data time: 7s 400000000ns, Transform time: 4s 296000000ns
[component_container_isolated-2] [INFO] [1789771004.206504492] [controller_server]: Passing new path to controller.
[component_container_isolated-2] [ERROR] [1789771004.213285963] [tf_help]: Transform data too old when converting from map to odom
[component_container_isolated-2] [ERROR] [1789771004.213310777] [tf_help]: Data time: 8s 400000000ns, Transform time: 4s 296000000ns
[component_container_isolated-2] [ERROR] [1789771004.262645002] [tf_help]: Transform data too old when converting from map to odom
[component_container_isolated-2] [ERROR] [1789771004.262673824] [tf_help]: Data time: 8s 400000000ns, Transform time: 4s 296000000ns
[component_container_isolated-2] [ERROR] [1789771004.312485493] [tf_help]: Transform data too old when converting from map to odom
[component_container_isolated-2] [ERROR] [1789771004.312510511] [tf_help]: Data time: 8s 400000000ns, Transform time: 4s 296000000ns
[component_container_isolated-2] [ERROR] [1789771004.362848579] [tf_help]: Transform data too old when converting from map to odom
[component_container_isolated-2] [ERROR] [1789771004.362880750] [tf_help]: Data time: 8s 400000000ns, Transform time: 4s 296000000ns
[component_container_isolated-2] [ERROR] [1789771004.412781495] [tf_help]: Transform data too old when converting from map to odom
[component_container_isolated-2] [ERROR] [1789771004.412810619] [tf_help]: Data time: 8s 400000000ns, Transform time: 4s 296000000ns
[component_container_isolated-2] [ERROR] [1789771004.463080590] [tf_help]: Transform data too old when converting from map to odom
[component_container_isolated-2] [ERROR] [1789771004.463120283] [tf_help]: Data time: 8s 400000000ns, Transform time: 4s 296000000ns
[component_container_isolated-2] [ERROR] [1789771004.515086513] [tf_help]: Transform data too old when converting from map to odom
[component_container_isolated-2] [ERROR] [1789771004.515131373] [tf_help]: Data time: 8s 400000000ns, Transform time: 4s 296000000ns
[component_container_isolated-2] [INFO] [1789771004.563409859] [controller_server]: [TG-MPPI] cycle time (compute_backend=cpu): 6.058 ms/cycle avg over 50 cycles
[component_container_isolated-2] [ERROR] [1789771004.563548858] [tf_help]: Transform data too old when converting from map to odom
[component_container_isolated-2] [ERROR] [1789771004.563567135] [tf_help]: Data time: 8s 400000000ns, Transform time: 4s 296000000ns
[component_container_isolated-2] [ERROR] [1789771004.613516040] [tf_help]: Transform data too old when converting from map to odom
[component_container_isolated-2] [ERROR] [1789771004.613545856] [tf_help]: Data time: 8s 400000000ns, Transform time: 4s 296000000ns
[component_container_isolated-2] [ERROR] [1789771004.662977647] [tf_help]: Transform data too old when converting from map to odom
[component_container_isolated-2] [ERROR] [1789771004.663011672] [tf_help]: Data time: 8s 400000000ns, Transform time: 4s 296000000ns
[component_container_isolated-2] [ERROR] [1789771004.712829846] [tf_help]: Transform data too old when converting from map to odom
[component_container_isolated-2] [ERROR] [1789771004.712858928] [tf_help]: Data time: 8s 400000000ns, Transform time: 4s 296000000ns
[component_container_isolated-2] [ERROR] [1789771004.762726726] [tf_help]: Transform data too old when converting from map to odom
[component_container_isolated-2] [ERROR] [1789771004.762757866] [tf_help]: Data time: 8s 400000000ns, Transform time: 4s 296000000ns
[component_container_isolated-2] [ERROR] [1789771004.812540176] [tf_help]: Transform data too old when converting from map to odom
[component_container_isolated-2] [ERROR] [1789771004.812584154] [tf_help]: Data time: 8s 400000000ns, Transform time: 4s 296000000ns
[component_container_isolated-2] [ERROR] [1789771004.862941827] [tf_help]: Transform data too old when converting from map to odom
[component_container_isolated-2] [ERROR] [1789771004.862975396] [tf_help]: Data time: 8s 400000000ns, Transform time: 4s 296000000ns
[component_container_isolated-2] [ERROR] [1789771004.913232261] [tf_help]: Transform data too old when converting from map to odom
[component_container_isolated-2] [ERROR] [1789771004.913279333] [tf_help]: Data time: 8s 400000000ns, Transform time: 4s 296000000ns
[component_container_isolated-2] [ERROR] [1789771004.963843449] [tf_help]: Transform data too old when converting from map to odom
[component_container_isolated-2] [ERROR] [1789771004.963876179] [tf_help]: Data time: 8s 400000000ns, Transform time: 4s 296000000ns
[component_container_isolated-2] [ERROR] [1789771005.012754800] [tf_help]: Transform data too old when converting from map to odom
[component_container_isolated-2] [ERROR] [1789771005.012785999] [tf_help]: Data time: 8s 400000000ns, Transform time: 4s 296000000ns
[component_container_isolated-2] [ERROR] [1789771005.063488316] [tf_help]: Transform data too old when converting from map to odom
[component_container_isolated-2] [ERROR] [1789771005.063520655] [tf_help]: Data time: 8s 400000000ns, Transform time: 4s 296000000ns
[component_container_isolated-2] [ERROR] [1789771005.112610435] [tf_help]: Transform data too old when converting from map to odom
[component_container_isolated-2] [ERROR] [1789771005.112638316] [tf_help]: Data time: 8s 400000000ns, Transform time: 4s 296000000ns
[component_container_isolated-2] [ERROR] [1789771005.163155407] [tf_help]: Transform data too old when converting from map to odom
[component_container_isolated-2] [ERROR] [1789771005.163193824] [tf_help]: Data time: 8s 400000000ns, Transform time: 4s 296000000ns
[component_container_isolated-2] [INFO] [1789771005.206599731] [controller_server]: Passing new path to controller.
[component_container_isolated-2] [ERROR] [1789771005.213056635] [tf_help]: Transform data too old when converting from map to odom
[component_container_isolated-2] [ERROR] [1789771005.213081081] [tf_help]: Data time: 9s 300000000ns, Transform time: 4s 296000000ns
[component_container_isolated-2] [ERROR] [1789771005.263274922] [tf_help]: Transform data too old when converting from map to odom
[component_container_isolated-2] [ERROR] [1789771005.263311912] [tf_help]: Data time: 9s 300000000ns, Transform time: 4s 296000000ns
[component_container_isolated-2] [ERROR] [1789771005.313027056] [tf_help]: Transform data too old when converting from map to odom
[component_container_isolated-2] [ERROR] [1789771005.313054697] [tf_help]: Data time: 9s 300000000ns, Transform time: 4s 296000000ns
[component_container_isolated-2] [ERROR] [1789771005.362819436] [tf_help]: Transform data too old when converting from map to odom
[component_container_isolated-2] [ERROR] [1789771005.362854880] [tf_help]: Data time: 9s 300000000ns, Transform time: 4s 296000000ns
[component_container_isolated-2] [ERROR] [1789771005.412520509] [tf_help]: Transform data too old when converting from map to odom
[component_container_isolated-2] [ERROR] [1789771005.412554569] [tf_help]: Data time: 9s 300000000ns, Transform time: 4s 296000000ns
[component_container_isolated-2] [ERROR] [1789771005.462919042] [tf_help]: Transform data too old when converting from map to odom
[component_container_isolated-2] [ERROR] [1789771005.462950654] [tf_help]: Data time: 9s 300000000ns, Transform time: 4s 296000000ns
[component_container_isolated-2] [ERROR] [1789771005.512915492] [tf_help]: Transform data too old when converting from map to odom
[component_container_isolated-2] [ERROR] [1789771005.512953486] [tf_help]: Data time: 9s 300000000ns, Transform time: 4s 296000000ns
[component_container_isolated-2] [ERROR] [1789771005.562829216] [tf_help]: Transform data too old when converting from map to odom
[component_container_isolated-2] [ERROR] [1789771005.562858708] [tf_help]: Data time: 9s 300000000ns, Transform time: 4s 296000000ns
[component_container_isolated-2] [ERROR] [1789771005.613126428] [tf_help]: Transform data too old when converting from map to odom
[component_container_isolated-2] [ERROR] [1789771005.613155791] [tf_help]: Data time: 9s 300000000ns, Transform time: 4s 296000000ns
[component_container_isolated-2] [ERROR] [1789771005.663101078] [tf_help]: Transform data too old when converting from map to odom
[component_container_isolated-2] [ERROR] [1789771005.663129897] [tf_help]: Data time: 9s 300000000ns, Transform time: 4s 296000000ns
[component_container_isolated-2] [ERROR] [1789771005.712832760] [tf_help]: Transform data too old when converting from map to odom
[component_container_isolated-2] [ERROR] [1789771005.712864452] [tf_help]: Data time: 9s 300000000ns, Transform time: 4s 296000000ns
[component_container_isolated-2] [ERROR] [1789771005.762980209] [tf_help]: Transform data too old when converting from map to odom
[component_container_isolated-2] [ERROR] [1789771005.763012602] [tf_help]: Data time: 9s 300000000ns, Transform time: 4s 296000000ns
[component_container_isolated-2] [ERROR] [1789771005.812933577] [tf_help]: Transform data too old when converting from map to odom
[component_container_isolated-2] [ERROR] [1789771005.812968629] [tf_help]: Data time: 9s 300000000ns, Transform time: 4s 296000000ns
[ground_truth_localizer-1] [INFO] [1789771005.846936859] [ground_truth_localizer]: last 10 s: ground truth msgs 252, map->odom published 252 (240 via latest odom TF)
[component_container_isolated-2] [ERROR] [1789771005.862895427] [tf_help]: Transform data too old when converting from map to odom
[component_container_isolated-2] [ERROR] [1789771005.862929545] [tf_help]: Data time: 9s 300000000ns, Transform time: 4s 296000000ns
[component_container_isolated-2] [ERROR] [1789771005.913462951] [tf_help]: Transform data too old when converting from map to odom
[component_container_isolated-2] [ERROR] [1789771005.913496735] [tf_help]: Data time: 9s 300000000ns, Transform time: 4s 296000000ns
[component_container_isolated-2] [ERROR] [1789771005.962714382] [tf_help]: Transform data too old when converting from map to odom
[component_container_isolated-2] [ERROR] [1789771005.962744975] [tf_help]: Data time: 9s 300000000ns, Transform time: 4s 296000000ns
[component_container_isolated-2] [ERROR] [1789771006.012660524] [tf_help]: Transform data too old when converting from map to odom
[component_container_isolated-2] [ERROR] [1789771006.012694613] [tf_help]: Data time: 9s 300000000ns, Transform time: 4s 296000000ns
[component_container_isolated-2] [ERROR] [1789771006.063435284] [tf_help]: Transform data too old when converting from map to odom
[component_container_isolated-2] [ERROR] [1789771006.063466701] [tf_help]: Data time: 9s 300000000ns, Transform time: 4s 296000000ns
[component_container_isolated-2] [ERROR] [1789771006.116983709] [tf_help]: Transform data too old when converting from map to odom
[component_container_isolated-2] [ERROR] [1789771006.117017414] [tf_help]: Data time: 9s 300000000ns, Transform time: 4s 296000000ns
[component_container_isolated-2] [ERROR] [1789771006.163364390] [tf_help]: Transform data too old when converting from map to odom
[component_container_isolated-2] [ERROR] [1789771006.163399955] [tf_help]: Data time: 9s 300000000ns, Transform time: 4s 296000000ns
[component_container_isolated-2] [ERROR] [1789771006.212766690] [tf_help]: Transform data too old when converting from map to odom
[component_container_isolated-2] [ERROR] [1789771006.212797785] [tf_help]: Data time: 9s 300000000ns, Transform time: 4s 296000000ns
[component_container_isolated-2] [INFO] [1789771006.256477778] [controller_server]: Passing new path to controller.
[component_container_isolated-2] [ERROR] [1789771006.262795611] [tf_help]: Transform data too old when converting from map to odom
[component_container_isolated-2] [ERROR] [1789771006.262823101] [tf_help]: Data time: 10s 300000000ns, Transform time: 4s 296000000ns
[component_container_isolated-2] [ERROR] [1789771006.313026305] [tf_help]: Transform data too old when converting from map to odom
[component_container_isolated-2] [ERROR] [1789771006.313055961] [tf_help]: Data time: 10s 300000000ns, Transform time: 4s 296000000ns
[component_container_isolated-2] [ERROR] [1789771006.362615472] [tf_help]: Transform data too old when converting from map to odom
[component_container_isolated-2] [ERROR] [1789771006.362647001] [tf_help]: Data time: 10s 300000000ns, Transform time: 4s 296000000ns
[component_container_isolated-2] [ERROR] [1789771006.412687374] [tf_help]: Transform data too old when converting from map to odom
[component_container_isolated-2] [ERROR] [1789771006.412717200] [tf_help]: Data time: 10s 300000000ns, Transform time: 4s 296000000ns
[component_container_isolated-2] [ERROR] [1789771006.462678091] [tf_help]: Transform data too old when converting from map to odom
[component_container_isolated-2] [ERROR] [1789771006.462707302] [tf_help]: Data time: 10s 300000000ns, Transform time: 4s 296000000ns
[component_container_isolated-2] [ERROR] [1789771006.512541356] [tf_help]: Transform data too old when converting from map to odom
[component_container_isolated-2] [ERROR] [1789771006.512574042] [tf_help]: Data time: 10s 300000000ns, Transform time: 4s 296000000ns
[component_container_isolated-2] [ERROR] [1789771006.565077258] [tf_help]: Transform data too old when converting from map to odom
[component_container_isolated-2] [ERROR] [1789771006.565118327] [tf_help]: Data time: 10s 300000000ns, Transform time: 4s 296000000ns
[component_container_isolated-2] [ERROR] [1789771006.612688232] [tf_help]: Transform data too old when converting from map to odom
[component_container_isolated-2] [ERROR] [1789771006.612720660] [tf_help]: Data time: 10s 300000000ns, Transform time: 4s 296000000ns
[component_container_isolated-2] [ERROR] [1789771006.662926724] [tf_help]: Transform data too old when converting from map to odom
[component_container_isolated-2] [ERROR] [1789771006.662959412] [tf_help]: Data time: 10s 300000000ns, Transform time: 4s 296000000ns
[component_container_isolated-2] [ERROR] [1789771006.713809995] [tf_help]: Transform data too old when converting from map to odom
[component_container_isolated-2] [ERROR] [1789771006.713844695] [tf_help]: Data time: 10s 300000000ns, Transform time: 4s 296000000ns
[component_container_isolated-2] [ERROR] [1789771006.763090273] [tf_help]: Transform data too old when converting from map to odom
[component_container_isolated-2] [ERROR] [1789771006.763122405] [tf_help]: Data time: 10s 300000000ns, Transform time: 4s 296000000ns
[component_container_isolated-2] [ERROR] [1789771006.812681297] [tf_help]: Transform data too old when converting from map to odom
[component_container_isolated-2] [ERROR] [1789771006.812712199] [tf_help]: Data time: 10s 300000000ns, Transform time: 4s 296000000ns
[component_container_isolated-2] [ERROR] [1789771006.865483260] [tf_help]: Transform data too old when converting from map to odom
[component_container_isolated-2] [ERROR] [1789771006.865508530] [tf_help]: Data time: 10s 300000000ns, Transform time: 4s 296000000ns
[component_container_isolated-2] [ERROR] [1789771006.912921856] [tf_help]: Transform data too old when converting from map to odom
[component_container_isolated-2] [ERROR] [1789771006.912953908] [tf_help]: Data time: 10s 300000000ns, Transform time: 4s 296000000ns
[component_container_isolated-2] [ERROR] [1789771006.963417108] [tf_help]: Transform data too old when converting from map to odom
[component_container_isolated-2] [ERROR] [1789771006.963455232] [tf_help]: Data time: 10s 300000000ns, Transform time: 4s 296000000ns
[component_container_isolated-2] [ERROR] [1789771007.012711665] [tf_help]: Transform data too old when converting from map to odom
[component_container_isolated-2] [ERROR] [1789771007.012747188] [tf_help]: Data time: 10s 300000000ns, Transform time: 4s 296000000ns
[component_container_isolated-2] [INFO] [1789771007.062761312] [controller_server]: [TG-MPPI] cycle time (compute_backend=cpu): 6.309 ms/cycle avg over 50 cycles
[component_container_isolated-2] [ERROR] [1789771007.062930304] [tf_help]: Transform data too old when converting from map to odom
[component_container_isolated-2] [ERROR] [1789771007.062952413] [tf_help]: Data time: 10s 300000000ns, Transform time: 4s 296000000ns
[component_container_isolated-2] [ERROR] [1789771007.113038731] [tf_help]: Transform data too old when converting from map to odom
[component_container_isolated-2] [ERROR] [1789771007.113071095] [tf_help]: Data time: 10s 300000000ns, Transform time: 4s 296000000ns
[component_container_isolated-2] [ERROR] [1789771007.163022044] [tf_help]: Transform data too old when converting from map to odom
[component_container_isolated-2] [ERROR] [1789771007.163059403] [tf_help]: Data time: 10s 300000000ns, Transform time: 4s 296000000ns
[component_container_isolated-2] [ERROR] [1789771007.212964409] [tf_help]: Transform data too old when converting from map to odom
[component_container_isolated-2] [ERROR] [1789771007.212995640] [tf_help]: Data time: 10s 300000000ns, Transform time: 4s 296000000ns
[component_container_isolated-2] [INFO] [1789771007.256566591] [controller_server]: Passing new path to controller.
[component_container_isolated-2] [ERROR] [1789771007.263228574] [tf_help]: Transform data too old when converting from map to odom
[component_container_isolated-2] [ERROR] [1789771007.263251697] [tf_help]: Data time: 11s 200000000ns, Transform time: 4s 296000000ns
[component_container_isolated-2] [ERROR] [1789771007.313087706] [tf_help]: Transform data too old when converting from map to odom
[component_container_isolated-2] [ERROR] [1789771007.313118868] [tf_help]: Data time: 11s 200000000ns, Transform time: 4s 296000000ns
[component_container_isolated-2] [ERROR] [1789771007.362581428] [tf_help]: Transform data too old when converting from map to odom
[component_container_isolated-2] [ERROR] [1789771007.362614237] [tf_help]: Data time: 11s 200000000ns, Transform time: 4s 296000000ns
[component_container_isolated-2] [ERROR] [1789771007.413435991] [tf_help]: Transform data too old when converting from map to odom
[component_container_isolated-2] [ERROR] [1789771007.413471717] [tf_help]: Data time: 11s 200000000ns, Transform time: 4s 296000000ns
[component_container_isolated-2] [ERROR] [1789771007.462888697] [tf_help]: Transform data too old when converting from map to odom
[component_container_isolated-2] [ERROR] [1789771007.462918920] [tf_help]: Data time: 11s 200000000ns, Transform time: 4s 296000000ns
[component_container_isolated-2] [ERROR] [1789771007.512712749] [tf_help]: Transform data too old when converting from map to odom
[component_container_isolated-2] [ERROR] [1789771007.512741004] [tf_help]: Data time: 11s 200000000ns, Transform time: 4s 296000000ns
[component_container_isolated-2] [ERROR] [1789771007.562915584] [tf_help]: Transform data too old when converting from map to odom
[component_container_isolated-2] [ERROR] [1789771007.562950174] [tf_help]: Data time: 11s 200000000ns, Transform time: 4s 296000000ns
[component_container_isolated-2] [ERROR] [1789771007.613113415] [tf_help]: Transform data too old when converting from map to odom
[component_container_isolated-2] [ERROR] [1789771007.613142142] [tf_help]: Data time: 11s 200000000ns, Transform time: 4s 296000000ns
[component_container_isolated-2] [ERROR] [1789771007.663497429] [tf_help]: Transform data too old when converting from map to odom
[component_container_isolated-2] [ERROR] [1789771007.663532132] [tf_help]: Data time: 11s 200000000ns, Transform time: 4s 296000000ns
[component_container_isolated-2] [ERROR] [1789771007.712620214] [tf_help]: Transform data too old when converting from map to odom
[component_container_isolated-2] [ERROR] [1789771007.712652366] [tf_help]: Data time: 11s 200000000ns, Transform time: 4s 296000000ns
[component_container_isolated-2] [ERROR] [1789771007.762875875] [tf_help]: Transform data too old when converting from map to odom
[component_container_isolated-2] [ERROR] [1789771007.762905921] [tf_help]: Data time: 11s 200000000ns, Transform time: 4s 296000000ns
[component_container_isolated-2] [ERROR] [1789771007.812718622] [tf_help]: Transform data too old when converting from map to odom
[component_container_isolated-2] [ERROR] [1789771007.812764323] [tf_help]: Data time: 11s 200000000ns, Transform time: 4s 296000000ns
[component_container_isolated-2] [ERROR] [1789771007.862748557] [tf_help]: Transform data too old when converting from map to odom
[component_container_isolated-2] [ERROR] [1789771007.862782242] [tf_help]: Data time: 11s 200000000ns, Transform time: 4s 296000000ns
[component_container_isolated-2] [ERROR] [1789771007.912793040] [tf_help]: Transform data too old when converting from map to odom
[component_container_isolated-2] [ERROR] [1789771007.912831930] [tf_help]: Data time: 11s 200000000ns, Transform time: 4s 296000000ns
[component_container_isolated-2] [ERROR] [1789771007.963440232] [tf_help]: Transform data too old when converting from map to odom
[component_container_isolated-2] [ERROR] [1789771007.963476610] [tf_help]: Data time: 11s 200000000ns, Transform time: 4s 296000000ns
[component_container_isolated-2] [ERROR] [1789771008.013224706] [tf_help]: Transform data too old when converting from map to odom
[component_container_isolated-2] [ERROR] [1789771008.013260379] [tf_help]: Data time: 11s 200000000ns, Transform time: 4s 296000000ns
[component_container_isolated-2] [ERROR] [1789771008.063291567] [tf_help]: Transform data too old when converting from map to odom
[component_container_isolated-2] [ERROR] [1789771008.063340055] [tf_help]: Data time: 11s 200000000ns, Transform time: 4s 296000000ns
[component_container_isolated-2] [ERROR] [1789771008.112929798] [tf_help]: Transform data too old when converting from map to odom
[component_container_isolated-2] [ERROR] [1789771008.112967250] [tf_help]: Data time: 11s 200000000ns, Transform time: 4s 296000000ns
[component_container_isolated-2] [ERROR] [1789771008.163166320] [tf_help]: Transform data too old when converting from map to odom
[component_container_isolated-2] [ERROR] [1789771008.163214143] [tf_help]: Data time: 11s 200000000ns, Transform time: 4s 296000000ns
[component_container_isolated-2] [ERROR] [1789771008.212919755] [tf_help]: Transform data too old when converting from map to odom
[component_container_isolated-2] [ERROR] [1789771008.212951976] [tf_help]: Data time: 11s 200000000ns, Transform time: 4s 296000000ns
[component_container_isolated-2] [ERROR] [1789771008.262861508] [tf_help]: Transform data too old when converting from map to odom
[component_container_isolated-2] [ERROR] [1789771008.262895045] [tf_help]: Data time: 11s 200000000ns, Transform time: 4s 296000000ns
[component_container_isolated-2] [INFO] [1789771008.306569917] [controller_server]: Passing new path to controller.
[component_container_isolated-2] [ERROR] [1789771008.312845540] [tf_help]: Transform data too old when converting from map to odom
[component_container_isolated-2] [ERROR] [1789771008.312862461] [tf_help]: Data time: 12s 200000000ns, Transform time: 4s 296000000ns
[component_container_isolated-2] [ERROR] [1789771008.363163672] [tf_help]: Transform data too old when converting from map to odom
[component_container_isolated-2] [ERROR] [1789771008.363192577] [tf_help]: Data time: 12s 200000000ns, Transform time: 4s 296000000ns
[component_container_isolated-2] [ERROR] [1789771008.412389447] [tf_help]: Transform data too old when converting from map to odom
[component_container_isolated-2] [ERROR] [1789771008.412422629] [tf_help]: Data time: 12s 200000000ns, Transform time: 4s 296000000ns
[component_container_isolated-2] [ERROR] [1789771008.462709106] [tf_help]: Transform data too old when converting from map to odom
[component_container_isolated-2] [ERROR] [1789771008.462739110] [tf_help]: Data time: 12s 200000000ns, Transform time: 4s 296000000ns
[component_container_isolated-2] [ERROR] [1789771008.512642409] [tf_help]: Transform data too old when converting from map to odom
[component_container_isolated-2] [ERROR] [1789771008.512672310] [tf_help]: Data time: 12s 200000000ns, Transform time: 4s 296000000ns
[component_container_isolated-2] [ERROR] [1789771008.562856748] [tf_help]: Transform data too old when converting from map to odom
[component_container_isolated-2] [ERROR] [1789771008.562886691] [tf_help]: Data time: 12s 200000000ns, Transform time: 4s 296000000ns
[component_container_isolated-2] [ERROR] [1789771008.612672592] [tf_help]: Transform data too old when converting from map to odom
[component_container_isolated-2] [ERROR] [1789771008.612705019] [tf_help]: Data time: 12s 200000000ns, Transform time: 4s 296000000ns
[component_container_isolated-2] [ERROR] [1789771008.662496204] [tf_help]: Transform data too old when converting from map to odom
[component_container_isolated-2] [ERROR] [1789771008.662530691] [tf_help]: Data time: 12s 200000000ns, Transform time: 4s 296000000ns
[component_container_isolated-2] [ERROR] [1789771008.713017272] [tf_help]: Transform data too old when converting from map to odom
[component_container_isolated-2] [ERROR] [1789771008.713049851] [tf_help]: Data time: 12s 200000000ns, Transform time: 4s 296000000ns
[component_container_isolated-2] [ERROR] [1789771008.766137669] [tf_help]: Transform data too old when converting from map to odom
[component_container_isolated-2] [ERROR] [1789771008.766173539] [tf_help]: Data time: 12s 200000000ns, Transform time: 4s 296000000ns
[component_container_isolated-2] [ERROR] [1789771008.812789175] [tf_help]: Transform data too old when converting from map to odom
[component_container_isolated-2] [ERROR] [1789771008.812826340] [tf_help]: Data time: 12s 200000000ns, Transform time: 4s 296000000ns
[component_container_isolated-2] [ERROR] [1789771008.863705283] [tf_help]: Transform data too old when converting from map to odom
[component_container_isolated-2] [ERROR] [1789771008.863739827] [tf_help]: Data time: 12s 200000000ns, Transform time: 4s 296000000ns
[component_container_isolated-2] [ERROR] [1789771008.912874488] [tf_help]: Transform data too old when converting from map to odom
[component_container_isolated-2] [ERROR] [1789771008.912913556] [tf_help]: Data time: 12s 200000000ns, Transform time: 4s 296000000ns
[component_container_isolated-2] [ERROR] [1789771008.962796335] [tf_help]: Transform data too old when converting from map to odom
[component_container_isolated-2] [ERROR] [1789771008.962829384] [tf_help]: Data time: 12s 200000000ns, Transform time: 4s 296000000ns
[component_container_isolated-2] [ERROR] [1789771009.013445163] [tf_help]: Transform data too old when converting from map to odom
[component_container_isolated-2] [ERROR] [1789771009.013479156] [tf_help]: Data time: 12s 200000000ns, Transform time: 4s 296000000ns
[component_container_isolated-2] [ERROR] [1789771009.064607379] [tf_help]: Transform data too old when converting from map to odom
[component_container_isolated-2] [ERROR] [1789771009.064643892] [tf_help]: Data time: 12s 200000000ns, Transform time: 4s 296000000ns
[component_container_isolated-2] [ERROR] [1789771009.112950623] [tf_help]: Transform data too old when converting from map to odom
[component_container_isolated-2] [ERROR] [1789771009.112984844] [tf_help]: Data time: 12s 200000000ns, Transform time: 4s 296000000ns
[component_container_isolated-2] [ERROR] [1789771009.162662384] [tf_help]: Transform data too old when converting from map to odom
[component_container_isolated-2] [ERROR] [1789771009.162692663] [tf_help]: Data time: 12s 200000000ns, Transform time: 4s 296000000ns
[component_container_isolated-2] [ERROR] [1789771009.212866450] [tf_help]: Transform data too old when converting from map to odom
[component_container_isolated-2] [ERROR] [1789771009.212898277] [tf_help]: Data time: 12s 200000000ns, Transform time: 4s 296000000ns
[component_container_isolated-2] [ERROR] [1789771009.268017969] [tf_help]: Transform data too old when converting from map to odom
[component_container_isolated-2] [ERROR] [1789771009.268063868] [tf_help]: Data time: 12s 200000000ns, Transform time: 4s 296000000ns
[component_container_isolated-2] [ERROR] [1789771009.315231920] [tf_help]: Transform data too old when converting from map to odom
[component_container_isolated-2] [ERROR] [1789771009.315267384] [tf_help]: Data time: 12s 200000000ns, Transform time: 4s 296000000ns
[component_container_isolated-2] [INFO] [1789771009.356948146] [controller_server]: Passing new path to controller.
[component_container_isolated-2] [ERROR] [1789771009.364665443] [tf_help]: Transform data too old when converting from map to odom
[component_container_isolated-2] [ERROR] [1789771009.364690552] [tf_help]: Data time: 13s 100000000ns, Transform time: 4s 296000000ns
[component_container_isolated-2] [ERROR] [1789771009.413470497] [tf_help]: Transform data too old when converting from map to odom
[component_container_isolated-2] [ERROR] [1789771009.413503014] [tf_help]: Data time: 13s 100000000ns, Transform time: 4s 296000000ns
[component_container_isolated-2] [ERROR] [1789771009.462495126] [tf_help]: Transform data too old when converting from map to odom
[component_container_isolated-2] [ERROR] [1789771009.462531127] [tf_help]: Data time: 13s 100000000ns, Transform time: 4s 296000000ns
[component_container_isolated-2] [ERROR] [1789771009.512643542] [tf_help]: Transform data too old when converting from map to odom
[component_container_isolated-2] [ERROR] [1789771009.512679259] [tf_help]: Data time: 13s 100000000ns, Transform time: 4s 296000000ns
[component_container_isolated-2] [INFO] [1789771009.562486037] [controller_server]: [TG-MPPI] cycle time (compute_backend=cpu): 6.444 ms/cycle avg over 50 cycles
[component_container_isolated-2] [ERROR] [1789771009.562635687] [tf_help]: Transform data too old when converting from map to odom
[component_container_isolated-2] [ERROR] [1789771009.562653743] [tf_help]: Data time: 13s 100000000ns, Transform time: 4s 296000000ns
[component_container_isolated-2] [ERROR] [1789771009.612742957] [tf_help]: Transform data too old when converting from map to odom
[component_container_isolated-2] [ERROR] [1789771009.612774989] [tf_help]: Data time: 13s 100000000ns, Transform time: 4s 296000000ns
[component_container_isolated-2] [ERROR] [1789771009.662537233] [tf_help]: Transform data too old when converting from map to odom
[component_container_isolated-2] [ERROR] [1789771009.662570062] [tf_help]: Data time: 13s 100000000ns, Transform time: 4s 296000000ns
[component_container_isolated-2] [ERROR] [1789771009.713289594] [tf_help]: Transform data too old when converting from map to odom
[component_container_isolated-2] [ERROR] [1789771009.713321813] [tf_help]: Data time: 13s 100000000ns, Transform time: 4s 296000000ns
[component_container_isolated-2] [ERROR] [1789771009.762714881] [tf_help]: Transform data too old when converting from map to odom
[component_container_isolated-2] [ERROR] [1789771009.762743190] [tf_help]: Data time: 13s 100000000ns, Transform time: 4s 296000000ns
[component_container_isolated-2] [ERROR] [1789771009.812547913] [tf_help]: Transform data too old when converting from map to odom
[component_container_isolated-2] [ERROR] [1789771009.812590216] [tf_help]: Data time: 13s 100000000ns, Transform time: 4s 296000000ns
[component_container_isolated-2] [ERROR] [1789771009.862709643] [tf_help]: Transform data too old when converting from map to odom
[component_container_isolated-2] [ERROR] [1789771009.862742615] [tf_help]: Data time: 13s 100000000ns, Transform time: 4s 296000000ns
[component_container_isolated-2] [ERROR] [1789771009.912526347] [tf_help]: Transform data too old when converting from map to odom
[component_container_isolated-2] [ERROR] [1789771009.912559666] [tf_help]: Data time: 13s 100000000ns, Transform time: 4s 296000000ns
[component_container_isolated-2] [ERROR] [1789771009.962698261] [tf_help]: Transform data too old when converting from map to odom
[component_container_isolated-2] [ERROR] [1789771009.962731861] [tf_help]: Data time: 13s 100000000ns, Transform time: 4s 296000000ns
[component_container_isolated-2] [ERROR] [1789771010.012656287] [tf_help]: Transform data too old when converting from map to odom
[component_container_isolated-2] [ERROR] [1789771010.012690041] [tf_help]: Data time: 13s 100000000ns, Transform time: 4s 296000000ns
[component_container_isolated-2] [ERROR] [1789771010.062474973] [tf_help]: Transform data too old when converting from map to odom
[component_container_isolated-2] [ERROR] [1789771010.062505545] [tf_help]: Data time: 13s 100000000ns, Transform time: 4s 296000000ns
[component_container_isolated-2] [ERROR] [1789771010.112819835] [tf_help]: Transform data too old when converting from map to odom
[component_container_isolated-2] [ERROR] [1789771010.112851648] [tf_help]: Data time: 13s 100000000ns, Transform time: 4s 296000000ns
[component_container_isolated-2] [ERROR] [1789771010.163173031] [tf_help]: Transform data too old when converting from map to odom
[component_container_isolated-2] [ERROR] [1789771010.163214724] [tf_help]: Data time: 13s 100000000ns, Transform time: 4s 296000000ns
[component_container_isolated-2] [ERROR] [1789771010.213959305] [tf_help]: Transform data too old when converting from map to odom
[component_container_isolated-2] [ERROR] [1789771010.213988956] [tf_help]: Data time: 13s 100000000ns, Transform time: 4s 296000000ns
[component_container_isolated-2] [ERROR] [1789771010.262376831] [tf_help]: Transform data too old when converting from map to odom
[component_container_isolated-2] [ERROR] [1789771010.262406951] [tf_help]: Data time: 13s 100000000ns, Transform time: 4s 296000000ns
[component_container_isolated-2] [ERROR] [1789771010.312574733] [tf_help]: Transform data too old when converting from map to odom
[component_container_isolated-2] [ERROR] [1789771010.312608039] [tf_help]: Data time: 13s 100000000ns, Transform time: 4s 296000000ns
[component_container_isolated-2] [INFO] [1789771010.356447611] [controller_server]: Passing new path to controller.
[component_container_isolated-2] [ERROR] [1789771010.363475773] [tf_help]: Transform data too old when converting from map to odom
[component_container_isolated-2] [ERROR] [1789771010.363510097] [tf_help]: Data time: 14s 100000000ns, Transform time: 4s 296000000ns
[component_container_isolated-2] [ERROR] [1789771010.413243634] [tf_help]: Transform data too old when converting from map to odom
[component_container_isolated-2] [ERROR] [1789771010.413284410] [tf_help]: Data time: 14s 100000000ns, Transform time: 4s 296000000ns
[component_container_isolated-2] [ERROR] [1789771010.463071992] [tf_help]: Transform data too old when converting from map to odom
[component_container_isolated-2] [ERROR] [1789771010.463104296] [tf_help]: Data time: 14s 100000000ns, Transform time: 4s 296000000ns
[component_container_isolated-2] [ERROR] [1789771010.513225861] [tf_help]: Transform data too old when converting from map to odom
[component_container_isolated-2] [ERROR] [1789771010.513258686] [tf_help]: Data time: 14s 100000000ns, Transform time: 4s 296000000ns
[component_container_isolated-2] [ERROR] [1789771010.562440442] [tf_help]: Transform data too old when converting from map to odom
[component_container_isolated-2] [ERROR] [1789771010.562475369] [tf_help]: Data time: 14s 100000000ns, Transform time: 4s 296000000ns
[component_container_isolated-2] [ERROR] [1789771010.613095173] [tf_help]: Transform data too old when converting from map to odom
[component_container_isolated-2] [ERROR] [1789771010.613127444] [tf_help]: Data time: 14s 100000000ns, Transform time: 4s 296000000ns
[component_container_isolated-2] [ERROR] [1789771010.662533602] [tf_help]: Transform data too old when converting from map to odom
[component_container_isolated-2] [ERROR] [1789771010.662567103] [tf_help]: Data time: 14s 100000000ns, Transform time: 4s 296000000ns
[component_container_isolated-2] [ERROR] [1789771010.712879295] [tf_help]: Transform data too old when converting from map to odom
[component_container_isolated-2] [ERROR] [1789771010.712915865] [tf_help]: Data time: 14s 100000000ns, Transform time: 4s 296000000ns
[component_container_isolated-2] [ERROR] [1789771010.762479997] [tf_help]: Transform data too old when converting from map to odom
[component_container_isolated-2] [ERROR] [1789771010.762515767] [tf_help]: Data time: 14s 100000000ns, Transform time: 4s 296000000ns
[component_container_isolated-2] [ERROR] [1789771010.812670538] [tf_help]: Transform data too old when converting from map to odom
[component_container_isolated-2] [ERROR] [1789771010.812719431] [tf_help]: Data time: 14s 100000000ns, Transform time: 4s 296000000ns
[component_container_isolated-2] [ERROR] [1789771010.863631836] [tf_help]: Transform data too old when converting from map to odom
[component_container_isolated-2] [ERROR] [1789771010.863661781] [tf_help]: Data time: 14s 100000000ns, Transform time: 4s 296000000ns
[component_container_isolated-2] [ERROR] [1789771010.913341964] [tf_help]: Transform data too old when converting from map to odom
[component_container_isolated-2] [ERROR] [1789771010.913376225] [tf_help]: Data time: 14s 100000000ns, Transform time: 4s 296000000ns
[component_container_isolated-2] [ERROR] [1789771010.962567941] [tf_help]: Transform data too old when converting from map to odom
[component_container_isolated-2] [ERROR] [1789771010.962602152] [tf_help]: Data time: 14s 100000000ns, Transform time: 4s 296000000ns
[component_container_isolated-2] [ERROR] [1789771011.012843537] [tf_help]: Transform data too old when converting from map to odom
[component_container_isolated-2] [ERROR] [1789771011.012877235] [tf_help]: Data time: 14s 100000000ns, Transform time: 4s 296000000ns
[component_container_isolated-2] [ERROR] [1789771011.062596781] [tf_help]: Transform data too old when converting from map to odom
[component_container_isolated-2] [ERROR] [1789771011.062631424] [tf_help]: Data time: 14s 100000000ns, Transform time: 4s 296000000ns
[component_container_isolated-2] [ERROR] [1789771011.112539728] [tf_help]: Transform data too old when converting from map to odom
[component_container_isolated-2] [ERROR] [1789771011.112584218] [tf_help]: Data time: 14s 100000000ns, Transform time: 4s 296000000ns
[component_container_isolated-2] [ERROR] [1789771011.164166643] [tf_help]: Transform data too old when converting from map to odom
[component_container_isolated-2] [ERROR] [1789771011.164205368] [tf_help]: Data time: 14s 100000000ns, Transform time: 4s 296000000ns
[component_container_isolated-2] [ERROR] [1789771011.212725094] [tf_help]: Transform data too old when converting from map to odom
[component_container_isolated-2] [ERROR] [1789771011.212763770] [tf_help]: Data time: 14s 100000000ns, Transform time: 4s 296000000ns
[component_container_isolated-2] [ERROR] [1789771011.262732021] [tf_help]: Transform data too old when converting from map to odom
[component_container_isolated-2] [ERROR] [1789771011.262766118] [tf_help]: Data time: 14s 100000000ns, Transform time: 4s 296000000ns
[component_container_isolated-2] [ERROR] [1789771011.312771642] [tf_help]: Transform data too old when converting from map to odom
[component_container_isolated-2] [ERROR] [1789771011.312805073] [tf_help]: Data time: 14s 100000000ns, Transform time: 4s 296000000ns
[component_container_isolated-2] [ERROR] [1789771011.362813431] [tf_help]: Transform data too old when converting from map to odom
[component_container_isolated-2] [ERROR] [1789771011.362847171] [tf_help]: Data time: 14s 100000000ns, Transform time: 4s 296000000ns
[component_container_isolated-2] [INFO] [1789771011.406444146] [controller_server]: Passing new path to controller.
[component_container_isolated-2] [ERROR] [1789771011.412615775] [tf_help]: Transform data too old when converting from map to odom
[component_container_isolated-2] [ERROR] [1789771011.412649198] [tf_help]: Data time: 15s 0ns, Transform time: 4s 296000000ns
[component_container_isolated-2] [ERROR] [1789771011.466486981] [tf_help]: Transform data too old when converting from map to odom
[component_container_isolated-2] [ERROR] [1789771011.466532420] [tf_help]: Data time: 15s 0ns, Transform time: 4s 296000000ns
[component_container_isolated-2] [ERROR] [1789771011.516053591] [tf_help]: Transform data too old when converting from map to odom
[component_container_isolated-2] [ERROR] [1789771011.516099811] [tf_help]: Data time: 15s 0ns, Transform time: 4s 296000000ns
[component_container_isolated-2] [ERROR] [1789771011.563881408] [tf_help]: Transform data too old when converting from map to odom
[component_container_isolated-2] [ERROR] [1789771011.563914745] [tf_help]: Data time: 15s 0ns, Transform time: 4s 296000000ns
[component_container_isolated-2] [ERROR] [1789771011.613077753] [tf_help]: Transform data too old when converting from map to odom
[component_container_isolated-2] [ERROR] [1789771011.613107460] [tf_help]: Data time: 15s 0ns, Transform time: 4s 296000000ns
[component_container_isolated-2] [ERROR] [1789771011.662874939] [tf_help]: Transform data too old when converting from map to odom
[component_container_isolated-2] [ERROR] [1789771011.662905438] [tf_help]: Data time: 15s 0ns, Transform time: 4s 296000000ns
[component_container_isolated-2] [ERROR] [1789771011.712967547] [tf_help]: Transform data too old when converting from map to odom
[component_container_isolated-2] [ERROR] [1789771011.712999552] [tf_help]: Data time: 15s 0ns, Transform time: 4s 296000000ns
[component_container_isolated-2] [ERROR] [1789771011.762948071] [tf_help]: Transform data too old when converting from map to odom
[component_container_isolated-2] [ERROR] [1789771011.762978901] [tf_help]: Data time: 15s 0ns, Transform time: 4s 296000000ns
[component_container_isolated-2] [ERROR] [1789771011.812949721] [tf_help]: Transform data too old when converting from map to odom
[component_container_isolated-2] [ERROR] [1789771011.812979858] [tf_help]: Data time: 15s 0ns, Transform time: 4s 296000000ns
[component_container_isolated-2] [ERROR] [1789771011.862554009] [tf_help]: Transform data too old when converting from map to odom
[component_container_isolated-2] [ERROR] [1789771011.862587978] [tf_help]: Data time: 15s 0ns, Transform time: 4s 296000000ns
[component_container_isolated-2] [ERROR] [1789771011.912519151] [tf_help]: Transform data too old when converting from map to odom
[component_container_isolated-2] [ERROR] [1789771011.912557672] [tf_help]: Data time: 15s 0ns, Transform time: 4s 296000000ns
[component_container_isolated-2] [ERROR] [1789771011.964470993] [tf_help]: Transform data too old when converting from map to odom
[component_container_isolated-2] [ERROR] [1789771011.964529475] [tf_help]: Data time: 15s 0ns, Transform time: 4s 296000000ns
[component_container_isolated-2] [ERROR] [1789771012.013043057] [tf_help]: Transform data too old when converting from map to odom
[component_container_isolated-2] [ERROR] [1789771012.013086937] [tf_help]: Data time: 15s 0ns, Transform time: 4s 296000000ns
[component_container_isolated-2] [INFO] [1789771012.063228440] [controller_server]: [TG-MPPI] cycle time (compute_backend=cpu): 6.321 ms/cycle avg over 50 cycles
[component_container_isolated-2] [ERROR] [1789771012.063357935] [tf_help]: Transform data too old when converting from map to odom
[component_container_isolated-2] [ERROR] [1789771012.063375875] [tf_help]: Data time: 15s 0ns, Transform time: 4s 296000000ns
[component_container_isolated-2] [ERROR] [1789771012.112772082] [tf_help]: Transform data too old when converting from map to odom
[component_container_isolated-2] [ERROR] [1789771012.112805651] [tf_help]: Data time: 15s 0ns, Transform time: 4s 296000000ns
[component_container_isolated-2] [ERROR] [1789771012.162614131] [tf_help]: Transform data too old when converting from map to odom
[component_container_isolated-2] [ERROR] [1789771012.162643458] [tf_help]: Data time: 15s 0ns, Transform time: 4s 296000000ns
[component_container_isolated-2] [ERROR] [1789771012.212484871] [tf_help]: Transform data too old when converting from map to odom
[component_container_isolated-2] [ERROR] [1789771012.212512590] [tf_help]: Data time: 15s 0ns, Transform time: 4s 296000000ns
[component_container_isolated-2] [ERROR] [1789771012.263522961] [tf_help]: Transform data too old when converting from map to odom
[component_container_isolated-2] [ERROR] [1789771012.263565477] [tf_help]: Data time: 15s 0ns, Transform time: 4s 296000000ns
[component_container_isolated-2] [ERROR] [1789771012.313162258] [tf_help]: Transform data too old when converting from map to odom
[component_container_isolated-2] [ERROR] [1789771012.313196850] [tf_help]: Data time: 15s 0ns, Transform time: 4s 296000000ns
[component_container_isolated-2] [ERROR] [1789771012.362837125] [tf_help]: Transform data too old when converting from map to odom
[component_container_isolated-2] [ERROR] [1789771012.362868370] [tf_help]: Data time: 15s 0ns, Transform time: 4s 296000000ns
[component_container_isolated-2] [INFO] [1789771012.406477409] [controller_server]: Passing new path to controller.
[component_container_isolated-2] [ERROR] [1789771012.413253817] [tf_help]: Transform data too old when converting from map to odom
[component_container_isolated-2] [ERROR] [1789771012.413295187] [tf_help]: Data time: 16s 0ns, Transform time: 4s 296000000ns
[component_container_isolated-2] [ERROR] [1789771012.462898550] [tf_help]: Transform data too old when converting from map to odom
[component_container_isolated-2] [ERROR] [1789771012.462929605] [tf_help]: Data time: 16s 0ns, Transform time: 4s 296000000ns
[component_container_isolated-2] [ERROR] [1789771012.513921640] [tf_help]: Transform data too old when converting from map to odom
[component_container_isolated-2] [ERROR] [1789771012.513956648] [tf_help]: Data time: 16s 0ns, Transform time: 4s 296000000ns
[component_container_isolated-2] [ERROR] [1789771012.563137929] [tf_help]: Transform data too old when converting from map to odom
[component_container_isolated-2] [ERROR] [1789771012.563170537] [tf_help]: Data time: 16s 0ns, Transform time: 4s 296000000ns
[component_container_isolated-2] [ERROR] [1789771012.612678287] [tf_help]: Transform data too old when converting from map to odom
[component_container_isolated-2] [ERROR] [1789771012.612708226] [tf_help]: Data time: 16s 0ns, Transform time: 4s 296000000ns
[component_container_isolated-2] [ERROR] [1789771012.663502675] [tf_help]: Transform data too old when converting from map to odom
[component_container_isolated-2] [ERROR] [1789771012.663542768] [tf_help]: Data time: 16s 0ns, Transform time: 4s 296000000ns
[component_container_isolated-2] [ERROR] [1789771012.712552414] [tf_help]: Transform data too old when converting from map to odom
[component_container_isolated-2] [ERROR] [1789771012.712583055] [tf_help]: Data time: 16s 0ns, Transform time: 4s 296000000ns
[component_container_isolated-2] [ERROR] [1789771012.762679027] [tf_help]: Transform data too old when converting from map to odom
[component_container_isolated-2] [ERROR] [1789771012.762714847] [tf_help]: Data time: 16s 0ns, Transform time: 4s 296000000ns
[component_container_isolated-2] [ERROR] [1789771012.813441066] [tf_help]: Transform data too old when converting from map to odom
[component_container_isolated-2] [ERROR] [1789771012.813477347] [tf_help]: Data time: 16s 0ns, Transform time: 4s 296000000ns
[component_container_isolated-2] [ERROR] [1789771012.863025413] [tf_help]: Transform data too old when converting from map to odom
[component_container_isolated-2] [ERROR] [1789771012.863068958] [tf_help]: Data time: 16s 0ns, Transform time: 4s 296000000ns
[component_container_isolated-2] [ERROR] [1789771012.906552814] [controller_server]: Failed to make progress
[component_container_isolated-2] [WARN] [1789771012.906634098] [controller_server]: [follow_path] [ActionServer] Aborting handle.
[component_container_isolated-2] [INFO] [1789771012.925918120] [local_costmap.local_costmap]: Received request to clear entirely the local_costmap
[component_container_isolated-2] [INFO] [1789771012.927453474] [controller_server]: Received a goal, begin computing control effort.
[component_container_isolated-2] [ERROR] [1789771013.048673551] [tf_help]: Transform data too old when converting from map to odom
[component_container_isolated-2] [ERROR] [1789771013.048717735] [tf_help]: Data time: 16s 0ns, Transform time: 4s 296000000ns
[component_container_isolated-2] [WARN] [1789771013.048724229] [controller_server]: Control loop missed its desired rate of 20.0000Hz
[component_container_isolated-2] [ERROR] [1789771013.054678743] [tf_help]: Transform data too old when converting from map to odom
[component_container_isolated-2] [ERROR] [1789771013.054698584] [tf_help]: Data time: 16s 0ns, Transform time: 4s 296000000ns
[component_container_isolated-2] [ERROR] [1789771013.110599848] [tf_help]: Transform data too old when converting from map to odom
[component_container_isolated-2] [ERROR] [1789771013.110630448] [tf_help]: Data time: 16s 0ns, Transform time: 4s 296000000ns
[component_container_isolated-2] [ERROR] [1789771013.166480053] [tf_help]: Transform data too old when converting from map to odom
[component_container_isolated-2] [ERROR] [1789771013.166523561] [tf_help]: Data time: 16s 0ns, Transform time: 4s 296000000ns
[component_container_isolated-2] [ERROR] [1789771013.224968340] [tf_help]: Transform data too old when converting from map to odom
[component_container_isolated-2] [ERROR] [1789771013.225006481] [tf_help]: Data time: 16s 0ns, Transform time: 4s 296000000ns
[component_container_isolated-2] [ERROR] [1789771013.280502377] [tf_help]: Transform data too old when converting from map to odom
[component_container_isolated-2] [ERROR] [1789771013.280531837] [tf_help]: Data time: 16s 0ns, Transform time: 4s 296000000ns
[component_container_isolated-2] [ERROR] [1789771013.335996907] [tf_help]: Transform data too old when converting from map to odom
[component_container_isolated-2] [ERROR] [1789771013.336030211] [tf_help]: Data time: 16s 0ns, Transform time: 4s 296000000ns
[component_container_isolated-2] [ERROR] [1789771013.391530235] [tf_help]: Transform data too old when converting from map to odom
[component_container_isolated-2] [ERROR] [1789771013.391562656] [tf_help]: Data time: 16s 0ns, Transform time: 4s 296000000ns
[component_container_isolated-2] [INFO] [1789771013.441627494] [controller_server]: Passing new path to controller.
[component_container_isolated-2] [ERROR] [1789771013.447484645] [tf_help]: Transform data too old when converting from map to odom
[component_container_isolated-2] [ERROR] [1789771013.447508060] [tf_help]: Data time: 16s 900000000ns, Transform time: 4s 296000000ns
[component_container_isolated-2] [ERROR] [1789771013.502799414] [tf_help]: Transform data too old when converting from map to odom
[component_container_isolated-2] [ERROR] [1789771013.502832166] [tf_help]: Data time: 16s 900000000ns, Transform time: 4s 296000000ns
[component_container_isolated-2] [ERROR] [1789771013.554392426] [tf_help]: Transform data too old when converting from map to odom
[component_container_isolated-2] [ERROR] [1789771013.554427389] [tf_help]: Data time: 16s 900000000ns, Transform time: 4s 296000000ns
[component_container_isolated-2] [ERROR] [1789771013.603955457] [tf_help]: Transform data too old when converting from map to odom
[component_container_isolated-2] [ERROR] [1789771013.603990530] [tf_help]: Data time: 16s 900000000ns, Transform time: 4s 296000000ns
[component_container_isolated-2] [ERROR] [1789771013.654078065] [tf_help]: Transform data too old when converting from map to odom
[component_container_isolated-2] [ERROR] [1789771013.654112387] [tf_help]: Data time: 16s 900000000ns, Transform time: 4s 296000000ns
[component_container_isolated-2] [ERROR] [1789771013.703978422] [tf_help]: Transform data too old when converting from map to odom
[component_container_isolated-2] [ERROR] [1789771013.704013862] [tf_help]: Data time: 16s 900000000ns, Transform time: 4s 296000000ns
[component_container_isolated-2] [ERROR] [1789771013.754497166] [tf_help]: Transform data too old when converting from map to odom
[component_container_isolated-2] [ERROR] [1789771013.754525469] [tf_help]: Data time: 16s 900000000ns, Transform time: 4s 296000000ns
[component_container_isolated-2] [ERROR] [1789771013.803905970] [tf_help]: Transform data too old when converting from map to odom
[component_container_isolated-2] [ERROR] [1789771013.803940951] [tf_help]: Data time: 16s 900000000ns, Transform time: 4s 296000000ns
[component_container_isolated-2] [ERROR] [1789771013.857511797] [tf_help]: Transform data too old when converting from map to odom
[component_container_isolated-2] [ERROR] [1789771013.857554651] [tf_help]: Data time: 16s 900000000ns, Transform time: 4s 296000000ns
[component_container_isolated-2] [ERROR] [1789771013.907328442] [tf_help]: Transform data too old when converting from map to odom
[component_container_isolated-2] [ERROR] [1789771013.907375240] [tf_help]: Data time: 16s 900000000ns, Transform time: 4s 296000000ns
[component_container_isolated-2] [ERROR] [1789771013.954333638] [tf_help]: Transform data too old when converting from map to odom
[component_container_isolated-2] [ERROR] [1789771013.954366970] [tf_help]: Data time: 16s 900000000ns, Transform time: 4s 296000000ns
[component_container_isolated-2] [ERROR] [1789771014.004086663] [tf_help]: Transform data too old when converting from map to odom
[component_container_isolated-2] [ERROR] [1789771014.004123845] [tf_help]: Data time: 16s 900000000ns, Transform time: 4s 296000000ns
[component_container_isolated-2] [ERROR] [1789771014.054286396] [tf_help]: Transform data too old when converting from map to odom
[component_container_isolated-2] [ERROR] [1789771014.054317773] [tf_help]: Data time: 16s 900000000ns, Transform time: 4s 296000000ns
[component_container_isolated-2] [ERROR] [1789771014.104008717] [tf_help]: Transform data too old when converting from map to odom
[component_container_isolated-2] [ERROR] [1789771014.104037275] [tf_help]: Data time: 16s 900000000ns, Transform time: 4s 296000000ns
[component_container_isolated-2] [ERROR] [1789771014.154070596] [tf_help]: Transform data too old when converting from map to odom
[component_container_isolated-2] [ERROR] [1789771014.154099309] [tf_help]: Data time: 16s 900000000ns, Transform time: 4s 296000000ns
[component_container_isolated-2] [ERROR] [1789771014.203812972] [tf_help]: Transform data too old when converting from map to odom
[component_container_isolated-2] [ERROR] [1789771014.203842240] [tf_help]: Data time: 16s 900000000ns, Transform time: 4s 296000000ns
[component_container_isolated-2] [ERROR] [1789771014.254028856] [tf_help]: Transform data too old when converting from map to odom
[component_container_isolated-2] [ERROR] [1789771014.254066786] [tf_help]: Data time: 16s 900000000ns, Transform time: 4s 296000000ns
[component_container_isolated-2] [ERROR] [1789771014.304076921] [tf_help]: Transform data too old when converting from map to odom
[component_container_isolated-2] [ERROR] [1789771014.304112555] [tf_help]: Data time: 16s 900000000ns, Transform time: 4s 296000000ns
[component_container_isolated-2] [ERROR] [1789771014.354112673] [tf_help]: Transform data too old when converting from map to odom
[component_container_isolated-2] [ERROR] [1789771014.354147715] [tf_help]: Data time: 16s 900000000ns, Transform time: 4s 296000000ns
[component_container_isolated-2] [ERROR] [1789771014.404191218] [tf_help]: Transform data too old when converting from map to odom
[component_container_isolated-2] [ERROR] [1789771014.404220927] [tf_help]: Data time: 16s 900000000ns, Transform time: 4s 296000000ns
[component_container_isolated-2] [ERROR] [1789771014.454479995] [tf_help]: Transform data too old when converting from map to odom
[component_container_isolated-2] [ERROR] [1789771014.454510976] [tf_help]: Data time: 16s 900000000ns, Transform time: 4s 296000000ns
[component_container_isolated-2] [INFO] [1789771014.498816790] [controller_server]: Passing new path to controller.
[component_container_isolated-2] [ERROR] [1789771014.504299309] [tf_help]: Transform data too old when converting from map to odom
[component_container_isolated-2] [ERROR] [1789771014.504330122] [tf_help]: Data time: 17s 900000000ns, Transform time: 4s 296000000ns
[component_container_isolated-2] [ERROR] [1789771014.556169401] [tf_help]: Transform data too old when converting from map to odom
[component_container_isolated-2] [ERROR] [1789771014.556205851] [tf_help]: Data time: 17s 900000000ns, Transform time: 4s 296000000ns
[component_container_isolated-2] [ERROR] [1789771014.604160626] [tf_help]: Transform data too old when converting from map to odom
[component_container_isolated-2] [ERROR] [1789771014.604191320] [tf_help]: Data time: 17s 900000000ns, Transform time: 4s 296000000ns
[component_container_isolated-2] [ERROR] [1789771014.655362335] [tf_help]: Transform data too old when converting from map to odom
[component_container_isolated-2] [ERROR] [1789771014.655401263] [tf_help]: Data time: 17s 900000000ns, Transform time: 4s 296000000ns
[component_container_isolated-2] [INFO] [1789771014.704244054] [controller_server]: [TG-MPPI] cycle time (compute_backend=cpu): 5.917 ms/cycle avg over 50 cycles
[component_container_isolated-2] [ERROR] [1789771014.704395323] [tf_help]: Transform data too old when converting from map to odom
[component_container_isolated-2] [ERROR] [1789771014.704415250] [tf_help]: Data time: 17s 900000000ns, Transform time: 4s 296000000ns
[component_container_isolated-2] [ERROR] [1789771014.754309384] [tf_help]: Transform data too old when converting from map to odom
[component_container_isolated-2] [ERROR] [1789771014.754338736] [tf_help]: Data time: 17s 900000000ns, Transform time: 4s 296000000ns
[component_container_isolated-2] [ERROR] [1789771014.805793035] [tf_help]: Transform data too old when converting from map to odom
[component_container_isolated-2] [ERROR] [1789771014.805875449] [tf_help]: Data time: 17s 900000000ns, Transform time: 4s 296000000ns
[component_container_isolated-2] [ERROR] [1789771014.855278636] [tf_help]: Transform data too old when converting from map to odom
[component_container_isolated-2] [ERROR] [1789771014.855315705] [tf_help]: Data time: 17s 900000000ns, Transform time: 4s 296000000ns
[component_container_isolated-2] [ERROR] [1789771014.904189820] [tf_help]: Transform data too old when converting from map to odom
[component_container_isolated-2] [ERROR] [1789771014.904220619] [tf_help]: Data time: 17s 900000000ns, Transform time: 4s 296000000ns
[component_container_isolated-2] [ERROR] [1789771014.955049560] [tf_help]: Transform data too old when converting from map to odom
[component_container_isolated-2] [ERROR] [1789771014.955083509] [tf_help]: Data time: 17s 900000000ns, Transform time: 4s 296000000ns
[component_container_isolated-2] [ERROR] [1789771015.005621373] [tf_help]: Transform data too old when converting from map to odom
[component_container_isolated-2] [ERROR] [1789771015.005655379] [tf_help]: Data time: 17s 900000000ns, Transform time: 4s 296000000ns
[component_container_isolated-2] [ERROR] [1789771015.054964933] [tf_help]: Transform data too old when converting from map to odom
[component_container_isolated-2] [ERROR] [1789771015.054998219] [tf_help]: Data time: 17s 900000000ns, Transform time: 4s 296000000ns
[component_container_isolated-2] [ERROR] [1789771015.104506591] [tf_help]: Transform data too old when converting from map to odom
[component_container_isolated-2] [ERROR] [1789771015.104540173] [tf_help]: Data time: 17s 900000000ns, Transform time: 4s 296000000ns
[component_container_isolated-2] [ERROR] [1789771015.154273939] [tf_help]: Transform data too old when converting from map to odom
[component_container_isolated-2] [ERROR] [1789771015.154304736] [tf_help]: Data time: 17s 900000000ns, Transform time: 4s 296000000ns
[component_container_isolated-2] [ERROR] [1789771015.204757349] [tf_help]: Transform data too old when converting from map to odom
[component_container_isolated-2] [ERROR] [1789771015.204794839] [tf_help]: Data time: 17s 900000000ns, Transform time: 4s 296000000ns
[component_container_isolated-2] [ERROR] [1789771015.255831204] [tf_help]: Transform data too old when converting from map to odom
[component_container_isolated-2] [ERROR] [1789771015.255864017] [tf_help]: Data time: 17s 900000000ns, Transform time: 4s 296000000ns
[component_container_isolated-2] [ERROR] [1789771015.304094597] [tf_help]: Transform data too old when converting from map to odom
[component_container_isolated-2] [ERROR] [1789771015.304125092] [tf_help]: Data time: 17s 900000000ns, Transform time: 4s 296000000ns
[component_container_isolated-2] [ERROR] [1789771015.356539596] [tf_help]: Transform data too old when converting from map to odom
[component_container_isolated-2] [ERROR] [1789771015.356576444] [tf_help]: Data time: 17s 900000000ns, Transform time: 4s 296000000ns
[component_container_isolated-2] [ERROR] [1789771015.406131473] [tf_help]: Transform data too old when converting from map to odom
[component_container_isolated-2] [ERROR] [1789771015.406171928] [tf_help]: Data time: 17s 900000000ns, Transform time: 4s 296000000ns
[component_container_isolated-2] [ERROR] [1789771015.454223577] [tf_help]: Transform data too old when converting from map to odom
[component_container_isolated-2] [ERROR] [1789771015.454261064] [tf_help]: Data time: 17s 900000000ns, Transform time: 4s 296000000ns
[component_container_isolated-2] [INFO] [1789771015.498831043] [controller_server]: Passing new path to controller.
[component_container_isolated-2] [ERROR] [1789771015.504526400] [tf_help]: Transform data too old when converting from map to odom
[component_container_isolated-2] [ERROR] [1789771015.504566959] [tf_help]: Data time: 18s 800000000ns, Transform time: 4s 296000000ns
[component_container_isolated-2] [ERROR] [1789771015.556993345] [tf_help]: Transform data too old when converting from map to odom
[component_container_isolated-2] [ERROR] [1789771015.557022815] [tf_help]: Data time: 18s 800000000ns, Transform time: 4s 296000000ns
[component_container_isolated-2] [ERROR] [1789771015.604137614] [tf_help]: Transform data too old when converting from map to odom
[component_container_isolated-2] [ERROR] [1789771015.604167583] [tf_help]: Data time: 18s 800000000ns, Transform time: 4s 296000000ns
[component_container_isolated-2] [ERROR] [1789771015.654098462] [tf_help]: Transform data too old when converting from map to odom
[component_container_isolated-2] [ERROR] [1789771015.654147285] [tf_help]: Data time: 18s 800000000ns, Transform time: 4s 296000000ns
[component_container_isolated-2] [ERROR] [1789771015.706814693] [tf_help]: Transform data too old when converting from map to odom
[component_container_isolated-2] [ERROR] [1789771015.706850053] [tf_help]: Data time: 18s 800000000ns, Transform time: 4s 296000000ns
[component_container_isolated-2] [ERROR] [1789771015.754056868] [tf_help]: Transform data too old when converting from map to odom
[component_container_isolated-2] [ERROR] [1789771015.754089901] [tf_help]: Data time: 18s 800000000ns, Transform time: 4s 296000000ns
[component_container_isolated-2] [ERROR] [1789771015.804823849] [tf_help]: Transform data too old when converting from map to odom
[component_container_isolated-2] [ERROR] [1789771015.804853436] [tf_help]: Data time: 18s 800000000ns, Transform time: 4s 296000000ns
[component_container_isolated-2] [ERROR] [1789771015.854616413] [tf_help]: Transform data too old when converting from map to odom
[component_container_isolated-2] [ERROR] [1789771015.854649296] [tf_help]: Data time: 18s 800000000ns, Transform time: 4s 296000000ns
[component_container_isolated-2] [ERROR] [1789771015.904147925] [tf_help]: Transform data too old when converting from map to odom
[component_container_isolated-2] [ERROR] [1789771015.904180020] [tf_help]: Data time: 18s 800000000ns, Transform time: 4s 296000000ns
[component_container_isolated-2] [ERROR] [1789771015.955564100] [tf_help]: Transform data too old when converting from map to odom
[component_container_isolated-2] [ERROR] [1789771015.955601322] [tf_help]: Data time: 18s 800000000ns, Transform time: 4s 296000000ns
[component_container_isolated-2] [ERROR] [1789771016.003950677] [tf_help]: Transform data too old when converting from map to odom
[component_container_isolated-2] [ERROR] [1789771016.003986113] [tf_help]: Data time: 18s 800000000ns, Transform time: 4s 296000000ns
[component_container_isolated-2] [ERROR] [1789771016.054231724] [tf_help]: Transform data too old when converting from map to odom
[component_container_isolated-2] [ERROR] [1789771016.054263149] [tf_help]: Data time: 18s 800000000ns, Transform time: 4s 296000000ns
[component_container_isolated-2] [ERROR] [1789771016.105903338] [tf_help]: Transform data too old when converting from map to odom
[component_container_isolated-2] [ERROR] [1789771016.105934797] [tf_help]: Data time: 18s 800000000ns, Transform time: 4s 296000000ns
[component_container_isolated-2] [ERROR] [1789771016.157258540] [tf_help]: Transform data too old when converting from map to odom
[component_container_isolated-2] [ERROR] [1789771016.157292431] [tf_help]: Data time: 18s 800000000ns, Transform time: 4s 296000000ns
[component_container_isolated-2] [ERROR] [1789771016.204064292] [tf_help]: Transform data too old when converting from map to odom
[component_container_isolated-2] [ERROR] [1789771016.204110744] [tf_help]: Data time: 18s 800000000ns, Transform time: 4s 296000000ns
[component_container_isolated-2] [ERROR] [1789771016.254698843] [tf_help]: Transform data too old when converting from map to odom
[component_container_isolated-2] [ERROR] [1789771016.254735554] [tf_help]: Data time: 18s 800000000ns, Transform time: 4s 296000000ns
[component_container_isolated-2] [ERROR] [1789771016.304051206] [tf_help]: Transform data too old when converting from map to odom
[component_container_isolated-2] [ERROR] [1789771016.304085367] [tf_help]: Data time: 18s 800000000ns, Transform time: 4s 296000000ns
[component_container_isolated-2] [ERROR] [1789771016.353948232] [tf_help]: Transform data too old when converting from map to odom
[component_container_isolated-2] [ERROR] [1789771016.353983519] [tf_help]: Data time: 18s 800000000ns, Transform time: 4s 296000000ns
[component_container_isolated-2] [ERROR] [1789771016.403937076] [tf_help]: Transform data too old when converting from map to odom
[component_container_isolated-2] [ERROR] [1789771016.403969313] [tf_help]: Data time: 18s 800000000ns, Transform time: 4s 296000000ns
[component_container_isolated-2] [ERROR] [1789771016.455347754] [tf_help]: Transform data too old when converting from map to odom
[component_container_isolated-2] [ERROR] [1789771016.455380683] [tf_help]: Data time: 18s 800000000ns, Transform time: 4s 296000000ns
[component_container_isolated-2] [ERROR] [1789771016.506448305] [tf_help]: Transform data too old when converting from map to odom
[component_container_isolated-2] [ERROR] [1789771016.506486239] [tf_help]: Data time: 18s 800000000ns, Transform time: 4s 296000000ns
[component_container_isolated-2] [INFO] [1789771016.548829275] [controller_server]: Passing new path to controller.
[component_container_isolated-2] [ERROR] [1789771016.554260444] [tf_help]: Transform data too old when converting from map to odom
[component_container_isolated-2] [ERROR] [1789771016.554284247] [tf_help]: Data time: 19s 800000000ns, Transform time: 4s 296000000ns
[component_container_isolated-2] [ERROR] [1789771016.605148851] [tf_help]: Transform data too old when converting from map to odom
[component_container_isolated-2] [ERROR] [1789771016.605200704] [tf_help]: Data time: 19s 800000000ns, Transform time: 4s 296000000ns
[component_container_isolated-2] [ERROR] [1789771016.657714239] [tf_help]: Transform data too old when converting from map to odom
[component_container_isolated-2] [ERROR] [1789771016.657750274] [tf_help]: Data time: 19s 800000000ns, Transform time: 4s 296000000ns
[component_container_isolated-2] [ERROR] [1789771016.704234011] [tf_help]: Transform data too old when converting from map to odom
[component_container_isolated-2] [ERROR] [1789771016.704269877] [tf_help]: Data time: 19s 800000000ns, Transform time: 4s 296000000ns
[ground_truth_localizer-1] [INFO] [1789771016.717141958] [ground_truth_localizer]: last 10 s: ground truth msgs 294, map->odom published 294 (276 via latest odom TF)
[component_container_isolated-2] [ERROR] [1789771016.754013765] [tf_help]: Transform data too old when converting from map to odom
[component_container_isolated-2] [ERROR] [1789771016.754050813] [tf_help]: Data time: 19s 800000000ns, Transform time: 4s 296000000ns
[component_container_isolated-2] [ERROR] [1789771016.804994711] [tf_help]: Transform data too old when converting from map to odom
[component_container_isolated-2] [ERROR] [1789771016.805028676] [tf_help]: Data time: 19s 800000000ns, Transform time: 4s 296000000ns
[component_container_isolated-2] [ERROR] [1789771016.854737989] [tf_help]: Transform data too old when converting from map to odom
[component_container_isolated-2] [ERROR] [1789771016.854767170] [tf_help]: Data time: 19s 800000000ns, Transform time: 4s 296000000ns
[component_container_isolated-2] [ERROR] [1789771016.904010798] [tf_help]: Transform data too old when converting from map to odom
[component_container_isolated-2] [ERROR] [1789771016.904052994] [tf_help]: Data time: 19s 800000000ns, Transform time: 4s 296000000ns
[component_container_isolated-2] [ERROR] [1789771016.954228599] [tf_help]: Transform data too old when converting from map to odom
[component_container_isolated-2] [ERROR] [1789771016.954261682] [tf_help]: Data time: 19s 800000000ns, Transform time: 4s 296000000ns
[component_container_isolated-2] [ERROR] [1789771017.004078881] [tf_help]: Transform data too old when converting from map to odom
[component_container_isolated-2] [ERROR] [1789771017.004112056] [tf_help]: Data time: 19s 800000000ns, Transform time: 4s 296000000ns
[component_container_isolated-2] [ERROR] [1789771017.054127552] [tf_help]: Transform data too old when converting from map to odom
[component_container_isolated-2] [ERROR] [1789771017.054160246] [tf_help]: Data time: 19s 800000000ns, Transform time: 4s 296000000ns
[component_container_isolated-2] [ERROR] [1789771017.103964643] [tf_help]: Transform data too old when converting from map to odom
[component_container_isolated-2] [ERROR] [1789771017.103999369] [tf_help]: Data time: 19s 800000000ns, Transform time: 4s 296000000ns
[component_container_isolated-2] [ERROR] [1789771017.153949231] [tf_help]: Transform data too old when converting from map to odom
[component_container_isolated-2] [ERROR] [1789771017.153978990] [tf_help]: Data time: 19s 800000000ns, Transform time: 4s 296000000ns
[component_container_isolated-2] [INFO] [1789771017.203919569] [controller_server]: [TG-MPPI] cycle time (compute_backend=cpu): 5.801 ms/cycle avg over 50 cycles
[component_container_isolated-2] [ERROR] [1789771017.204042491] [tf_help]: Transform data too old when converting from map to odom
[component_container_isolated-2] [ERROR] [1789771017.204060238] [tf_help]: Data time: 19s 800000000ns, Transform time: 4s 296000000ns
[component_container_isolated-2] [ERROR] [1789771017.254335636] [tf_help]: Transform data too old when converting from map to odom
[component_container_isolated-2] [ERROR] [1789771017.254367377] [tf_help]: Data time: 19s 800000000ns, Transform time: 4s 296000000ns
[component_container_isolated-2] [ERROR] [1789771017.304369277] [tf_help]: Transform data too old when converting from map to odom
[component_container_isolated-2] [ERROR] [1789771017.304402466] [tf_help]: Data time: 19s 800000000ns, Transform time: 4s 296000000ns
[component_container_isolated-2] [ERROR] [1789771017.354225757] [tf_help]: Transform data too old when converting from map to odom
[component_container_isolated-2] [ERROR] [1789771017.354259705] [tf_help]: Data time: 19s 800000000ns, Transform time: 4s 296000000ns
[component_container_isolated-2] [ERROR] [1789771017.404150897] [tf_help]: Transform data too old when converting from map to odom
[component_container_isolated-2] [ERROR] [1789771017.404186724] [tf_help]: Data time: 19s 800000000ns, Transform time: 4s 296000000ns
[component_container_isolated-2] [ERROR] [1789771017.454139899] [tf_help]: Transform data too old when converting from map to odom
[component_container_isolated-2] [ERROR] [1789771017.454170136] [tf_help]: Data time: 19s 800000000ns, Transform time: 4s 296000000ns
[component_container_isolated-2] [ERROR] [1789771017.503988467] [tf_help]: Transform data too old when converting from map to odom
[component_container_isolated-2] [ERROR] [1789771017.504014558] [tf_help]: Data time: 19s 800000000ns, Transform time: 4s 296000000ns
[component_container_isolated-2] [ERROR] [1789771017.554349193] [tf_help]: Transform data too old when converting from map to odom
[component_container_isolated-2] [ERROR] [1789771017.554379461] [tf_help]: Data time: 19s 800000000ns, Transform time: 4s 296000000ns
[component_container_isolated-2] [INFO] [1789771017.598822731] [controller_server]: Passing new path to controller.
[component_container_isolated-2] [ERROR] [1789771017.604362320] [tf_help]: Transform data too old when converting from map to odom
[component_container_isolated-2] [ERROR] [1789771017.604386478] [tf_help]: Data time: 20s 700000000ns, Transform time: 4s 296000000ns
[component_container_isolated-2] [ERROR] [1789771017.654353338] [tf_help]: Transform data too old when converting from map to odom
[component_container_isolated-2] [ERROR] [1789771017.654382116] [tf_help]: Data time: 20s 700000000ns, Transform time: 4s 296000000ns
[component_container_isolated-2] [ERROR] [1789771017.704192365] [tf_help]: Transform data too old when converting from map to odom
[component_container_isolated-2] [ERROR] [1789771017.704225497] [tf_help]: Data time: 20s 700000000ns, Transform time: 4s 296000000ns
[component_container_isolated-2] [ERROR] [1789771017.754173680] [tf_help]: Transform data too old when converting from map to odom
[component_container_isolated-2] [ERROR] [1789771017.754212307] [tf_help]: Data time: 20s 700000000ns, Transform time: 4s 296000000ns
[component_container_isolated-2] [ERROR] [1789771017.804116496] [tf_help]: Transform data too old when converting from map to odom
[component_container_isolated-2] [ERROR] [1789771017.804153419] [tf_help]: Data time: 20s 700000000ns, Transform time: 4s 296000000ns
[component_container_isolated-2] [ERROR] [1789771017.857736678] [tf_help]: Transform data too old when converting from map to odom
[component_container_isolated-2] [ERROR] [1789771017.857788271] [tf_help]: Data time: 20s 700000000ns, Transform time: 4s 296000000ns
[component_container_isolated-2] [ERROR] [1789771017.905283071] [tf_help]: Transform data too old when converting from map to odom
[component_container_isolated-2] [ERROR] [1789771017.905322511] [tf_help]: Data time: 20s 700000000ns, Transform time: 4s 296000000ns
[component_container_isolated-2] [ERROR] [1789771017.954133093] [tf_help]: Transform data too old when converting from map to odom
[component_container_isolated-2] [ERROR] [1789771017.954170440] [tf_help]: Data time: 20s 700000000ns, Transform time: 4s 296000000ns
[component_container_isolated-2] [ERROR] [1789771018.004734351] [tf_help]: Transform data too old when converting from map to odom
[component_container_isolated-2] [ERROR] [1789771018.004770851] [tf_help]: Data time: 20s 700000000ns, Transform time: 4s 296000000ns
[component_container_isolated-2] [ERROR] [1789771018.054743111] [tf_help]: Transform data too old when converting from map to odom
[component_container_isolated-2] [ERROR] [1789771018.054776021] [tf_help]: Data time: 20s 700000000ns, Transform time: 4s 296000000ns
[component_container_isolated-2] [ERROR] [1789771018.104595351] [tf_help]: Transform data too old when converting from map to odom
[component_container_isolated-2] [ERROR] [1789771018.104629713] [tf_help]: Data time: 20s 700000000ns, Transform time: 4s 296000000ns
[component_container_isolated-2] [ERROR] [1789771018.154515101] [tf_help]: Transform data too old when converting from map to odom
[component_container_isolated-2] [ERROR] [1789771018.154556862] [tf_help]: Data time: 20s 700000000ns, Transform time: 4s 296000000ns
[component_container_isolated-2] [ERROR] [1789771018.209619241] [tf_help]: Transform data too old when converting from map to odom
[component_container_isolated-2] [ERROR] [1789771018.209675800] [tf_help]: Data time: 20s 700000000ns, Transform time: 4s 296000000ns
[component_container_isolated-2] [ERROR] [1789771018.259557781] [tf_help]: Transform data too old when converting from map to odom
[component_container_isolated-2] [ERROR] [1789771018.259635910] [tf_help]: Data time: 20s 700000000ns, Transform time: 4s 296000000ns
[component_container_isolated-2] [ERROR] [1789771018.310591456] [tf_help]: Transform data too old when converting from map to odom
[component_container_isolated-2] [ERROR] [1789771018.310669860] [tf_help]: Data time: 20s 700000000ns, Transform time: 4s 296000000ns
[component_container_isolated-2] [ERROR] [1789771018.359512522] [tf_help]: Transform data too old when converting from map to odom
[component_container_isolated-2] [ERROR] [1789771018.359589847] [tf_help]: Data time: 20s 700000000ns, Transform time: 4s 296000000ns
[component_container_isolated-2] [ERROR] [1789771018.409886645] [tf_help]: Transform data too old when converting from map to odom
[component_container_isolated-2] [ERROR] [1789771018.409962819] [tf_help]: Data time: 20s 700000000ns, Transform time: 4s 296000000ns
[component_container_isolated-2] [ERROR] [1789771018.459477958] [tf_help]: Transform data too old when converting from map to odom
[component_container_isolated-2] [ERROR] [1789771018.459539109] [tf_help]: Data time: 20s 700000000ns, Transform time: 4s 296000000ns
[component_container_isolated-2] [ERROR] [1789771018.504288850] [tf_help]: Transform data too old when converting from map to odom
[component_container_isolated-2] [ERROR] [1789771018.504322036] [tf_help]: Data time: 20s 700000000ns, Transform time: 4s 296000000ns
[component_container_isolated-2] [ERROR] [1789771018.559567339] [tf_help]: Transform data too old when converting from map to odom
[component_container_isolated-2] [ERROR] [1789771018.559663951] [tf_help]: Data time: 20s 700000000ns, Transform time: 4s 296000000ns
[component_container_isolated-2] [INFO] [1789771018.598794608] [controller_server]: Passing new path to controller.
[component_container_isolated-2] [ERROR] [1789771018.604545476] [tf_help]: Transform data too old when converting from map to odom
[component_container_isolated-2] [ERROR] [1789771018.604577898] [tf_help]: Data time: 21s 700000000ns, Transform time: 4s 296000000ns
[component_container_isolated-2] [ERROR] [1789771018.654265913] [tf_help]: Transform data too old when converting from map to odom
[component_container_isolated-2] [ERROR] [1789771018.654307066] [tf_help]: Data time: 21s 700000000ns, Transform time: 4s 296000000ns
[component_container_isolated-2] [ERROR] [1789771018.704417030] [tf_help]: Transform data too old when converting from map to odom
[component_container_isolated-2] [ERROR] [1789771018.704456019] [tf_help]: Data time: 21s 700000000ns, Transform time: 4s 296000000ns
[component_container_isolated-2] [ERROR] [1789771018.754674246] [tf_help]: Transform data too old when converting from map to odom
[component_container_isolated-2] [ERROR] [1789771018.754733130] [tf_help]: Data time: 21s 700000000ns, Transform time: 4s 296000000ns
[component_container_isolated-2] [ERROR] [1789771018.804370905] [tf_help]: Transform data too old when converting from map to odom
[component_container_isolated-2] [ERROR] [1789771018.804409225] [tf_help]: Data time: 21s 700000000ns, Transform time: 4s 296000000ns
[component_container_isolated-2] [ERROR] [1789771018.854126961] [tf_help]: Transform data too old when converting from map to odom
[component_container_isolated-2] [ERROR] [1789771018.854166324] [tf_help]: Data time: 21s 700000000ns, Transform time: 4s 296000000ns
[component_container_isolated-2] [ERROR] [1789771018.904170800] [tf_help]: Transform data too old when converting from map to odom
[component_container_isolated-2] [ERROR] [1789771018.904209844] [tf_help]: Data time: 21s 700000000ns, Transform time: 4s 296000000ns
[component_container_isolated-2] [ERROR] [1789771018.954644960] [tf_help]: Transform data too old when converting from map to odom
[component_container_isolated-2] [ERROR] [1789771018.954676595] [tf_help]: Data time: 21s 700000000ns, Transform time: 4s 296000000ns
[component_container_isolated-2] [ERROR] [1789771019.004457161] [tf_help]: Transform data too old when converting from map to odom
[component_container_isolated-2] [ERROR] [1789771019.004487936] [tf_help]: Data time: 21s 700000000ns, Transform time: 4s 296000000ns
[component_container_isolated-2] [ERROR] [1789771019.054168388] [tf_help]: Transform data too old when converting from map to odom
[component_container_isolated-2] [ERROR] [1789771019.054197808] [tf_help]: Data time: 21s 700000000ns, Transform time: 4s 296000000ns
[component_container_isolated-2] [ERROR] [1789771019.104365534] [tf_help]: Transform data too old when converting from map to odom
[component_container_isolated-2] [ERROR] [1789771019.104395549] [tf_help]: Data time: 21s 700000000ns, Transform time: 4s 296000000ns
[component_container_isolated-2] [ERROR] [1789771019.154514290] [tf_help]: Transform data too old when converting from map to odom
[component_container_isolated-2] [ERROR] [1789771019.154540634] [tf_help]: Data time: 21s 700000000ns, Transform time: 4s 296000000ns
[component_container_isolated-2] [ERROR] [1789771019.204221628] [tf_help]: Transform data too old when converting from map to odom
[component_container_isolated-2] [ERROR] [1789771019.204253980] [tf_help]: Data time: 21s 700000000ns, Transform time: 4s 296000000ns
[component_container_isolated-2] [ERROR] [1789771019.254463412] [tf_help]: Transform data too old when converting from map to odom
[component_container_isolated-2] [ERROR] [1789771019.254501342] [tf_help]: Data time: 21s 700000000ns, Transform time: 4s 296000000ns
[component_container_isolated-2] [ERROR] [1789771019.304170781] [tf_help]: Transform data too old when converting from map to odom
[component_container_isolated-2] [ERROR] [1789771019.304222716] [tf_help]: Data time: 21s 700000000ns, Transform time: 4s 296000000ns
[component_container_isolated-2] [ERROR] [1789771019.355940477] [tf_help]: Transform data too old when converting from map to odom
[component_container_isolated-2] [ERROR] [1789771019.355977783] [tf_help]: Data time: 21s 700000000ns, Transform time: 4s 296000000ns
[component_container_isolated-2] [ERROR] [1789771019.404219575] [tf_help]: Transform data too old when converting from map to odom
[component_container_isolated-2] [ERROR] [1789771019.404254640] [tf_help]: Data time: 21s 700000000ns, Transform time: 4s 296000000ns
[component_container_isolated-2] [ERROR] [1789771019.454250109] [tf_help]: Transform data too old when converting from map to odom
[component_container_isolated-2] [ERROR] [1789771019.454280965] [tf_help]: Data time: 21s 700000000ns, Transform time: 4s 296000000ns
[component_container_isolated-2] [ERROR] [1789771019.504110758] [tf_help]: Transform data too old when converting from map to odom
[component_container_isolated-2] [ERROR] [1789771019.504141737] [tf_help]: Data time: 21s 700000000ns, Transform time: 4s 296000000ns
[component_container_isolated-2] [ERROR] [1789771019.554177262] [tf_help]: Transform data too old when converting from map to odom
[component_container_isolated-2] [ERROR] [1789771019.554211843] [tf_help]: Data time: 21s 700000000ns, Transform time: 4s 296000000ns
[component_container_isolated-2] [ERROR] [1789771019.604147149] [tf_help]: Transform data too old when converting from map to odom
[component_container_isolated-2] [ERROR] [1789771019.604178894] [tf_help]: Data time: 21s 700000000ns, Transform time: 4s 296000000ns
[component_container_isolated-2] [INFO] [1789771019.648810671] [controller_server]: Passing new path to controller.
[component_container_isolated-2] [ERROR] [1789771019.654415016] [tf_help]: Transform data too old when converting from map to odom
[component_container_isolated-2] [ERROR] [1789771019.654442616] [tf_help]: Data time: 22s 700000000ns, Transform time: 4s 296000000ns
[component_container_isolated-2] [INFO] [1789771019.703958033] [controller_server]: [TG-MPPI] cycle time (compute_backend=cpu): 6.117 ms/cycle avg over 50 cycles
[component_container_isolated-2] [ERROR] [1789771019.704089825] [tf_help]: Transform data too old when converting from map to odom
[component_container_isolated-2] [ERROR] [1789771019.704106791] [tf_help]: Data time: 22s 700000000ns, Transform time: 4s 296000000ns
[component_container_isolated-2] [ERROR] [1789771019.756333796] [tf_help]: Transform data too old when converting from map to odom
[component_container_isolated-2] [ERROR] [1789771019.756361871] [tf_help]: Data time: 22s 700000000ns, Transform time: 4s 296000000ns
[component_container_isolated-2] [ERROR] [1789771019.804616962] [tf_help]: Transform data too old when converting from map to odom
[component_container_isolated-2] [ERROR] [1789771019.804647917] [tf_help]: Data time: 22s 700000000ns, Transform time: 4s 296000000ns
[component_container_isolated-2] [ERROR] [1789771019.858425547] [tf_help]: Transform data too old when converting from map to odom
[component_container_isolated-2] [ERROR] [1789771019.858556100] [tf_help]: Data time: 22s 700000000ns, Transform time: 4s 296000000ns
[component_container_isolated-2] [ERROR] [1789771019.909446743] [tf_help]: Transform data too old when converting from map to odom
[component_container_isolated-2] [ERROR] [1789771019.909496847] [tf_help]: Data time: 22s 700000000ns, Transform time: 4s 296000000ns
[component_container_isolated-2] [ERROR] [1789771019.959339978] [tf_help]: Transform data too old when converting from map to odom
[component_container_isolated-2] [ERROR] [1789771019.959388207] [tf_help]: Data time: 22s 700000000ns, Transform time: 4s 296000000ns
[component_container_isolated-2] [ERROR] [1789771020.009332491] [tf_help]: Transform data too old when converting from map to odom
[component_container_isolated-2] [ERROR] [1789771020.009384487] [tf_help]: Data time: 22s 700000000ns, Transform time: 4s 296000000ns
[component_container_isolated-2] [ERROR] [1789771020.058292672] [tf_help]: Transform data too old when converting from map to odom
[component_container_isolated-2] [ERROR] [1789771020.058332461] [tf_help]: Data time: 22s 700000000ns, Transform time: 4s 296000000ns
[component_container_isolated-2] [ERROR] [1789771020.104883397] [tf_help]: Transform data too old when converting from map to odom
[component_container_isolated-2] [ERROR] [1789771020.104931376] [tf_help]: Data time: 22s 700000000ns, Transform time: 4s 296000000ns
[component_container_isolated-2] [ERROR] [1789771020.154085872] [tf_help]: Transform data too old when converting from map to odom
[component_container_isolated-2] [ERROR] [1789771020.154118118] [tf_help]: Data time: 22s 700000000ns, Transform time: 4s 296000000ns
[component_container_isolated-2] [ERROR] [1789771020.204507190] [tf_help]: Transform data too old when converting from map to odom
[component_container_isolated-2] [ERROR] [1789771020.204541926] [tf_help]: Data time: 22s 700000000ns, Transform time: 4s 296000000ns
[component_container_isolated-2] [ERROR] [1789771020.254771947] [tf_help]: Transform data too old when converting from map to odom
[component_container_isolated-2] [ERROR] [1789771020.254804601] [tf_help]: Data time: 22s 700000000ns, Transform time: 4s 296000000ns
[component_container_isolated-2] [ERROR] [1789771020.305188413] [tf_help]: Transform data too old when converting from map to odom
[component_container_isolated-2] [ERROR] [1789771020.305221158] [tf_help]: Data time: 22s 700000000ns, Transform time: 4s 296000000ns
[component_container_isolated-2] [ERROR] [1789771020.354692807] [tf_help]: Transform data too old when converting from map to odom
[component_container_isolated-2] [ERROR] [1789771020.354731938] [tf_help]: Data time: 22s 700000000ns, Transform time: 4s 296000000ns
[component_container_isolated-2] [ERROR] [1789771020.405054942] [tf_help]: Transform data too old when converting from map to odom
[component_container_isolated-2] [ERROR] [1789771020.405087936] [tf_help]: Data time: 22s 700000000ns, Transform time: 4s 296000000ns
[component_container_isolated-2] [ERROR] [1789771020.454741168] [tf_help]: Transform data too old when converting from map to odom
[component_container_isolated-2] [ERROR] [1789771020.454776999] [tf_help]: Data time: 22s 700000000ns, Transform time: 4s 296000000ns
[component_container_isolated-2] [ERROR] [1789771020.504572818] [tf_help]: Transform data too old when converting from map to odom
[component_container_isolated-2] [ERROR] [1789771020.504608021] [tf_help]: Data time: 22s 700000000ns, Transform time: 4s 296000000ns
[component_container_isolated-2] [ERROR] [1789771020.554641050] [tf_help]: Transform data too old when converting from map to odom
[component_container_isolated-2] [ERROR] [1789771020.554673207] [tf_help]: Data time: 22s 700000000ns, Transform time: 4s 296000000ns
[component_container_isolated-2] [ERROR] [1789771020.603990815] [tf_help]: Transform data too old when converting from map to odom
[component_container_isolated-2] [ERROR] [1789771020.604020550] [tf_help]: Data time: 22s 700000000ns, Transform time: 4s 296000000ns
[component_container_isolated-2] [INFO] [1789771020.648829646] [controller_server]: Passing new path to controller.
[component_container_isolated-2] [ERROR] [1789771020.654958248] [tf_help]: Transform data too old when converting from map to odom
[component_container_isolated-2] [ERROR] [1789771020.654986644] [tf_help]: Data time: 23s 700000000ns, Transform time: 4s 296000000ns
[component_container_isolated-2] [ERROR] [1789771020.703926259] [tf_help]: Transform data too old when converting from map to odom
[component_container_isolated-2] [ERROR] [1789771020.703960378] [tf_help]: Data time: 23s 700000000ns, Transform time: 4s 296000000ns
[component_container_isolated-2] [ERROR] [1789771020.754871063] [tf_help]: Transform data too old when converting from map to odom
[component_container_isolated-2] [ERROR] [1789771020.754932641] [tf_help]: Data time: 23s 700000000ns, Transform time: 4s 296000000ns
[component_container_isolated-2] [ERROR] [1789771020.804120933] [tf_help]: Transform data too old when converting from map to odom
[component_container_isolated-2] [ERROR] [1789771020.804158518] [tf_help]: Data time: 23s 700000000ns, Transform time: 4s 296000000ns
[component_container_isolated-2] [ERROR] [1789771020.857049779] [tf_help]: Transform data too old when converting from map to odom
[component_container_isolated-2] [ERROR] [1789771020.857109493] [tf_help]: Data time: 23s 700000000ns, Transform time: 4s 296000000ns
[component_container_isolated-2] [ERROR] [1789771020.905154387] [tf_help]: Transform data too old when converting from map to odom
[component_container_isolated-2] [ERROR] [1789771020.905190808] [tf_help]: Data time: 23s 700000000ns, Transform time: 4s 296000000ns
[component_container_isolated-2] [ERROR] [1789771020.957993605] [tf_help]: Transform data too old when converting from map to odom
[component_container_isolated-2] [ERROR] [1789771020.958025428] [tf_help]: Data time: 23s 700000000ns, Transform time: 4s 296000000ns
[component_container_isolated-2] [ERROR] [1789771021.004816276] [tf_help]: Transform data too old when converting from map to odom
[component_container_isolated-2] [ERROR] [1789771021.004855076] [tf_help]: Data time: 23s 700000000ns, Transform time: 4s 296000000ns
[component_container_isolated-2] [ERROR] [1789771021.055856294] [tf_help]: Transform data too old when converting from map to odom
[component_container_isolated-2] [ERROR] [1789771021.055894975] [tf_help]: Data time: 23s 700000000ns, Transform time: 4s 296000000ns
[component_container_isolated-2] [ERROR] [1789771021.108719757] [tf_help]: Transform data too old when converting from map to odom
[component_container_isolated-2] [ERROR] [1789771021.108765167] [tf_help]: Data time: 23s 700000000ns, Transform time: 4s 296000000ns
[component_container_isolated-2] [ERROR] [1789771021.159481570] [tf_help]: Transform data too old when converting from map to odom
[component_container_isolated-2] [ERROR] [1789771021.159526376] [tf_help]: Data time: 23s 700000000ns, Transform time: 4s 296000000ns
[component_container_isolated-2] [ERROR] [1789771021.204970178] [tf_help]: Transform data too old when converting from map to odom
[component_container_isolated-2] [ERROR] [1789771021.205005706] [tf_help]: Data time: 23s 700000000ns, Transform time: 4s 296000000ns
[component_container_isolated-2] [ERROR] [1789771021.254005182] [tf_help]: Transform data too old when converting from map to odom
[component_container_isolated-2] [ERROR] [1789771021.254038657] [tf_help]: Data time: 23s 700000000ns, Transform time: 4s 296000000ns
[component_container_isolated-2] [ERROR] [1789771021.304090214] [tf_help]: Transform data too old when converting from map to odom
[component_container_isolated-2] [ERROR] [1789771021.304121626] [tf_help]: Data time: 23s 700000000ns, Transform time: 4s 296000000ns
[component_container_isolated-2] [ERROR] [1789771021.354254005] [tf_help]: Transform data too old when converting from map to odom
[component_container_isolated-2] [ERROR] [1789771021.354294476] [tf_help]: Data time: 23s 700000000ns, Transform time: 4s 296000000ns
[component_container_isolated-2] [ERROR] [1789771021.403934851] [tf_help]: Transform data too old when converting from map to odom
[component_container_isolated-2] [ERROR] [1789771021.403968139] [tf_help]: Data time: 23s 700000000ns, Transform time: 4s 296000000ns
[component_container_isolated-2] [ERROR] [1789771021.454006685] [tf_help]: Transform data too old when converting from map to odom
[component_container_isolated-2] [ERROR] [1789771021.454037787] [tf_help]: Data time: 23s 700000000ns, Transform time: 4s 296000000ns
[component_container_isolated-2] [ERROR] [1789771021.503932266] [tf_help]: Transform data too old when converting from map to odom
[component_container_isolated-2] [ERROR] [1789771021.503962998] [tf_help]: Data time: 23s 700000000ns, Transform time: 4s 296000000ns
[component_container_isolated-2] [ERROR] [1789771021.554368528] [tf_help]: Transform data too old when converting from map to odom
[component_container_isolated-2] [ERROR] [1789771021.554402647] [tf_help]: Data time: 23s 700000000ns, Transform time: 4s 296000000ns
[component_container_isolated-2] [ERROR] [1789771021.604096382] [tf_help]: Transform data too old when converting from map to odom
[component_container_isolated-2] [ERROR] [1789771021.604190630] [tf_help]: Data time: 23s 700000000ns, Transform time: 4s 296000000ns
[component_container_isolated-2] [ERROR] [1789771021.654045804] [tf_help]: Transform data too old when converting from map to odom
[component_container_isolated-2] [ERROR] [1789771021.654085055] [tf_help]: Data time: 23s 700000000ns, Transform time: 4s 296000000ns
[component_container_isolated-2] [INFO] [1789771021.698789907] [controller_server]: Passing new path to controller.
[component_container_isolated-2] [ERROR] [1789771021.704817056] [tf_help]: Transform data too old when converting from map to odom
[component_container_isolated-2] [ERROR] [1789771021.704848881] [tf_help]: Data time: 24s 600000000ns, Transform time: 4s 296000000ns
[component_container_isolated-2] [ERROR] [1789771021.754390736] [tf_help]: Transform data too old when converting from map to odom
[component_container_isolated-2] [ERROR] [1789771021.754456347] [tf_help]: Data time: 24s 600000000ns, Transform time: 4s 296000000ns
[component_container_isolated-2] [ERROR] [1789771021.806195346] [tf_help]: Transform data too old when converting from map to odom
[component_container_isolated-2] [ERROR] [1789771021.806225729] [tf_help]: Data time: 24s 600000000ns, Transform time: 4s 296000000ns
[component_container_isolated-2] [ERROR] [1789771021.855762564] [tf_help]: Transform data too old when converting from map to odom
[component_container_isolated-2] [ERROR] [1789771021.855796867] [tf_help]: Data time: 24s 600000000ns, Transform time: 4s 296000000ns
[component_container_isolated-2] [ERROR] [1789771021.904093004] [tf_help]: Transform data too old when converting from map to odom
[component_container_isolated-2] [ERROR] [1789771021.904125830] [tf_help]: Data time: 24s 600000000ns, Transform time: 4s 296000000ns
[component_container_isolated-2] [ERROR] [1789771021.954176669] [tf_help]: Transform data too old when converting from map to odom
[component_container_isolated-2] [ERROR] [1789771021.954211511] [tf_help]: Data time: 24s 600000000ns, Transform time: 4s 296000000ns
[component_container_isolated-2] [ERROR] [1789771022.004139185] [tf_help]: Transform data too old when converting from map to odom
[component_container_isolated-2] [ERROR] [1789771022.004174611] [tf_help]: Data time: 24s 600000000ns, Transform time: 4s 296000000ns
[component_container_isolated-2] [ERROR] [1789771022.058276676] [tf_help]: Transform data too old when converting from map to odom
[component_container_isolated-2] [ERROR] [1789771022.058319398] [tf_help]: Data time: 24s 600000000ns, Transform time: 4s 296000000ns
[component_container_isolated-2] [ERROR] [1789771022.106878280] [tf_help]: Transform data too old when converting from map to odom
[component_container_isolated-2] [ERROR] [1789771022.106908394] [tf_help]: Data time: 24s 600000000ns, Transform time: 4s 296000000ns
[component_container_isolated-2] [ERROR] [1789771022.154084517] [tf_help]: Transform data too old when converting from map to odom
[component_container_isolated-2] [ERROR] [1789771022.154115139] [tf_help]: Data time: 24s 600000000ns, Transform time: 4s 296000000ns
[component_container_isolated-2] [INFO] [1789771022.203830001] [controller_server]: [TG-MPPI] cycle time (compute_backend=cpu): 6.374 ms/cycle avg over 50 cycles
[component_container_isolated-2] [ERROR] [1789771022.203997537] [tf_help]: Transform data too old when converting from map to odom
[component_container_isolated-2] [ERROR] [1789771022.204015009] [tf_help]: Data time: 24s 600000000ns, Transform time: 4s 296000000ns
[component_container_isolated-2] [ERROR] [1789771022.254145532] [tf_help]: Transform data too old when converting from map to odom
[component_container_isolated-2] [ERROR] [1789771022.254175959] [tf_help]: Data time: 24s 600000000ns, Transform time: 4s 296000000ns
[component_container_isolated-2] [ERROR] [1789771022.304067426] [tf_help]: Transform data too old when converting from map to odom
[component_container_isolated-2] [ERROR] [1789771022.304098320] [tf_help]: Data time: 24s 600000000ns, Transform time: 4s 296000000ns
[component_container_isolated-2] [ERROR] [1789771022.354200539] [tf_help]: Transform data too old when converting from map to odom
[component_container_isolated-2] [ERROR] [1789771022.354232887] [tf_help]: Data time: 24s 600000000ns, Transform time: 4s 296000000ns
[component_container_isolated-2] [ERROR] [1789771022.404177996] [tf_help]: Transform data too old when converting from map to odom
[component_container_isolated-2] [ERROR] [1789771022.404211623] [tf_help]: Data time: 24s 600000000ns, Transform time: 4s 296000000ns
[component_container_isolated-2] [ERROR] [1789771022.454339102] [tf_help]: Transform data too old when converting from map to odom
[component_container_isolated-2] [ERROR] [1789771022.454373067] [tf_help]: Data time: 24s 600000000ns, Transform time: 4s 296000000ns
[component_container_isolated-2] [ERROR] [1789771022.504754091] [tf_help]: Transform data too old when converting from map to odom
[component_container_isolated-2] [ERROR] [1789771022.504789534] [tf_help]: Data time: 24s 600000000ns, Transform time: 4s 296000000ns
[component_container_isolated-2] [ERROR] [1789771022.557662653] [tf_help]: Transform data too old when converting from map to odom
[component_container_isolated-2] [ERROR] [1789771022.557714288] [tf_help]: Data time: 24s 600000000ns, Transform time: 4s 296000000ns
[component_container_isolated-2] [ERROR] [1789771022.608367150] [tf_help]: Transform data too old when converting from map to odom
[component_container_isolated-2] [ERROR] [1789771022.608400465] [tf_help]: Data time: 24s 600000000ns, Transform time: 4s 296000000ns
[component_container_isolated-2] [ERROR] [1789771022.654239613] [tf_help]: Transform data too old when converting from map to odom
[component_container_isolated-2] [ERROR] [1789771022.654274114] [tf_help]: Data time: 24s 600000000ns, Transform time: 4s 296000000ns
[component_container_isolated-2] [INFO] [1789771022.698787439] [controller_server]: Passing new path to controller.
[component_container_isolated-2] [ERROR] [1789771022.704774376] [tf_help]: Transform data too old when converting from map to odom
[component_container_isolated-2] [ERROR] [1789771022.704802880] [tf_help]: Data time: 25s 600000000ns, Transform time: 4s 296000000ns
[component_container_isolated-2] [ERROR] [1789771022.757366246] [tf_help]: Transform data too old when converting from map to odom
[component_container_isolated-2] [ERROR] [1789771022.757395848] [tf_help]: Data time: 25s 600000000ns, Transform time: 4s 296000000ns
[component_container_isolated-2] [ERROR] [1789771022.803937491] [tf_help]: Transform data too old when converting from map to odom
[component_container_isolated-2] [ERROR] [1789771022.803970363] [tf_help]: Data time: 25s 600000000ns, Transform time: 4s 296000000ns
[component_container_isolated-2] [ERROR] [1789771022.858950472] [tf_help]: Transform data too old when converting from map to odom
[component_container_isolated-2] [ERROR] [1789771022.859025555] [tf_help]: Data time: 25s 600000000ns, Transform time: 4s 296000000ns
[component_container_isolated-2] [ERROR] [1789771022.909309396] [tf_help]: Transform data too old when converting from map to odom
[component_container_isolated-2] [ERROR] [1789771022.909363813] [tf_help]: Data time: 25s 600000000ns, Transform time: 4s 296000000ns
[component_container_isolated-2] [ERROR] [1789771022.961869869] [tf_help]: Transform data too old when converting from map to odom
[component_container_isolated-2] [ERROR] [1789771022.961919492] [tf_help]: Data time: 25s 600000000ns, Transform time: 4s 296000000ns
[component_container_isolated-2] [ERROR] [1789771023.009878406] [tf_help]: Transform data too old when converting from map to odom
[component_container_isolated-2] [ERROR] [1789771023.009926732] [tf_help]: Data time: 25s 600000000ns, Transform time: 4s 296000000ns
[component_container_isolated-2] [ERROR] [1789771023.057510607] [tf_help]: Transform data too old when converting from map to odom
[component_container_isolated-2] [ERROR] [1789771023.057549170] [tf_help]: Data time: 25s 600000000ns, Transform time: 4s 296000000ns
[component_container_isolated-2] [ERROR] [1789771023.109192464] [tf_help]: Transform data too old when converting from map to odom
[component_container_isolated-2] [ERROR] [1789771023.109228870] [tf_help]: Data time: 25s 600000000ns, Transform time: 4s 296000000ns
[component_container_isolated-2] [ERROR] [1789771023.155053806] [tf_help]: Transform data too old when converting from map to odom
[component_container_isolated-2] [ERROR] [1789771023.155096018] [tf_help]: Data time: 25s 600000000ns, Transform time: 4s 296000000ns
[component_container_isolated-2] [ERROR] [1789771023.204060457] [tf_help]: Transform data too old when converting from map to odom
[component_container_isolated-2] [ERROR] [1789771023.204093299] [tf_help]: Data time: 25s 600000000ns, Transform time: 4s 296000000ns
[component_container_isolated-2] [ERROR] [1789771023.254307689] [tf_help]: Transform data too old when converting from map to odom
[component_container_isolated-2] [ERROR] [1789771023.254343479] [tf_help]: Data time: 25s 600000000ns, Transform time: 4s 296000000ns
[component_container_isolated-2] [ERROR] [1789771023.308150795] [tf_help]: Transform data too old when converting from map to odom
[component_container_isolated-2] [ERROR] [1789771023.308196341] [tf_help]: Data time: 25s 600000000ns, Transform time: 4s 296000000ns
[component_container_isolated-2] [ERROR] [1789771023.358847451] [tf_help]: Transform data too old when converting from map to odom
[component_container_isolated-2] [ERROR] [1789771023.358901248] [tf_help]: Data time: 25s 600000000ns, Transform time: 4s 296000000ns
[component_container_isolated-2] [ERROR] [1789771023.405557404] [tf_help]: Transform data too old when converting from map to odom
[component_container_isolated-2] [ERROR] [1789771023.405590311] [tf_help]: Data time: 25s 600000000ns, Transform time: 4s 296000000ns
[component_container_isolated-2] [ERROR] [1789771023.456165529] [tf_help]: Transform data too old when converting from map to odom
[component_container_isolated-2] [ERROR] [1789771023.456200290] [tf_help]: Data time: 25s 600000000ns, Transform time: 4s 296000000ns
[component_container_isolated-2] [ERROR] [1789771023.509177502] [tf_help]: Transform data too old when converting from map to odom
[component_container_isolated-2] [ERROR] [1789771023.509222691] [tf_help]: Data time: 25s 600000000ns, Transform time: 4s 296000000ns
[component_container_isolated-2] [ERROR] [1789771023.556126768] [tf_help]: Transform data too old when converting from map to odom
[component_container_isolated-2] [ERROR] [1789771023.556154734] [tf_help]: Data time: 25s 600000000ns, Transform time: 4s 296000000ns
[component_container_isolated-2] [ERROR] [1789771023.603998193] [tf_help]: Transform data too old when converting from map to odom
[component_container_isolated-2] [ERROR] [1789771023.604026997] [tf_help]: Data time: 25s 600000000ns, Transform time: 4s 296000000ns
[component_container_isolated-2] [ERROR] [1789771023.653842786] [tf_help]: Transform data too old when converting from map to odom
[component_container_isolated-2] [ERROR] [1789771023.653873106] [tf_help]: Data time: 25s 600000000ns, Transform time: 4s 296000000ns
[component_container_isolated-2] [ERROR] [1789771023.704109475] [tf_help]: Transform data too old when converting from map to odom
[component_container_isolated-2] [ERROR] [1789771023.704141602] [tf_help]: Data time: 25s 600000000ns, Transform time: 4s 296000000ns
[component_container_isolated-2] [INFO] [1789771023.748816310] [controller_server]: Passing new path to controller.
[component_container_isolated-2] [ERROR] [1789771023.754307657] [tf_help]: Transform data too old when converting from map to odom
[component_container_isolated-2] [ERROR] [1789771023.754334437] [tf_help]: Data time: 26s 600000000ns, Transform time: 4s 296000000ns
[component_container_isolated-2] [ERROR] [1789771023.798850971] [controller_server]: Failed to make progress
[component_container_isolated-2] [WARN] [1789771023.798914452] [controller_server]: [follow_path] [ActionServer] Aborting handle.
[component_container_isolated-2] [INFO] [1789771023.815969341] [local_costmap.local_costmap]: Received request to clear entirely the local_costmap
[component_container_isolated-2] [INFO] [1789771023.816222436] [global_costmap.global_costmap]: Received request to clear entirely the global_costmap
[component_container_isolated-2] [INFO] [1789771023.866522540] [controller_server]: Received a goal, begin computing control effort.
[component_container_isolated-2] [ERROR] [1789771023.874538923] [tf_help]: Transform data too old when converting from map to odom
[component_container_isolated-2] [ERROR] [1789771023.874583481] [tf_help]: Data time: 26s 700000000ns, Transform time: 4s 296000000ns
[component_container_isolated-2] [ERROR] [1789771023.923989907] [tf_help]: Transform data too old when converting from map to odom
[component_container_isolated-2] [ERROR] [1789771023.924025632] [tf_help]: Data time: 26s 700000000ns, Transform time: 4s 296000000ns
[component_container_isolated-2] [ERROR] [1789771023.977648934] [tf_help]: Transform data too old when converting from map to odom
[component_container_isolated-2] [ERROR] [1789771023.977696983] [tf_help]: Data time: 26s 700000000ns, Transform time: 4s 296000000ns
[component_container_isolated-2] [ERROR] [1789771024.026045174] [tf_help]: Transform data too old when converting from map to odom
[component_container_isolated-2] [ERROR] [1789771024.026083603] [tf_help]: Data time: 26s 700000000ns, Transform time: 4s 296000000ns
[component_container_isolated-2] [ERROR] [1789771024.072237501] [tf_help]: Transform data too old when converting from map to odom
[component_container_isolated-2] [ERROR] [1789771024.072283578] [tf_help]: Data time: 26s 700000000ns, Transform time: 4s 296000000ns
[component_container_isolated-2] [ERROR] [1789771024.122258657] [tf_help]: Transform data too old when converting from map to odom
[component_container_isolated-2] [ERROR] [1789771024.122295661] [tf_help]: Data time: 26s 700000000ns, Transform time: 4s 296000000ns
[component_container_isolated-2] [ERROR] [1789771024.172425699] [tf_help]: Transform data too old when converting from map to odom
[component_container_isolated-2] [ERROR] [1789771024.172460917] [tf_help]: Data time: 26s 700000000ns, Transform time: 4s 296000000ns
[component_container_isolated-2] [ERROR] [1789771024.222615690] [tf_help]: Transform data too old when converting from map to odom
[component_container_isolated-2] [ERROR] [1789771024.222653543] [tf_help]: Data time: 26s 700000000ns, Transform time: 4s 296000000ns
[component_container_isolated-2] [ERROR] [1789771024.273048104] [tf_help]: Transform data too old when converting from map to odom
[component_container_isolated-2] [ERROR] [1789771024.273093579] [tf_help]: Data time: 26s 700000000ns, Transform time: 4s 296000000ns
[component_container_isolated-2] [ERROR] [1789771024.326746380] [tf_help]: Transform data too old when converting from map to odom
[component_container_isolated-2] [ERROR] [1789771024.326791260] [tf_help]: Data time: 26s 700000000ns, Transform time: 4s 296000000ns
[component_container_isolated-2] [ERROR] [1789771024.372922880] [tf_help]: Transform data too old when converting from map to odom
[component_container_isolated-2] [ERROR] [1789771024.372961085] [tf_help]: Data time: 26s 700000000ns, Transform time: 4s 296000000ns
[component_container_isolated-2] [ERROR] [1789771024.422850614] [tf_help]: Transform data too old when converting from map to odom
[component_container_isolated-2] [ERROR] [1789771024.422884378] [tf_help]: Data time: 26s 700000000ns, Transform time: 4s 296000000ns
[component_container_isolated-2] [ERROR] [1789771024.472534593] [tf_help]: Transform data too old when converting from map to odom
[component_container_isolated-2] [ERROR] [1789771024.472567337] [tf_help]: Data time: 26s 700000000ns, Transform time: 4s 296000000ns
[component_container_isolated-2] [ERROR] [1789771024.522140262] [tf_help]: Transform data too old when converting from map to odom
[component_container_isolated-2] [ERROR] [1789771024.522171595] [tf_help]: Data time: 26s 700000000ns, Transform time: 4s 296000000ns
[component_container_isolated-2] [ERROR] [1789771024.572183717] [tf_help]: Transform data too old when converting from map to odom
[component_container_isolated-2] [ERROR] [1789771024.572214368] [tf_help]: Data time: 26s 700000000ns, Transform time: 4s 296000000ns
[component_container_isolated-2] [ERROR] [1789771024.622135866] [tf_help]: Transform data too old when converting from map to odom
[component_container_isolated-2] [ERROR] [1789771024.622168155] [tf_help]: Data time: 26s 700000000ns, Transform time: 4s 296000000ns
[component_container_isolated-2] [ERROR] [1789771024.672089782] [tf_help]: Transform data too old when converting from map to odom
[component_container_isolated-2] [ERROR] [1789771024.672118727] [tf_help]: Data time: 26s 700000000ns, Transform time: 4s 296000000ns
[component_container_isolated-2] [ERROR] [1789771024.722521680] [tf_help]: Transform data too old when converting from map to odom
[component_container_isolated-2] [ERROR] [1789771024.722553555] [tf_help]: Data time: 26s 700000000ns, Transform time: 4s 296000000ns
[component_container_isolated-2] [INFO] [1789771024.772313976] [controller_server]: [TG-MPPI] cycle time (compute_backend=cpu): 6.684 ms/cycle avg over 50 cycles
[component_container_isolated-2] [ERROR] [1789771024.772466185] [tf_help]: Transform data too old when converting from map to odom
[component_container_isolated-2] [ERROR] [1789771024.772487752] [tf_help]: Data time: 26s 700000000ns, Transform time: 4s 296000000ns
[component_container_isolated-2] [ERROR] [1789771024.825314254] [tf_help]: Transform data too old when converting from map to odom
[component_container_isolated-2] [ERROR] [1789771024.825358290] [tf_help]: Data time: 26s 700000000ns, Transform time: 4s 296000000ns
[component_container_isolated-2] [ERROR] [1789771024.876728088] [tf_help]: Transform data too old when converting from map to odom
[component_container_isolated-2] [ERROR] [1789771024.876760391] [tf_help]: Data time: 26s 700000000ns, Transform time: 4s 296000000ns
[component_container_isolated-2] [INFO] [1789771024.917068152] [controller_server]: Passing new path to controller.
[component_container_isolated-2] [ERROR] [1789771024.922415228] [tf_help]: Transform data too old when converting from map to odom
[component_container_isolated-2] [ERROR] [1789771024.922456201] [tf_help]: Data time: 27s 700000000ns, Transform time: 4s 296000000ns
[component_container_isolated-2] [ERROR] [1789771024.972362376] [tf_help]: Transform data too old when converting from map to odom
[component_container_isolated-2] [ERROR] [1789771024.972394521] [tf_help]: Data time: 27s 700000000ns, Transform time: 4s 296000000ns
[component_container_isolated-2] [ERROR] [1789771025.022361700] [tf_help]: Transform data too old when converting from map to odom
[component_container_isolated-2] [ERROR] [1789771025.022397994] [tf_help]: Data time: 27s 700000000ns, Transform time: 4s 296000000ns
[component_container_isolated-2] [ERROR] [1789771025.072377342] [tf_help]: Transform data too old when converting from map to odom
[component_container_isolated-2] [ERROR] [1789771025.072409716] [tf_help]: Data time: 27s 700000000ns, Transform time: 4s 296000000ns
[component_container_isolated-2] [ERROR] [1789771025.122161598] [tf_help]: Transform data too old when converting from map to odom
[component_container_isolated-2] [ERROR] [1789771025.122195465] [tf_help]: Data time: 27s 700000000ns, Transform time: 4s 296000000ns
[component_container_isolated-2] [ERROR] [1789771025.172154653] [tf_help]: Transform data too old when converting from map to odom
[component_container_isolated-2] [ERROR] [1789771025.172185991] [tf_help]: Data time: 27s 700000000ns, Transform time: 4s 296000000ns
[component_container_isolated-2] [ERROR] [1789771025.222643912] [tf_help]: Transform data too old when converting from map to odom
[component_container_isolated-2] [ERROR] [1789771025.222675299] [tf_help]: Data time: 27s 700000000ns, Transform time: 4s 296000000ns
[component_container_isolated-2] [ERROR] [1789771025.272534370] [tf_help]: Transform data too old when converting from map to odom
[component_container_isolated-2] [ERROR] [1789771025.272566438] [tf_help]: Data time: 27s 700000000ns, Transform time: 4s 296000000ns
[component_container_isolated-2] [ERROR] [1789771025.322463986] [tf_help]: Transform data too old when converting from map to odom
[component_container_isolated-2] [ERROR] [1789771025.322500158] [tf_help]: Data time: 27s 700000000ns, Transform time: 4s 296000000ns
[component_container_isolated-2] [ERROR] [1789771025.376042711] [tf_help]: Transform data too old when converting from map to odom
[component_container_isolated-2] [ERROR] [1789771025.376081224] [tf_help]: Data time: 27s 700000000ns, Transform time: 4s 296000000ns
[component_container_isolated-2] [ERROR] [1789771025.422483520] [tf_help]: Transform data too old when converting from map to odom
[component_container_isolated-2] [ERROR] [1789771025.422523831] [tf_help]: Data time: 27s 700000000ns, Transform time: 4s 296000000ns
[component_container_isolated-2] [ERROR] [1789771025.472327458] [tf_help]: Transform data too old when converting from map to odom
[component_container_isolated-2] [ERROR] [1789771025.472362823] [tf_help]: Data time: 27s 700000000ns, Transform time: 4s 296000000ns
[component_container_isolated-2] [ERROR] [1789771025.522654277] [tf_help]: Transform data too old when converting from map to odom
[component_container_isolated-2] [ERROR] [1789771025.522694083] [tf_help]: Data time: 27s 700000000ns, Transform time: 4s 296000000ns
[component_container_isolated-2] [ERROR] [1789771025.572639207] [tf_help]: Transform data too old when converting from map to odom
[component_container_isolated-2] [ERROR] [1789771025.572671048] [tf_help]: Data time: 27s 700000000ns, Transform time: 4s 296000000ns
[component_container_isolated-2] [ERROR] [1789771025.622379556] [tf_help]: Transform data too old when converting from map to odom
[component_container_isolated-2] [ERROR] [1789771025.622416402] [tf_help]: Data time: 27s 700000000ns, Transform time: 4s 296000000ns
[component_container_isolated-2] [ERROR] [1789771025.673166872] [tf_help]: Transform data too old when converting from map to odom
[component_container_isolated-2] [ERROR] [1789771025.673199993] [tf_help]: Data time: 27s 700000000ns, Transform time: 4s 296000000ns
[component_container_isolated-2] [ERROR] [1789771025.722603193] [tf_help]: Transform data too old when converting from map to odom
[component_container_isolated-2] [ERROR] [1789771025.722634541] [tf_help]: Data time: 27s 700000000ns, Transform time: 4s 296000000ns
[component_container_isolated-2] [ERROR] [1789771025.772802655] [tf_help]: Transform data too old when converting from map to odom
[component_container_isolated-2] [ERROR] [1789771025.772833691] [tf_help]: Data time: 27s 700000000ns, Transform time: 4s 296000000ns
[component_container_isolated-2] [ERROR] [1789771025.822795839] [tf_help]: Transform data too old when converting from map to odom
[component_container_isolated-2] [ERROR] [1789771025.822834156] [tf_help]: Data time: 27s 700000000ns, Transform time: 4s 296000000ns
[component_container_isolated-2] [ERROR] [1789771025.872663300] [tf_help]: Transform data too old when converting from map to odom
[component_container_isolated-2] [ERROR] [1789771025.872701169] [tf_help]: Data time: 27s 700000000ns, Transform time: 4s 296000000ns
[component_container_isolated-2] [ERROR] [1789771025.930180860] [tf_help]: Transform data too old when converting from map to odom
[component_container_isolated-2] [ERROR] [1789771025.930221868] [tf_help]: Data time: 27s 700000000ns, Transform time: 4s 296000000ns
[component_container_isolated-2] [INFO] [1789771025.967374704] [controller_server]: Passing new path to controller.
[component_container_isolated-2] [ERROR] [1789771025.980318141] [tf_help]: Transform data too old when converting from map to odom
[component_container_isolated-2] [ERROR] [1789771025.980365615] [tf_help]: Data time: 28s 700000000ns, Transform time: 4s 296000000ns
[component_container_isolated-2] [ERROR] [1789771026.023720394] [tf_help]: Transform data too old when converting from map to odom
[component_container_isolated-2] [ERROR] [1789771026.023758182] [tf_help]: Data time: 28s 700000000ns, Transform time: 4s 296000000ns
[component_container_isolated-2] [ERROR] [1789771026.072499322] [tf_help]: Transform data too old when converting from map to odom
[component_container_isolated-2] [ERROR] [1789771026.072533364] [tf_help]: Data time: 28s 700000000ns, Transform time: 4s 296000000ns
[component_container_isolated-2] [ERROR] [1789771026.122776558] [tf_help]: Transform data too old when converting from map to odom
[component_container_isolated-2] [ERROR] [1789771026.122808972] [tf_help]: Data time: 28s 700000000ns, Transform time: 4s 296000000ns
[component_container_isolated-2] [ERROR] [1789771026.172584100] [tf_help]: Transform data too old when converting from map to odom
[component_container_isolated-2] [ERROR] [1789771026.172617676] [tf_help]: Data time: 28s 700000000ns, Transform time: 4s 296000000ns
[component_container_isolated-2] [ERROR] [1789771026.223416076] [tf_help]: Transform data too old when converting from map to odom
[component_container_isolated-2] [ERROR] [1789771026.223448678] [tf_help]: Data time: 28s 700000000ns, Transform time: 4s 296000000ns
[component_container_isolated-2] [ERROR] [1789771026.272794767] [tf_help]: Transform data too old when converting from map to odom
[component_container_isolated-2] [ERROR] [1789771026.272831715] [tf_help]: Data time: 28s 700000000ns, Transform time: 4s 296000000ns
[component_container_isolated-2] [ERROR] [1789771026.322774358] [tf_help]: Transform data too old when converting from map to odom
[component_container_isolated-2] [ERROR] [1789771026.322802270] [tf_help]: Data time: 28s 700000000ns, Transform time: 4s 296000000ns
[component_container_isolated-2] [ERROR] [1789771026.372807962] [tf_help]: Transform data too old when converting from map to odom
[component_container_isolated-2] [ERROR] [1789771026.372841648] [tf_help]: Data time: 28s 700000000ns, Transform time: 4s 296000000ns
[component_container_isolated-2] [ERROR] [1789771026.422405047] [tf_help]: Transform data too old when converting from map to odom
[component_container_isolated-2] [ERROR] [1789771026.422444024] [tf_help]: Data time: 28s 700000000ns, Transform time: 4s 296000000ns
[component_container_isolated-2] [ERROR] [1789771026.472442947] [tf_help]: Transform data too old when converting from map to odom
[component_container_isolated-2] [ERROR] [1789771026.472476680] [tf_help]: Data time: 28s 700000000ns, Transform time: 4s 296000000ns
[component_container_isolated-2] [ERROR] [1789771026.522600612] [tf_help]: Transform data too old when converting from map to odom
[component_container_isolated-2] [ERROR] [1789771026.522631361] [tf_help]: Data time: 28s 700000000ns, Transform time: 4s 296000000ns
[component_container_isolated-2] [ERROR] [1789771026.572317405] [tf_help]: Transform data too old when converting from map to odom
[component_container_isolated-2] [ERROR] [1789771026.572357160] [tf_help]: Data time: 28s 700000000ns, Transform time: 4s 296000000ns
[component_container_isolated-2] [ERROR] [1789771026.622413811] [tf_help]: Transform data too old when converting from map to odom
[component_container_isolated-2] [ERROR] [1789771026.622450051] [tf_help]: Data time: 28s 700000000ns, Transform time: 4s 296000000ns
[component_container_isolated-2] [ERROR] [1789771026.673299961] [tf_help]: Transform data too old when converting from map to odom
[component_container_isolated-2] [ERROR] [1789771026.673332546] [tf_help]: Data time: 28s 700000000ns, Transform time: 4s 296000000ns
[component_container_isolated-2] [ERROR] [1789771026.722369253] [tf_help]: Transform data too old when converting from map to odom
[component_container_isolated-2] [ERROR] [1789771026.722407031] [tf_help]: Data time: 28s 700000000ns, Transform time: 4s 296000000ns
[component_container_isolated-2] [ERROR] [1789771026.772486508] [tf_help]: Transform data too old when converting from map to odom
[component_container_isolated-2] [ERROR] [1789771026.772524178] [tf_help]: Data time: 28s 700000000ns, Transform time: 4s 296000000ns
[component_container_isolated-2] [ERROR] [1789771026.822418728] [tf_help]: Transform data too old when converting from map to odom
[component_container_isolated-2] [ERROR] [1789771026.822477782] [tf_help]: Data time: 28s 700000000ns, Transform time: 4s 296000000ns
[component_container_isolated-2] [ERROR] [1789771026.878623076] [tf_help]: Transform data too old when converting from map to odom
[component_container_isolated-2] [ERROR] [1789771026.878685424] [tf_help]: Data time: 28s 700000000ns, Transform time: 4s 296000000ns
[component_container_isolated-2] [ERROR] [1789771026.928470398] [tf_help]: Transform data too old when converting from map to odom
[component_container_isolated-2] [ERROR] [1789771026.928527129] [tf_help]: Data time: 28s 700000000ns, Transform time: 4s 296000000ns
[component_container_isolated-2] [INFO] [1789771026.967082860] [controller_server]: Passing new path to controller.
[component_container_isolated-2] [ERROR] [1789771026.975800759] [tf_help]: Transform data too old when converting from map to odom
[component_container_isolated-2] [ERROR] [1789771026.975866855] [tf_help]: Data time: 29s 600000000ns, Transform time: 4s 296000000ns
[component_container_isolated-2] [ERROR] [1789771027.023056680] [tf_help]: Transform data too old when converting from map to odom
[component_container_isolated-2] [ERROR] [1789771027.023090063] [tf_help]: Data time: 29s 600000000ns, Transform time: 4s 296000000ns
[component_container_isolated-2] [ERROR] [1789771027.072371518] [tf_help]: Transform data too old when converting from map to odom
[component_container_isolated-2] [ERROR] [1789771027.072407001] [tf_help]: Data time: 29s 600000000ns, Transform time: 4s 296000000ns
[component_container_isolated-2] [ERROR] [1789771027.123031486] [tf_help]: Transform data too old when converting from map to odom
[component_container_isolated-2] [ERROR] [1789771027.123064178] [tf_help]: Data time: 29s 600000000ns, Transform time: 4s 296000000ns
[component_container_isolated-2] [ERROR] [1789771027.172507905] [tf_help]: Transform data too old when converting from map to odom
[component_container_isolated-2] [ERROR] [1789771027.172536486] [tf_help]: Data time: 29s 600000000ns, Transform time: 4s 296000000ns
[component_container_isolated-2] [ERROR] [1789771027.223924080] [tf_help]: Transform data too old when converting from map to odom
[component_container_isolated-2] [ERROR] [1789771027.223955424] [tf_help]: Data time: 29s 600000000ns, Transform time: 4s 296000000ns
[component_container_isolated-2] [INFO] [1789771027.272502344] [controller_server]: [TG-MPPI] cycle time (compute_backend=cpu): 6.086 ms/cycle avg over 50 cycles
[component_container_isolated-2] [ERROR] [1789771027.272636660] [tf_help]: Transform data too old when converting from map to odom
[component_container_isolated-2] [ERROR] [1789771027.272654063] [tf_help]: Data time: 29s 600000000ns, Transform time: 4s 296000000ns
[ground_truth_localizer-1] [INFO] [1789771027.304826104] [ground_truth_localizer]: last 10 s: ground truth msgs 294, map->odom published 294 (291 via latest odom TF)
[component_container_isolated-2] [ERROR] [1789771027.322805414] [tf_help]: Transform data too old when converting from map to odom
[component_container_isolated-2] [ERROR] [1789771027.322836213] [tf_help]: Data time: 29s 600000000ns, Transform time: 4s 296000000ns
[component_container_isolated-2] [ERROR] [1789771027.377696186] [tf_help]: Transform data too old when converting from map to odom
[component_container_isolated-2] [ERROR] [1789771027.377740532] [tf_help]: Data time: 29s 600000000ns, Transform time: 4s 296000000ns
[component_container_isolated-2] [ERROR] [1789771027.423529735] [tf_help]: Transform data too old when converting from map to odom
[component_container_isolated-2] [ERROR] [1789771027.423557916] [tf_help]: Data time: 29s 600000000ns, Transform time: 4s 296000000ns
[component_container_isolated-2] [ERROR] [1789771027.472245503] [tf_help]: Transform data too old when converting from map to odom
[component_container_isolated-2] [ERROR] [1789771027.472276679] [tf_help]: Data time: 29s 600000000ns, Transform time: 4s 296000000ns
[component_container_isolated-2] [ERROR] [1789771027.523990513] [tf_help]: Transform data too old when converting from map to odom
[component_container_isolated-2] [ERROR] [1789771027.524017268] [tf_help]: Data time: 29s 600000000ns, Transform time: 4s 296000000ns
[component_container_isolated-2] [ERROR] [1789771027.572387619] [tf_help]: Transform data too old when converting from map to odom
[component_container_isolated-2] [ERROR] [1789771027.572423970] [tf_help]: Data time: 29s 600000000ns, Transform time: 4s 296000000ns
[component_container_isolated-2] [ERROR] [1789771027.622533486] [tf_help]: Transform data too old when converting from map to odom
[component_container_isolated-2] [ERROR] [1789771027.622566440] [tf_help]: Data time: 29s 600000000ns, Transform time: 4s 296000000ns
[component_container_isolated-2] [ERROR] [1789771027.672185259] [tf_help]: Transform data too old when converting from map to odom
[component_container_isolated-2] [ERROR] [1789771027.672211679] [tf_help]: Data time: 29s 600000000ns, Transform time: 4s 296000000ns
[component_container_isolated-2] [ERROR] [1789771027.723195325] [tf_help]: Transform data too old when converting from map to odom
[component_container_isolated-2] [ERROR] [1789771027.723243325] [tf_help]: Data time: 29s 600000000ns, Transform time: 4s 296000000ns
[component_container_isolated-2] [ERROR] [1789771027.772634017] [tf_help]: Transform data too old when converting from map to odom
[component_container_isolated-2] [ERROR] [1789771027.772666461] [tf_help]: Data time: 29s 600000000ns, Transform time: 4s 296000000ns
[component_container_isolated-2] [ERROR] [1789771027.822532393] [tf_help]: Transform data too old when converting from map to odom
[component_container_isolated-2] [ERROR] [1789771027.822561985] [tf_help]: Data time: 29s 600000000ns, Transform time: 4s 296000000ns
[component_container_isolated-2] [ERROR] [1789771027.872503321] [tf_help]: Transform data too old when converting from map to odom
[component_container_isolated-2] [ERROR] [1789771027.872534390] [tf_help]: Data time: 29s 600000000ns, Transform time: 4s 296000000ns
[component_container_isolated-2] [ERROR] [1789771027.928278651] [tf_help]: Transform data too old when converting from map to odom
[component_container_isolated-2] [ERROR] [1789771027.928326310] [tf_help]: Data time: 29s 600000000ns, Transform time: 4s 296000000ns
[component_container_isolated-2] [ERROR] [1789771027.973286320] [tf_help]: Transform data too old when converting from map to odom
[component_container_isolated-2] [ERROR] [1789771027.973316672] [tf_help]: Data time: 29s 600000000ns, Transform time: 4s 296000000ns
[component_container_isolated-2] [INFO] [1789771028.017066582] [controller_server]: Passing new path to controller.
[component_container_isolated-2] [ERROR] [1789771028.022681071] [tf_help]: Transform data too old when converting from map to odom
[component_container_isolated-2] [ERROR] [1789771028.022705928] [tf_help]: Data time: 30s 600000000ns, Transform time: 4s 296000000ns
[component_container_isolated-2] [ERROR] [1789771028.072332008] [tf_help]: Transform data too old when converting from map to odom
[component_container_isolated-2] [ERROR] [1789771028.072358272] [tf_help]: Data time: 30s 600000000ns, Transform time: 4s 296000000ns
[component_container_isolated-2] [ERROR] [1789771028.122519619] [tf_help]: Transform data too old when converting from map to odom
[component_container_isolated-2] [ERROR] [1789771028.122547226] [tf_help]: Data time: 30s 600000000ns, Transform time: 4s 296000000ns
[component_container_isolated-2] [ERROR] [1789771028.172442002] [tf_help]: Transform data too old when converting from map to odom
[component_container_isolated-2] [ERROR] [1789771028.172469399] [tf_help]: Data time: 30s 600000000ns, Transform time: 4s 296000000ns
[component_container_isolated-2] [ERROR] [1789771028.223294452] [tf_help]: Transform data too old when converting from map to odom
[component_container_isolated-2] [ERROR] [1789771028.223323033] [tf_help]: Data time: 30s 600000000ns, Transform time: 4s 296000000ns
[component_container_isolated-2] [ERROR] [1789771028.273476467] [tf_help]: Transform data too old when converting from map to odom
[component_container_isolated-2] [ERROR] [1789771028.273511555] [tf_help]: Data time: 30s 600000000ns, Transform time: 4s 296000000ns
[component_container_isolated-2] [ERROR] [1789771028.322511556] [tf_help]: Transform data too old when converting from map to odom
[component_container_isolated-2] [ERROR] [1789771028.322543966] [tf_help]: Data time: 30s 600000000ns, Transform time: 4s 296000000ns
[component_container_isolated-2] [ERROR] [1789771028.372675133] [tf_help]: Transform data too old when converting from map to odom
[component_container_isolated-2] [ERROR] [1789771028.372714635] [tf_help]: Data time: 30s 600000000ns, Transform time: 4s 296000000ns
[component_container_isolated-2] [ERROR] [1789771028.423343036] [tf_help]: Transform data too old when converting from map to odom
[component_container_isolated-2] [ERROR] [1789771028.423370130] [tf_help]: Data time: 30s 600000000ns, Transform time: 4s 296000000ns
[component_container_isolated-2] [ERROR] [1789771028.472451437] [tf_help]: Transform data too old when converting from map to odom
[component_container_isolated-2] [ERROR] [1789771028.472486244] [tf_help]: Data time: 30s 600000000ns, Transform time: 4s 296000000ns
[component_container_isolated-2] [ERROR] [1789771028.523166797] [tf_help]: Transform data too old when converting from map to odom
[component_container_isolated-2] [ERROR] [1789771028.523196768] [tf_help]: Data time: 30s 600000000ns, Transform time: 4s 296000000ns
[component_container_isolated-2] [ERROR] [1789771028.572509062] [tf_help]: Transform data too old when converting from map to odom
[component_container_isolated-2] [ERROR] [1789771028.572539301] [tf_help]: Data time: 30s 600000000ns, Transform time: 4s 296000000ns
[component_container_isolated-2] [ERROR] [1789771028.627186815] [tf_help]: Transform data too old when converting from map to odom
[component_container_isolated-2] [ERROR] [1789771028.627232515] [tf_help]: Data time: 30s 600000000ns, Transform time: 4s 296000000ns
[component_container_isolated-2] [ERROR] [1789771028.679614458] [tf_help]: Transform data too old when converting from map to odom
[component_container_isolated-2] [ERROR] [1789771028.679664569] [tf_help]: Data time: 30s 600000000ns, Transform time: 4s 296000000ns
[component_container_isolated-2] [ERROR] [1789771028.722996848] [tf_help]: Transform data too old when converting from map to odom
[component_container_isolated-2] [ERROR] [1789771028.723026250] [tf_help]: Data time: 30s 600000000ns, Transform time: 4s 296000000ns
[component_container_isolated-2] [ERROR] [1789771028.772643815] [tf_help]: Transform data too old when converting from map to odom
[component_container_isolated-2] [ERROR] [1789771028.772676156] [tf_help]: Data time: 30s 600000000ns, Transform time: 4s 296000000ns
[component_container_isolated-2] [ERROR] [1789771028.822423027] [tf_help]: Transform data too old when converting from map to odom
[component_container_isolated-2] [ERROR] [1789771028.822456316] [tf_help]: Data time: 30s 600000000ns, Transform time: 4s 296000000ns
[component_container_isolated-2] [ERROR] [1789771028.873087929] [tf_help]: Transform data too old when converting from map to odom
[component_container_isolated-2] [ERROR] [1789771028.873121802] [tf_help]: Data time: 30s 600000000ns, Transform time: 4s 296000000ns
[component_container_isolated-2] [ERROR] [1789771028.923165821] [tf_help]: Transform data too old when converting from map to odom
[component_container_isolated-2] [ERROR] [1789771028.923203660] [tf_help]: Data time: 30s 600000000ns, Transform time: 4s 296000000ns
[component_container_isolated-2] [ERROR] [1789771028.972520034] [tf_help]: Transform data too old when converting from map to odom
[component_container_isolated-2] [ERROR] [1789771028.972555665] [tf_help]: Data time: 30s 600000000ns, Transform time: 4s 296000000ns
[component_container_isolated-2] [INFO] [1789771029.017104471] [controller_server]: Passing new path to controller.
[component_container_isolated-2] [ERROR] [1789771029.022433375] [tf_help]: Transform data too old when converting from map to odom
[component_container_isolated-2] [ERROR] [1789771029.022464055] [tf_help]: Data time: 31s 500000000ns, Transform time: 4s 296000000ns
[component_container_isolated-2] [ERROR] [1789771029.077307333] [tf_help]: Transform data too old when converting from map to odom
[component_container_isolated-2] [ERROR] [1789771029.077338920] [tf_help]: Data time: 31s 500000000ns, Transform time: 4s 296000000ns
[component_container_isolated-2] [ERROR] [1789771029.123621546] [tf_help]: Transform data too old when converting from map to odom
[component_container_isolated-2] [ERROR] [1789771029.123659327] [tf_help]: Data time: 31s 500000000ns, Transform time: 4s 296000000ns
[component_container_isolated-2] [ERROR] [1789771029.172685649] [tf_help]: Transform data too old when converting from map to odom
[component_container_isolated-2] [ERROR] [1789771029.172755893] [tf_help]: Data time: 31s 500000000ns, Transform time: 4s 296000000ns
[component_container_isolated-2] [ERROR] [1789771029.222995829] [tf_help]: Transform data too old when converting from map to odom
[component_container_isolated-2] [ERROR] [1789771029.223033489] [tf_help]: Data time: 31s 500000000ns, Transform time: 4s 296000000ns
[component_container_isolated-2] [ERROR] [1789771029.275222076] [tf_help]: Transform data too old when converting from map to odom
[component_container_isolated-2] [ERROR] [1789771029.275293689] [tf_help]: Data time: 31s 500000000ns, Transform time: 4s 296000000ns
[component_container_isolated-2] [ERROR] [1789771029.322587562] [tf_help]: Transform data too old when converting from map to odom
[component_container_isolated-2] [ERROR] [1789771029.322620697] [tf_help]: Data time: 31s 500000000ns, Transform time: 4s 296000000ns
[component_container_isolated-2] [ERROR] [1789771029.372736856] [tf_help]: Transform data too old when converting from map to odom
[component_container_isolated-2] [ERROR] [1789771029.372780685] [tf_help]: Data time: 31s 500000000ns, Transform time: 4s 296000000ns
[component_container_isolated-2] [ERROR] [1789771029.422411556] [tf_help]: Transform data too old when converting from map to odom
[component_container_isolated-2] [ERROR] [1789771029.422452384] [tf_help]: Data time: 31s 500000000ns, Transform time: 4s 296000000ns
[component_container_isolated-2] [ERROR] [1789771029.472307889] [tf_help]: Transform data too old when converting from map to odom
[component_container_isolated-2] [ERROR] [1789771029.472338250] [tf_help]: Data time: 31s 500000000ns, Transform time: 4s 296000000ns
[component_container_isolated-2] [ERROR] [1789771029.524044846] [tf_help]: Transform data too old when converting from map to odom
[component_container_isolated-2] [ERROR] [1789771029.524076797] [tf_help]: Data time: 31s 500000000ns, Transform time: 4s 296000000ns
[component_container_isolated-2] [ERROR] [1789771029.575132143] [tf_help]: Transform data too old when converting from map to odom
[component_container_isolated-2] [ERROR] [1789771029.575164854] [tf_help]: Data time: 31s 500000000ns, Transform time: 4s 296000000ns
[component_container_isolated-2] [ERROR] [1789771029.623180013] [tf_help]: Transform data too old when converting from map to odom
[component_container_isolated-2] [ERROR] [1789771029.623220767] [tf_help]: Data time: 31s 500000000ns, Transform time: 4s 296000000ns
[component_container_isolated-2] [ERROR] [1789771029.672339159] [tf_help]: Transform data too old when converting from map to odom
[component_container_isolated-2] [ERROR] [1789771029.672370769] [tf_help]: Data time: 31s 500000000ns, Transform time: 4s 296000000ns
[component_container_isolated-2] [ERROR] [1789771029.722229033] [tf_help]: Transform data too old when converting from map to odom
[component_container_isolated-2] [ERROR] [1789771029.722280867] [tf_help]: Data time: 31s 500000000ns, Transform time: 4s 296000000ns
[component_container_isolated-2] [INFO] [1789771029.777524828] [controller_server]: [TG-MPPI] cycle time (compute_backend=cpu): 6.127 ms/cycle avg over 50 cycles
[component_container_isolated-2] [ERROR] [1789771029.777701356] [tf_help]: Transform data too old when converting from map to odom
[component_container_isolated-2] [ERROR] [1789771029.777724409] [tf_help]: Data time: 31s 500000000ns, Transform time: 4s 296000000ns
[component_container_isolated-2] [ERROR] [1789771029.823171897] [tf_help]: Transform data too old when converting from map to odom
[component_container_isolated-2] [ERROR] [1789771029.823215543] [tf_help]: Data time: 31s 500000000ns, Transform time: 4s 296000000ns
[component_container_isolated-2] [ERROR] [1789771029.872704295] [tf_help]: Transform data too old when converting from map to odom
[component_container_isolated-2] [ERROR] [1789771029.872737077] [tf_help]: Data time: 31s 500000000ns, Transform time: 4s 296000000ns
[component_container_isolated-2] [ERROR] [1789771029.922603918] [tf_help]: Transform data too old when converting from map to odom
[component_container_isolated-2] [ERROR] [1789771029.922634585] [tf_help]: Data time: 31s 500000000ns, Transform time: 4s 296000000ns
[component_container_isolated-2] [ERROR] [1789771029.972287271] [tf_help]: Transform data too old when converting from map to odom
[component_container_isolated-2] [ERROR] [1789771029.972323801] [tf_help]: Data time: 31s 500000000ns, Transform time: 4s 296000000ns
[component_container_isolated-2] [ERROR] [1789771030.022785813] [tf_help]: Transform data too old when converting from map to odom
[component_container_isolated-2] [ERROR] [1789771030.022829119] [tf_help]: Data time: 31s 500000000ns, Transform time: 4s 296000000ns
[component_container_isolated-2] [INFO] [1789771030.067085981] [controller_server]: Passing new path to controller.
[component_container_isolated-2] [ERROR] [1789771030.075300871] [tf_help]: Transform data too old when converting from map to odom
[component_container_isolated-2] [ERROR] [1789771030.075331596] [tf_help]: Data time: 32s 500000000ns, Transform time: 4s 296000000ns
[component_container_isolated-2] [ERROR] [1789771030.123168737] [tf_help]: Transform data too old when converting from map to odom
[component_container_isolated-2] [ERROR] [1789771030.123214638] [tf_help]: Data time: 32s 500000000ns, Transform time: 4s 296000000ns
[component_container_isolated-2] [ERROR] [1789771030.172523492] [tf_help]: Transform data too old when converting from map to odom
[component_container_isolated-2] [ERROR] [1789771030.172555878] [tf_help]: Data time: 32s 500000000ns, Transform time: 4s 296000000ns
[component_container_isolated-2] [ERROR] [1789771030.223030478] [tf_help]: Transform data too old when converting from map to odom
[component_container_isolated-2] [ERROR] [1789771030.223064850] [tf_help]: Data time: 32s 500000000ns, Transform time: 4s 296000000ns
[component_container_isolated-2] [ERROR] [1789771030.272602476] [tf_help]: Transform data too old when converting from map to odom
[component_container_isolated-2] [ERROR] [1789771030.272632989] [tf_help]: Data time: 32s 500000000ns, Transform time: 4s 296000000ns
[component_container_isolated-2] [ERROR] [1789771030.322320765] [tf_help]: Transform data too old when converting from map to odom
[component_container_isolated-2] [ERROR] [1789771030.322358976] [tf_help]: Data time: 32s 500000000ns, Transform time: 4s 296000000ns
[component_container_isolated-2] [ERROR] [1789771030.372426575] [tf_help]: Transform data too old when converting from map to odom
[component_container_isolated-2] [ERROR] [1789771030.372461718] [tf_help]: Data time: 32s 500000000ns, Transform time: 4s 296000000ns
[component_container_isolated-2] [ERROR] [1789771030.423498645] [tf_help]: Transform data too old when converting from map to odom
[component_container_isolated-2] [ERROR] [1789771030.423530280] [tf_help]: Data time: 32s 500000000ns, Transform time: 4s 296000000ns
[component_container_isolated-2] [ERROR] [1789771030.472497291] [tf_help]: Transform data too old when converting from map to odom
[component_container_isolated-2] [ERROR] [1789771030.472526951] [tf_help]: Data time: 32s 500000000ns, Transform time: 4s 296000000ns
[component_container_isolated-2] [ERROR] [1789771030.522472891] [tf_help]: Transform data too old when converting from map to odom
[component_container_isolated-2] [ERROR] [1789771030.522500700] [tf_help]: Data time: 32s 500000000ns, Transform time: 4s 296000000ns
[component_container_isolated-2] [ERROR] [1789771030.573344235] [tf_help]: Transform data too old when converting from map to odom
[component_container_isolated-2] [ERROR] [1789771030.573372375] [tf_help]: Data time: 32s 500000000ns, Transform time: 4s 296000000ns
[component_container_isolated-2] [ERROR] [1789771030.622522509] [tf_help]: Transform data too old when converting from map to odom
[component_container_isolated-2] [ERROR] [1789771030.622553077] [tf_help]: Data time: 32s 500000000ns, Transform time: 4s 296000000ns
[component_container_isolated-2] [ERROR] [1789771030.673247636] [tf_help]: Transform data too old when converting from map to odom
[component_container_isolated-2] [ERROR] [1789771030.673289498] [tf_help]: Data time: 32s 500000000ns, Transform time: 4s 296000000ns
[component_container_isolated-2] [ERROR] [1789771030.722811275] [tf_help]: Transform data too old when converting from map to odom
[component_container_isolated-2] [ERROR] [1789771030.722836211] [tf_help]: Data time: 32s 500000000ns, Transform time: 4s 296000000ns
[component_container_isolated-2] [ERROR] [1789771030.772534185] [tf_help]: Transform data too old when converting from map to odom
[component_container_isolated-2] [ERROR] [1789771030.772577569] [tf_help]: Data time: 32s 500000000ns, Transform time: 4s 296000000ns
[component_container_isolated-2] [ERROR] [1789771030.822557708] [tf_help]: Transform data too old when converting from map to odom
[component_container_isolated-2] [ERROR] [1789771030.822587336] [tf_help]: Data time: 32s 500000000ns, Transform time: 4s 296000000ns
[component_container_isolated-2] [ERROR] [1789771030.872445039] [tf_help]: Transform data too old when converting from map to odom
[component_container_isolated-2] [ERROR] [1789771030.872471604] [tf_help]: Data time: 32s 500000000ns, Transform time: 4s 296000000ns
[component_container_isolated-2] [ERROR] [1789771030.922843390] [tf_help]: Transform data too old when converting from map to odom
[component_container_isolated-2] [ERROR] [1789771030.922880039] [tf_help]: Data time: 32s 500000000ns, Transform time: 4s 296000000ns
[component_container_isolated-2] [ERROR] [1789771030.972313793] [tf_help]: Transform data too old when converting from map to odom
[component_container_isolated-2] [ERROR] [1789771030.972343848] [tf_help]: Data time: 32s 500000000ns, Transform time: 4s 296000000ns
[component_container_isolated-2] [ERROR] [1789771031.023552867] [tf_help]: Transform data too old when converting from map to odom
[component_container_isolated-2] [ERROR] [1789771031.023587595] [tf_help]: Data time: 32s 500000000ns, Transform time: 4s 296000000ns
[component_container_isolated-2] [ERROR] [1789771031.074237655] [tf_help]: Transform data too old when converting from map to odom
[component_container_isolated-2] [ERROR] [1789771031.074267037] [tf_help]: Data time: 32s 500000000ns, Transform time: 4s 296000000ns
[component_container_isolated-2] [INFO] [1789771031.117067718] [controller_server]: Passing new path to controller.
[component_container_isolated-2] [ERROR] [1789771031.122196846] [tf_help]: Transform data too old when converting from map to odom
[component_container_isolated-2] [ERROR] [1789771031.122219603] [tf_help]: Data time: 33s 400000000ns, Transform time: 4s 296000000ns
[component_container_isolated-2] [ERROR] [1789771031.172529569] [tf_help]: Transform data too old when converting from map to odom
[component_container_isolated-2] [ERROR] [1789771031.172563527] [tf_help]: Data time: 33s 400000000ns, Transform time: 4s 296000000ns
[component_container_isolated-2] [ERROR] [1789771031.222469071] [tf_help]: Transform data too old when converting from map to odom
[component_container_isolated-2] [ERROR] [1789771031.222504784] [tf_help]: Data time: 33s 400000000ns, Transform time: 4s 296000000ns
[component_container_isolated-2] [ERROR] [1789771031.272812745] [tf_help]: Transform data too old when converting from map to odom
[component_container_isolated-2] [ERROR] [1789771031.272849691] [tf_help]: Data time: 33s 400000000ns, Transform time: 4s 296000000ns
[component_container_isolated-2] [ERROR] [1789771031.323061418] [tf_help]: Transform data too old when converting from map to odom
[component_container_isolated-2] [ERROR] [1789771031.323099127] [tf_help]: Data time: 33s 400000000ns, Transform time: 4s 296000000ns
[component_container_isolated-2] [ERROR] [1789771031.377180349] [tf_help]: Transform data too old when converting from map to odom
[component_container_isolated-2] [ERROR] [1789771031.377234188] [tf_help]: Data time: 33s 400000000ns, Transform time: 4s 296000000ns
[component_container_isolated-2] [ERROR] [1789771031.429059531] [tf_help]: Transform data too old when converting from map to odom
[component_container_isolated-2] [ERROR] [1789771031.429102412] [tf_help]: Data time: 33s 400000000ns, Transform time: 4s 296000000ns
[component_container_isolated-2] [ERROR] [1789771031.472520655] [tf_help]: Transform data too old when converting from map to odom
[component_container_isolated-2] [ERROR] [1789771031.472552072] [tf_help]: Data time: 33s 400000000ns, Transform time: 4s 296000000ns
[component_container_isolated-2] [ERROR] [1789771031.522416933] [tf_help]: Transform data too old when converting from map to odom
[component_container_isolated-2] [ERROR] [1789771031.522450840] [tf_help]: Data time: 33s 400000000ns, Transform time: 4s 296000000ns
[component_container_isolated-2] [ERROR] [1789771031.572208110] [tf_help]: Transform data too old when converting from map to odom
[component_container_isolated-2] [ERROR] [1789771031.572239852] [tf_help]: Data time: 33s 400000000ns, Transform time: 4s 296000000ns
[component_container_isolated-2] [ERROR] [1789771031.622330914] [tf_help]: Transform data too old when converting from map to odom
[component_container_isolated-2] [ERROR] [1789771031.622368127] [tf_help]: Data time: 33s 400000000ns, Transform time: 4s 296000000ns
[component_container_isolated-2] [ERROR] [1789771031.672149735] [tf_help]: Transform data too old when converting from map to odom
[component_container_isolated-2] [ERROR] [1789771031.672182439] [tf_help]: Data time: 33s 400000000ns, Transform time: 4s 296000000ns
[component_container_isolated-2] [ERROR] [1789771031.722512897] [tf_help]: Transform data too old when converting from map to odom
[component_container_isolated-2] [ERROR] [1789771031.722546978] [tf_help]: Data time: 33s 400000000ns, Transform time: 4s 296000000ns
[component_container_isolated-2] [ERROR] [1789771031.772307809] [tf_help]: Transform data too old when converting from map to odom
[component_container_isolated-2] [ERROR] [1789771031.772346978] [tf_help]: Data time: 33s 400000000ns, Transform time: 4s 296000000ns
[component_container_isolated-2] [ERROR] [1789771031.824707849] [tf_help]: Transform data too old when converting from map to odom
[component_container_isolated-2] [ERROR] [1789771031.824738685] [tf_help]: Data time: 33s 400000000ns, Transform time: 4s 296000000ns
[component_container_isolated-2] [ERROR] [1789771031.872233894] [tf_help]: Transform data too old when converting from map to odom
[component_container_isolated-2] [ERROR] [1789771031.872266751] [tf_help]: Data time: 33s 400000000ns, Transform time: 4s 296000000ns
[component_container_isolated-2] [ERROR] [1789771031.922563842] [tf_help]: Transform data too old when converting from map to odom
[component_container_isolated-2] [ERROR] [1789771031.922595285] [tf_help]: Data time: 33s 400000000ns, Transform time: 4s 296000000ns
[component_container_isolated-2] [ERROR] [1789771031.972408271] [tf_help]: Transform data too old when converting from map to odom
[component_container_isolated-2] [ERROR] [1789771031.972445759] [tf_help]: Data time: 33s 400000000ns, Transform time: 4s 296000000ns
[component_container_isolated-2] [ERROR] [1789771032.027054699] [tf_help]: Transform data too old when converting from map to odom
[component_container_isolated-2] [ERROR] [1789771032.027103134] [tf_help]: Data time: 33s 400000000ns, Transform time: 4s 296000000ns
[component_container_isolated-2] [ERROR] [1789771032.072342375] [tf_help]: Transform data too old when converting from map to odom
[component_container_isolated-2] [ERROR] [1789771032.072375693] [tf_help]: Data time: 33s 400000000ns, Transform time: 4s 296000000ns
[component_container_isolated-2] [INFO] [1789771032.117068611] [controller_server]: Passing new path to controller.
[component_container_isolated-2] [ERROR] [1789771032.123145314] [tf_help]: Transform data too old when converting from map to odom
[component_container_isolated-2] [ERROR] [1789771032.123172559] [tf_help]: Data time: 34s 400000000ns, Transform time: 4s 296000000ns
[component_container_isolated-2] [ERROR] [1789771032.173221623] [tf_help]: Transform data too old when converting from map to odom
[component_container_isolated-2] [ERROR] [1789771032.173253433] [tf_help]: Data time: 34s 400000000ns, Transform time: 4s 296000000ns
[component_container_isolated-2] [ERROR] [1789771032.222278719] [tf_help]: Transform data too old when converting from map to odom
[component_container_isolated-2] [ERROR] [1789771032.222315523] [tf_help]: Data time: 34s 400000000ns, Transform time: 4s 296000000ns
[component_container_isolated-2] [INFO] [1789771032.272196926] [controller_server]: [TG-MPPI] cycle time (compute_backend=cpu): 5.734 ms/cycle avg over 50 cycles
[component_container_isolated-2] [ERROR] [1789771032.272358388] [tf_help]: Transform data too old when converting from map to odom
[component_container_isolated-2] [ERROR] [1789771032.272377467] [tf_help]: Data time: 34s 400000000ns, Transform time: 4s 296000000ns
[component_container_isolated-2] [ERROR] [1789771032.322167329] [tf_help]: Transform data too old when converting from map to odom
[component_container_isolated-2] [ERROR] [1789771032.322204713] [tf_help]: Data time: 34s 400000000ns, Transform time: 4s 296000000ns
[component_container_isolated-2] [ERROR] [1789771032.372418531] [tf_help]: Transform data too old when converting from map to odom
[component_container_isolated-2] [ERROR] [1789771032.372450819] [tf_help]: Data time: 34s 400000000ns, Transform time: 4s 296000000ns
[component_container_isolated-2] [ERROR] [1789771032.422193591] [tf_help]: Transform data too old when converting from map to odom
[component_container_isolated-2] [ERROR] [1789771032.422231715] [tf_help]: Data time: 34s 400000000ns, Transform time: 4s 296000000ns
[component_container_isolated-2] [ERROR] [1789771032.472180172] [tf_help]: Transform data too old when converting from map to odom
[component_container_isolated-2] [ERROR] [1789771032.472210143] [tf_help]: Data time: 34s 400000000ns, Transform time: 4s 296000000ns
[component_container_isolated-2] [ERROR] [1789771032.527055714] [tf_help]: Transform data too old when converting from map to odom
[component_container_isolated-2] [ERROR] [1789771032.527089267] [tf_help]: Data time: 34s 400000000ns, Transform time: 4s 296000000ns
[component_container_isolated-2] [ERROR] [1789771032.572385880] [tf_help]: Transform data too old when converting from map to odom
[component_container_isolated-2] [ERROR] [1789771032.572417874] [tf_help]: Data time: 34s 400000000ns, Transform time: 4s 296000000ns
[component_container_isolated-2] [ERROR] [1789771032.622499613] [tf_help]: Transform data too old when converting from map to odom
[component_container_isolated-2] [ERROR] [1789771032.622530039] [tf_help]: Data time: 34s 400000000ns, Transform time: 4s 296000000ns
[component_container_isolated-2] [ERROR] [1789771032.672906778] [tf_help]: Transform data too old when converting from map to odom
[component_container_isolated-2] [ERROR] [1789771032.672940332] [tf_help]: Data time: 34s 400000000ns, Transform time: 4s 296000000ns
[component_container_isolated-2] [ERROR] [1789771032.722494212] [tf_help]: Transform data too old when converting from map to odom
[component_container_isolated-2] [ERROR] [1789771032.722524395] [tf_help]: Data time: 34s 400000000ns, Transform time: 4s 296000000ns
[component_container_isolated-2] [ERROR] [1789771032.772327281] [tf_help]: Transform data too old when converting from map to odom
[component_container_isolated-2] [ERROR] [1789771032.772383633] [tf_help]: Data time: 34s 400000000ns, Transform time: 4s 296000000ns
[component_container_isolated-2] [ERROR] [1789771032.822200680] [tf_help]: Transform data too old when converting from map to odom
[component_container_isolated-2] [ERROR] [1789771032.822232913] [tf_help]: Data time: 34s 400000000ns, Transform time: 4s 296000000ns
[component_container_isolated-2] [ERROR] [1789771032.872902471] [tf_help]: Transform data too old when converting from map to odom
[component_container_isolated-2] [ERROR] [1789771032.872934930] [tf_help]: Data time: 34s 400000000ns, Transform time: 4s 296000000ns
[component_container_isolated-2] [ERROR] [1789771032.926325197] [tf_help]: Transform data too old when converting from map to odom
[component_container_isolated-2] [ERROR] [1789771032.926370203] [tf_help]: Data time: 34s 400000000ns, Transform time: 4s 296000000ns
[component_container_isolated-2] [ERROR] [1789771032.977552365] [tf_help]: Transform data too old when converting from map to odom
[component_container_isolated-2] [ERROR] [1789771032.977595446] [tf_help]: Data time: 34s 400000000ns, Transform time: 4s 296000000ns
[component_container_isolated-2] [ERROR] [1789771033.027892506] [tf_help]: Transform data too old when converting from map to odom
[component_container_isolated-2] [ERROR] [1789771033.027947103] [tf_help]: Data time: 34s 400000000ns, Transform time: 4s 296000000ns
[component_container_isolated-2] [ERROR] [1789771033.077850983] [tf_help]: Transform data too old when converting from map to odom
[component_container_isolated-2] [ERROR] [1789771033.077899708] [tf_help]: Data time: 34s 400000000ns, Transform time: 4s 296000000ns
[component_container_isolated-2] [ERROR] [1789771033.123315606] [tf_help]: Transform data too old when converting from map to odom
[component_container_isolated-2] [ERROR] [1789771033.123352095] [tf_help]: Data time: 34s 400000000ns, Transform time: 4s 296000000ns
[component_container_isolated-2] [INFO] [1789771033.167070206] [controller_server]: Passing new path to controller.
[component_container_isolated-2] [ERROR] [1789771033.172378556] [tf_help]: Transform data too old when converting from map to odom
[component_container_isolated-2] [ERROR] [1789771033.172406786] [tf_help]: Data time: 35s 300000000ns, Transform time: 4s 296000000ns
[component_container_isolated-2] [ERROR] [1789771033.222413465] [tf_help]: Transform data too old when converting from map to odom
[component_container_isolated-2] [ERROR] [1789771033.222487226] [tf_help]: Data time: 35s 300000000ns, Transform time: 4s 296000000ns
[component_container_isolated-2] [ERROR] [1789771033.272568729] [tf_help]: Transform data too old when converting from map to odom
[component_container_isolated-2] [ERROR] [1789771033.272625311] [tf_help]: Data time: 35s 300000000ns, Transform time: 4s 296000000ns
[component_container_isolated-2] [ERROR] [1789771033.322458266] [tf_help]: Transform data too old when converting from map to odom
[component_container_isolated-2] [ERROR] [1789771033.322493689] [tf_help]: Data time: 35s 300000000ns, Transform time: 4s 296000000ns
[component_container_isolated-2] [ERROR] [1789771033.376693800] [tf_help]: Transform data too old when converting from map to odom
[component_container_isolated-2] [ERROR] [1789771033.376724185] [tf_help]: Data time: 35s 300000000ns, Transform time: 4s 296000000ns
[component_container_isolated-2] [ERROR] [1789771033.422433141] [tf_help]: Transform data too old when converting from map to odom
[component_container_isolated-2] [ERROR] [1789771033.422510643] [tf_help]: Data time: 35s 300000000ns, Transform time: 4s 296000000ns
[component_container_isolated-2] [ERROR] [1789771033.472238178] [tf_help]: Transform data too old when converting from map to odom
[component_container_isolated-2] [ERROR] [1789771033.472275767] [tf_help]: Data time: 35s 300000000ns, Transform time: 4s 296000000ns
[component_container_isolated-2] [ERROR] [1789771033.522764648] [tf_help]: Transform data too old when converting from map to odom
[component_container_isolated-2] [ERROR] [1789771033.522799491] [tf_help]: Data time: 35s 300000000ns, Transform time: 4s 296000000ns
[component_container_isolated-2] [ERROR] [1789771033.572948226] [tf_help]: Transform data too old when converting from map to odom
[component_container_isolated-2] [ERROR] [1789771033.573007891] [tf_help]: Data time: 35s 300000000ns, Transform time: 4s 296000000ns
[component_container_isolated-2] [ERROR] [1789771033.622564568] [tf_help]: Transform data too old when converting from map to odom
[component_container_isolated-2] [ERROR] [1789771033.622601754] [tf_help]: Data time: 35s 300000000ns, Transform time: 4s 296000000ns
[component_container_isolated-2] [ERROR] [1789771033.672434721] [tf_help]: Transform data too old when converting from map to odom
[component_container_isolated-2] [ERROR] [1789771033.672470431] [tf_help]: Data time: 35s 300000000ns, Transform time: 4s 296000000ns
[component_container_isolated-2] [ERROR] [1789771033.722407968] [tf_help]: Transform data too old when converting from map to odom
[component_container_isolated-2] [ERROR] [1789771033.722453202] [tf_help]: Data time: 35s 300000000ns, Transform time: 4s 296000000ns
[component_container_isolated-2] [ERROR] [1789771033.772853644] [tf_help]: Transform data too old when converting from map to odom
[component_container_isolated-2] [ERROR] [1789771033.772907369] [tf_help]: Data time: 35s 300000000ns, Transform time: 4s 296000000ns
[component_container_isolated-2] [ERROR] [1789771033.822547514] [tf_help]: Transform data too old when converting from map to odom
[component_container_isolated-2] [ERROR] [1789771033.822582003] [tf_help]: Data time: 35s 300000000ns, Transform time: 4s 296000000ns
[component_container_isolated-2] [ERROR] [1789771033.872452639] [tf_help]: Transform data too old when converting from map to odom
[component_container_isolated-2] [ERROR] [1789771033.872490429] [tf_help]: Data time: 35s 300000000ns, Transform time: 4s 296000000ns
[component_container_isolated-2] [ERROR] [1789771033.922569123] [tf_help]: Transform data too old when converting from map to odom
[component_container_isolated-2] [ERROR] [1789771033.922604495] [tf_help]: Data time: 35s 300000000ns, Transform time: 4s 296000000ns
[component_container_isolated-2] [ERROR] [1789771033.972472910] [tf_help]: Transform data too old when converting from map to odom
[component_container_isolated-2] [ERROR] [1789771033.972508605] [tf_help]: Data time: 35s 300000000ns, Transform time: 4s 296000000ns
[component_container_isolated-2] [ERROR] [1789771034.023697407] [tf_help]: Transform data too old when converting from map to odom
[component_container_isolated-2] [ERROR] [1789771034.023767110] [tf_help]: Data time: 35s 300000000ns, Transform time: 4s 296000000ns
[component_container_isolated-2] [ERROR] [1789771034.073405442] [tf_help]: Transform data too old when converting from map to odom
[component_container_isolated-2] [ERROR] [1789771034.073445211] [tf_help]: Data time: 35s 300000000ns, Transform time: 4s 296000000ns
[component_container_isolated-2] [ERROR] [1789771034.125792658] [tf_help]: Transform data too old when converting from map to odom
[component_container_isolated-2] [ERROR] [1789771034.125838643] [tf_help]: Data time: 35s 300000000ns, Transform time: 4s 296000000ns
[component_container_isolated-2] [INFO] [1789771034.167075174] [controller_server]: Passing new path to controller.
[component_container_isolated-2] [ERROR] [1789771034.176060084] [tf_help]: Transform data too old when converting from map to odom
[component_container_isolated-2] [ERROR] [1789771034.176092620] [tf_help]: Data time: 36s 300000000ns, Transform time: 4s 296000000ns
[component_container_isolated-2] [ERROR] [1789771034.222926709] [tf_help]: Transform data too old when converting from map to odom
[component_container_isolated-2] [ERROR] [1789771034.222963664] [tf_help]: Data time: 36s 300000000ns, Transform time: 4s 296000000ns
[component_container_isolated-2] [ERROR] [1789771034.273951075] [tf_help]: Transform data too old when converting from map to odom
[component_container_isolated-2] [ERROR] [1789771034.273987226] [tf_help]: Data time: 36s 300000000ns, Transform time: 4s 296000000ns
[component_container_isolated-2] [ERROR] [1789771034.323962006] [tf_help]: Transform data too old when converting from map to odom
[component_container_isolated-2] [ERROR] [1789771034.323999965] [tf_help]: Data time: 36s 300000000ns, Transform time: 4s 296000000ns
[component_container_isolated-2] [ERROR] [1789771034.372738746] [tf_help]: Transform data too old when converting from map to odom
[component_container_isolated-2] [ERROR] [1789771034.372783818] [tf_help]: Data time: 36s 300000000ns, Transform time: 4s 296000000ns
[component_container_isolated-2] [ERROR] [1789771034.422346736] [tf_help]: Transform data too old when converting from map to odom
[component_container_isolated-2] [ERROR] [1789771034.422382083] [tf_help]: Data time: 36s 300000000ns, Transform time: 4s 296000000ns
[component_container_isolated-2] [ERROR] [1789771034.472462907] [tf_help]: Transform data too old when converting from map to odom
[component_container_isolated-2] [ERROR] [1789771034.472498613] [tf_help]: Data time: 36s 300000000ns, Transform time: 4s 296000000ns
[component_container_isolated-2] [ERROR] [1789771034.522714211] [tf_help]: Transform data too old when converting from map to odom
[component_container_isolated-2] [ERROR] [1789771034.522751188] [tf_help]: Data time: 36s 300000000ns, Transform time: 4s 296000000ns
[component_container_isolated-2] [ERROR] [1789771034.572232287] [tf_help]: Transform data too old when converting from map to odom
[component_container_isolated-2] [ERROR] [1789771034.572266146] [tf_help]: Data time: 36s 300000000ns, Transform time: 4s 296000000ns
[component_container_isolated-2] [ERROR] [1789771034.622225230] [tf_help]: Transform data too old when converting from map to odom
[component_container_isolated-2] [ERROR] [1789771034.622261284] [tf_help]: Data time: 36s 300000000ns, Transform time: 4s 296000000ns
[component_container_isolated-2] [ERROR] [1789771034.667147900] [controller_server]: Failed to make progress
[component_container_isolated-2] [WARN] [1789771034.667212700] [controller_server]: [follow_path] [ActionServer] Aborting handle.
[component_container_isolated-2] [INFO] [1789771034.685990025] [local_costmap.local_costmap]: Received request to clear entirely the local_costmap
[component_container_isolated-2] [INFO] [1789771034.686328416] [controller_server]: Received a goal, begin computing control effort.
[component_container_isolated-2] [ERROR] [1789771034.842464517] [tf_help]: Transform data too old when converting from map to odom
[component_container_isolated-2] [ERROR] [1789771034.842515725] [tf_help]: Data time: 36s 300000000ns, Transform time: 4s 296000000ns
[component_container_isolated-2] [WARN] [1789771034.842522229] [controller_server]: Control loop missed its desired rate of 20.0000Hz
[component_container_isolated-2] [ERROR] [1789771034.848140028] [tf_help]: Transform data too old when converting from map to odom
[component_container_isolated-2] [ERROR] [1789771034.848170895] [tf_help]: Data time: 36s 300000000ns, Transform time: 4s 296000000ns
[component_container_isolated-2] [INFO] [1789771034.904153442] [controller_server]: [TG-MPPI] cycle time (compute_backend=cpu): 5.992 ms/cycle avg over 50 cycles
[component_container_isolated-2] [ERROR] [1789771034.904301565] [tf_help]: Transform data too old when converting from map to odom
[component_container_isolated-2] [ERROR] [1789771034.904320875] [tf_help]: Data time: 36s 300000000ns, Transform time: 4s 296000000ns
[component_container_isolated-2] [ERROR] [1789771034.963329608] [tf_help]: Transform data too old when converting from map to odom
[component_container_isolated-2] [ERROR] [1789771034.963360166] [tf_help]: Data time: 36s 300000000ns, Transform time: 4s 296000000ns
[component_container_isolated-2] [ERROR] [1789771035.018809104] [tf_help]: Transform data too old when converting from map to odom
[component_container_isolated-2] [ERROR] [1789771035.018843917] [tf_help]: Data time: 36s 300000000ns, Transform time: 4s 296000000ns
[component_container_isolated-2] [ERROR] [1789771035.075436526] [tf_help]: Transform data too old when converting from map to odom
[component_container_isolated-2] [ERROR] [1789771035.075468536] [tf_help]: Data time: 36s 300000000ns, Transform time: 4s 296000000ns
[component_container_isolated-2] [ERROR] [1789771035.131037467] [tf_help]: Transform data too old when converting from map to odom
[component_container_isolated-2] [ERROR] [1789771035.131068963] [tf_help]: Data time: 36s 300000000ns, Transform time: 4s 296000000ns
[component_container_isolated-2] [ERROR] [1789771035.186545002] [tf_help]: Transform data too old when converting from map to odom
[component_container_isolated-2] [ERROR] [1789771035.186576919] [tf_help]: Data time: 36s 300000000ns, Transform time: 4s 296000000ns
[component_container_isolated-2] [INFO] [1789771035.236642313] [controller_server]: Passing new path to controller.
[component_container_isolated-2] [ERROR] [1789771035.241911214] [tf_help]: Transform data too old when converting from map to odom
[component_container_isolated-2] [ERROR] [1789771035.241935245] [tf_help]: Data time: 37s 200000000ns, Transform time: 4s 296000000ns
[component_container_isolated-2] [ERROR] [1789771035.297221183] [tf_help]: Transform data too old when converting from map to odom
[component_container_isolated-2] [ERROR] [1789771035.297253454] [tf_help]: Data time: 37s 200000000ns, Transform time: 4s 296000000ns
[component_container_isolated-2] [ERROR] [1789771035.347923816] [tf_help]: Transform data too old when converting from map to odom
[component_container_isolated-2] [ERROR] [1789771035.347957828] [tf_help]: Data time: 37s 200000000ns, Transform time: 4s 296000000ns
[component_container_isolated-2] [ERROR] [1789771035.397991083] [tf_help]: Transform data too old when converting from map to odom
[component_container_isolated-2] [ERROR] [1789771035.398020283] [tf_help]: Data time: 37s 200000000ns, Transform time: 4s 296000000ns
[component_container_isolated-2] [ERROR] [1789771035.448504194] [tf_help]: Transform data too old when converting from map to odom
[component_container_isolated-2] [ERROR] [1789771035.448536462] [tf_help]: Data time: 37s 200000000ns, Transform time: 4s 296000000ns
[component_container_isolated-2] [ERROR] [1789771035.499219746] [tf_help]: Transform data too old when converting from map to odom
[component_container_isolated-2] [ERROR] [1789771035.499253092] [tf_help]: Data time: 37s 200000000ns, Transform time: 4s 296000000ns
[component_container_isolated-2] [ERROR] [1789771035.547930005] [tf_help]: Transform data too old when converting from map to odom
[component_container_isolated-2] [ERROR] [1789771035.547963812] [tf_help]: Data time: 37s 200000000ns, Transform time: 4s 296000000ns
[component_container_isolated-2] [ERROR] [1789771035.597878633] [tf_help]: Transform data too old when converting from map to odom
[component_container_isolated-2] [ERROR] [1789771035.597910544] [tf_help]: Data time: 37s 200000000ns, Transform time: 4s 296000000ns
[component_container_isolated-2] [ERROR] [1789771035.647798000] [tf_help]: Transform data too old when converting from map to odom
[component_container_isolated-2] [ERROR] [1789771035.647829747] [tf_help]: Data time: 37s 200000000ns, Transform time: 4s 296000000ns
[component_container_isolated-2] [ERROR] [1789771035.698338583] [tf_help]: Transform data too old when converting from map to odom
[component_container_isolated-2] [ERROR] [1789771035.698370733] [tf_help]: Data time: 37s 200000000ns, Transform time: 4s 296000000ns
[component_container_isolated-2] [ERROR] [1789771035.748160373] [tf_help]: Transform data too old when converting from map to odom
[component_container_isolated-2] [ERROR] [1789771035.748194239] [tf_help]: Data time: 37s 200000000ns, Transform time: 4s 296000000ns
[component_container_isolated-2] [ERROR] [1789771035.798149371] [tf_help]: Transform data too old when converting from map to odom
[component_container_isolated-2] [ERROR] [1789771035.798198475] [tf_help]: Data time: 37s 200000000ns, Transform time: 4s 296000000ns
[component_container_isolated-2] [ERROR] [1789771035.848126884] [tf_help]: Transform data too old when converting from map to odom
[component_container_isolated-2] [ERROR] [1789771035.848161571] [tf_help]: Data time: 37s 200000000ns, Transform time: 4s 296000000ns
[component_container_isolated-2] [ERROR] [1789771035.900105243] [tf_help]: Transform data too old when converting from map to odom
[component_container_isolated-2] [ERROR] [1789771035.900136702] [tf_help]: Data time: 37s 200000000ns, Transform time: 4s 296000000ns
[component_container_isolated-2] [ERROR] [1789771035.947862393] [tf_help]: Transform data too old when converting from map to odom
[component_container_isolated-2] [ERROR] [1789771035.947892303] [tf_help]: Data time: 37s 200000000ns, Transform time: 4s 296000000ns
[component_container_isolated-2] [ERROR] [1789771035.997733121] [tf_help]: Transform data too old when converting from map to odom
[component_container_isolated-2] [ERROR] [1789771035.997767426] [tf_help]: Data time: 37s 200000000ns, Transform time: 4s 296000000ns
[component_container_isolated-2] [ERROR] [1789771036.047758637] [tf_help]: Transform data too old when converting from map to odom
[component_container_isolated-2] [ERROR] [1789771036.047797121] [tf_help]: Data time: 37s 200000000ns, Transform time: 4s 296000000ns
[component_container_isolated-2] [ERROR] [1789771036.098866363] [tf_help]: Transform data too old when converting from map to odom
[component_container_isolated-2] [ERROR] [1789771036.098903514] [tf_help]: Data time: 37s 200000000ns, Transform time: 4s 296000000ns
[component_container_isolated-2] [ERROR] [1789771036.148002993] [tf_help]: Transform data too old when converting from map to odom
[component_container_isolated-2] [ERROR] [1789771036.148037878] [tf_help]: Data time: 37s 200000000ns, Transform time: 4s 296000000ns
[component_container_isolated-2] [ERROR] [1789771036.197863020] [tf_help]: Transform data too old when converting from map to odom
[component_container_isolated-2] [ERROR] [1789771036.197900466] [tf_help]: Data time: 37s 200000000ns, Transform time: 4s 296000000ns
[component_container_isolated-2] [INFO] [1789771036.242582767] [controller_server]: Passing new path to controller.
[component_container_isolated-2] [ERROR] [1789771036.248092030] [tf_help]: Transform data too old when converting from map to odom
[component_container_isolated-2] [ERROR] [1789771036.248117844] [tf_help]: Data time: 38s 200000000ns, Transform time: 4s 296000000ns
[component_container_isolated-2] [ERROR] [1789771036.298009641] [tf_help]: Transform data too old when converting from map to odom
[component_container_isolated-2] [ERROR] [1789771036.298040089] [tf_help]: Data time: 38s 200000000ns, Transform time: 4s 296000000ns
[component_container_isolated-2] [ERROR] [1789771036.349231750] [tf_help]: Transform data too old when converting from map to odom
[component_container_isolated-2] [ERROR] [1789771036.349287893] [tf_help]: Data time: 38s 200000000ns, Transform time: 4s 296000000ns
[component_container_isolated-2] [ERROR] [1789771036.398058617] [tf_help]: Transform data too old when converting from map to odom
[component_container_isolated-2] [ERROR] [1789771036.398092146] [tf_help]: Data time: 38s 200000000ns, Transform time: 4s 296000000ns
[component_container_isolated-2] [ERROR] [1789771036.447725243] [tf_help]: Transform data too old when converting from map to odom
[component_container_isolated-2] [ERROR] [1789771036.447756315] [tf_help]: Data time: 38s 200000000ns, Transform time: 4s 296000000ns
[component_container_isolated-2] [ERROR] [1789771036.497915127] [tf_help]: Transform data too old when converting from map to odom
[component_container_isolated-2] [ERROR] [1789771036.497946783] [tf_help]: Data time: 38s 200000000ns, Transform time: 4s 296000000ns
[component_container_isolated-2] [ERROR] [1789771036.547706235] [tf_help]: Transform data too old when converting from map to odom
[component_container_isolated-2] [ERROR] [1789771036.547736742] [tf_help]: Data time: 38s 200000000ns, Transform time: 4s 296000000ns
[component_container_isolated-2] [ERROR] [1789771036.598001572] [tf_help]: Transform data too old when converting from map to odom
[component_container_isolated-2] [ERROR] [1789771036.598031732] [tf_help]: Data time: 38s 200000000ns, Transform time: 4s 296000000ns
[component_container_isolated-2] [ERROR] [1789771036.647717931] [tf_help]: Transform data too old when converting from map to odom
[component_container_isolated-2] [ERROR] [1789771036.647749712] [tf_help]: Data time: 38s 200000000ns, Transform time: 4s 296000000ns
[component_container_isolated-2] [ERROR] [1789771036.699624114] [tf_help]: Transform data too old when converting from map to odom
[component_container_isolated-2] [ERROR] [1789771036.699656250] [tf_help]: Data time: 38s 200000000ns, Transform time: 4s 296000000ns
[component_container_isolated-2] [ERROR] [1789771036.747738739] [tf_help]: Transform data too old when converting from map to odom
[component_container_isolated-2] [ERROR] [1789771036.747771415] [tf_help]: Data time: 38s 200000000ns, Transform time: 4s 296000000ns
[component_container_isolated-2] [ERROR] [1789771036.797815738] [tf_help]: Transform data too old when converting from map to odom
[component_container_isolated-2] [ERROR] [1789771036.797853727] [tf_help]: Data time: 38s 200000000ns, Transform time: 4s 296000000ns
[component_container_isolated-2] [ERROR] [1789771036.848118360] [tf_help]: Transform data too old when converting from map to odom
[component_container_isolated-2] [ERROR] [1789771036.848150141] [tf_help]: Data time: 38s 200000000ns, Transform time: 4s 296000000ns
[component_container_isolated-2] [ERROR] [1789771036.898046557] [tf_help]: Transform data too old when converting from map to odom
[component_container_isolated-2] [ERROR] [1789771036.898082749] [tf_help]: Data time: 38s 200000000ns, Transform time: 4s 296000000ns
[component_container_isolated-2] [ERROR] [1789771036.947844592] [tf_help]: Transform data too old when converting from map to odom
[component_container_isolated-2] [ERROR] [1789771036.947877623] [tf_help]: Data time: 38s 200000000ns, Transform time: 4s 296000000ns
[component_container_isolated-2] [ERROR] [1789771036.998124933] [tf_help]: Transform data too old when converting from map to odom
[component_container_isolated-2] [ERROR] [1789771036.998159584] [tf_help]: Data time: 38s 200000000ns, Transform time: 4s 296000000ns
[component_container_isolated-2] [ERROR] [1789771037.048001962] [tf_help]: Transform data too old when converting from map to odom
[component_container_isolated-2] [ERROR] [1789771037.048034055] [tf_help]: Data time: 38s 200000000ns, Transform time: 4s 296000000ns
[component_container_isolated-2] [ERROR] [1789771037.098957859] [tf_help]: Transform data too old when converting from map to odom
[component_container_isolated-2] [ERROR] [1789771037.098999329] [tf_help]: Data time: 38s 200000000ns, Transform time: 4s 296000000ns
[component_container_isolated-2] [ERROR] [1789771037.148000244] [tf_help]: Transform data too old when converting from map to odom
[component_container_isolated-2] [ERROR] [1789771037.148037066] [tf_help]: Data time: 38s 200000000ns, Transform time: 4s 296000000ns
[component_container_isolated-2] [ERROR] [1789771037.197807202] [tf_help]: Transform data too old when converting from map to odom
[component_container_isolated-2] [ERROR] [1789771037.197838377] [tf_help]: Data time: 38s 200000000ns, Transform time: 4s 296000000ns
[component_container_isolated-2] [ERROR] [1789771037.247854659] [tf_help]: Transform data too old when converting from map to odom
[component_container_isolated-2] [ERROR] [1789771037.247886775] [tf_help]: Data time: 38s 200000000ns, Transform time: 4s 296000000ns
[component_container_isolated-2] [INFO] [1789771037.292583521] [controller_server]: Passing new path to controller.
[component_container_isolated-2] [ERROR] [1789771037.298533576] [tf_help]: Transform data too old when converting from map to odom
[component_container_isolated-2] [ERROR] [1789771037.298560407] [tf_help]: Data time: 39s 200000000ns, Transform time: 4s 296000000ns
[component_container_isolated-2] [ERROR] [1789771037.347864440] [tf_help]: Transform data too old when converting from map to odom
[component_container_isolated-2] [ERROR] [1789771037.347896039] [tf_help]: Data time: 39s 200000000ns, Transform time: 4s 296000000ns
[component_container_isolated-2] [ERROR] [1789771037.397823934] [tf_help]: Transform data too old when converting from map to odom
[component_container_isolated-2] [ERROR] [1789771037.397855457] [tf_help]: Data time: 39s 200000000ns, Transform time: 4s 296000000ns
[component_container_isolated-2] [INFO] [1789771037.447810812] [controller_server]: [TG-MPPI] cycle time (compute_backend=cpu): 5.405 ms/cycle avg over 50 cycles
[component_container_isolated-2] [ERROR] [1789771037.447941360] [tf_help]: Transform data too old when converting from map to odom
[component_container_isolated-2] [ERROR] [1789771037.447960774] [tf_help]: Data time: 39s 200000000ns, Transform time: 4s 296000000ns
[component_container_isolated-2] [ERROR] [1789771037.497960261] [tf_help]: Transform data too old when converting from map to odom
[component_container_isolated-2] [ERROR] [1789771037.497999885] [tf_help]: Data time: 39s 200000000ns, Transform time: 4s 296000000ns
[component_container_isolated-2] [ERROR] [1789771037.547990462] [tf_help]: Transform data too old when converting from map to odom
[component_container_isolated-2] [ERROR] [1789771037.548023219] [tf_help]: Data time: 39s 200000000ns, Transform time: 4s 296000000ns
[component_container_isolated-2] [ERROR] [1789771037.597895692] [tf_help]: Transform data too old when converting from map to odom
[component_container_isolated-2] [ERROR] [1789771037.597935004] [tf_help]: Data time: 39s 200000000ns, Transform time: 4s 296000000ns
[component_container_isolated-2] [ERROR] [1789771037.647980233] [tf_help]: Transform data too old when converting from map to odom
[component_container_isolated-2] [ERROR] [1789771037.648015915] [tf_help]: Data time: 39s 200000000ns, Transform time: 4s 296000000ns
[component_container_isolated-2] [ERROR] [1789771037.698169046] [tf_help]: Transform data too old when converting from map to odom
[component_container_isolated-2] [ERROR] [1789771037.698205330] [tf_help]: Data time: 39s 200000000ns, Transform time: 4s 296000000ns
[component_container_isolated-2] [ERROR] [1789771037.747849811] [tf_help]: Transform data too old when converting from map to odom
[component_container_isolated-2] [ERROR] [1789771037.747881448] [tf_help]: Data time: 39s 200000000ns, Transform time: 4s 296000000ns
[component_container_isolated-2] [ERROR] [1789771037.797810737] [tf_help]: Transform data too old when converting from map to odom
[component_container_isolated-2] [ERROR] [1789771037.797856224] [tf_help]: Data time: 39s 200000000ns, Transform time: 4s 296000000ns
[component_container_isolated-2] [ERROR] [1789771037.851482520] [tf_help]: Transform data too old when converting from map to odom
[component_container_isolated-2] [ERROR] [1789771037.851543757] [tf_help]: Data time: 39s 200000000ns, Transform time: 4s 296000000ns
[component_container_isolated-2] [ERROR] [1789771037.902391438] [tf_help]: Transform data too old when converting from map to odom
[component_container_isolated-2] [ERROR] [1789771037.902440173] [tf_help]: Data time: 39s 200000000ns, Transform time: 4s 296000000ns
[component_container_isolated-2] [ERROR] [1789771037.949978042] [tf_help]: Transform data too old when converting from map to odom
[component_container_isolated-2] [ERROR] [1789771037.950013444] [tf_help]: Data time: 39s 200000000ns, Transform time: 4s 296000000ns
[component_container_isolated-2] [ERROR] [1789771037.998674726] [tf_help]: Transform data too old when converting from map to odom
[component_container_isolated-2] [ERROR] [1789771037.998706265] [tf_help]: Data time: 39s 200000000ns, Transform time: 4s 296000000ns
[ground_truth_localizer-1] [INFO] [1789771038.026185563] [ground_truth_localizer]: last 10 s: ground truth msgs 293, map->odom published 293 (280 via latest odom TF)
[component_container_isolated-2] [ERROR] [1789771038.048714703] [tf_help]: Transform data too old when converting from map to odom
[component_container_isolated-2] [ERROR] [1789771038.048754547] [tf_help]: Data time: 39s 200000000ns, Transform time: 4s 296000000ns
[component_container_isolated-2] [ERROR] [1789771038.097758116] [tf_help]: Transform data too old when converting from map to odom
[component_container_isolated-2] [ERROR] [1789771038.097792341] [tf_help]: Data time: 39s 200000000ns, Transform time: 4s 296000000ns
[component_container_isolated-2] [ERROR] [1789771038.147699888] [tf_help]: Transform data too old when converting from map to odom
[component_container_isolated-2] [ERROR] [1789771038.147733813] [tf_help]: Data time: 39s 200000000ns, Transform time: 4s 296000000ns
[component_container_isolated-2] [ERROR] [1789771038.197839196] [tf_help]: Transform data too old when converting from map to odom
[component_container_isolated-2] [ERROR] [1789771038.197878182] [tf_help]: Data time: 39s 200000000ns, Transform time: 4s 296000000ns
[component_container_isolated-2] [ERROR] [1789771038.248622369] [tf_help]: Transform data too old when converting from map to odom
[component_container_isolated-2] [ERROR] [1789771038.248652412] [tf_help]: Data time: 39s 200000000ns, Transform time: 4s 296000000ns
[component_container_isolated-2] [INFO] [1789771038.292585425] [controller_server]: Passing new path to controller.
[component_container_isolated-2] [ERROR] [1789771038.299052527] [tf_help]: Transform data too old when converting from map to odom
[component_container_isolated-2] [ERROR] [1789771038.299076424] [tf_help]: Data time: 40s 100000000ns, Transform time: 4s 296000000ns
[component_container_isolated-2] [ERROR] [1789771038.352426498] [tf_help]: Transform data too old when converting from map to odom
[component_container_isolated-2] [ERROR] [1789771038.352479381] [tf_help]: Data time: 40s 100000000ns, Transform time: 4s 296000000ns
[component_container_isolated-2] [ERROR] [1789771038.402403931] [tf_help]: Transform data too old when converting from map to odom
[component_container_isolated-2] [ERROR] [1789771038.402453260] [tf_help]: Data time: 40s 100000000ns, Transform time: 4s 296000000ns
[component_container_isolated-2] [ERROR] [1789771038.450960837] [tf_help]: Transform data too old when converting from map to odom
[component_container_isolated-2] [ERROR] [1789771038.450998217] [tf_help]: Data time: 40s 100000000ns, Transform time: 4s 296000000ns
[component_container_isolated-2] [ERROR] [1789771038.497997860] [tf_help]: Transform data too old when converting from map to odom
[component_container_isolated-2] [ERROR] [1789771038.498027546] [tf_help]: Data time: 40s 100000000ns, Transform time: 4s 296000000ns
[component_container_isolated-2] [ERROR] [1789771038.547988352] [tf_help]: Transform data too old when converting from map to odom
[component_container_isolated-2] [ERROR] [1789771038.548019899] [tf_help]: Data time: 40s 100000000ns, Transform time: 4s 296000000ns
[component_container_isolated-2] [ERROR] [1789771038.597838886] [tf_help]: Transform data too old when converting from map to odom
[component_container_isolated-2] [ERROR] [1789771038.597871012] [tf_help]: Data time: 40s 100000000ns, Transform time: 4s 296000000ns
[component_container_isolated-2] [ERROR] [1789771038.649178914] [tf_help]: Transform data too old when converting from map to odom
[component_container_isolated-2] [ERROR] [1789771038.649211897] [tf_help]: Data time: 40s 100000000ns, Transform time: 4s 296000000ns
[component_container_isolated-2] [ERROR] [1789771038.697638572] [tf_help]: Transform data too old when converting from map to odom
[component_container_isolated-2] [ERROR] [1789771038.697669917] [tf_help]: Data time: 40s 100000000ns, Transform time: 4s 296000000ns
[component_container_isolated-2] [ERROR] [1789771038.748677062] [tf_help]: Transform data too old when converting from map to odom
[component_container_isolated-2] [ERROR] [1789771038.748706441] [tf_help]: Data time: 40s 100000000ns, Transform time: 4s 296000000ns
[component_container_isolated-2] [ERROR] [1789771038.799396712] [tf_help]: Transform data too old when converting from map to odom
[component_container_isolated-2] [ERROR] [1789771038.799446316] [tf_help]: Data time: 40s 100000000ns, Transform time: 4s 296000000ns
[component_container_isolated-2] [ERROR] [1789771038.847683757] [tf_help]: Transform data too old when converting from map to odom
[component_container_isolated-2] [ERROR] [1789771038.847714181] [tf_help]: Data time: 40s 100000000ns, Transform time: 4s 296000000ns
[component_container_isolated-2] [ERROR] [1789771038.897642652] [tf_help]: Transform data too old when converting from map to odom
[component_container_isolated-2] [ERROR] [1789771038.897674542] [tf_help]: Data time: 40s 100000000ns, Transform time: 4s 296000000ns
[component_container_isolated-2] [ERROR] [1789771038.947770420] [tf_help]: Transform data too old when converting from map to odom
[component_container_isolated-2] [ERROR] [1789771038.947803817] [tf_help]: Data time: 40s 100000000ns, Transform time: 4s 296000000ns
[component_container_isolated-2] [ERROR] [1789771038.997721701] [tf_help]: Transform data too old when converting from map to odom
[component_container_isolated-2] [ERROR] [1789771038.997751784] [tf_help]: Data time: 40s 100000000ns, Transform time: 4s 296000000ns
[component_container_isolated-2] [ERROR] [1789771039.047705495] [tf_help]: Transform data too old when converting from map to odom
[component_container_isolated-2] [ERROR] [1789771039.047738831] [tf_help]: Data time: 40s 100000000ns, Transform time: 4s 296000000ns
[component_container_isolated-2] [ERROR] [1789771039.097977922] [tf_help]: Transform data too old when converting from map to odom
[component_container_isolated-2] [ERROR] [1789771039.098007331] [tf_help]: Data time: 40s 100000000ns, Transform time: 4s 296000000ns
[component_container_isolated-2] [ERROR] [1789771039.147824285] [tf_help]: Transform data too old when converting from map to odom
[component_container_isolated-2] [ERROR] [1789771039.147854912] [tf_help]: Data time: 40s 100000000ns, Transform time: 4s 296000000ns
[component_container_isolated-2] [ERROR] [1789771039.197662440] [tf_help]: Transform data too old when converting from map to odom
[component_container_isolated-2] [ERROR] [1789771039.197693685] [tf_help]: Data time: 40s 100000000ns, Transform time: 4s 296000000ns
[component_container_isolated-2] [ERROR] [1789771039.250833623] [tf_help]: Transform data too old when converting from map to odom
[component_container_isolated-2] [ERROR] [1789771039.250867396] [tf_help]: Data time: 40s 100000000ns, Transform time: 4s 296000000ns
[component_container_isolated-2] [ERROR] [1789771039.297826226] [tf_help]: Transform data too old when converting from map to odom
[component_container_isolated-2] [ERROR] [1789771039.297859449] [tf_help]: Data time: 40s 100000000ns, Transform time: 4s 296000000ns
[component_container_isolated-2] [INFO] [1789771039.342581233] [controller_server]: Passing new path to controller.
[component_container_isolated-2] [ERROR] [1789771039.347986435] [tf_help]: Transform data too old when converting from map to odom
[component_container_isolated-2] [ERROR] [1789771039.348014760] [tf_help]: Data time: 41s 200000000ns, Transform time: 4s 296000000ns
[component_container_isolated-2] [ERROR] [1789771039.398844296] [tf_help]: Transform data too old when converting from map to odom
[component_container_isolated-2] [ERROR] [1789771039.398882353] [tf_help]: Data time: 41s 200000000ns, Transform time: 4s 296000000ns
[component_container_isolated-2] [ERROR] [1789771039.448555157] [tf_help]: Transform data too old when converting from map to odom
[component_container_isolated-2] [ERROR] [1789771039.448607718] [tf_help]: Data time: 41s 200000000ns, Transform time: 4s 296000000ns
[component_container_isolated-2] [ERROR] [1789771039.502647981] [tf_help]: Transform data too old when converting from map to odom
[component_container_isolated-2] [ERROR] [1789771039.502693161] [tf_help]: Data time: 41s 200000000ns, Transform time: 4s 296000000ns
[component_container_isolated-2] [ERROR] [1789771039.549752849] [tf_help]: Transform data too old when converting from map to odom
[component_container_isolated-2] [ERROR] [1789771039.549794174] [tf_help]: Data time: 41s 200000000ns, Transform time: 4s 296000000ns
[component_container_isolated-2] [ERROR] [1789771039.597894037] [tf_help]: Transform data too old when converting from map to odom
[component_container_isolated-2] [ERROR] [1789771039.597926051] [tf_help]: Data time: 41s 200000000ns, Transform time: 4s 296000000ns
[component_container_isolated-2] [ERROR] [1789771039.648124243] [tf_help]: Transform data too old when converting from map to odom
[component_container_isolated-2] [ERROR] [1789771039.648157469] [tf_help]: Data time: 41s 200000000ns, Transform time: 4s 296000000ns
[component_container_isolated-2] [ERROR] [1789771039.697932720] [tf_help]: Transform data too old when converting from map to odom
[component_container_isolated-2] [ERROR] [1789771039.697966008] [tf_help]: Data time: 41s 200000000ns, Transform time: 4s 296000000ns
[component_container_isolated-2] [ERROR] [1789771039.747908728] [tf_help]: Transform data too old when converting from map to odom
[component_container_isolated-2] [ERROR] [1789771039.747940018] [tf_help]: Data time: 41s 200000000ns, Transform time: 4s 296000000ns
[component_container_isolated-2] [ERROR] [1789771039.803004035] [tf_help]: Transform data too old when converting from map to odom
[component_container_isolated-2] [ERROR] [1789771039.803065348] [tf_help]: Data time: 41s 200000000ns, Transform time: 4s 296000000ns
[component_container_isolated-2] [ERROR] [1789771039.853260807] [tf_help]: Transform data too old when converting from map to odom
[component_container_isolated-2] [ERROR] [1789771039.853305367] [tf_help]: Data time: 41s 200000000ns, Transform time: 4s 296000000ns
[component_container_isolated-2] [ERROR] [1789771039.900952945] [tf_help]: Transform data too old when converting from map to odom
[component_container_isolated-2] [ERROR] [1789771039.900986847] [tf_help]: Data time: 41s 200000000ns, Transform time: 4s 296000000ns
[component_container_isolated-2] [INFO] [1789771039.947703531] [controller_server]: [TG-MPPI] cycle time (compute_backend=cpu): 6.126 ms/cycle avg over 50 cycles
[component_container_isolated-2] [ERROR] [1789771039.947835792] [tf_help]: Transform data too old when converting from map to odom
[component_container_isolated-2] [ERROR] [1789771039.947853367] [tf_help]: Data time: 41s 200000000ns, Transform time: 4s 296000000ns
[component_container_isolated-2] [ERROR] [1789771039.997914806] [tf_help]: Transform data too old when converting from map to odom
[component_container_isolated-2] [ERROR] [1789771039.997949645] [tf_help]: Data time: 41s 200000000ns, Transform time: 4s 296000000ns
[component_container_isolated-2] [ERROR] [1789771040.047855472] [tf_help]: Transform data too old when converting from map to odom
[component_container_isolated-2] [ERROR] [1789771040.047886651] [tf_help]: Data time: 41s 200000000ns, Transform time: 4s 296000000ns
[component_container_isolated-2] [ERROR] [1789771040.097777379] [tf_help]: Transform data too old when converting from map to odom
[component_container_isolated-2] [ERROR] [1789771040.097811081] [tf_help]: Data time: 41s 200000000ns, Transform time: 4s 296000000ns
[component_container_isolated-2] [ERROR] [1789771040.152508037] [tf_help]: Transform data too old when converting from map to odom
[component_container_isolated-2] [ERROR] [1789771040.152556540] [tf_help]: Data time: 41s 200000000ns, Transform time: 4s 296000000ns
[component_container_isolated-2] [ERROR] [1789771040.198953034] [tf_help]: Transform data too old when converting from map to odom
[component_container_isolated-2] [ERROR] [1789771040.198984521] [tf_help]: Data time: 41s 200000000ns, Transform time: 4s 296000000ns
[component_container_isolated-2] [ERROR] [1789771040.247736404] [tf_help]: Transform data too old when converting from map to odom
[component_container_isolated-2] [ERROR] [1789771040.247776097] [tf_help]: Data time: 41s 200000000ns, Transform time: 4s 296000000ns
[component_container_isolated-2] [ERROR] [1789771040.297967921] [tf_help]: Transform data too old when converting from map to odom
[component_container_isolated-2] [ERROR] [1789771040.298000846] [tf_help]: Data time: 41s 200000000ns, Transform time: 4s 296000000ns
[component_container_isolated-2] [ERROR] [1789771040.347831599] [tf_help]: Transform data too old when converting from map to odom
[component_container_isolated-2] [ERROR] [1789771040.347864724] [tf_help]: Data time: 41s 200000000ns, Transform time: 4s 296000000ns
[component_container_isolated-2] [INFO] [1789771040.392581114] [controller_server]: Passing new path to controller.
[component_container_isolated-2] [ERROR] [1789771040.397823346] [tf_help]: Transform data too old when converting from map to odom
[component_container_isolated-2] [ERROR] [1789771040.397857492] [tf_help]: Data time: 42s 200000000ns, Transform time: 4s 296000000ns
[component_container_isolated-2] [ERROR] [1789771040.447916208] [tf_help]: Transform data too old when converting from map to odom
[component_container_isolated-2] [ERROR] [1789771040.447947443] [tf_help]: Data time: 42s 200000000ns, Transform time: 4s 296000000ns
[component_container_isolated-2] [ERROR] [1789771040.498250842] [tf_help]: Transform data too old when converting from map to odom
[component_container_isolated-2] [ERROR] [1789771040.498287314] [tf_help]: Data time: 42s 200000000ns, Transform time: 4s 296000000ns
[component_container_isolated-2] [ERROR] [1789771040.547989366] [tf_help]: Transform data too old when converting from map to odom
[component_container_isolated-2] [ERROR] [1789771040.548025177] [tf_help]: Data time: 42s 200000000ns, Transform time: 4s 296000000ns
[component_container_isolated-2] [ERROR] [1789771040.601981558] [tf_help]: Transform data too old when converting from map to odom
[component_container_isolated-2] [ERROR] [1789771040.602010659] [tf_help]: Data time: 42s 200000000ns, Transform time: 4s 296000000ns
[component_container_isolated-2] [ERROR] [1789771040.648112400] [tf_help]: Transform data too old when converting from map to odom
[component_container_isolated-2] [ERROR] [1789771040.648142954] [tf_help]: Data time: 42s 200000000ns, Transform time: 4s 296000000ns
[component_container_isolated-2] [ERROR] [1789771040.697698725] [tf_help]: Transform data too old when converting from map to odom
[component_container_isolated-2] [ERROR] [1789771040.697729074] [tf_help]: Data time: 42s 200000000ns, Transform time: 4s 296000000ns
[component_container_isolated-2] [ERROR] [1789771040.748690591] [tf_help]: Transform data too old when converting from map to odom
[component_container_isolated-2] [ERROR] [1789771040.748736006] [tf_help]: Data time: 42s 200000000ns, Transform time: 4s 296000000ns
[component_container_isolated-2] [ERROR] [1789771040.801392367] [tf_help]: Transform data too old when converting from map to odom
[component_container_isolated-2] [ERROR] [1789771040.801543532] [tf_help]: Data time: 42s 200000000ns, Transform time: 4s 296000000ns
[component_container_isolated-2] [ERROR] [1789771040.852823411] [tf_help]: Transform data too old when converting from map to odom
[component_container_isolated-2] [ERROR] [1789771040.852866132] [tf_help]: Data time: 42s 200000000ns, Transform time: 4s 296000000ns
[component_container_isolated-2] [ERROR] [1789771040.902552215] [tf_help]: Transform data too old when converting from map to odom
[component_container_isolated-2] [ERROR] [1789771040.902596868] [tf_help]: Data time: 42s 200000000ns, Transform time: 4s 296000000ns
[component_container_isolated-2] [ERROR] [1789771040.952914171] [tf_help]: Transform data too old when converting from map to odom
[component_container_isolated-2] [ERROR] [1789771040.952957322] [tf_help]: Data time: 42s 200000000ns, Transform time: 4s 296000000ns
[component_container_isolated-2] [ERROR] [1789771041.000412184] [tf_help]: Transform data too old when converting from map to odom
[component_container_isolated-2] [ERROR] [1789771041.000452856] [tf_help]: Data time: 42s 200000000ns, Transform time: 4s 296000000ns
[component_container_isolated-2] [ERROR] [1789771041.047892222] [tf_help]: Transform data too old when converting from map to odom
[component_container_isolated-2] [ERROR] [1789771041.047928090] [tf_help]: Data time: 42s 200000000ns, Transform time: 4s 296000000ns
[component_container_isolated-2] [ERROR] [1789771041.098424488] [tf_help]: Transform data too old when converting from map to odom
[component_container_isolated-2] [ERROR] [1789771041.098459279] [tf_help]: Data time: 42s 200000000ns, Transform time: 4s 296000000ns
[component_container_isolated-2] [ERROR] [1789771041.147803130] [tf_help]: Transform data too old when converting from map to odom
[component_container_isolated-2] [ERROR] [1789771041.147838400] [tf_help]: Data time: 42s 200000000ns, Transform time: 4s 296000000ns
[component_container_isolated-2] [ERROR] [1789771041.197850712] [tf_help]: Transform data too old when converting from map to odom
[component_container_isolated-2] [ERROR] [1789771041.197883680] [tf_help]: Data time: 42s 200000000ns, Transform time: 4s 296000000ns
[component_container_isolated-2] [ERROR] [1789771041.248078022] [tf_help]: Transform data too old when converting from map to odom
[component_container_isolated-2] [ERROR] [1789771041.248110071] [tf_help]: Data time: 42s 200000000ns, Transform time: 4s 296000000ns
[component_container_isolated-2] [ERROR] [1789771041.299801235] [tf_help]: Transform data too old when converting from map to odom
[component_container_isolated-2] [ERROR] [1789771041.299832465] [tf_help]: Data time: 42s 200000000ns, Transform time: 4s 296000000ns
[component_container_isolated-2] [ERROR] [1789771041.350738178] [tf_help]: Transform data too old when converting from map to odom
[component_container_isolated-2] [ERROR] [1789771041.350784213] [tf_help]: Data time: 42s 200000000ns, Transform time: 4s 296000000ns
[component_container_isolated-2] [INFO] [1789771041.392584904] [controller_server]: Passing new path to controller.
[component_container_isolated-2] [ERROR] [1789771041.398503164] [tf_help]: Transform data too old when converting from map to odom
[component_container_isolated-2] [ERROR] [1789771041.398532428] [tf_help]: Data time: 43s 100000000ns, Transform time: 4s 296000000ns
[component_container_isolated-2] [ERROR] [1789771041.447843166] [tf_help]: Transform data too old when converting from map to odom
[component_container_isolated-2] [ERROR] [1789771041.447873626] [tf_help]: Data time: 43s 100000000ns, Transform time: 4s 296000000ns
[component_container_isolated-2] [ERROR] [1789771041.497635184] [tf_help]: Transform data too old when converting from map to odom
[component_container_isolated-2] [ERROR] [1789771041.497664631] [tf_help]: Data time: 43s 100000000ns, Transform time: 4s 296000000ns
[component_container_isolated-2] [ERROR] [1789771041.551602609] [tf_help]: Transform data too old when converting from map to odom
[component_container_isolated-2] [ERROR] [1789771041.551642956] [tf_help]: Data time: 43s 100000000ns, Transform time: 4s 296000000ns
[component_container_isolated-2] [ERROR] [1789771041.602116640] [tf_help]: Transform data too old when converting from map to odom
[component_container_isolated-2] [ERROR] [1789771041.602149889] [tf_help]: Data time: 43s 100000000ns, Transform time: 4s 296000000ns
[component_container_isolated-2] [ERROR] [1789771041.648995015] [tf_help]: Transform data too old when converting from map to odom
[component_container_isolated-2] [ERROR] [1789771041.649028695] [tf_help]: Data time: 43s 100000000ns, Transform time: 4s 296000000ns
[component_container_isolated-2] [ERROR] [1789771041.699073361] [tf_help]: Transform data too old when converting from map to odom
[component_container_isolated-2] [ERROR] [1789771041.699111886] [tf_help]: Data time: 43s 100000000ns, Transform time: 4s 296000000ns
[component_container_isolated-2] [ERROR] [1789771041.750310203] [tf_help]: Transform data too old when converting from map to odom
[component_container_isolated-2] [ERROR] [1789771041.750346902] [tf_help]: Data time: 43s 100000000ns, Transform time: 4s 296000000ns
[component_container_isolated-2] [ERROR] [1789771041.799225882] [tf_help]: Transform data too old when converting from map to odom
[component_container_isolated-2] [ERROR] [1789771041.799275445] [tf_help]: Data time: 43s 100000000ns, Transform time: 4s 296000000ns
[component_container_isolated-2] [ERROR] [1789771041.848721266] [tf_help]: Transform data too old when converting from map to odom
[component_container_isolated-2] [ERROR] [1789771041.848754811] [tf_help]: Data time: 43s 100000000ns, Transform time: 4s 296000000ns
[component_container_isolated-2] [ERROR] [1789771041.898627181] [tf_help]: Transform data too old when converting from map to odom
[component_container_isolated-2] [ERROR] [1789771041.898658604] [tf_help]: Data time: 43s 100000000ns, Transform time: 4s 296000000ns
[component_container_isolated-2] [ERROR] [1789771041.948496931] [tf_help]: Transform data too old when converting from map to odom
[component_container_isolated-2] [ERROR] [1789771041.948529390] [tf_help]: Data time: 43s 100000000ns, Transform time: 4s 296000000ns
[component_container_isolated-2] [ERROR] [1789771041.998268997] [tf_help]: Transform data too old when converting from map to odom
[component_container_isolated-2] [ERROR] [1789771041.998300893] [tf_help]: Data time: 43s 100000000ns, Transform time: 4s 296000000ns
[component_container_isolated-2] [ERROR] [1789771042.047784844] [tf_help]: Transform data too old when converting from map to odom
[component_container_isolated-2] [ERROR] [1789771042.047819484] [tf_help]: Data time: 43s 100000000ns, Transform time: 4s 296000000ns
[component_container_isolated-2] [ERROR] [1789771042.097685990] [tf_help]: Transform data too old when converting from map to odom
[component_container_isolated-2] [ERROR] [1789771042.097716964] [tf_help]: Data time: 43s 100000000ns, Transform time: 4s 296000000ns
[component_container_isolated-2] [ERROR] [1789771042.147774557] [tf_help]: Transform data too old when converting from map to odom
[component_container_isolated-2] [ERROR] [1789771042.147806140] [tf_help]: Data time: 43s 100000000ns, Transform time: 4s 296000000ns
[component_container_isolated-2] [ERROR] [1789771042.197888739] [tf_help]: Transform data too old when converting from map to odom
[component_container_isolated-2] [ERROR] [1789771042.197920552] [tf_help]: Data time: 43s 100000000ns, Transform time: 4s 296000000ns
[component_container_isolated-2] [ERROR] [1789771042.249445963] [tf_help]: Transform data too old when converting from map to odom
[component_container_isolated-2] [ERROR] [1789771042.249477808] [tf_help]: Data time: 43s 100000000ns, Transform time: 4s 296000000ns
[component_container_isolated-2] [ERROR] [1789771042.298818257] [tf_help]: Transform data too old when converting from map to odom
[component_container_isolated-2] [ERROR] [1789771042.298857495] [tf_help]: Data time: 43s 100000000ns, Transform time: 4s 296000000ns
[component_container_isolated-2] [ERROR] [1789771042.348607090] [tf_help]: Transform data too old when converting from map to odom
[component_container_isolated-2] [ERROR] [1789771042.348643724] [tf_help]: Data time: 43s 100000000ns, Transform time: 4s 296000000ns
[component_container_isolated-2] [ERROR] [1789771042.397985944] [tf_help]: Transform data too old when converting from map to odom
[component_container_isolated-2] [ERROR] [1789771042.398016951] [tf_help]: Data time: 43s 100000000ns, Transform time: 4s 296000000ns
[component_container_isolated-2] [INFO] [1789771042.442583213] [controller_server]: Passing new path to controller.
[component_container_isolated-2] [INFO] [1789771042.448506167] [controller_server]: [TG-MPPI] cycle time (compute_backend=cpu): 6.197 ms/cycle avg over 50 cycles
[component_container_isolated-2] [ERROR] [1789771042.448671090] [tf_help]: Transform data too old when converting from map to odom
[component_container_isolated-2] [ERROR] [1789771042.448691921] [tf_help]: Data time: 44s 100000000ns, Transform time: 4s 296000000ns
[component_container_isolated-2] [ERROR] [1789771042.498760241] [tf_help]: Transform data too old when converting from map to odom
[component_container_isolated-2] [ERROR] [1789771042.498793511] [tf_help]: Data time: 44s 100000000ns, Transform time: 4s 296000000ns
[component_container_isolated-2] [ERROR] [1789771042.550444249] [tf_help]: Transform data too old when converting from map to odom
[component_container_isolated-2] [ERROR] [1789771042.550487774] [tf_help]: Data time: 44s 100000000ns, Transform time: 4s 296000000ns
[component_container_isolated-2] [ERROR] [1789771042.598665949] [tf_help]: Transform data too old when converting from map to odom
[component_container_isolated-2] [ERROR] [1789771042.598701063] [tf_help]: Data time: 44s 100000000ns, Transform time: 4s 296000000ns
[component_container_isolated-2] [ERROR] [1789771042.648843864] [tf_help]: Transform data too old when converting from map to odom
[component_container_isolated-2] [ERROR] [1789771042.648879230] [tf_help]: Data time: 44s 100000000ns, Transform time: 4s 296000000ns
[component_container_isolated-2] [ERROR] [1789771042.697793594] [tf_help]: Transform data too old when converting from map to odom
[component_container_isolated-2] [ERROR] [1789771042.697826763] [tf_help]: Data time: 44s 100000000ns, Transform time: 4s 296000000ns
[component_container_isolated-2] [ERROR] [1789771042.750616549] [tf_help]: Transform data too old when converting from map to odom
[component_container_isolated-2] [ERROR] [1789771042.750658456] [tf_help]: Data time: 44s 100000000ns, Transform time: 4s 296000000ns
[component_container_isolated-2] [ERROR] [1789771042.798986869] [tf_help]: Transform data too old when converting from map to odom
[component_container_isolated-2] [ERROR] [1789771042.799020704] [tf_help]: Data time: 44s 100000000ns, Transform time: 4s 296000000ns
[component_container_isolated-2] [ERROR] [1789771042.848190041] [tf_help]: Transform data too old when converting from map to odom
[component_container_isolated-2] [ERROR] [1789771042.848223811] [tf_help]: Data time: 44s 100000000ns, Transform time: 4s 296000000ns
[component_container_isolated-2] [ERROR] [1789771042.899073160] [tf_help]: Transform data too old when converting from map to odom
[component_container_isolated-2] [ERROR] [1789771042.899107312] [tf_help]: Data time: 44s 100000000ns, Transform time: 4s 296000000ns
[component_container_isolated-2] [ERROR] [1789771042.947838766] [tf_help]: Transform data too old when converting from map to odom
[component_container_isolated-2] [ERROR] [1789771042.947873806] [tf_help]: Data time: 44s 100000000ns, Transform time: 4s 296000000ns
[component_container_isolated-2] [ERROR] [1789771042.998242575] [tf_help]: Transform data too old when converting from map to odom
[component_container_isolated-2] [ERROR] [1789771042.998278477] [tf_help]: Data time: 44s 100000000ns, Transform time: 4s 296000000ns
[component_container_isolated-2] [ERROR] [1789771043.048255436] [tf_help]: Transform data too old when converting from map to odom
[component_container_isolated-2] [ERROR] [1789771043.048295580] [tf_help]: Data time: 44s 100000000ns, Transform time: 4s 296000000ns
[component_container_isolated-2] [ERROR] [1789771043.100537689] [tf_help]: Transform data too old when converting from map to odom
[component_container_isolated-2] [ERROR] [1789771043.100579900] [tf_help]: Data time: 44s 100000000ns, Transform time: 4s 296000000ns
[component_container_isolated-2] [ERROR] [1789771043.149614016] [tf_help]: Transform data too old when converting from map to odom
[component_container_isolated-2] [ERROR] [1789771043.149646249] [tf_help]: Data time: 44s 100000000ns, Transform time: 4s 296000000ns
[component_container_isolated-2] [ERROR] [1789771043.198181979] [tf_help]: Transform data too old when converting from map to odom
[component_container_isolated-2] [ERROR] [1789771043.198215323] [tf_help]: Data time: 44s 100000000ns, Transform time: 4s 296000000ns
[component_container_isolated-2] [ERROR] [1789771043.248506585] [tf_help]: Transform data too old when converting from map to odom
[component_container_isolated-2] [ERROR] [1789771043.248553851] [tf_help]: Data time: 44s 100000000ns, Transform time: 4s 296000000ns
[component_container_isolated-2] [ERROR] [1789771043.298168825] [tf_help]: Transform data too old when converting from map to odom
[component_container_isolated-2] [ERROR] [1789771043.298211398] [tf_help]: Data time: 44s 100000000ns, Transform time: 4s 296000000ns
[component_container_isolated-2] [ERROR] [1789771043.347831576] [tf_help]: Transform data too old when converting from map to odom
[component_container_isolated-2] [ERROR] [1789771043.347864694] [tf_help]: Data time: 44s 100000000ns, Transform time: 4s 296000000ns
[component_container_isolated-2] [ERROR] [1789771043.398351971] [tf_help]: Transform data too old when converting from map to odom
[component_container_isolated-2] [ERROR] [1789771043.398386173] [tf_help]: Data time: 44s 100000000ns, Transform time: 4s 296000000ns
[component_container_isolated-2] [INFO] [1789771043.442579805] [controller_server]: Passing new path to controller.
[component_container_isolated-2] [ERROR] [1789771043.447909810] [tf_help]: Transform data too old when converting from map to odom
[component_container_isolated-2] [ERROR] [1789771043.447942213] [tf_help]: Data time: 45s 100000000ns, Transform time: 4s 296000000ns
[component_container_isolated-2] [ERROR] [1789771043.497800686] [tf_help]: Transform data too old when converting from map to odom
[component_container_isolated-2] [ERROR] [1789771043.497835736] [tf_help]: Data time: 45s 100000000ns, Transform time: 4s 296000000ns
[component_container_isolated-2] [ERROR] [1789771043.548423091] [tf_help]: Transform data too old when converting from map to odom
[component_container_isolated-2] [ERROR] [1789771043.548457889] [tf_help]: Data time: 45s 100000000ns, Transform time: 4s 296000000ns
[component_container_isolated-2] [ERROR] [1789771043.597680836] [tf_help]: Transform data too old when converting from map to odom
[component_container_isolated-2] [ERROR] [1789771043.597712820] [tf_help]: Data time: 45s 100000000ns, Transform time: 4s 296000000ns
[component_container_isolated-2] [ERROR] [1789771043.650640527] [tf_help]: Transform data too old when converting from map to odom
[component_container_isolated-2] [ERROR] [1789771043.650701818] [tf_help]: Data time: 45s 100000000ns, Transform time: 4s 296000000ns
[component_container_isolated-2] [ERROR] [1789771043.697831238] [tf_help]: Transform data too old when converting from map to odom
[component_container_isolated-2] [ERROR] [1789771043.697863712] [tf_help]: Data time: 45s 100000000ns, Transform time: 4s 296000000ns
[component_container_isolated-2] [ERROR] [1789771043.748272810] [tf_help]: Transform data too old when converting from map to odom
[component_container_isolated-2] [ERROR] [1789771043.748305564] [tf_help]: Data time: 45s 100000000ns, Transform time: 4s 296000000ns
[component_container_isolated-2] [ERROR] [1789771043.798210017] [tf_help]: Transform data too old when converting from map to odom
[component_container_isolated-2] [ERROR] [1789771043.798244344] [tf_help]: Data time: 45s 100000000ns, Transform time: 4s 296000000ns
[component_container_isolated-2] [ERROR] [1789771043.848839989] [tf_help]: Transform data too old when converting from map to odom
[component_container_isolated-2] [ERROR] [1789771043.848890552] [tf_help]: Data time: 45s 100000000ns, Transform time: 4s 296000000ns
[component_container_isolated-2] [ERROR] [1789771043.899005038] [tf_help]: Transform data too old when converting from map to odom
[component_container_isolated-2] [ERROR] [1789771043.899035681] [tf_help]: Data time: 45s 100000000ns, Transform time: 4s 296000000ns
[component_container_isolated-2] [ERROR] [1789771043.948530272] [tf_help]: Transform data too old when converting from map to odom
[component_container_isolated-2] [ERROR] [1789771043.948559724] [tf_help]: Data time: 45s 100000000ns, Transform time: 4s 296000000ns
[component_container_isolated-2] [ERROR] [1789771044.000165513] [tf_help]: Transform data too old when converting from map to odom
[component_container_isolated-2] [ERROR] [1789771044.000201134] [tf_help]: Data time: 45s 100000000ns, Transform time: 4s 296000000ns
[component_container_isolated-2] [ERROR] [1789771044.048101618] [tf_help]: Transform data too old when converting from map to odom
[component_container_isolated-2] [ERROR] [1789771044.048149646] [tf_help]: Data time: 45s 100000000ns, Transform time: 4s 296000000ns
[component_container_isolated-2] [ERROR] [1789771044.098365653] [tf_help]: Transform data too old when converting from map to odom
[component_container_isolated-2] [ERROR] [1789771044.098400073] [tf_help]: Data time: 45s 100000000ns, Transform time: 4s 296000000ns
[component_container_isolated-2] [ERROR] [1789771044.148815645] [tf_help]: Transform data too old when converting from map to odom
[component_container_isolated-2] [ERROR] [1789771044.148846552] [tf_help]: Data time: 45s 100000000ns, Transform time: 4s 296000000ns
[component_container_isolated-2] [ERROR] [1789771044.197907240] [tf_help]: Transform data too old when converting from map to odom
[component_container_isolated-2] [ERROR] [1789771044.197937556] [tf_help]: Data time: 45s 100000000ns, Transform time: 4s 296000000ns
[component_container_isolated-2] [ERROR] [1789771044.248043168] [tf_help]: Transform data too old when converting from map to odom
[component_container_isolated-2] [ERROR] [1789771044.248072587] [tf_help]: Data time: 45s 100000000ns, Transform time: 4s 296000000ns
[component_container_isolated-2] [ERROR] [1789771044.297802470] [tf_help]: Transform data too old when converting from map to odom
[component_container_isolated-2] [ERROR] [1789771044.297838090] [tf_help]: Data time: 45s 100000000ns, Transform time: 4s 296000000ns
[component_container_isolated-2] [ERROR] [1789771044.348365553] [tf_help]: Transform data too old when converting from map to odom
[component_container_isolated-2] [ERROR] [1789771044.348400903] [tf_help]: Data time: 45s 100000000ns, Transform time: 4s 296000000ns
[component_container_isolated-2] [ERROR] [1789771044.397768129] [tf_help]: Transform data too old when converting from map to odom
[component_container_isolated-2] [ERROR] [1789771044.397808848] [tf_help]: Data time: 45s 100000000ns, Transform time: 4s 296000000ns
[component_container_isolated-2] [ERROR] [1789771044.447691466] [tf_help]: Transform data too old when converting from map to odom
[component_container_isolated-2] [ERROR] [1789771044.447725935] [tf_help]: Data time: 45s 100000000ns, Transform time: 4s 296000000ns
[component_container_isolated-2] [INFO] [1789771044.492593796] [controller_server]: Passing new path to controller.
[component_container_isolated-2] [ERROR] [1789771044.498277925] [tf_help]: Transform data too old when converting from map to odom
[component_container_isolated-2] [ERROR] [1789771044.498306874] [tf_help]: Data time: 46s 100000000ns, Transform time: 4s 296000000ns
[component_container_isolated-2] [ERROR] [1789771044.549675943] [tf_help]: Transform data too old when converting from map to odom
[component_container_isolated-2] [ERROR] [1789771044.549704855] [tf_help]: Data time: 46s 100000000ns, Transform time: 4s 296000000ns
[component_container_isolated-2] [ERROR] [1789771044.598646946] [tf_help]: Transform data too old when converting from map to odom
[component_container_isolated-2] [ERROR] [1789771044.598677488] [tf_help]: Data time: 46s 100000000ns, Transform time: 4s 296000000ns
[component_container_isolated-2] [ERROR] [1789771044.648165784] [tf_help]: Transform data too old when converting from map to odom
[component_container_isolated-2] [ERROR] [1789771044.648195066] [tf_help]: Data time: 46s 100000000ns, Transform time: 4s 296000000ns
[component_container_isolated-2] [ERROR] [1789771044.697814201] [tf_help]: Transform data too old when converting from map to odom
[component_container_isolated-2] [ERROR] [1789771044.697850412] [tf_help]: Data time: 46s 100000000ns, Transform time: 4s 296000000ns
[component_container_isolated-2] [ERROR] [1789771044.749308393] [tf_help]: Transform data too old when converting from map to odom
[component_container_isolated-2] [ERROR] [1789771044.749345143] [tf_help]: Data time: 46s 100000000ns, Transform time: 4s 296000000ns
[component_container_isolated-2] [ERROR] [1789771044.798761890] [tf_help]: Transform data too old when converting from map to odom
[component_container_isolated-2] [ERROR] [1789771044.798806758] [tf_help]: Data time: 46s 100000000ns, Transform time: 4s 296000000ns
[component_container_isolated-2] [ERROR] [1789771044.848336452] [tf_help]: Transform data too old when converting from map to odom
[component_container_isolated-2] [ERROR] [1789771044.848377568] [tf_help]: Data time: 46s 100000000ns, Transform time: 4s 296000000ns
[component_container_isolated-2] [ERROR] [1789771044.897828139] [tf_help]: Transform data too old when converting from map to odom
[component_container_isolated-2] [ERROR] [1789771044.897864807] [tf_help]: Data time: 46s 100000000ns, Transform time: 4s 296000000ns
[component_container_isolated-2] [INFO] [1789771044.948382287] [controller_server]: [TG-MPPI] cycle time (compute_backend=cpu): 5.730 ms/cycle avg over 50 cycles
[component_container_isolated-2] [ERROR] [1789771044.948518912] [tf_help]: Transform data too old when converting from map to odom
[component_container_isolated-2] [ERROR] [1789771044.948533044] [tf_help]: Data time: 46s 100000000ns, Transform time: 4s 296000000ns
[component_container_isolated-2] [ERROR] [1789771044.997660991] [tf_help]: Transform data too old when converting from map to odom
[component_container_isolated-2] [ERROR] [1789771044.997686222] [tf_help]: Data time: 46s 100000000ns, Transform time: 4s 296000000ns
[component_container_isolated-2] [ERROR] [1789771045.047697614] [tf_help]: Transform data too old when converting from map to odom
[component_container_isolated-2] [ERROR] [1789771045.047729587] [tf_help]: Data time: 46s 100000000ns, Transform time: 4s 296000000ns
[component_container_isolated-2] [ERROR] [1789771045.097953069] [tf_help]: Transform data too old when converting from map to odom
[component_container_isolated-2] [ERROR] [1789771045.097985418] [tf_help]: Data time: 46s 100000000ns, Transform time: 4s 296000000ns
[component_container_isolated-2] [ERROR] [1789771045.148598352] [tf_help]: Transform data too old when converting from map to odom
[component_container_isolated-2] [ERROR] [1789771045.148631591] [tf_help]: Data time: 46s 100000000ns, Transform time: 4s 296000000ns
[component_container_isolated-2] [ERROR] [1789771045.199134825] [tf_help]: Transform data too old when converting from map to odom
[component_container_isolated-2] [ERROR] [1789771045.199164304] [tf_help]: Data time: 46s 100000000ns, Transform time: 4s 296000000ns
[component_container_isolated-2] [ERROR] [1789771045.248204279] [tf_help]: Transform data too old when converting from map to odom
[component_container_isolated-2] [ERROR] [1789771045.248240330] [tf_help]: Data time: 46s 100000000ns, Transform time: 4s 296000000ns
[component_container_isolated-2] [ERROR] [1789771045.297769680] [tf_help]: Transform data too old when converting from map to odom
[component_container_isolated-2] [ERROR] [1789771045.297796620] [tf_help]: Data time: 46s 100000000ns, Transform time: 4s 296000000ns
[component_container_isolated-2] [ERROR] [1789771045.342626804] [controller_server]: Failed to make progress
[component_container_isolated-2] [WARN] [1789771045.342690128] [controller_server]: [follow_path] [ActionServer] Aborting handle.
[component_container_isolated-2] [INFO] [1789771045.356085919] [behavior_server]: Running spin
[component_container_isolated-2] [INFO] [1789771045.356182226] [behavior_server]: Turning 1.57 for spin behavior.
[component_container_isolated-2] [ERROR] [1789771045.559293974] [transformPoseInTargetFrame]: Extrapolation Error looking up target frame: Lookup would require extrapolation into the past.  Requested time 3.228000 but the earliest data is at time 38.194000, when looking up transform from frame [base_link] to frame [odom]
[component_container_isolated-2] 
[component_container_isolated-2] [ERROR] [1789771045.559363868] [behavior_server]: Current footprint not available.
[component_container_isolated-2] [WARN] [1789771045.559401905] [behavior_server]: Collision Ahead - Exiting Spin
[component_container_isolated-2] [WARN] [1789771045.559407329] [behavior_server]: spin failed
[component_container_isolated-2] [WARN] [1789771045.559419756] [behavior_server]: [spin] [ActionServer] Aborting handle.
[component_container_isolated-2] [INFO] [1789771045.576014070] [behavior_server]: Running wait
[ground_truth_localizer-1] [INFO] [1789771048.526935740] [ground_truth_localizer]: last 10 s: ground truth msgs 295, map->odom published 295 (285 via latest odom TF)
[component_container_isolated-2] [INFO] [1789771050.576182577] [behavior_server]: wait completed successfully
[component_container_isolated-2] [INFO] [1789771050.626032411] [controller_server]: Received a goal, begin computing control effort.
[component_container_isolated-2] [INFO] [1789771050.630272669] [controller_server]: Optimizer reset (compute_backend=cpu)
[component_container_isolated-2] [ERROR] [1789771050.640297714] [tf_help]: Transform data too old when converting from map to odom
[component_container_isolated-2] [ERROR] [1789771050.640333633] [tf_help]: Data time: 51s 900000000ns, Transform time: 4s 296000000ns
[component_container_isolated-2] [ERROR] [1789771050.681743206] [tf_help]: Transform data too old when converting from map to odom
[component_container_isolated-2] [ERROR] [1789771050.681778526] [tf_help]: Data time: 51s 900000000ns, Transform time: 4s 296000000ns
[component_container_isolated-2] [ERROR] [1789771050.731906363] [tf_help]: Transform data too old when converting from map to odom
[component_container_isolated-2] [ERROR] [1789771050.731939626] [tf_help]: Data time: 51s 900000000ns, Transform time: 4s 296000000ns
[component_container_isolated-2] [ERROR] [1789771050.782452980] [tf_help]: Transform data too old when converting from map to odom
[component_container_isolated-2] [ERROR] [1789771050.782485198] [tf_help]: Data time: 51s 900000000ns, Transform time: 4s 296000000ns
[component_container_isolated-2] [ERROR] [1789771050.832220480] [tf_help]: Transform data too old when converting from map to odom
[component_container_isolated-2] [ERROR] [1789771050.832261395] [tf_help]: Data time: 51s 900000000ns, Transform time: 4s 296000000ns
[component_container_isolated-2] [ERROR] [1789771050.881850833] [tf_help]: Transform data too old when converting from map to odom
[component_container_isolated-2] [ERROR] [1789771050.881880787] [tf_help]: Data time: 51s 900000000ns, Transform time: 4s 296000000ns
[component_container_isolated-2] [ERROR] [1789771050.931671635] [tf_help]: Transform data too old when converting from map to odom
[component_container_isolated-2] [ERROR] [1789771050.931705413] [tf_help]: Data time: 51s 900000000ns, Transform time: 4s 296000000ns
[component_container_isolated-2] [ERROR] [1789771050.981532286] [tf_help]: Transform data too old when converting from map to odom
[component_container_isolated-2] [ERROR] [1789771050.981562434] [tf_help]: Data time: 51s 900000000ns, Transform time: 4s 296000000ns
[component_container_isolated-2] [ERROR] [1789771051.031614155] [tf_help]: Transform data too old when converting from map to odom
[component_container_isolated-2] [ERROR] [1789771051.031647718] [tf_help]: Data time: 51s 900000000ns, Transform time: 4s 296000000ns
[component_container_isolated-2] [ERROR] [1789771051.083493134] [tf_help]: Transform data too old when converting from map to odom
[component_container_isolated-2] [ERROR] [1789771051.083522065] [tf_help]: Data time: 51s 900000000ns, Transform time: 4s 296000000ns
[component_container_isolated-2] [ERROR] [1789771051.132021200] [tf_help]: Transform data too old when converting from map to odom
[component_container_isolated-2] [ERROR] [1789771051.132055328] [tf_help]: Data time: 51s 900000000ns, Transform time: 4s 296000000ns
[component_container_isolated-2] [ERROR] [1789771051.181919959] [tf_help]: Transform data too old when converting from map to odom
[component_container_isolated-2] [ERROR] [1789771051.181952541] [tf_help]: Data time: 51s 900000000ns, Transform time: 4s 296000000ns
[component_container_isolated-2] [ERROR] [1789771051.231597027] [tf_help]: Transform data too old when converting from map to odom
[component_container_isolated-2] [ERROR] [1789771051.231626645] [tf_help]: Data time: 51s 900000000ns, Transform time: 4s 296000000ns
[component_container_isolated-2] [ERROR] [1789771051.282815994] [tf_help]: Transform data too old when converting from map to odom
[component_container_isolated-2] [ERROR] [1789771051.282850750] [tf_help]: Data time: 51s 900000000ns, Transform time: 4s 296000000ns
[component_container_isolated-2] [ERROR] [1789771051.332732115] [tf_help]: Transform data too old when converting from map to odom
[component_container_isolated-2] [ERROR] [1789771051.332761533] [tf_help]: Data time: 51s 900000000ns, Transform time: 4s 296000000ns
[component_container_isolated-2] [ERROR] [1789771051.382294998] [tf_help]: Transform data too old when converting from map to odom
[component_container_isolated-2] [ERROR] [1789771051.382328382] [tf_help]: Data time: 51s 900000000ns, Transform time: 4s 296000000ns
[component_container_isolated-2] [ERROR] [1789771051.431433725] [tf_help]: Transform data too old when converting from map to odom
[component_container_isolated-2] [ERROR] [1789771051.431465651] [tf_help]: Data time: 51s 900000000ns, Transform time: 4s 296000000ns
[component_container_isolated-2] [ERROR] [1789771051.481677004] [tf_help]: Transform data too old when converting from map to odom
[component_container_isolated-2] [ERROR] [1789771051.481708312] [tf_help]: Data time: 51s 900000000ns, Transform time: 4s 296000000ns
[component_container_isolated-2] [ERROR] [1789771051.531629774] [tf_help]: Transform data too old when converting from map to odom
[component_container_isolated-2] [ERROR] [1789771051.531662316] [tf_help]: Data time: 51s 900000000ns, Transform time: 4s 296000000ns
[component_container_isolated-2] [ERROR] [1789771051.581881484] [tf_help]: Transform data too old when converting from map to odom
[component_container_isolated-2] [ERROR] [1789771051.581914986] [tf_help]: Data time: 51s 900000000ns, Transform time: 4s 296000000ns
[component_container_isolated-2] [ERROR] [1789771051.631917566] [tf_help]: Transform data too old when converting from map to odom
[component_container_isolated-2] [ERROR] [1789771051.631951108] [tf_help]: Data time: 51s 900000000ns, Transform time: 4s 296000000ns
[component_container_isolated-2] [INFO] [1789771051.676169473] [controller_server]: Passing new path to controller.
[component_container_isolated-2] [ERROR] [1789771051.681656451] [tf_help]: Transform data too old when converting from map to odom
[component_container_isolated-2] [ERROR] [1789771051.681682459] [tf_help]: Data time: 52s 800000000ns, Transform time: 4s 296000000ns
[component_container_isolated-2] [ERROR] [1789771051.731542837] [tf_help]: Transform data too old when converting from map to odom
[component_container_isolated-2] [ERROR] [1789771051.731579248] [tf_help]: Data time: 52s 800000000ns, Transform time: 4s 296000000ns
[component_container_isolated-2] [ERROR] [1789771051.781486820] [tf_help]: Transform data too old when converting from map to odom
[component_container_isolated-2] [ERROR] [1789771051.781518381] [tf_help]: Data time: 52s 800000000ns, Transform time: 4s 296000000ns
[component_container_isolated-2] [ERROR] [1789771051.831382690] [tf_help]: Transform data too old when converting from map to odom
[component_container_isolated-2] [ERROR] [1789771051.831416717] [tf_help]: Data time: 52s 800000000ns, Transform time: 4s 296000000ns
[component_container_isolated-2] [ERROR] [1789771051.881528429] [tf_help]: Transform data too old when converting from map to odom
[component_container_isolated-2] [ERROR] [1789771051.881563835] [tf_help]: Data time: 52s 800000000ns, Transform time: 4s 296000000ns
[component_container_isolated-2] [ERROR] [1789771051.931690336] [tf_help]: Transform data too old when converting from map to odom
[component_container_isolated-2] [ERROR] [1789771051.931725068] [tf_help]: Data time: 52s 800000000ns, Transform time: 4s 296000000ns
[component_container_isolated-2] [ERROR] [1789771051.981511574] [tf_help]: Transform data too old when converting from map to odom
[component_container_isolated-2] [ERROR] [1789771051.981545940] [tf_help]: Data time: 52s 800000000ns, Transform time: 4s 296000000ns
[component_container_isolated-2] [ERROR] [1789771052.033633983] [tf_help]: Transform data too old when converting from map to odom
[component_container_isolated-2] [ERROR] [1789771052.033672200] [tf_help]: Data time: 52s 800000000ns, Transform time: 4s 296000000ns
[component_container_isolated-2] [ERROR] [1789771052.081948365] [tf_help]: Transform data too old when converting from map to odom
[component_container_isolated-2] [ERROR] [1789771052.081984080] [tf_help]: Data time: 52s 800000000ns, Transform time: 4s 296000000ns
[component_container_isolated-2] [ERROR] [1789771052.131444028] [tf_help]: Transform data too old when converting from map to odom
[component_container_isolated-2] [ERROR] [1789771052.131476298] [tf_help]: Data time: 52s 800000000ns, Transform time: 4s 296000000ns
[component_container_isolated-2] [ERROR] [1789771052.181753525] [tf_help]: Transform data too old when converting from map to odom
[component_container_isolated-2] [ERROR] [1789771052.181782603] [tf_help]: Data time: 52s 800000000ns, Transform time: 4s 296000000ns
[component_container_isolated-2] [ERROR] [1789771052.231227165] [tf_help]: Transform data too old when converting from map to odom
[component_container_isolated-2] [ERROR] [1789771052.231256738] [tf_help]: Data time: 52s 800000000ns, Transform time: 4s 296000000ns
[component_container_isolated-2] [ERROR] [1789771052.281459507] [tf_help]: Transform data too old when converting from map to odom
[component_container_isolated-2] [ERROR] [1789771052.281488754] [tf_help]: Data time: 52s 800000000ns, Transform time: 4s 296000000ns
[component_container_isolated-2] [ERROR] [1789771052.331340275] [tf_help]: Transform data too old when converting from map to odom
[component_container_isolated-2] [ERROR] [1789771052.331380139] [tf_help]: Data time: 52s 800000000ns, Transform time: 4s 296000000ns
[component_container_isolated-2] [ERROR] [1789771052.381466284] [tf_help]: Transform data too old when converting from map to odom
[component_container_isolated-2] [ERROR] [1789771052.381495112] [tf_help]: Data time: 52s 800000000ns, Transform time: 4s 296000000ns
[component_container_isolated-2] [ERROR] [1789771052.431292986] [tf_help]: Transform data too old when converting from map to odom
[component_container_isolated-2] [ERROR] [1789771052.431333952] [tf_help]: Data time: 52s 800000000ns, Transform time: 4s 296000000ns
[component_container_isolated-2] [ERROR] [1789771052.481562746] [tf_help]: Transform data too old when converting from map to odom
[component_container_isolated-2] [ERROR] [1789771052.481593727] [tf_help]: Data time: 52s 800000000ns, Transform time: 4s 296000000ns
[component_container_isolated-2] [ERROR] [1789771052.531368056] [tf_help]: Transform data too old when converting from map to odom
[component_container_isolated-2] [ERROR] [1789771052.531395124] [tf_help]: Data time: 52s 800000000ns, Transform time: 4s 296000000ns
[component_container_isolated-2] [ERROR] [1789771052.581814361] [tf_help]: Transform data too old when converting from map to odom
[component_container_isolated-2] [ERROR] [1789771052.581846260] [tf_help]: Data time: 52s 800000000ns, Transform time: 4s 296000000ns
[component_container_isolated-2] [ERROR] [1789771052.634553670] [tf_help]: Transform data too old when converting from map to odom
[component_container_isolated-2] [ERROR] [1789771052.634592152] [tf_help]: Data time: 52s 800000000ns, Transform time: 4s 296000000ns
[component_container_isolated-2] [ERROR] [1789771052.684990373] [tf_help]: Transform data too old when converting from map to odom
[component_container_isolated-2] [ERROR] [1789771052.685035291] [tf_help]: Data time: 52s 800000000ns, Transform time: 4s 296000000ns
[component_container_isolated-2] [INFO] [1789771052.726175791] [controller_server]: Passing new path to controller.
[component_container_isolated-2] [INFO] [1789771052.736096007] [controller_server]: [TG-MPPI] cycle time (compute_backend=cpu): 5.692 ms/cycle avg over 50 cycles
[component_container_isolated-2] [ERROR] [1789771052.736303590] [tf_help]: Transform data too old when converting from map to odom
[component_container_isolated-2] [ERROR] [1789771052.736346723] [tf_help]: Data time: 53s 800000000ns, Transform time: 4s 296000000ns
[component_container_isolated-2] [ERROR] [1789771052.782880662] [tf_help]: Transform data too old when converting from map to odom
[component_container_isolated-2] [ERROR] [1789771052.782921713] [tf_help]: Data time: 53s 800000000ns, Transform time: 4s 296000000ns
[component_container_isolated-2] [ERROR] [1789771052.831955766] [tf_help]: Transform data too old when converting from map to odom
[component_container_isolated-2] [ERROR] [1789771052.831988301] [tf_help]: Data time: 53s 800000000ns, Transform time: 4s 296000000ns
[component_container_isolated-2] [ERROR] [1789771052.881463150] [tf_help]: Transform data too old when converting from map to odom
[component_container_isolated-2] [ERROR] [1789771052.881494494] [tf_help]: Data time: 53s 800000000ns, Transform time: 4s 296000000ns
[component_container_isolated-2] [ERROR] [1789771052.931488617] [tf_help]: Transform data too old when converting from map to odom
[component_container_isolated-2] [ERROR] [1789771052.931518707] [tf_help]: Data time: 53s 800000000ns, Transform time: 4s 296000000ns
[component_container_isolated-2] [ERROR] [1789771052.981361543] [tf_help]: Transform data too old when converting from map to odom
[component_container_isolated-2] [ERROR] [1789771052.981391970] [tf_help]: Data time: 53s 800000000ns, Transform time: 4s 296000000ns
[component_container_isolated-2] [ERROR] [1789771053.031488799] [tf_help]: Transform data too old when converting from map to odom
[component_container_isolated-2] [ERROR] [1789771053.031520809] [tf_help]: Data time: 53s 800000000ns, Transform time: 4s 296000000ns
[component_container_isolated-2] [ERROR] [1789771053.082757081] [tf_help]: Transform data too old when converting from map to odom
[component_container_isolated-2] [ERROR] [1789771053.082787507] [tf_help]: Data time: 53s 800000000ns, Transform time: 4s 296000000ns
[component_container_isolated-2] [ERROR] [1789771053.131689663] [tf_help]: Transform data too old when converting from map to odom
[component_container_isolated-2] [ERROR] [1789771053.131729217] [tf_help]: Data time: 53s 800000000ns, Transform time: 4s 296000000ns
[component_container_isolated-2] [ERROR] [1789771053.181350533] [tf_help]: Transform data too old when converting from map to odom
[component_container_isolated-2] [ERROR] [1789771053.181381210] [tf_help]: Data time: 53s 800000000ns, Transform time: 4s 296000000ns
[component_container_isolated-2] [ERROR] [1789771053.234249496] [tf_help]: Transform data too old when converting from map to odom
[component_container_isolated-2] [ERROR] [1789771053.234303574] [tf_help]: Data time: 53s 800000000ns, Transform time: 4s 296000000ns
[component_container_isolated-2] [ERROR] [1789771053.286489310] [tf_help]: Transform data too old when converting from map to odom
[component_container_isolated-2] [ERROR] [1789771053.286566209] [tf_help]: Data time: 53s 800000000ns, Transform time: 4s 296000000ns
[component_container_isolated-2] [ERROR] [1789771053.336826973] [tf_help]: Transform data too old when converting from map to odom
[component_container_isolated-2] [ERROR] [1789771053.336873347] [tf_help]: Data time: 53s 800000000ns, Transform time: 4s 296000000ns
[component_container_isolated-2] [ERROR] [1789771053.386351178] [tf_help]: Transform data too old when converting from map to odom
[component_container_isolated-2] [ERROR] [1789771053.386397185] [tf_help]: Data time: 53s 800000000ns, Transform time: 4s 296000000ns
[component_container_isolated-2] [ERROR] [1789771053.431738098] [tf_help]: Transform data too old when converting from map to odom
[component_container_isolated-2] [ERROR] [1789771053.431769803] [tf_help]: Data time: 53s 800000000ns, Transform time: 4s 296000000ns
[component_container_isolated-2] [ERROR] [1789771053.483368805] [tf_help]: Transform data too old when converting from map to odom
[component_container_isolated-2] [ERROR] [1789771053.483400004] [tf_help]: Data time: 53s 800000000ns, Transform time: 4s 296000000ns
[component_container_isolated-2] [ERROR] [1789771053.531569714] [tf_help]: Transform data too old when converting from map to odom
[component_container_isolated-2] [ERROR] [1789771053.531598583] [tf_help]: Data time: 53s 800000000ns, Transform time: 4s 296000000ns
[component_container_isolated-2] [ERROR] [1789771053.581385279] [tf_help]: Transform data too old when converting from map to odom
[component_container_isolated-2] [ERROR] [1789771053.581415081] [tf_help]: Data time: 53s 800000000ns, Transform time: 4s 296000000ns
[component_container_isolated-2] [ERROR] [1789771053.631527935] [tf_help]: Transform data too old when converting from map to odom
[component_container_isolated-2] [ERROR] [1789771053.631565805] [tf_help]: Data time: 53s 800000000ns, Transform time: 4s 296000000ns
[component_container_isolated-2] [ERROR] [1789771053.681597195] [tf_help]: Transform data too old when converting from map to odom
[component_container_isolated-2] [ERROR] [1789771053.681630100] [tf_help]: Data time: 53s 800000000ns, Transform time: 4s 296000000ns
[component_container_isolated-2] [INFO] [1789771053.726205332] [controller_server]: Passing new path to controller.
[component_container_isolated-2] [ERROR] [1789771053.731348519] [tf_help]: Transform data too old when converting from map to odom
[component_container_isolated-2] [ERROR] [1789771053.731375966] [tf_help]: Data time: 54s 800000000ns, Transform time: 4s 296000000ns
[component_container_isolated-2] [ERROR] [1789771053.781374114] [tf_help]: Transform data too old when converting from map to odom
[component_container_isolated-2] [ERROR] [1789771053.781403903] [tf_help]: Data time: 54s 800000000ns, Transform time: 4s 296000000ns
[component_container_isolated-2] [ERROR] [1789771053.831424743] [tf_help]: Transform data too old when converting from map to odom
[component_container_isolated-2] [ERROR] [1789771053.831460073] [tf_help]: Data time: 54s 800000000ns, Transform time: 4s 296000000ns
[component_container_isolated-2] [ERROR] [1789771053.882750133] [tf_help]: Transform data too old when converting from map to odom
[component_container_isolated-2] [ERROR] [1789771053.882785906] [tf_help]: Data time: 54s 800000000ns, Transform time: 4s 296000000ns
[component_container_isolated-2] [ERROR] [1789771053.933164855] [tf_help]: Transform data too old when converting from map to odom
[component_container_isolated-2] [ERROR] [1789771053.933195350] [tf_help]: Data time: 54s 800000000ns, Transform time: 4s 296000000ns
[component_container_isolated-2] [ERROR] [1789771053.985852135] [tf_help]: Transform data too old when converting from map to odom
[component_container_isolated-2] [ERROR] [1789771053.985898599] [tf_help]: Data time: 54s 800000000ns, Transform time: 4s 296000000ns
[component_container_isolated-2] [ERROR] [1789771054.033957038] [tf_help]: Transform data too old when converting from map to odom
[component_container_isolated-2] [ERROR] [1789771054.033992113] [tf_help]: Data time: 54s 800000000ns, Transform time: 4s 296000000ns
[component_container_isolated-2] [ERROR] [1789771054.081983896] [tf_help]: Transform data too old when converting from map to odom
[component_container_isolated-2] [ERROR] [1789771054.082016367] [tf_help]: Data time: 54s 800000000ns, Transform time: 4s 296000000ns
[component_container_isolated-2] [ERROR] [1789771054.131927298] [tf_help]: Transform data too old when converting from map to odom
[component_container_isolated-2] [ERROR] [1789771054.131972206] [tf_help]: Data time: 54s 800000000ns, Transform time: 4s 296000000ns
[component_container_isolated-2] [ERROR] [1789771054.181258162] [tf_help]: Transform data too old when converting from map to odom
[component_container_isolated-2] [ERROR] [1789771054.181286964] [tf_help]: Data time: 54s 800000000ns, Transform time: 4s 296000000ns
[component_container_isolated-2] [ERROR] [1789771054.231524779] [tf_help]: Transform data too old when converting from map to odom
[component_container_isolated-2] [ERROR] [1789771054.231557711] [tf_help]: Data time: 54s 800000000ns, Transform time: 4s 296000000ns
[component_container_isolated-2] [ERROR] [1789771054.281861246] [tf_help]: Transform data too old when converting from map to odom
[component_container_isolated-2] [ERROR] [1789771054.281894628] [tf_help]: Data time: 54s 800000000ns, Transform time: 4s 296000000ns
[component_container_isolated-2] [ERROR] [1789771054.331406211] [tf_help]: Transform data too old when converting from map to odom
[component_container_isolated-2] [ERROR] [1789771054.331442733] [tf_help]: Data time: 54s 800000000ns, Transform time: 4s 296000000ns
[component_container_isolated-2] [ERROR] [1789771054.381823661] [tf_help]: Transform data too old when converting from map to odom
[component_container_isolated-2] [ERROR] [1789771054.381853489] [tf_help]: Data time: 54s 800000000ns, Transform time: 4s 296000000ns
[component_container_isolated-2] [ERROR] [1789771054.431258505] [tf_help]: Transform data too old when converting from map to odom
[component_container_isolated-2] [ERROR] [1789771054.431294444] [tf_help]: Data time: 54s 800000000ns, Transform time: 4s 296000000ns
[component_container_isolated-2] [ERROR] [1789771054.481415363] [tf_help]: Transform data too old when converting from map to odom
[component_container_isolated-2] [ERROR] [1789771054.481451391] [tf_help]: Data time: 54s 800000000ns, Transform time: 4s 296000000ns
[component_container_isolated-2] [ERROR] [1789771054.531681554] [tf_help]: Transform data too old when converting from map to odom
[component_container_isolated-2] [ERROR] [1789771054.531712776] [tf_help]: Data time: 54s 800000000ns, Transform time: 4s 296000000ns
[component_container_isolated-2] [ERROR] [1789771054.582034968] [tf_help]: Transform data too old when converting from map to odom
[component_container_isolated-2] [ERROR] [1789771054.582065871] [tf_help]: Data time: 54s 800000000ns, Transform time: 4s 296000000ns
[component_container_isolated-2] [ERROR] [1789771054.631399937] [tf_help]: Transform data too old when converting from map to odom
[component_container_isolated-2] [ERROR] [1789771054.631437863] [tf_help]: Data time: 54s 800000000ns, Transform time: 4s 296000000ns
[component_container_isolated-2] [ERROR] [1789771054.681814691] [tf_help]: Transform data too old when converting from map to odom
[component_container_isolated-2] [ERROR] [1789771054.681854797] [tf_help]: Data time: 54s 800000000ns, Transform time: 4s 296000000ns
[component_container_isolated-2] [ERROR] [1789771054.732819497] [tf_help]: Transform data too old when converting from map to odom
[component_container_isolated-2] [ERROR] [1789771054.732851502] [tf_help]: Data time: 54s 800000000ns, Transform time: 4s 296000000ns
[component_container_isolated-2] [INFO] [1789771054.776210364] [controller_server]: Passing new path to controller.
[component_container_isolated-2] [ERROR] [1789771054.782639091] [tf_help]: Transform data too old when converting from map to odom
[component_container_isolated-2] [ERROR] [1789771054.782681191] [tf_help]: Data time: 55s 800000000ns, Transform time: 4s 296000000ns
[component_container_isolated-2] [ERROR] [1789771054.836000072] [tf_help]: Transform data too old when converting from map to odom
[component_container_isolated-2] [ERROR] [1789771054.836041649] [tf_help]: Data time: 55s 800000000ns, Transform time: 4s 296000000ns
[component_container_isolated-2] [ERROR] [1789771054.882163543] [tf_help]: Transform data too old when converting from map to odom
[component_container_isolated-2] [ERROR] [1789771054.882207807] [tf_help]: Data time: 55s 800000000ns, Transform time: 4s 296000000ns
[component_container_isolated-2] [ERROR] [1789771054.936282109] [tf_help]: Transform data too old when converting from map to odom
[component_container_isolated-2] [ERROR] [1789771054.936326247] [tf_help]: Data time: 55s 800000000ns, Transform time: 4s 296000000ns
[component_container_isolated-2] [ERROR] [1789771054.981989025] [tf_help]: Transform data too old when converting from map to odom
[component_container_isolated-2] [ERROR] [1789771054.982026859] [tf_help]: Data time: 55s 800000000ns, Transform time: 4s 296000000ns
[component_container_isolated-2] [ERROR] [1789771055.031565643] [tf_help]: Transform data too old when converting from map to odom
[component_container_isolated-2] [ERROR] [1789771055.031598673] [tf_help]: Data time: 55s 800000000ns, Transform time: 4s 296000000ns
[component_container_isolated-2] [ERROR] [1789771055.081368037] [tf_help]: Transform data too old when converting from map to odom
[component_container_isolated-2] [ERROR] [1789771055.081399332] [tf_help]: Data time: 55s 800000000ns, Transform time: 4s 296000000ns
[component_container_isolated-2] [ERROR] [1789771055.131689454] [tf_help]: Transform data too old when converting from map to odom
[component_container_isolated-2] [ERROR] [1789771055.131721260] [tf_help]: Data time: 55s 800000000ns, Transform time: 4s 296000000ns
[component_container_isolated-2] [ERROR] [1789771055.181575200] [tf_help]: Transform data too old when converting from map to odom
[component_container_isolated-2] [ERROR] [1789771055.181604607] [tf_help]: Data time: 55s 800000000ns, Transform time: 4s 296000000ns
[component_container_isolated-2] [INFO] [1789771055.233658854] [controller_server]: [TG-MPPI] cycle time (compute_backend=cpu): 5.949 ms/cycle avg over 50 cycles
[component_container_isolated-2] [ERROR] [1789771055.233792580] [tf_help]: Transform data too old when converting from map to odom
[component_container_isolated-2] [ERROR] [1789771055.233813130] [tf_help]: Data time: 55s 800000000ns, Transform time: 4s 296000000ns
[component_container_isolated-2] [ERROR] [1789771055.281517560] [tf_help]: Transform data too old when converting from map to odom
[component_container_isolated-2] [ERROR] [1789771055.281547434] [tf_help]: Data time: 55s 800000000ns, Transform time: 4s 296000000ns
[component_container_isolated-2] [ERROR] [1789771055.331298331] [tf_help]: Transform data too old when converting from map to odom
[component_container_isolated-2] [ERROR] [1789771055.331331035] [tf_help]: Data time: 55s 800000000ns, Transform time: 4s 296000000ns
[component_container_isolated-2] [ERROR] [1789771055.381364233] [tf_help]: Transform data too old when converting from map to odom
[component_container_isolated-2] [ERROR] [1789771055.381394980] [tf_help]: Data time: 55s 800000000ns, Transform time: 4s 296000000ns
[component_container_isolated-2] [ERROR] [1789771055.431617925] [tf_help]: Transform data too old when converting from map to odom
[component_container_isolated-2] [ERROR] [1789771055.431648492] [tf_help]: Data time: 55s 800000000ns, Transform time: 4s 296000000ns
[component_container_isolated-2] [ERROR] [1789771055.481445214] [tf_help]: Transform data too old when converting from map to odom
[component_container_isolated-2] [ERROR] [1789771055.481475505] [tf_help]: Data time: 55s 800000000ns, Transform time: 4s 296000000ns
[component_container_isolated-2] [ERROR] [1789771055.531440229] [tf_help]: Transform data too old when converting from map to odom
[component_container_isolated-2] [ERROR] [1789771055.531474919] [tf_help]: Data time: 55s 800000000ns, Transform time: 4s 296000000ns
[component_container_isolated-2] [ERROR] [1789771055.581385061] [tf_help]: Transform data too old when converting from map to odom
[component_container_isolated-2] [ERROR] [1789771055.581416865] [tf_help]: Data time: 55s 800000000ns, Transform time: 4s 296000000ns
[component_container_isolated-2] [ERROR] [1789771055.631696917] [tf_help]: Transform data too old when converting from map to odom
[component_container_isolated-2] [ERROR] [1789771055.631728316] [tf_help]: Data time: 55s 800000000ns, Transform time: 4s 296000000ns
[component_container_isolated-2] [ERROR] [1789771055.681946106] [tf_help]: Transform data too old when converting from map to odom
[component_container_isolated-2] [ERROR] [1789771055.681975937] [tf_help]: Data time: 55s 800000000ns, Transform time: 4s 296000000ns
[component_container_isolated-2] [ERROR] [1789771055.731861858] [tf_help]: Transform data too old when converting from map to odom
[component_container_isolated-2] [ERROR] [1789771055.731895214] [tf_help]: Data time: 55s 800000000ns, Transform time: 4s 296000000ns
[component_container_isolated-2] [INFO] [1789771055.776175017] [controller_server]: Passing new path to controller.
[component_container_isolated-2] [ERROR] [1789771055.781862149] [tf_help]: Transform data too old when converting from map to odom
[component_container_isolated-2] [ERROR] [1789771055.781890124] [tf_help]: Data time: 56s 800000000ns, Transform time: 4s 296000000ns
[component_container_isolated-2] [ERROR] [1789771055.833224402] [tf_help]: Transform data too old when converting from map to odom
[component_container_isolated-2] [ERROR] [1789771055.833262532] [tf_help]: Data time: 56s 800000000ns, Transform time: 4s 296000000ns
[component_container_isolated-2] [ERROR] [1789771055.887147672] [tf_help]: Transform data too old when converting from map to odom
[component_container_isolated-2] [ERROR] [1789771055.887195029] [tf_help]: Data time: 56s 800000000ns, Transform time: 4s 296000000ns
[component_container_isolated-2] [ERROR] [1789771055.937148514] [tf_help]: Transform data too old when converting from map to odom
[component_container_isolated-2] [ERROR] [1789771055.937196163] [tf_help]: Data time: 56s 800000000ns, Transform time: 4s 296000000ns
[component_container_isolated-2] [ERROR] [1789771055.986872255] [tf_help]: Transform data too old when converting from map to odom
[component_container_isolated-2] [ERROR] [1789771055.986917841] [tf_help]: Data time: 56s 800000000ns, Transform time: 4s 296000000ns
[component_container_isolated-2] [ERROR] [1789771056.036274111] [tf_help]: Transform data too old when converting from map to odom
[component_container_isolated-2] [ERROR] [1789771056.036320365] [tf_help]: Data time: 56s 800000000ns, Transform time: 4s 296000000ns
[component_container_isolated-2] [ERROR] [1789771056.086101926] [tf_help]: Transform data too old when converting from map to odom
[component_container_isolated-2] [ERROR] [1789771056.086145989] [tf_help]: Data time: 56s 800000000ns, Transform time: 4s 296000000ns
[component_container_isolated-2] [ERROR] [1789771056.134331922] [tf_help]: Transform data too old when converting from map to odom
[component_container_isolated-2] [ERROR] [1789771056.134377925] [tf_help]: Data time: 56s 800000000ns, Transform time: 4s 296000000ns
[component_container_isolated-2] [ERROR] [1789771056.181311538] [tf_help]: Transform data too old when converting from map to odom
[component_container_isolated-2] [ERROR] [1789771056.181341472] [tf_help]: Data time: 56s 800000000ns, Transform time: 4s 296000000ns
[component_container_isolated-2] [ERROR] [1789771056.231751649] [tf_help]: Transform data too old when converting from map to odom
[component_container_isolated-2] [ERROR] [1789771056.231784055] [tf_help]: Data time: 56s 800000000ns, Transform time: 4s 296000000ns
[component_container_isolated-2] [ERROR] [1789771056.282343578] [tf_help]: Transform data too old when converting from map to odom
[component_container_isolated-2] [ERROR] [1789771056.282377840] [tf_help]: Data time: 56s 800000000ns, Transform time: 4s 296000000ns
[component_container_isolated-2] [ERROR] [1789771056.332506947] [tf_help]: Transform data too old when converting from map to odom
[component_container_isolated-2] [ERROR] [1789771056.332539338] [tf_help]: Data time: 56s 800000000ns, Transform time: 4s 296000000ns
[component_container_isolated-2] [ERROR] [1789771056.382237068] [tf_help]: Transform data too old when converting from map to odom
[component_container_isolated-2] [ERROR] [1789771056.382268340] [tf_help]: Data time: 56s 800000000ns, Transform time: 4s 296000000ns
[component_container_isolated-2] [ERROR] [1789771056.432031011] [tf_help]: Transform data too old when converting from map to odom
[component_container_isolated-2] [ERROR] [1789771056.432060182] [tf_help]: Data time: 56s 800000000ns, Transform time: 4s 296000000ns
[component_container_isolated-2] [ERROR] [1789771056.482382672] [tf_help]: Transform data too old when converting from map to odom
[component_container_isolated-2] [ERROR] [1789771056.482411208] [tf_help]: Data time: 56s 800000000ns, Transform time: 4s 296000000ns
[component_container_isolated-2] [ERROR] [1789771056.531279635] [tf_help]: Transform data too old when converting from map to odom
[component_container_isolated-2] [ERROR] [1789771056.531322780] [tf_help]: Data time: 56s 800000000ns, Transform time: 4s 296000000ns
[component_container_isolated-2] [ERROR] [1789771056.581326271] [tf_help]: Transform data too old when converting from map to odom
[component_container_isolated-2] [ERROR] [1789771056.581357161] [tf_help]: Data time: 56s 800000000ns, Transform time: 4s 296000000ns
[component_container_isolated-2] [ERROR] [1789771056.631690825] [tf_help]: Transform data too old when converting from map to odom
[component_container_isolated-2] [ERROR] [1789771056.631727307] [tf_help]: Data time: 56s 800000000ns, Transform time: 4s 296000000ns
[component_container_isolated-2] [ERROR] [1789771056.681353586] [tf_help]: Transform data too old when converting from map to odom
[component_container_isolated-2] [ERROR] [1789771056.681385474] [tf_help]: Data time: 56s 800000000ns, Transform time: 4s 296000000ns
[component_container_isolated-2] [ERROR] [1789771056.731801709] [tf_help]: Transform data too old when converting from map to odom
[component_container_isolated-2] [ERROR] [1789771056.731842608] [tf_help]: Data time: 56s 800000000ns, Transform time: 4s 296000000ns
[component_container_isolated-2] [ERROR] [1789771056.781236658] [tf_help]: Transform data too old when converting from map to odom
[component_container_isolated-2] [ERROR] [1789771056.781266959] [tf_help]: Data time: 56s 800000000ns, Transform time: 4s 296000000ns
[component_container_isolated-2] [INFO] [1789771056.826203993] [controller_server]: Passing new path to controller.
[component_container_isolated-2] [ERROR] [1789771056.831337385] [tf_help]: Transform data too old when converting from map to odom
[component_container_isolated-2] [ERROR] [1789771056.831364167] [tf_help]: Data time: 57s 700000000ns, Transform time: 4s 296000000ns
[component_container_isolated-2] [ERROR] [1789771056.882131446] [tf_help]: Transform data too old when converting from map to odom
[component_container_isolated-2] [ERROR] [1789771056.882164527] [tf_help]: Data time: 57s 700000000ns, Transform time: 4s 296000000ns
[component_container_isolated-2] [ERROR] [1789771056.932470897] [tf_help]: Transform data too old when converting from map to odom
[component_container_isolated-2] [ERROR] [1789771056.932502727] [tf_help]: Data time: 57s 700000000ns, Transform time: 4s 296000000ns
[component_container_isolated-2] [ERROR] [1789771056.982165147] [tf_help]: Transform data too old when converting from map to odom
[component_container_isolated-2] [ERROR] [1789771056.982199715] [tf_help]: Data time: 57s 700000000ns, Transform time: 4s 296000000ns
[component_container_isolated-2] [ERROR] [1789771057.032512847] [tf_help]: Transform data too old when converting from map to odom
[component_container_isolated-2] [ERROR] [1789771057.032545860] [tf_help]: Data time: 57s 700000000ns, Transform time: 4s 296000000ns
[component_container_isolated-2] [ERROR] [1789771057.085423905] [tf_help]: Transform data too old when converting from map to odom
[component_container_isolated-2] [ERROR] [1789771057.085455035] [tf_help]: Data time: 57s 700000000ns, Transform time: 4s 296000000ns
[component_container_isolated-2] [ERROR] [1789771057.132611722] [tf_help]: Transform data too old when converting from map to odom
[component_container_isolated-2] [ERROR] [1789771057.132646688] [tf_help]: Data time: 57s 700000000ns, Transform time: 4s 296000000ns
[component_container_isolated-2] [ERROR] [1789771057.181574374] [tf_help]: Transform data too old when converting from map to odom
[component_container_isolated-2] [ERROR] [1789771057.181608319] [tf_help]: Data time: 57s 700000000ns, Transform time: 4s 296000000ns
[component_container_isolated-2] [ERROR] [1789771057.231545647] [tf_help]: Transform data too old when converting from map to odom
[component_container_isolated-2] [ERROR] [1789771057.231580451] [tf_help]: Data time: 57s 700000000ns, Transform time: 4s 296000000ns
[component_container_isolated-2] [ERROR] [1789771057.283157390] [tf_help]: Transform data too old when converting from map to odom
[component_container_isolated-2] [ERROR] [1789771057.283192694] [tf_help]: Data time: 57s 700000000ns, Transform time: 4s 296000000ns
[component_container_isolated-2] [ERROR] [1789771057.331509693] [tf_help]: Transform data too old when converting from map to odom
[component_container_isolated-2] [ERROR] [1789771057.331542776] [tf_help]: Data time: 57s 700000000ns, Transform time: 4s 296000000ns
[component_container_isolated-2] [ERROR] [1789771057.381584968] [tf_help]: Transform data too old when converting from map to odom
[component_container_isolated-2] [ERROR] [1789771057.381617465] [tf_help]: Data time: 57s 700000000ns, Transform time: 4s 296000000ns
[component_container_isolated-2] [ERROR] [1789771057.431654301] [tf_help]: Transform data too old when converting from map to odom
[component_container_isolated-2] [ERROR] [1789771057.431685490] [tf_help]: Data time: 57s 700000000ns, Transform time: 4s 296000000ns
[component_container_isolated-2] [ERROR] [1789771057.481417713] [tf_help]: Transform data too old when converting from map to odom
[component_container_isolated-2] [ERROR] [1789771057.481454970] [tf_help]: Data time: 57s 700000000ns, Transform time: 4s 296000000ns
[component_container_isolated-2] [ERROR] [1789771057.532023975] [tf_help]: Transform data too old when converting from map to odom
[component_container_isolated-2] [ERROR] [1789771057.532056827] [tf_help]: Data time: 57s 700000000ns, Transform time: 4s 296000000ns
[component_container_isolated-2] [ERROR] [1789771057.581330130] [tf_help]: Transform data too old when converting from map to odom
[component_container_isolated-2] [ERROR] [1789771057.581362310] [tf_help]: Data time: 57s 700000000ns, Transform time: 4s 296000000ns
[component_container_isolated-2] [ERROR] [1789771057.631595040] [tf_help]: Transform data too old when converting from map to odom
[component_container_isolated-2] [ERROR] [1789771057.631627908] [tf_help]: Data time: 57s 700000000ns, Transform time: 4s 296000000ns
[component_container_isolated-2] [ERROR] [1789771057.681287221] [tf_help]: Transform data too old when converting from map to odom
[component_container_isolated-2] [ERROR] [1789771057.681323770] [tf_help]: Data time: 57s 700000000ns, Transform time: 4s 296000000ns
[component_container_isolated-2] [INFO] [1789771057.731520386] [controller_server]: [TG-MPPI] cycle time (compute_backend=cpu): 5.786 ms/cycle avg over 50 cycles
[component_container_isolated-2] [ERROR] [1789771057.731667108] [tf_help]: Transform data too old when converting from map to odom
[component_container_isolated-2] [ERROR] [1789771057.731698734] [tf_help]: Data time: 57s 700000000ns, Transform time: 4s 296000000ns
[component_container_isolated-2] [ERROR] [1789771057.781565088] [tf_help]: Transform data too old when converting from map to odom
[component_container_isolated-2] [ERROR] [1789771057.781595570] [tf_help]: Data time: 57s 700000000ns, Transform time: 4s 296000000ns
[component_container_isolated-2] [INFO] [1789771057.826297490] [controller_server]: Passing new path to controller.
[component_container_isolated-2] [ERROR] [1789771057.831469823] [tf_help]: Transform data too old when converting from map to odom
[component_container_isolated-2] [ERROR] [1789771057.831489329] [tf_help]: Data time: 58s 800000000ns, Transform time: 4s 296000000ns
[component_container_isolated-2] [ERROR] [1789771057.881256617] [tf_help]: Transform data too old when converting from map to odom
[component_container_isolated-2] [ERROR] [1789771057.881286148] [tf_help]: Data time: 58s 800000000ns, Transform time: 4s 296000000ns
[component_container_isolated-2] [ERROR] [1789771057.931633842] [tf_help]: Transform data too old when converting from map to odom
[component_container_isolated-2] [ERROR] [1789771057.931663999] [tf_help]: Data time: 58s 800000000ns, Transform time: 4s 296000000ns
[component_container_isolated-2] [ERROR] [1789771057.981319233] [tf_help]: Transform data too old when converting from map to odom
[component_container_isolated-2] [ERROR] [1789771057.981355069] [tf_help]: Data time: 58s 800000000ns, Transform time: 4s 296000000ns
[component_container_isolated-2] [ERROR] [1789771058.031745655] [tf_help]: Transform data too old when converting from map to odom
[component_container_isolated-2] [ERROR] [1789771058.031778320] [tf_help]: Data time: 58s 800000000ns, Transform time: 4s 296000000ns
[component_container_isolated-2] [ERROR] [1789771058.081413349] [tf_help]: Transform data too old when converting from map to odom
[component_container_isolated-2] [ERROR] [1789771058.081452177] [tf_help]: Data time: 58s 800000000ns, Transform time: 4s 296000000ns
[component_container_isolated-2] [ERROR] [1789771058.131558393] [tf_help]: Transform data too old when converting from map to odom
[component_container_isolated-2] [ERROR] [1789771058.131597251] [tf_help]: Data time: 58s 800000000ns, Transform time: 4s 296000000ns
[component_container_isolated-2] [ERROR] [1789771058.181369869] [tf_help]: Transform data too old when converting from map to odom
[component_container_isolated-2] [ERROR] [1789771058.181401986] [tf_help]: Data time: 58s 800000000ns, Transform time: 4s 296000000ns
[component_container_isolated-2] [ERROR] [1789771058.231526294] [tf_help]: Transform data too old when converting from map to odom
[component_container_isolated-2] [ERROR] [1789771058.231557633] [tf_help]: Data time: 58s 800000000ns, Transform time: 4s 296000000ns
[component_container_isolated-2] [ERROR] [1789771058.282959603] [tf_help]: Transform data too old when converting from map to odom
[component_container_isolated-2] [ERROR] [1789771058.282988785] [tf_help]: Data time: 58s 800000000ns, Transform time: 4s 296000000ns
[component_container_isolated-2] [ERROR] [1789771058.331204532] [tf_help]: Transform data too old when converting from map to odom
[component_container_isolated-2] [ERROR] [1789771058.331236031] [tf_help]: Data time: 58s 800000000ns, Transform time: 4s 296000000ns
[component_container_isolated-2] [ERROR] [1789771058.381408848] [tf_help]: Transform data too old when converting from map to odom
[component_container_isolated-2] [ERROR] [1789771058.381442234] [tf_help]: Data time: 58s 800000000ns, Transform time: 4s 296000000ns
[component_container_isolated-2] [ERROR] [1789771058.431466290] [tf_help]: Transform data too old when converting from map to odom
[component_container_isolated-2] [ERROR] [1789771058.431498200] [tf_help]: Data time: 58s 800000000ns, Transform time: 4s 296000000ns
[component_container_isolated-2] [ERROR] [1789771058.481382244] [tf_help]: Transform data too old when converting from map to odom
[component_container_isolated-2] [ERROR] [1789771058.481413884] [tf_help]: Data time: 58s 800000000ns, Transform time: 4s 296000000ns
[component_container_isolated-2] [ERROR] [1789771058.531625057] [tf_help]: Transform data too old when converting from map to odom
[component_container_isolated-2] [ERROR] [1789771058.531656996] [tf_help]: Data time: 58s 800000000ns, Transform time: 4s 296000000ns
[component_container_isolated-2] [ERROR] [1789771058.581693234] [tf_help]: Transform data too old when converting from map to odom
[component_container_isolated-2] [ERROR] [1789771058.581725448] [tf_help]: Data time: 58s 800000000ns, Transform time: 4s 296000000ns
[component_container_isolated-2] [ERROR] [1789771058.631364705] [tf_help]: Transform data too old when converting from map to odom
[component_container_isolated-2] [ERROR] [1789771058.631397536] [tf_help]: Data time: 58s 800000000ns, Transform time: 4s 296000000ns
[component_container_isolated-2] [ERROR] [1789771058.681230179] [tf_help]: Transform data too old when converting from map to odom
[component_container_isolated-2] [ERROR] [1789771058.681261290] [tf_help]: Data time: 58s 800000000ns, Transform time: 4s 296000000ns
[component_container_isolated-2] [ERROR] [1789771058.733290132] [tf_help]: Transform data too old when converting from map to odom
[component_container_isolated-2] [ERROR] [1789771058.733365134] [tf_help]: Data time: 58s 800000000ns, Transform time: 4s 296000000ns
[component_container_isolated-2] [ERROR] [1789771058.786478249] [tf_help]: Transform data too old when converting from map to odom
[component_container_isolated-2] [ERROR] [1789771058.786525183] [tf_help]: Data time: 58s 800000000ns, Transform time: 4s 296000000ns
[component_container_isolated-2] [ERROR] [1789771058.836181454] [tf_help]: Transform data too old when converting from map to odom
[component_container_isolated-2] [ERROR] [1789771058.836217848] [tf_help]: Data time: 58s 800000000ns, Transform time: 4s 296000000ns
[component_container_isolated-2] [INFO] [1789771058.876168189] [controller_server]: Passing new path to controller.
[component_container_isolated-2] [ERROR] [1789771058.881637061] [tf_help]: Transform data too old when converting from map to odom
[component_container_isolated-2] [ERROR] [1789771058.881666444] [tf_help]: Data time: 59s 800000000ns, Transform time: 4s 296000000ns
[component_container_isolated-2] [ERROR] [1789771058.931223744] [tf_help]: Transform data too old when converting from map to odom
[component_container_isolated-2] [ERROR] [1789771058.931259241] [tf_help]: Data time: 59s 800000000ns, Transform time: 4s 296000000ns
[component_container_isolated-2] [ERROR] [1789771058.981736506] [tf_help]: Transform data too old when converting from map to odom
[component_container_isolated-2] [ERROR] [1789771058.981782937] [tf_help]: Data time: 59s 800000000ns, Transform time: 4s 296000000ns
[component_container_isolated-2] [ERROR] [1789771059.031718652] [tf_help]: Transform data too old when converting from map to odom
[component_container_isolated-2] [ERROR] [1789771059.031751902] [tf_help]: Data time: 59s 800000000ns, Transform time: 4s 296000000ns
[ground_truth_localizer-1] [INFO] [1789771059.049589049] [ground_truth_localizer]: last 10 s: ground truth msgs 294, map->odom published 294 (287 via latest odom TF)
[component_container_isolated-2] [ERROR] [1789771059.081219707] [tf_help]: Transform data too old when converting from map to odom
[component_container_isolated-2] [ERROR] [1789771059.081254755] [tf_help]: Data time: 59s 800000000ns, Transform time: 4s 296000000ns
[component_container_isolated-2] [ERROR] [1789771059.131224352] [tf_help]: Transform data too old when converting from map to odom
[component_container_isolated-2] [ERROR] [1789771059.131255380] [tf_help]: Data time: 59s 800000000ns, Transform time: 4s 296000000ns
[component_container_isolated-2] [ERROR] [1789771059.181177270] [tf_help]: Transform data too old when converting from map to odom
[component_container_isolated-2] [ERROR] [1789771059.181209265] [tf_help]: Data time: 59s 800000000ns, Transform time: 4s 296000000ns
[component_container_isolated-2] [ERROR] [1789771059.231552031] [tf_help]: Transform data too old when converting from map to odom
[component_container_isolated-2] [ERROR] [1789771059.231586085] [tf_help]: Data time: 59s 800000000ns, Transform time: 4s 296000000ns
[component_container_isolated-2] [ERROR] [1789771059.281549599] [tf_help]: Transform data too old when converting from map to odom
[component_container_isolated-2] [ERROR] [1789771059.281583845] [tf_help]: Data time: 59s 800000000ns, Transform time: 4s 296000000ns
[component_container_isolated-2] [ERROR] [1789771059.331690078] [tf_help]: Transform data too old when converting from map to odom
[component_container_isolated-2] [ERROR] [1789771059.331726056] [tf_help]: Data time: 59s 800000000ns, Transform time: 4s 296000000ns
[component_container_isolated-2] [ERROR] [1789771059.381365075] [tf_help]: Transform data too old when converting from map to odom
[component_container_isolated-2] [ERROR] [1789771059.381401309] [tf_help]: Data time: 59s 800000000ns, Transform time: 4s 296000000ns
[component_container_isolated-2] [ERROR] [1789771059.431222776] [tf_help]: Transform data too old when converting from map to odom
[component_container_isolated-2] [ERROR] [1789771059.431263337] [tf_help]: Data time: 59s 800000000ns, Transform time: 4s 296000000ns
[component_container_isolated-2] [ERROR] [1789771059.481445979] [tf_help]: Transform data too old when converting from map to odom
[component_container_isolated-2] [ERROR] [1789771059.481479403] [tf_help]: Data time: 59s 800000000ns, Transform time: 4s 296000000ns
[component_container_isolated-2] [ERROR] [1789771059.531563514] [tf_help]: Transform data too old when converting from map to odom
[component_container_isolated-2] [ERROR] [1789771059.531595125] [tf_help]: Data time: 59s 800000000ns, Transform time: 4s 296000000ns
[component_container_isolated-2] [ERROR] [1789771059.581629140] [tf_help]: Transform data too old when converting from map to odom
[component_container_isolated-2] [ERROR] [1789771059.581662726] [tf_help]: Data time: 59s 800000000ns, Transform time: 4s 296000000ns
[component_container_isolated-2] [ERROR] [1789771059.631385526] [tf_help]: Transform data too old when converting from map to odom
[component_container_isolated-2] [ERROR] [1789771059.631419162] [tf_help]: Data time: 59s 800000000ns, Transform time: 4s 296000000ns
[component_container_isolated-2] [ERROR] [1789771059.682108588] [tf_help]: Transform data too old when converting from map to odom
[component_container_isolated-2] [ERROR] [1789771059.682146705] [tf_help]: Data time: 59s 800000000ns, Transform time: 4s 296000000ns
[component_container_isolated-2] [ERROR] [1789771059.731621509] [tf_help]: Transform data too old when converting from map to odom
[component_container_isolated-2] [ERROR] [1789771059.731650296] [tf_help]: Data time: 59s 800000000ns, Transform time: 4s 296000000ns
[component_container_isolated-2] [ERROR] [1789771059.782566449] [tf_help]: Transform data too old when converting from map to odom
[component_container_isolated-2] [ERROR] [1789771059.782597813] [tf_help]: Data time: 59s 800000000ns, Transform time: 4s 296000000ns
[component_container_isolated-2] [ERROR] [1789771059.831694654] [tf_help]: Transform data too old when converting from map to odom
[component_container_isolated-2] [ERROR] [1789771059.831727104] [tf_help]: Data time: 59s 800000000ns, Transform time: 4s 296000000ns
[component_container_isolated-2] [ERROR] [1789771059.881668679] [tf_help]: Transform data too old when converting from map to odom
[component_container_isolated-2] [ERROR] [1789771059.881705180] [tf_help]: Data time: 59s 800000000ns, Transform time: 4s 296000000ns
[component_container_isolated-2] [INFO] [1789771059.926168461] [controller_server]: Passing new path to controller.
[component_container_isolated-2] [ERROR] [1789771059.931585854] [tf_help]: Transform data too old when converting from map to odom
[component_container_isolated-2] [ERROR] [1789771059.931606967] [tf_help]: Data time: 60s 700000000ns, Transform time: 4s 296000000ns
[component_container_isolated-2] [ERROR] [1789771059.982895487] [tf_help]: Transform data too old when converting from map to odom
[component_container_isolated-2] [ERROR] [1789771059.982925255] [tf_help]: Data time: 60s 700000000ns, Transform time: 4s 296000000ns
[component_container_isolated-2] [ERROR] [1789771060.032640120] [tf_help]: Transform data too old when converting from map to odom
[component_container_isolated-2] [ERROR] [1789771060.032675905] [tf_help]: Data time: 60s 700000000ns, Transform time: 4s 296000000ns
[component_container_isolated-2] [ERROR] [1789771060.081650454] [tf_help]: Transform data too old when converting from map to odom
[component_container_isolated-2] [ERROR] [1789771060.081683838] [tf_help]: Data time: 60s 700000000ns, Transform time: 4s 296000000ns
[component_container_isolated-2] [ERROR] [1789771060.132680238] [tf_help]: Transform data too old when converting from map to odom
[component_container_isolated-2] [ERROR] [1789771060.132711383] [tf_help]: Data time: 60s 700000000ns, Transform time: 4s 296000000ns
[component_container_isolated-2] [ERROR] [1789771060.181511883] [tf_help]: Transform data too old when converting from map to odom
[component_container_isolated-2] [ERROR] [1789771060.181541708] [tf_help]: Data time: 60s 700000000ns, Transform time: 4s 296000000ns
[component_container_isolated-2] [INFO] [1789771060.231304167] [controller_server]: [TG-MPPI] cycle time (compute_backend=cpu): 5.382 ms/cycle avg over 50 cycles
[component_container_isolated-2] [ERROR] [1789771060.231444564] [tf_help]: Transform data too old when converting from map to odom
[component_container_isolated-2] [ERROR] [1789771060.231463244] [tf_help]: Data time: 60s 700000000ns, Transform time: 4s 296000000ns
[component_container_isolated-2] [ERROR] [1789771060.281277152] [tf_help]: Transform data too old when converting from map to odom
[component_container_isolated-2] [ERROR] [1789771060.281306316] [tf_help]: Data time: 60s 700000000ns, Transform time: 4s 296000000ns
[component_container_isolated-2] [ERROR] [1789771060.331413750] [tf_help]: Transform data too old when converting from map to odom
[component_container_isolated-2] [ERROR] [1789771060.331448332] [tf_help]: Data time: 60s 700000000ns, Transform time: 4s 296000000ns
[component_container_isolated-2] [ERROR] [1789771060.381349862] [tf_help]: Transform data too old when converting from map to odom
[component_container_isolated-2] [ERROR] [1789771060.381382068] [tf_help]: Data time: 60s 700000000ns, Transform time: 4s 296000000ns
[component_container_isolated-2] [ERROR] [1789771060.431618122] [tf_help]: Transform data too old when converting from map to odom
[component_container_isolated-2] [ERROR] [1789771060.431650087] [tf_help]: Data time: 60s 700000000ns, Transform time: 4s 296000000ns
[component_container_isolated-2] [ERROR] [1789771060.481681222] [tf_help]: Transform data too old when converting from map to odom
[component_container_isolated-2] [ERROR] [1789771060.481713679] [tf_help]: Data time: 60s 700000000ns, Transform time: 4s 296000000ns
[component_container_isolated-2] [ERROR] [1789771060.531452520] [tf_help]: Transform data too old when converting from map to odom
[component_container_isolated-2] [ERROR] [1789771060.531482976] [tf_help]: Data time: 60s 700000000ns, Transform time: 4s 296000000ns
[component_container_isolated-2] [ERROR] [1789771060.581416272] [tf_help]: Transform data too old when converting from map to odom
[component_container_isolated-2] [ERROR] [1789771060.581448701] [tf_help]: Data time: 60s 700000000ns, Transform time: 4s 296000000ns
[component_container_isolated-2] [ERROR] [1789771060.631452838] [tf_help]: Transform data too old when converting from map to odom
[component_container_isolated-2] [ERROR] [1789771060.631483021] [tf_help]: Data time: 60s 700000000ns, Transform time: 4s 296000000ns
[component_container_isolated-2] [ERROR] [1789771060.681221032] [tf_help]: Transform data too old when converting from map to odom
[component_container_isolated-2] [ERROR] [1789771060.681249857] [tf_help]: Data time: 60s 700000000ns, Transform time: 4s 296000000ns
[component_container_isolated-2] [ERROR] [1789771060.731362939] [tf_help]: Transform data too old when converting from map to odom
[component_container_isolated-2] [ERROR] [1789771060.731408564] [tf_help]: Data time: 60s 700000000ns, Transform time: 4s 296000000ns
[component_container_isolated-2] [ERROR] [1789771060.781835117] [tf_help]: Transform data too old when converting from map to odom
[component_container_isolated-2] [ERROR] [1789771060.781870750] [tf_help]: Data time: 60s 700000000ns, Transform time: 4s 296000000ns
[component_container_isolated-2] [ERROR] [1789771060.831285100] [tf_help]: Transform data too old when converting from map to odom
[component_container_isolated-2] [ERROR] [1789771060.831319636] [tf_help]: Data time: 60s 700000000ns, Transform time: 4s 296000000ns
[component_container_isolated-2] [ERROR] [1789771060.881632559] [tf_help]: Transform data too old when converting from map to odom
[component_container_isolated-2] [ERROR] [1789771060.881665000] [tf_help]: Data time: 60s 700000000ns, Transform time: 4s 296000000ns
[component_container_isolated-2] [INFO] [1789771060.926180489] [controller_server]: Passing new path to controller.
[component_container_isolated-2] [ERROR] [1789771060.931367083] [tf_help]: Transform data too old when converting from map to odom
[component_container_isolated-2] [ERROR] [1789771060.931390345] [tf_help]: Data time: 61s 700000000ns, Transform time: 4s 296000000ns
[component_container_isolated-2] [ERROR] [1789771060.985614993] [tf_help]: Transform data too old when converting from map to odom
[component_container_isolated-2] [ERROR] [1789771060.985645041] [tf_help]: Data time: 61s 700000000ns, Transform time: 4s 296000000ns
[component_container_isolated-2] [ERROR] [1789771061.032027925] [tf_help]: Transform data too old when converting from map to odom
[component_container_isolated-2] [ERROR] [1789771061.032060282] [tf_help]: Data time: 61s 700000000ns, Transform time: 4s 296000000ns
[component_container_isolated-2] [ERROR] [1789771061.082151634] [tf_help]: Transform data too old when converting from map to odom
[component_container_isolated-2] [ERROR] [1789771061.082196765] [tf_help]: Data time: 61s 700000000ns, Transform time: 4s 296000000ns
[component_container_isolated-2] [ERROR] [1789771061.132736440] [tf_help]: Transform data too old when converting from map to odom
[component_container_isolated-2] [ERROR] [1789771061.132769834] [tf_help]: Data time: 61s 700000000ns, Transform time: 4s 296000000ns
[component_container_isolated-2] [ERROR] [1789771061.176201625] [controller_server]: Failed to make progress
[component_container_isolated-2] [WARN] [1789771061.176263106] [controller_server]: [follow_path] [ActionServer] Aborting handle.
[component_container_isolated-2] [INFO] [1789771061.195923204] [local_costmap.local_costmap]: Received request to clear entirely the local_costmap
[component_container_isolated-2] [INFO] [1789771061.196286983] [controller_server]: Received a goal, begin computing control effort.
[component_container_isolated-2] [ERROR] [1789771061.246821659] [tf_help]: Transform data too old when converting from map to odom
[component_container_isolated-2] [ERROR] [1789771061.246880480] [tf_help]: Data time: 61s 700000000ns, Transform time: 4s 296000000ns
[component_container_isolated-2] [WARN] [1789771061.246893314] [controller_server]: Control loop missed its desired rate of 20.0000Hz
[component_container_isolated-2] [ERROR] [1789771061.257190483] [tf_help]: Transform data too old when converting from map to odom
[component_container_isolated-2] [ERROR] [1789771061.257229960] [tf_help]: Data time: 61s 700000000ns, Transform time: 4s 296000000ns
[component_container_isolated-2] [ERROR] [1789771061.306193093] [tf_help]: Transform data too old when converting from map to odom
[component_container_isolated-2] [ERROR] [1789771061.306232647] [tf_help]: Data time: 61s 700000000ns, Transform time: 4s 296000000ns
[component_container_isolated-2] [ERROR] [1789771061.351499503] [tf_help]: Transform data too old when converting from map to odom
[component_container_isolated-2] [ERROR] [1789771061.351530924] [tf_help]: Data time: 61s 700000000ns, Transform time: 4s 296000000ns
[component_container_isolated-2] [ERROR] [1789771061.401597852] [tf_help]: Transform data too old when converting from map to odom
[component_container_isolated-2] [ERROR] [1789771061.401633963] [tf_help]: Data time: 61s 700000000ns, Transform time: 4s 296000000ns
[component_container_isolated-2] [ERROR] [1789771061.451723273] [tf_help]: Transform data too old when converting from map to odom
[component_container_isolated-2] [ERROR] [1789771061.451756012] [tf_help]: Data time: 61s 700000000ns, Transform time: 4s 296000000ns
[component_container_isolated-2] [ERROR] [1789771061.501944725] [tf_help]: Transform data too old when converting from map to odom
[component_container_isolated-2] [ERROR] [1789771061.501978268] [tf_help]: Data time: 61s 700000000ns, Transform time: 4s 296000000ns
[component_container_isolated-2] [ERROR] [1789771061.556686020] [tf_help]: Transform data too old when converting from map to odom
[component_container_isolated-2] [ERROR] [1789771061.556729110] [tf_help]: Data time: 61s 700000000ns, Transform time: 4s 296000000ns
[component_container_isolated-2] [ERROR] [1789771061.603702540] [tf_help]: Transform data too old when converting from map to odom
[component_container_isolated-2] [ERROR] [1789771061.603733266] [tf_help]: Data time: 61s 700000000ns, Transform time: 4s 296000000ns
[component_container_isolated-2] [ERROR] [1789771061.651456734] [tf_help]: Transform data too old when converting from map to odom
[component_container_isolated-2] [ERROR] [1789771061.651488232] [tf_help]: Data time: 61s 700000000ns, Transform time: 4s 296000000ns
[component_container_isolated-2] [ERROR] [1789771061.701899040] [tf_help]: Transform data too old when converting from map to odom
[component_container_isolated-2] [ERROR] [1789771061.701932545] [tf_help]: Data time: 61s 700000000ns, Transform time: 4s 296000000ns
[component_container_isolated-2] [ERROR] [1789771061.751592155] [tf_help]: Transform data too old when converting from map to odom
[component_container_isolated-2] [ERROR] [1789771061.751624317] [tf_help]: Data time: 61s 700000000ns, Transform time: 4s 296000000ns
[component_container_isolated-2] [ERROR] [1789771061.802143725] [tf_help]: Transform data too old when converting from map to odom
[component_container_isolated-2] [ERROR] [1789771061.802181771] [tf_help]: Data time: 61s 700000000ns, Transform time: 4s 296000000ns
[component_container_isolated-2] [ERROR] [1789771061.853491534] [tf_help]: Transform data too old when converting from map to odom
[component_container_isolated-2] [ERROR] [1789771061.853528627] [tf_help]: Data time: 61s 700000000ns, Transform time: 4s 296000000ns
[component_container_isolated-2] [ERROR] [1789771061.901644510] [tf_help]: Transform data too old when converting from map to odom
[component_container_isolated-2] [ERROR] [1789771061.901679658] [tf_help]: Data time: 61s 700000000ns, Transform time: 4s 296000000ns
[component_container_isolated-2] [INFO] [1789771061.946443339] [controller_server]: Passing new path to controller.
[component_container_isolated-2] [ERROR] [1789771061.951682109] [tf_help]: Transform data too old when converting from map to odom
[component_container_isolated-2] [ERROR] [1789771061.951710043] [tf_help]: Data time: 62s 700000000ns, Transform time: 4s 296000000ns
[component_container_isolated-2] [ERROR] [1789771062.003019659] [tf_help]: Transform data too old when converting from map to odom
[component_container_isolated-2] [ERROR] [1789771062.003063934] [tf_help]: Data time: 62s 700000000ns, Transform time: 4s 296000000ns
[component_container_isolated-2] [ERROR] [1789771062.053975778] [tf_help]: Transform data too old when converting from map to odom
[component_container_isolated-2] [ERROR] [1789771062.054005500] [tf_help]: Data time: 62s 700000000ns, Transform time: 4s 296000000ns
[component_container_isolated-2] [ERROR] [1789771062.102019811] [tf_help]: Transform data too old when converting from map to odom
[component_container_isolated-2] [ERROR] [1789771062.102051191] [tf_help]: Data time: 62s 700000000ns, Transform time: 4s 296000000ns
[component_container_isolated-2] [ERROR] [1789771062.151488645] [tf_help]: Transform data too old when converting from map to odom
[component_container_isolated-2] [ERROR] [1789771062.151518861] [tf_help]: Data time: 62s 700000000ns, Transform time: 4s 296000000ns
[component_container_isolated-2] [ERROR] [1789771062.201470195] [tf_help]: Transform data too old when converting from map to odom
[component_container_isolated-2] [ERROR] [1789771062.201500492] [tf_help]: Data time: 62s 700000000ns, Transform time: 4s 296000000ns
[component_container_isolated-2] [ERROR] [1789771062.252230344] [tf_help]: Transform data too old when converting from map to odom
[component_container_isolated-2] [ERROR] [1789771062.252276826] [tf_help]: Data time: 62s 700000000ns, Transform time: 4s 296000000ns
[component_container_isolated-2] [ERROR] [1789771062.304109867] [tf_help]: Transform data too old when converting from map to odom
[component_container_isolated-2] [ERROR] [1789771062.304142469] [tf_help]: Data time: 62s 700000000ns, Transform time: 4s 296000000ns
[component_container_isolated-2] [ERROR] [1789771062.351772323] [tf_help]: Transform data too old when converting from map to odom
[component_container_isolated-2] [ERROR] [1789771062.351806361] [tf_help]: Data time: 62s 700000000ns, Transform time: 4s 296000000ns
[component_container_isolated-2] [ERROR] [1789771062.401731153] [tf_help]: Transform data too old when converting from map to odom
[component_container_isolated-2] [ERROR] [1789771062.401760330] [tf_help]: Data time: 62s 700000000ns, Transform time: 4s 296000000ns
[component_container_isolated-2] [ERROR] [1789771062.451807258] [tf_help]: Transform data too old when converting from map to odom
[component_container_isolated-2] [ERROR] [1789771062.451839017] [tf_help]: Data time: 62s 700000000ns, Transform time: 4s 296000000ns
[component_container_isolated-2] [ERROR] [1789771062.502961334] [tf_help]: Transform data too old when converting from map to odom
[component_container_isolated-2] [ERROR] [1789771062.502991784] [tf_help]: Data time: 62s 700000000ns, Transform time: 4s 296000000ns
[component_container_isolated-2] [ERROR] [1789771062.551756374] [tf_help]: Transform data too old when converting from map to odom
[component_container_isolated-2] [ERROR] [1789771062.551787609] [tf_help]: Data time: 62s 700000000ns, Transform time: 4s 296000000ns
[component_container_isolated-2] [ERROR] [1789771062.601705292] [tf_help]: Transform data too old when converting from map to odom
[component_container_isolated-2] [ERROR] [1789771062.601746550] [tf_help]: Data time: 62s 700000000ns, Transform time: 4s 296000000ns
[component_container_isolated-2] [ERROR] [1789771062.651958632] [tf_help]: Transform data too old when converting from map to odom
[component_container_isolated-2] [ERROR] [1789771062.652002597] [tf_help]: Data time: 62s 700000000ns, Transform time: 4s 296000000ns
[component_container_isolated-2] [ERROR] [1789771062.701518536] [tf_help]: Transform data too old when converting from map to odom
[component_container_isolated-2] [ERROR] [1789771062.701550778] [tf_help]: Data time: 62s 700000000ns, Transform time: 4s 296000000ns
[component_container_isolated-2] [INFO] [1789771062.751437405] [controller_server]: [TG-MPPI] cycle time (compute_backend=cpu): 5.757 ms/cycle avg over 50 cycles
[component_container_isolated-2] [ERROR] [1789771062.751594950] [tf_help]: Transform data too old when converting from map to odom
[component_container_isolated-2] [ERROR] [1789771062.751615024] [tf_help]: Data time: 62s 700000000ns, Transform time: 4s 296000000ns
[component_container_isolated-2] [ERROR] [1789771062.801549730] [tf_help]: Transform data too old when converting from map to odom
[component_container_isolated-2] [ERROR] [1789771062.801583226] [tf_help]: Data time: 62s 700000000ns, Transform time: 4s 296000000ns
[component_container_isolated-2] [ERROR] [1789771062.851810069] [tf_help]: Transform data too old when converting from map to odom
[component_container_isolated-2] [ERROR] [1789771062.851840852] [tf_help]: Data time: 62s 700000000ns, Transform time: 4s 296000000ns
[component_container_isolated-2] [ERROR] [1789771062.904570251] [tf_help]: Transform data too old when converting from map to odom
[component_container_isolated-2] [ERROR] [1789771062.904600814] [tf_help]: Data time: 62s 700000000ns, Transform time: 4s 296000000ns
[component_container_isolated-2] [ERROR] [1789771062.952954235] [tf_help]: Transform data too old when converting from map to odom
[component_container_isolated-2] [ERROR] [1789771062.952990138] [tf_help]: Data time: 62s 700000000ns, Transform time: 4s 296000000ns
[component_container_isolated-2] [INFO] [1789771062.996446693] [controller_server]: Passing new path to controller.
[component_container_isolated-2] [ERROR] [1789771063.001692753] [tf_help]: Transform data too old when converting from map to odom
[component_container_isolated-2] [ERROR] [1789771063.001715011] [tf_help]: Data time: 63s 600000000ns, Transform time: 4s 296000000ns
[component_container_isolated-2] [ERROR] [1789771063.051852835] [tf_help]: Transform data too old when converting from map to odom
[component_container_isolated-2] [ERROR] [1789771063.051883941] [tf_help]: Data time: 63s 600000000ns, Transform time: 4s 296000000ns
[component_container_isolated-2] [ERROR] [1789771063.101675030] [tf_help]: Transform data too old when converting from map to odom
[component_container_isolated-2] [ERROR] [1789771063.101704925] [tf_help]: Data time: 63s 600000000ns, Transform time: 4s 296000000ns
[component_container_isolated-2] [ERROR] [1789771063.151848784] [tf_help]: Transform data too old when converting from map to odom
[component_container_isolated-2] [ERROR] [1789771063.151881565] [tf_help]: Data time: 63s 600000000ns, Transform time: 4s 296000000ns
[component_container_isolated-2] [ERROR] [1789771063.202040961] [tf_help]: Transform data too old when converting from map to odom
[component_container_isolated-2] [ERROR] [1789771063.202070518] [tf_help]: Data time: 63s 600000000ns, Transform time: 4s 296000000ns
[component_container_isolated-2] [ERROR] [1789771063.256067125] [tf_help]: Transform data too old when converting from map to odom
[component_container_isolated-2] [ERROR] [1789771063.256110209] [tf_help]: Data time: 63s 600000000ns, Transform time: 4s 296000000ns
[component_container_isolated-2] [ERROR] [1789771063.302427469] [tf_help]: Transform data too old when converting from map to odom
[component_container_isolated-2] [ERROR] [1789771063.302467447] [tf_help]: Data time: 63s 600000000ns, Transform time: 4s 296000000ns
[component_container_isolated-2] [ERROR] [1789771063.352680301] [tf_help]: Transform data too old when converting from map to odom
[component_container_isolated-2] [ERROR] [1789771063.352715064] [tf_help]: Data time: 63s 600000000ns, Transform time: 4s 296000000ns
[component_container_isolated-2] [ERROR] [1789771063.401749356] [tf_help]: Transform data too old when converting from map to odom
[component_container_isolated-2] [ERROR] [1789771063.401780265] [tf_help]: Data time: 63s 600000000ns, Transform time: 4s 296000000ns
[component_container_isolated-2] [ERROR] [1789771063.452095621] [tf_help]: Transform data too old when converting from map to odom
[component_container_isolated-2] [ERROR] [1789771063.452128149] [tf_help]: Data time: 63s 600000000ns, Transform time: 4s 296000000ns
[component_container_isolated-2] [ERROR] [1789771063.501715240] [tf_help]: Transform data too old when converting from map to odom
[component_container_isolated-2] [ERROR] [1789771063.501745610] [tf_help]: Data time: 63s 600000000ns, Transform time: 4s 296000000ns
[component_container_isolated-2] [ERROR] [1789771063.551771399] [tf_help]: Transform data too old when converting from map to odom
[component_container_isolated-2] [ERROR] [1789771063.551803863] [tf_help]: Data time: 63s 600000000ns, Transform time: 4s 296000000ns
[component_container_isolated-2] [ERROR] [1789771063.601636702] [tf_help]: Transform data too old when converting from map to odom
[component_container_isolated-2] [ERROR] [1789771063.601666948] [tf_help]: Data time: 63s 600000000ns, Transform time: 4s 296000000ns
[component_container_isolated-2] [ERROR] [1789771063.651961931] [tf_help]: Transform data too old when converting from map to odom
[component_container_isolated-2] [ERROR] [1789771063.651998664] [tf_help]: Data time: 63s 600000000ns, Transform time: 4s 296000000ns
[component_container_isolated-2] [ERROR] [1789771063.701778497] [tf_help]: Transform data too old when converting from map to odom
[component_container_isolated-2] [ERROR] [1789771063.701806930] [tf_help]: Data time: 63s 600000000ns, Transform time: 4s 296000000ns
[component_container_isolated-2] [ERROR] [1789771063.751882477] [tf_help]: Transform data too old when converting from map to odom
[component_container_isolated-2] [ERROR] [1789771063.751916003] [tf_help]: Data time: 63s 600000000ns, Transform time: 4s 296000000ns
[component_container_isolated-2] [ERROR] [1789771063.802241864] [tf_help]: Transform data too old when converting from map to odom
[component_container_isolated-2] [ERROR] [1789771063.802278713] [tf_help]: Data time: 63s 600000000ns, Transform time: 4s 296000000ns
[component_container_isolated-2] [ERROR] [1789771063.852332052] [tf_help]: Transform data too old when converting from map to odom
[component_container_isolated-2] [ERROR] [1789771063.852365674] [tf_help]: Data time: 63s 600000000ns, Transform time: 4s 296000000ns
[component_container_isolated-2] [ERROR] [1789771063.901836311] [tf_help]: Transform data too old when converting from map to odom
[component_container_isolated-2] [ERROR] [1789771063.901873377] [tf_help]: Data time: 63s 600000000ns, Transform time: 4s 296000000ns
[component_container_isolated-2] [ERROR] [1789771063.951811735] [tf_help]: Transform data too old when converting from map to odom
[component_container_isolated-2] [ERROR] [1789771063.951843631] [tf_help]: Data time: 63s 600000000ns, Transform time: 4s 296000000ns
[component_container_isolated-2] [INFO] [1789771063.996403491] [controller_server]: Passing new path to controller.
[component_container_isolated-2] [ERROR] [1789771064.001735392] [tf_help]: Transform data too old when converting from map to odom
[component_container_isolated-2] [ERROR] [1789771064.001763362] [tf_help]: Data time: 64s 600000000ns, Transform time: 4s 296000000ns
[component_container_isolated-2] [ERROR] [1789771064.052223243] [tf_help]: Transform data too old when converting from map to odom
[component_container_isolated-2] [ERROR] [1789771064.052249321] [tf_help]: Data time: 64s 600000000ns, Transform time: 4s 296000000ns
[component_container_isolated-2] [ERROR] [1789771064.101563822] [tf_help]: Transform data too old when converting from map to odom
[component_container_isolated-2] [ERROR] [1789771064.101588321] [tf_help]: Data time: 64s 600000000ns, Transform time: 4s 296000000ns
[component_container_isolated-2] [ERROR] [1789771064.151790639] [tf_help]: Transform data too old when converting from map to odom
[component_container_isolated-2] [ERROR] [1789771064.151818505] [tf_help]: Data time: 64s 600000000ns, Transform time: 4s 296000000ns
[component_container_isolated-2] [ERROR] [1789771064.201649759] [tf_help]: Transform data too old when converting from map to odom
[component_container_isolated-2] [ERROR] [1789771064.201679872] [tf_help]: Data time: 64s 600000000ns, Transform time: 4s 296000000ns
[component_container_isolated-2] [ERROR] [1789771064.251952029] [tf_help]: Transform data too old when converting from map to odom
[component_container_isolated-2] [ERROR] [1789771064.251979692] [tf_help]: Data time: 64s 600000000ns, Transform time: 4s 296000000ns
[component_container_isolated-2] [ERROR] [1789771064.301912423] [tf_help]: Transform data too old when converting from map to odom
[component_container_isolated-2] [ERROR] [1789771064.301948618] [tf_help]: Data time: 64s 600000000ns, Transform time: 4s 296000000ns
[component_container_isolated-2] [ERROR] [1789771064.351557328] [tf_help]: Transform data too old when converting from map to odom
[component_container_isolated-2] [ERROR] [1789771064.351588587] [tf_help]: Data time: 64s 600000000ns, Transform time: 4s 296000000ns
[component_container_isolated-2] [ERROR] [1789771064.401749386] [tf_help]: Transform data too old when converting from map to odom
[component_container_isolated-2] [ERROR] [1789771064.401790913] [tf_help]: Data time: 64s 600000000ns, Transform time: 4s 296000000ns
[component_container_isolated-2] [ERROR] [1789771064.454974738] [tf_help]: Transform data too old when converting from map to odom
[component_container_isolated-2] [ERROR] [1789771064.455014010] [tf_help]: Data time: 64s 600000000ns, Transform time: 4s 296000000ns
[component_container_isolated-2] [ERROR] [1789771064.502280215] [tf_help]: Transform data too old when converting from map to odom
[component_container_isolated-2] [ERROR] [1789771064.502312598] [tf_help]: Data time: 64s 600000000ns, Transform time: 4s 296000000ns
[component_container_isolated-2] [ERROR] [1789771064.551913193] [tf_help]: Transform data too old when converting from map to odom
[component_container_isolated-2] [ERROR] [1789771064.551947745] [tf_help]: Data time: 64s 600000000ns, Transform time: 4s 296000000ns
[component_container_isolated-2] [ERROR] [1789771064.609872713] [tf_help]: Transform data too old when converting from map to odom
[component_container_isolated-2] [ERROR] [1789771064.609925488] [tf_help]: Data time: 64s 600000000ns, Transform time: 4s 296000000ns
[component_container_isolated-2] [ERROR] [1789771064.656278113] [tf_help]: Transform data too old when converting from map to odom
[component_container_isolated-2] [ERROR] [1789771064.656316081] [tf_help]: Data time: 64s 600000000ns, Transform time: 4s 296000000ns
[component_container_isolated-2] [ERROR] [1789771064.701732131] [tf_help]: Transform data too old when converting from map to odom
[component_container_isolated-2] [ERROR] [1789771064.701763520] [tf_help]: Data time: 64s 600000000ns, Transform time: 4s 296000000ns
[component_container_isolated-2] [ERROR] [1789771064.754321637] [tf_help]: Transform data too old when converting from map to odom
[component_container_isolated-2] [ERROR] [1789771064.754369493] [tf_help]: Data time: 64s 600000000ns, Transform time: 4s 296000000ns
[component_container_isolated-2] [ERROR] [1789771064.808611672] [tf_help]: Transform data too old when converting from map to odom
[component_container_isolated-2] [ERROR] [1789771064.808675883] [tf_help]: Data time: 64s 600000000ns, Transform time: 4s 296000000ns
[component_container_isolated-2] [ERROR] [1789771064.856227210] [tf_help]: Transform data too old when converting from map to odom
[component_container_isolated-2] [ERROR] [1789771064.856258412] [tf_help]: Data time: 64s 600000000ns, Transform time: 4s 296000000ns
[component_container_isolated-2] [ERROR] [1789771064.902454859] [tf_help]: Transform data too old when converting from map to odom
[component_container_isolated-2] [ERROR] [1789771064.902499010] [tf_help]: Data time: 64s 600000000ns, Transform time: 4s 296000000ns
[component_container_isolated-2] [ERROR] [1789771064.952397866] [tf_help]: Transform data too old when converting from map to odom
[component_container_isolated-2] [ERROR] [1789771064.952436226] [tf_help]: Data time: 64s 600000000ns, Transform time: 4s 296000000ns
[component_container_isolated-2] [ERROR] [1789771065.002167035] [tf_help]: Transform data too old when converting from map to odom
[component_container_isolated-2] [ERROR] [1789771065.002198533] [tf_help]: Data time: 64s 600000000ns, Transform time: 4s 296000000ns
[component_container_isolated-2] [INFO] [1789771065.046949817] [controller_server]: Passing new path to controller.
[component_container_isolated-2] [ERROR] [1789771065.052273904] [tf_help]: Transform data too old when converting from map to odom
[component_container_isolated-2] [ERROR] [1789771065.052297099] [tf_help]: Data time: 65s 500000000ns, Transform time: 4s 296000000ns
[component_container_isolated-2] [ERROR] [1789771065.102542780] [tf_help]: Transform data too old when converting from map to odom
[component_container_isolated-2] [ERROR] [1789771065.102574451] [tf_help]: Data time: 65s 500000000ns, Transform time: 4s 296000000ns
[component_container_isolated-2] [ERROR] [1789771065.151920225] [tf_help]: Transform data too old when converting from map to odom
[component_container_isolated-2] [ERROR] [1789771065.151950652] [tf_help]: Data time: 65s 500000000ns, Transform time: 4s 296000000ns
[component_container_isolated-2] [ERROR] [1789771065.201714914] [tf_help]: Transform data too old when converting from map to odom
[component_container_isolated-2] [ERROR] [1789771065.201749197] [tf_help]: Data time: 65s 500000000ns, Transform time: 4s 296000000ns
[component_container_isolated-2] [INFO] [1789771065.251578774] [controller_server]: [TG-MPPI] cycle time (compute_backend=cpu): 5.938 ms/cycle avg over 50 cycles
[component_container_isolated-2] [ERROR] [1789771065.251716968] [tf_help]: Transform data too old when converting from map to odom
[component_container_isolated-2] [ERROR] [1789771065.251737654] [tf_help]: Data time: 65s 500000000ns, Transform time: 4s 296000000ns
[component_container_isolated-2] [ERROR] [1789771065.301864969] [tf_help]: Transform data too old when converting from map to odom
[component_container_isolated-2] [ERROR] [1789771065.301898729] [tf_help]: Data time: 65s 500000000ns, Transform time: 4s 296000000ns
[component_container_isolated-2] [ERROR] [1789771065.351938302] [tf_help]: Transform data too old when converting from map to odom
[component_container_isolated-2] [ERROR] [1789771065.351968396] [tf_help]: Data time: 65s 500000000ns, Transform time: 4s 296000000ns
[component_container_isolated-2] [ERROR] [1789771065.401750765] [tf_help]: Transform data too old when converting from map to odom
[component_container_isolated-2] [ERROR] [1789771065.401780811] [tf_help]: Data time: 65s 500000000ns, Transform time: 4s 296000000ns
[component_container_isolated-2] [ERROR] [1789771065.451689410] [tf_help]: Transform data too old when converting from map to odom
[component_container_isolated-2] [ERROR] [1789771065.451718926] [tf_help]: Data time: 65s 500000000ns, Transform time: 4s 296000000ns
[component_container_isolated-2] [ERROR] [1789771065.501887874] [tf_help]: Transform data too old when converting from map to odom
[component_container_isolated-2] [ERROR] [1789771065.501921155] [tf_help]: Data time: 65s 500000000ns, Transform time: 4s 296000000ns
[component_container_isolated-2] [ERROR] [1789771065.551735429] [tf_help]: Transform data too old when converting from map to odom
[component_container_isolated-2] [ERROR] [1789771065.551765834] [tf_help]: Data time: 65s 500000000ns, Transform time: 4s 296000000ns
[component_container_isolated-2] [ERROR] [1789771065.601688572] [tf_help]: Transform data too old when converting from map to odom
[component_container_isolated-2] [ERROR] [1789771065.601731907] [tf_help]: Data time: 65s 500000000ns, Transform time: 4s 296000000ns
[component_container_isolated-2] [ERROR] [1789771065.651771793] [tf_help]: Transform data too old when converting from map to odom
[component_container_isolated-2] [ERROR] [1789771065.651801334] [tf_help]: Data time: 65s 500000000ns, Transform time: 4s 296000000ns
[component_container_isolated-2] [ERROR] [1789771065.701596837] [tf_help]: Transform data too old when converting from map to odom
[component_container_isolated-2] [ERROR] [1789771065.701634093] [tf_help]: Data time: 65s 500000000ns, Transform time: 4s 296000000ns
[component_container_isolated-2] [ERROR] [1789771065.751584396] [tf_help]: Transform data too old when converting from map to odom
[component_container_isolated-2] [ERROR] [1789771065.751618290] [tf_help]: Data time: 65s 500000000ns, Transform time: 4s 296000000ns
[component_container_isolated-2] [ERROR] [1789771065.801575687] [tf_help]: Transform data too old when converting from map to odom
[component_container_isolated-2] [ERROR] [1789771065.801624023] [tf_help]: Data time: 65s 500000000ns, Transform time: 4s 296000000ns
[component_container_isolated-2] [ERROR] [1789771065.853570613] [tf_help]: Transform data too old when converting from map to odom
[component_container_isolated-2] [ERROR] [1789771065.853618395] [tf_help]: Data time: 65s 500000000ns, Transform time: 4s 296000000ns
[component_container_isolated-2] [ERROR] [1789771065.901926847] [tf_help]: Transform data too old when converting from map to odom
[component_container_isolated-2] [ERROR] [1789771065.901960276] [tf_help]: Data time: 65s 500000000ns, Transform time: 4s 296000000ns
[component_container_isolated-2] [ERROR] [1789771065.951834130] [tf_help]: Transform data too old when converting from map to odom
[component_container_isolated-2] [ERROR] [1789771065.951867068] [tf_help]: Data time: 65s 500000000ns, Transform time: 4s 296000000ns
[component_container_isolated-2] [ERROR] [1789771066.001662868] [tf_help]: Transform data too old when converting from map to odom
[component_container_isolated-2] [ERROR] [1789771066.001699551] [tf_help]: Data time: 65s 500000000ns, Transform time: 4s 296000000ns
[component_container_isolated-2] [ERROR] [1789771066.052816389] [tf_help]: Transform data too old when converting from map to odom
[component_container_isolated-2] [ERROR] [1789771066.052848664] [tf_help]: Data time: 65s 500000000ns, Transform time: 4s 296000000ns
[component_container_isolated-2] [INFO] [1789771066.096411666] [controller_server]: Passing new path to controller.
[component_container_isolated-2] [ERROR] [1789771066.101966980] [tf_help]: Transform data too old when converting from map to odom
[component_container_isolated-2] [ERROR] [1789771066.101994279] [tf_help]: Data time: 66s 500000000ns, Transform time: 4s 296000000ns
[component_container_isolated-2] [ERROR] [1789771066.151655731] [tf_help]: Transform data too old when converting from map to odom
[component_container_isolated-2] [ERROR] [1789771066.151688059] [tf_help]: Data time: 66s 500000000ns, Transform time: 4s 296000000ns
[component_container_isolated-2] [ERROR] [1789771066.201584500] [tf_help]: Transform data too old when converting from map to odom
[component_container_isolated-2] [ERROR] [1789771066.201614838] [tf_help]: Data time: 66s 500000000ns, Transform time: 4s 296000000ns
[component_container_isolated-2] [ERROR] [1789771066.251449732] [tf_help]: Transform data too old when converting from map to odom
[component_container_isolated-2] [ERROR] [1789771066.251481518] [tf_help]: Data time: 66s 500000000ns, Transform time: 4s 296000000ns
[component_container_isolated-2] [ERROR] [1789771066.301738558] [tf_help]: Transform data too old when converting from map to odom
[component_container_isolated-2] [ERROR] [1789771066.301772422] [tf_help]: Data time: 66s 500000000ns, Transform time: 4s 296000000ns
[component_container_isolated-2] [ERROR] [1789771066.357065267] [tf_help]: Transform data too old when converting from map to odom
[component_container_isolated-2] [ERROR] [1789771066.357112143] [tf_help]: Data time: 66s 500000000ns, Transform time: 4s 296000000ns
[component_container_isolated-2] [ERROR] [1789771066.402589853] [tf_help]: Transform data too old when converting from map to odom
[component_container_isolated-2] [ERROR] [1789771066.402626464] [tf_help]: Data time: 66s 500000000ns, Transform time: 4s 296000000ns
[component_container_isolated-2] [ERROR] [1789771066.452264520] [tf_help]: Transform data too old when converting from map to odom
[component_container_isolated-2] [ERROR] [1789771066.452304557] [tf_help]: Data time: 66s 500000000ns, Transform time: 4s 296000000ns
[component_container_isolated-2] [ERROR] [1789771066.502642961] [tf_help]: Transform data too old when converting from map to odom
[component_container_isolated-2] [ERROR] [1789771066.502679126] [tf_help]: Data time: 66s 500000000ns, Transform time: 4s 296000000ns
[component_container_isolated-2] [ERROR] [1789771066.551786307] [tf_help]: Transform data too old when converting from map to odom
[component_container_isolated-2] [ERROR] [1789771066.551818281] [tf_help]: Data time: 66s 500000000ns, Transform time: 4s 296000000ns
[component_container_isolated-2] [ERROR] [1789771066.602022091] [tf_help]: Transform data too old when converting from map to odom
[component_container_isolated-2] [ERROR] [1789771066.602075071] [tf_help]: Data time: 66s 500000000ns, Transform time: 4s 296000000ns
[component_container_isolated-2] [ERROR] [1789771066.651422261] [tf_help]: Transform data too old when converting from map to odom
[component_container_isolated-2] [ERROR] [1789771066.651455378] [tf_help]: Data time: 66s 500000000ns, Transform time: 4s 296000000ns
[component_container_isolated-2] [ERROR] [1789771066.701974143] [tf_help]: Transform data too old when converting from map to odom
[component_container_isolated-2] [ERROR] [1789771066.702006517] [tf_help]: Data time: 66s 500000000ns, Transform time: 4s 296000000ns
[component_container_isolated-2] [ERROR] [1789771066.751811503] [tf_help]: Transform data too old when converting from map to odom
[component_container_isolated-2] [ERROR] [1789771066.751849854] [tf_help]: Data time: 66s 500000000ns, Transform time: 4s 296000000ns
[component_container_isolated-2] [ERROR] [1789771066.801586136] [tf_help]: Transform data too old when converting from map to odom
[component_container_isolated-2] [ERROR] [1789771066.801623816] [tf_help]: Data time: 66s 500000000ns, Transform time: 4s 296000000ns
[component_container_isolated-2] [ERROR] [1789771066.851851619] [tf_help]: Transform data too old when converting from map to odom
[component_container_isolated-2] [ERROR] [1789771066.851883319] [tf_help]: Data time: 66s 500000000ns, Transform time: 4s 296000000ns
[component_container_isolated-2] [ERROR] [1789771066.901637214] [tf_help]: Transform data too old when converting from map to odom
[component_container_isolated-2] [ERROR] [1789771066.901667968] [tf_help]: Data time: 66s 500000000ns, Transform time: 4s 296000000ns
[component_container_isolated-2] [ERROR] [1789771066.951650364] [tf_help]: Transform data too old when converting from map to odom
[component_container_isolated-2] [ERROR] [1789771066.951679877] [tf_help]: Data time: 66s 500000000ns, Transform time: 4s 296000000ns
[component_container_isolated-2] [ERROR] [1789771067.001548591] [tf_help]: Transform data too old when converting from map to odom
[component_container_isolated-2] [ERROR] [1789771067.001579747] [tf_help]: Data time: 66s 500000000ns, Transform time: 4s 296000000ns
[component_container_isolated-2] [ERROR] [1789771067.052091476] [tf_help]: Transform data too old when converting from map to odom
[component_container_isolated-2] [ERROR] [1789771067.052125158] [tf_help]: Data time: 66s 500000000ns, Transform time: 4s 296000000ns
[component_container_isolated-2] [INFO] [1789771067.096407378] [controller_server]: Passing new path to controller.
[component_container_isolated-2] [ERROR] [1789771067.103923692] [tf_help]: Transform data too old when converting from map to odom
[component_container_isolated-2] [ERROR] [1789771067.103957284] [tf_help]: Data time: 67s 400000000ns, Transform time: 4s 296000000ns
[component_container_isolated-2] [ERROR] [1789771067.151860447] [tf_help]: Transform data too old when converting from map to odom
[component_container_isolated-2] [ERROR] [1789771067.151899907] [tf_help]: Data time: 67s 400000000ns, Transform time: 4s 296000000ns
[component_container_isolated-2] [ERROR] [1789771067.201808454] [tf_help]: Transform data too old when converting from map to odom
[component_container_isolated-2] [ERROR] [1789771067.201842888] [tf_help]: Data time: 67s 400000000ns, Transform time: 4s 296000000ns
[component_container_isolated-2] [ERROR] [1789771067.251665315] [tf_help]: Transform data too old when converting from map to odom
[component_container_isolated-2] [ERROR] [1789771067.251696658] [tf_help]: Data time: 67s 400000000ns, Transform time: 4s 296000000ns
[component_container_isolated-2] [ERROR] [1789771067.301495037] [tf_help]: Transform data too old when converting from map to odom
[component_container_isolated-2] [ERROR] [1789771067.301527509] [tf_help]: Data time: 67s 400000000ns, Transform time: 4s 296000000ns
[component_container_isolated-2] [ERROR] [1789771067.351764154] [tf_help]: Transform data too old when converting from map to odom
[component_container_isolated-2] [ERROR] [1789771067.351794443] [tf_help]: Data time: 67s 400000000ns, Transform time: 4s 296000000ns
[component_container_isolated-2] [ERROR] [1789771067.401769857] [tf_help]: Transform data too old when converting from map to odom
[component_container_isolated-2] [ERROR] [1789771067.401800237] [tf_help]: Data time: 67s 400000000ns, Transform time: 4s 296000000ns
[component_container_isolated-2] [ERROR] [1789771067.451592444] [tf_help]: Transform data too old when converting from map to odom
[component_container_isolated-2] [ERROR] [1789771067.451625862] [tf_help]: Data time: 67s 400000000ns, Transform time: 4s 296000000ns
[component_container_isolated-2] [ERROR] [1789771067.501849831] [tf_help]: Transform data too old when converting from map to odom
[component_container_isolated-2] [ERROR] [1789771067.501882981] [tf_help]: Data time: 67s 400000000ns, Transform time: 4s 296000000ns
[component_container_isolated-2] [ERROR] [1789771067.552079311] [tf_help]: Transform data too old when converting from map to odom
[component_container_isolated-2] [ERROR] [1789771067.552117750] [tf_help]: Data time: 67s 400000000ns, Transform time: 4s 296000000ns
[component_container_isolated-2] [ERROR] [1789771067.601731377] [tf_help]: Transform data too old when converting from map to odom
[component_container_isolated-2] [ERROR] [1789771067.601763916] [tf_help]: Data time: 67s 400000000ns, Transform time: 4s 296000000ns
[component_container_isolated-2] [ERROR] [1789771067.651577949] [tf_help]: Transform data too old when converting from map to odom
[component_container_isolated-2] [ERROR] [1789771067.651611464] [tf_help]: Data time: 67s 400000000ns, Transform time: 4s 296000000ns
[component_container_isolated-2] [ERROR] [1789771067.702186620] [tf_help]: Transform data too old when converting from map to odom
[component_container_isolated-2] [ERROR] [1789771067.702226891] [tf_help]: Data time: 67s 400000000ns, Transform time: 4s 296000000ns
[component_container_isolated-2] [INFO] [1789771067.751543812] [controller_server]: [TG-MPPI] cycle time (compute_backend=cpu): 5.308 ms/cycle avg over 50 cycles
[component_container_isolated-2] [ERROR] [1789771067.751666470] [tf_help]: Transform data too old when converting from map to odom
[component_container_isolated-2] [ERROR] [1789771067.751684725] [tf_help]: Data time: 67s 400000000ns, Transform time: 4s 296000000ns
[component_container_isolated-2] [ERROR] [1789771067.801820973] [tf_help]: Transform data too old when converting from map to odom
[component_container_isolated-2] [ERROR] [1789771067.801853835] [tf_help]: Data time: 67s 400000000ns, Transform time: 4s 296000000ns
[component_container_isolated-2] [ERROR] [1789771067.854588062] [tf_help]: Transform data too old when converting from map to odom
[component_container_isolated-2] [ERROR] [1789771067.854631464] [tf_help]: Data time: 67s 400000000ns, Transform time: 4s 296000000ns
[component_container_isolated-2] [ERROR] [1789771067.906753880] [tf_help]: Transform data too old when converting from map to odom
[component_container_isolated-2] [ERROR] [1789771067.906796043] [tf_help]: Data time: 67s 400000000ns, Transform time: 4s 296000000ns
[component_container_isolated-2] [ERROR] [1789771067.952855656] [tf_help]: Transform data too old when converting from map to odom
[component_container_isolated-2] [ERROR] [1789771067.952890758] [tf_help]: Data time: 67s 400000000ns, Transform time: 4s 296000000ns
[component_container_isolated-2] [ERROR] [1789771068.002052894] [tf_help]: Transform data too old when converting from map to odom
[component_container_isolated-2] [ERROR] [1789771068.002087019] [tf_help]: Data time: 67s 400000000ns, Transform time: 4s 296000000ns
[component_container_isolated-2] [ERROR] [1789771068.051612078] [tf_help]: Transform data too old when converting from map to odom
[component_container_isolated-2] [ERROR] [1789771068.051642720] [tf_help]: Data time: 67s 400000000ns, Transform time: 4s 296000000ns
[component_container_isolated-2] [ERROR] [1789771068.101765317] [tf_help]: Transform data too old when converting from map to odom
[component_container_isolated-2] [ERROR] [1789771068.101795767] [tf_help]: Data time: 67s 400000000ns, Transform time: 4s 296000000ns
[component_container_isolated-2] [INFO] [1789771068.146453329] [controller_server]: Passing new path to controller.
[component_container_isolated-2] [ERROR] [1789771068.155868328] [tf_help]: Transform data too old when converting from map to odom
[component_container_isolated-2] [ERROR] [1789771068.155931551] [tf_help]: Data time: 68s 400000000ns, Transform time: 4s 296000000ns
[component_container_isolated-2] [ERROR] [1789771068.201979866] [tf_help]: Transform data too old when converting from map to odom
[component_container_isolated-2] [ERROR] [1789771068.202015487] [tf_help]: Data time: 68s 400000000ns, Transform time: 4s 296000000ns
[component_container_isolated-2] [ERROR] [1789771068.252365052] [tf_help]: Transform data too old when converting from map to odom
[component_container_isolated-2] [ERROR] [1789771068.252396546] [tf_help]: Data time: 68s 400000000ns, Transform time: 4s 296000000ns
[component_container_isolated-2] [ERROR] [1789771068.301531725] [tf_help]: Transform data too old when converting from map to odom
[component_container_isolated-2] [ERROR] [1789771068.301562249] [tf_help]: Data time: 68s 400000000ns, Transform time: 4s 296000000ns
[component_container_isolated-2] [ERROR] [1789771068.351759867] [tf_help]: Transform data too old when converting from map to odom
[component_container_isolated-2] [ERROR] [1789771068.351787841] [tf_help]: Data time: 68s 400000000ns, Transform time: 4s 296000000ns
[component_container_isolated-2] [ERROR] [1789771068.401844610] [tf_help]: Transform data too old when converting from map to odom
[component_container_isolated-2] [ERROR] [1789771068.401889224] [tf_help]: Data time: 68s 400000000ns, Transform time: 4s 296000000ns
[component_container_isolated-2] [ERROR] [1789771068.451703320] [tf_help]: Transform data too old when converting from map to odom
[component_container_isolated-2] [ERROR] [1789771068.451734799] [tf_help]: Data time: 68s 400000000ns, Transform time: 4s 296000000ns
[component_container_isolated-2] [ERROR] [1789771068.501723706] [tf_help]: Transform data too old when converting from map to odom
[component_container_isolated-2] [ERROR] [1789771068.501754796] [tf_help]: Data time: 68s 400000000ns, Transform time: 4s 296000000ns
[component_container_isolated-2] [ERROR] [1789771068.551711471] [tf_help]: Transform data too old when converting from map to odom
[component_container_isolated-2] [ERROR] [1789771068.551745437] [tf_help]: Data time: 68s 400000000ns, Transform time: 4s 296000000ns
[component_container_isolated-2] [ERROR] [1789771068.601943845] [tf_help]: Transform data too old when converting from map to odom
[component_container_isolated-2] [ERROR] [1789771068.602014783] [tf_help]: Data time: 68s 400000000ns, Transform time: 4s 296000000ns
[component_container_isolated-2] [ERROR] [1789771068.651781317] [tf_help]: Transform data too old when converting from map to odom
[component_container_isolated-2] [ERROR] [1789771068.651814727] [tf_help]: Data time: 68s 400000000ns, Transform time: 4s 296000000ns
[component_container_isolated-2] [ERROR] [1789771068.701768483] [tf_help]: Transform data too old when converting from map to odom
[component_container_isolated-2] [ERROR] [1789771068.701802683] [tf_help]: Data time: 68s 400000000ns, Transform time: 4s 296000000ns
[component_container_isolated-2] [ERROR] [1789771068.751710605] [tf_help]: Transform data too old when converting from map to odom
[component_container_isolated-2] [ERROR] [1789771068.751754024] [tf_help]: Data time: 68s 400000000ns, Transform time: 4s 296000000ns
[component_container_isolated-2] [ERROR] [1789771068.803527242] [tf_help]: Transform data too old when converting from map to odom
[component_container_isolated-2] [ERROR] [1789771068.803558092] [tf_help]: Data time: 68s 400000000ns, Transform time: 4s 296000000ns
[component_container_isolated-2] [ERROR] [1789771068.851827513] [tf_help]: Transform data too old when converting from map to odom
[component_container_isolated-2] [ERROR] [1789771068.851858846] [tf_help]: Data time: 68s 400000000ns, Transform time: 4s 296000000ns
[component_container_isolated-2] [ERROR] [1789771068.901685916] [tf_help]: Transform data too old when converting from map to odom
[component_container_isolated-2] [ERROR] [1789771068.901717390] [tf_help]: Data time: 68s 400000000ns, Transform time: 4s 296000000ns
[component_container_isolated-2] [ERROR] [1789771068.951497669] [tf_help]: Transform data too old when converting from map to odom
[component_container_isolated-2] [ERROR] [1789771068.951528372] [tf_help]: Data time: 68s 400000000ns, Transform time: 4s 296000000ns
[component_container_isolated-2] [ERROR] [1789771069.001658269] [tf_help]: Transform data too old when converting from map to odom
[component_container_isolated-2] [ERROR] [1789771069.001699025] [tf_help]: Data time: 68s 400000000ns, Transform time: 4s 296000000ns
[component_container_isolated-2] [ERROR] [1789771069.051591269] [tf_help]: Transform data too old when converting from map to odom
[component_container_isolated-2] [ERROR] [1789771069.051625102] [tf_help]: Data time: 68s 400000000ns, Transform time: 4s 296000000ns
[component_container_isolated-2] [ERROR] [1789771069.101545730] [tf_help]: Transform data too old when converting from map to odom
[component_container_isolated-2] [ERROR] [1789771069.101592497] [tf_help]: Data time: 68s 400000000ns, Transform time: 4s 296000000ns
[component_container_isolated-2] [INFO] [1789771069.146447900] [controller_server]: Passing new path to controller.
[component_container_isolated-2] [ERROR] [1789771069.152545583] [tf_help]: Transform data too old when converting from map to odom
[component_container_isolated-2] [ERROR] [1789771069.152572586] [tf_help]: Data time: 69s 300000000ns, Transform time: 4s 296000000ns
[component_container_isolated-2] [ERROR] [1789771069.201984474] [tf_help]: Transform data too old when converting from map to odom
[component_container_isolated-2] [ERROR] [1789771069.202015881] [tf_help]: Data time: 69s 300000000ns, Transform time: 4s 296000000ns
[component_container_isolated-2] [ERROR] [1789771069.251793448] [tf_help]: Transform data too old when converting from map to odom
[component_container_isolated-2] [ERROR] [1789771069.251824422] [tf_help]: Data time: 69s 300000000ns, Transform time: 4s 296000000ns
[component_container_isolated-2] [ERROR] [1789771069.301678465] [tf_help]: Transform data too old when converting from map to odom
[component_container_isolated-2] [ERROR] [1789771069.301711432] [tf_help]: Data time: 69s 300000000ns, Transform time: 4s 296000000ns
[component_container_isolated-2] [ERROR] [1789771069.354130439] [tf_help]: Transform data too old when converting from map to odom
[component_container_isolated-2] [ERROR] [1789771069.354162499] [tf_help]: Data time: 69s 300000000ns, Transform time: 4s 296000000ns
[component_container_isolated-2] [ERROR] [1789771069.402101707] [tf_help]: Transform data too old when converting from map to odom
[component_container_isolated-2] [ERROR] [1789771069.402133575] [tf_help]: Data time: 69s 300000000ns, Transform time: 4s 296000000ns
[component_container_isolated-2] [ERROR] [1789771069.451489967] [tf_help]: Transform data too old when converting from map to odom
[component_container_isolated-2] [ERROR] [1789771069.451523579] [tf_help]: Data time: 69s 300000000ns, Transform time: 4s 296000000ns
[component_container_isolated-2] [ERROR] [1789771069.501993591] [tf_help]: Transform data too old when converting from map to odom
[component_container_isolated-2] [ERROR] [1789771069.502024863] [tf_help]: Data time: 69s 300000000ns, Transform time: 4s 296000000ns
[component_container_isolated-2] [ERROR] [1789771069.552152247] [tf_help]: Transform data too old when converting from map to odom
[component_container_isolated-2] [ERROR] [1789771069.552186224] [tf_help]: Data time: 69s 300000000ns, Transform time: 4s 296000000ns
[component_container_isolated-2] [ERROR] [1789771069.602076399] [tf_help]: Transform data too old when converting from map to odom
[component_container_isolated-2] [ERROR] [1789771069.602133273] [tf_help]: Data time: 69s 300000000ns, Transform time: 4s 296000000ns
[component_container_isolated-2] [ERROR] [1789771069.651697820] [tf_help]: Transform data too old when converting from map to odom
[component_container_isolated-2] [ERROR] [1789771069.651730830] [tf_help]: Data time: 69s 300000000ns, Transform time: 4s 296000000ns
[component_container_isolated-2] [ERROR] [1789771069.701632307] [tf_help]: Transform data too old when converting from map to odom
[component_container_isolated-2] [ERROR] [1789771069.701663301] [tf_help]: Data time: 69s 300000000ns, Transform time: 4s 296000000ns
[ground_truth_localizer-1] [INFO] [1789771069.729417109] [ground_truth_localizer]: last 10 s: ground truth msgs 294, map->odom published 294 (285 via latest odom TF)
[component_container_isolated-2] [ERROR] [1789771069.751801202] [tf_help]: Transform data too old when converting from map to odom
[component_container_isolated-2] [ERROR] [1789771069.751842462] [tf_help]: Data time: 69s 300000000ns, Transform time: 4s 296000000ns
[component_container_isolated-2] [ERROR] [1789771069.801583310] [tf_help]: Transform data too old when converting from map to odom
[component_container_isolated-2] [ERROR] [1789771069.801615750] [tf_help]: Data time: 69s 300000000ns, Transform time: 4s 296000000ns
[component_container_isolated-2] [ERROR] [1789771069.851730442] [tf_help]: Transform data too old when converting from map to odom
[component_container_isolated-2] [ERROR] [1789771069.851765181] [tf_help]: Data time: 69s 300000000ns, Transform time: 4s 296000000ns
[component_container_isolated-2] [ERROR] [1789771069.902391435] [tf_help]: Transform data too old when converting from map to odom
[component_container_isolated-2] [ERROR] [1789771069.902437515] [tf_help]: Data time: 69s 300000000ns, Transform time: 4s 296000000ns
[component_container_isolated-2] [ERROR] [1789771069.952193034] [tf_help]: Transform data too old when converting from map to odom
[component_container_isolated-2] [ERROR] [1789771069.952225352] [tf_help]: Data time: 69s 300000000ns, Transform time: 4s 296000000ns
[component_container_isolated-2] [ERROR] [1789771070.001842940] [tf_help]: Transform data too old when converting from map to odom
[component_container_isolated-2] [ERROR] [1789771070.001876801] [tf_help]: Data time: 69s 300000000ns, Transform time: 4s 296000000ns
[component_container_isolated-2] [ERROR] [1789771070.051678092] [tf_help]: Transform data too old when converting from map to odom
[component_container_isolated-2] [ERROR] [1789771070.051710106] [tf_help]: Data time: 69s 300000000ns, Transform time: 4s 296000000ns
[component_container_isolated-2] [ERROR] [1789771070.101833167] [tf_help]: Transform data too old when converting from map to odom
[component_container_isolated-2] [ERROR] [1789771070.101863429] [tf_help]: Data time: 69s 300000000ns, Transform time: 4s 296000000ns
[component_container_isolated-2] [ERROR] [1789771070.152263106] [tf_help]: Transform data too old when converting from map to odom
[component_container_isolated-2] [ERROR] [1789771070.152298373] [tf_help]: Data time: 69s 300000000ns, Transform time: 4s 296000000ns
[component_container_isolated-2] [INFO] [1789771070.196412582] [controller_server]: Passing new path to controller.
[component_container_isolated-2] [ERROR] [1789771070.204216489] [tf_help]: Transform data too old when converting from map to odom
[component_container_isolated-2] [ERROR] [1789771070.204248658] [tf_help]: Data time: 70s 300000000ns, Transform time: 4s 296000000ns
[component_container_isolated-2] [INFO] [1789771070.252336914] [controller_server]: [TG-MPPI] cycle time (compute_backend=cpu): 5.532 ms/cycle avg over 50 cycles
[component_container_isolated-2] [ERROR] [1789771070.252482393] [tf_help]: Transform data too old when converting from map to odom
[component_container_isolated-2] [ERROR] [1789771070.252499758] [tf_help]: Data time: 70s 300000000ns, Transform time: 4s 296000000ns
[component_container_isolated-2] [ERROR] [1789771070.301823359] [tf_help]: Transform data too old when converting from map to odom
[component_container_isolated-2] [ERROR] [1789771070.301853159] [tf_help]: Data time: 70s 300000000ns, Transform time: 4s 296000000ns
[component_container_isolated-2] [ERROR] [1789771070.352884112] [tf_help]: Transform data too old when converting from map to odom
[component_container_isolated-2] [ERROR] [1789771070.352916368] [tf_help]: Data time: 70s 300000000ns, Transform time: 4s 296000000ns
[component_container_isolated-2] [ERROR] [1789771070.401574556] [tf_help]: Transform data too old when converting from map to odom
[component_container_isolated-2] [ERROR] [1789771070.401606544] [tf_help]: Data time: 70s 300000000ns, Transform time: 4s 296000000ns
[component_container_isolated-2] [ERROR] [1789771070.451829614] [tf_help]: Transform data too old when converting from map to odom
[component_container_isolated-2] [ERROR] [1789771070.451859635] [tf_help]: Data time: 70s 300000000ns, Transform time: 4s 296000000ns
[component_container_isolated-2] [ERROR] [1789771070.501946327] [tf_help]: Transform data too old when converting from map to odom
[component_container_isolated-2] [ERROR] [1789771070.501976083] [tf_help]: Data time: 70s 300000000ns, Transform time: 4s 296000000ns
[component_container_isolated-2] [ERROR] [1789771070.551977497] [tf_help]: Transform data too old when converting from map to odom
[component_container_isolated-2] [ERROR] [1789771070.552009197] [tf_help]: Data time: 70s 300000000ns, Transform time: 4s 296000000ns
[component_container_isolated-2] [ERROR] [1789771070.601559033] [tf_help]: Transform data too old when converting from map to odom
[component_container_isolated-2] [ERROR] [1789771070.601589776] [tf_help]: Data time: 70s 300000000ns, Transform time: 4s 296000000ns
[component_container_isolated-2] [ERROR] [1789771070.651722137] [tf_help]: Transform data too old when converting from map to odom
[component_container_isolated-2] [ERROR] [1789771070.651750884] [tf_help]: Data time: 70s 300000000ns, Transform time: 4s 296000000ns
[component_container_isolated-2] [ERROR] [1789771070.701707190] [tf_help]: Transform data too old when converting from map to odom
[component_container_isolated-2] [ERROR] [1789771070.701737439] [tf_help]: Data time: 70s 300000000ns, Transform time: 4s 296000000ns
[component_container_isolated-2] [ERROR] [1789771070.751829473] [tf_help]: Transform data too old when converting from map to odom
[component_container_isolated-2] [ERROR] [1789771070.751860358] [tf_help]: Data time: 70s 300000000ns, Transform time: 4s 296000000ns
[component_container_isolated-2] [ERROR] [1789771070.801771029] [tf_help]: Transform data too old when converting from map to odom
[component_container_isolated-2] [ERROR] [1789771070.801802270] [tf_help]: Data time: 70s 300000000ns, Transform time: 4s 296000000ns
[component_container_isolated-2] [ERROR] [1789771070.852664964] [tf_help]: Transform data too old when converting from map to odom
[component_container_isolated-2] [ERROR] [1789771070.852704134] [tf_help]: Data time: 70s 300000000ns, Transform time: 4s 296000000ns
[component_container_isolated-2] [ERROR] [1789771070.905023934] [tf_help]: Transform data too old when converting from map to odom
[component_container_isolated-2] [ERROR] [1789771070.905071791] [tf_help]: Data time: 70s 300000000ns, Transform time: 4s 296000000ns
[component_container_isolated-2] [ERROR] [1789771070.953014948] [tf_help]: Transform data too old when converting from map to odom
[component_container_isolated-2] [ERROR] [1789771070.953056700] [tf_help]: Data time: 70s 300000000ns, Transform time: 4s 296000000ns
[component_container_isolated-2] [ERROR] [1789771071.001684236] [tf_help]: Transform data too old when converting from map to odom
[component_container_isolated-2] [ERROR] [1789771071.001715811] [tf_help]: Data time: 70s 300000000ns, Transform time: 4s 296000000ns
[component_container_isolated-2] [ERROR] [1789771071.051990894] [tf_help]: Transform data too old when converting from map to odom
[component_container_isolated-2] [ERROR] [1789771071.052024909] [tf_help]: Data time: 70s 300000000ns, Transform time: 4s 296000000ns
[component_container_isolated-2] [ERROR] [1789771071.101786838] [tf_help]: Transform data too old when converting from map to odom
[component_container_isolated-2] [ERROR] [1789771071.101820214] [tf_help]: Data time: 70s 300000000ns, Transform time: 4s 296000000ns
[component_container_isolated-2] [ERROR] [1789771071.151762798] [tf_help]: Transform data too old when converting from map to odom
[component_container_isolated-2] [ERROR] [1789771071.151793737] [tf_help]: Data time: 70s 300000000ns, Transform time: 4s 296000000ns
[component_container_isolated-2] [ERROR] [1789771071.201707997] [tf_help]: Transform data too old when converting from map to odom
[component_container_isolated-2] [ERROR] [1789771071.201740893] [tf_help]: Data time: 70s 300000000ns, Transform time: 4s 296000000ns
[component_container_isolated-2] [INFO] [1789771071.246522482] [controller_server]: Passing new path to controller.
[component_container_isolated-2] [ERROR] [1789771071.252785487] [tf_help]: Transform data too old when converting from map to odom
[component_container_isolated-2] [ERROR] [1789771071.252809910] [tf_help]: Data time: 71s 300000000ns, Transform time: 4s 296000000ns
[component_container_isolated-2] [ERROR] [1789771071.306172727] [tf_help]: Transform data too old when converting from map to odom
[component_container_isolated-2] [ERROR] [1789771071.306219930] [tf_help]: Data time: 71s 300000000ns, Transform time: 4s 296000000ns
[component_container_isolated-2] [ERROR] [1789771071.352730454] [tf_help]: Transform data too old when converting from map to odom
[component_container_isolated-2] [ERROR] [1789771071.352766181] [tf_help]: Data time: 71s 300000000ns, Transform time: 4s 296000000ns
[component_container_isolated-2] [ERROR] [1789771071.401631472] [tf_help]: Transform data too old when converting from map to odom
[component_container_isolated-2] [ERROR] [1789771071.401664522] [tf_help]: Data time: 71s 300000000ns, Transform time: 4s 296000000ns
[component_container_isolated-2] [ERROR] [1789771071.451816691] [tf_help]: Transform data too old when converting from map to odom
[component_container_isolated-2] [ERROR] [1789771071.451852668] [tf_help]: Data time: 71s 300000000ns, Transform time: 4s 296000000ns
[component_container_isolated-2] [ERROR] [1789771071.501678999] [tf_help]: Transform data too old when converting from map to odom
[component_container_isolated-2] [ERROR] [1789771071.501712936] [tf_help]: Data time: 71s 300000000ns, Transform time: 4s 296000000ns
[component_container_isolated-2] [ERROR] [1789771071.551791475] [tf_help]: Transform data too old when converting from map to odom
[component_container_isolated-2] [ERROR] [1789771071.551823195] [tf_help]: Data time: 71s 300000000ns, Transform time: 4s 296000000ns
[component_container_isolated-2] [ERROR] [1789771071.601895674] [tf_help]: Transform data too old when converting from map to odom
[component_container_isolated-2] [ERROR] [1789771071.601926463] [tf_help]: Data time: 71s 300000000ns, Transform time: 4s 296000000ns
[component_container_isolated-2] [ERROR] [1789771071.652102109] [tf_help]: Transform data too old when converting from map to odom
[component_container_isolated-2] [ERROR] [1789771071.652137013] [tf_help]: Data time: 71s 300000000ns, Transform time: 4s 296000000ns
[component_container_isolated-2] [ERROR] [1789771071.706047842] [tf_help]: Transform data too old when converting from map to odom
[component_container_isolated-2] [ERROR] [1789771071.706083728] [tf_help]: Data time: 71s 300000000ns, Transform time: 4s 296000000ns
[component_container_isolated-2] [ERROR] [1789771071.751936273] [tf_help]: Transform data too old when converting from map to odom
[component_container_isolated-2] [ERROR] [1789771071.751971216] [tf_help]: Data time: 71s 300000000ns, Transform time: 4s 296000000ns
[component_container_isolated-2] [ERROR] [1789771071.802348019] [tf_help]: Transform data too old when converting from map to odom
[component_container_isolated-2] [ERROR] [1789771071.802385516] [tf_help]: Data time: 71s 300000000ns, Transform time: 4s 296000000ns
[component_container_isolated-2] [ERROR] [1789771071.853248670] [tf_help]: Transform data too old when converting from map to odom
[component_container_isolated-2] [ERROR] [1789771071.853296287] [tf_help]: Data time: 71s 300000000ns, Transform time: 4s 296000000ns
[component_container_isolated-2] [ERROR] [1789771071.902506788] [tf_help]: Transform data too old when converting from map to odom
[component_container_isolated-2] [ERROR] [1789771071.902540509] [tf_help]: Data time: 71s 300000000ns, Transform time: 4s 296000000ns
[component_container_isolated-2] [ERROR] [1789771071.952506757] [tf_help]: Transform data too old when converting from map to odom
[component_container_isolated-2] [ERROR] [1789771071.952535904] [tf_help]: Data time: 71s 300000000ns, Transform time: 4s 296000000ns
[component_container_isolated-2] [ERROR] [1789771072.002355271] [tf_help]: Transform data too old when converting from map to odom
[component_container_isolated-2] [ERROR] [1789771072.002387816] [tf_help]: Data time: 71s 300000000ns, Transform time: 4s 296000000ns
[component_container_isolated-2] [ERROR] [1789771072.053261617] [tf_help]: Transform data too old when converting from map to odom
[component_container_isolated-2] [ERROR] [1789771072.053292677] [tf_help]: Data time: 71s 300000000ns, Transform time: 4s 296000000ns
[component_container_isolated-2] [ERROR] [1789771072.101672474] [tf_help]: Transform data too old when converting from map to odom
[component_container_isolated-2] [ERROR] [1789771072.101703990] [tf_help]: Data time: 71s 300000000ns, Transform time: 4s 296000000ns
[component_container_isolated-2] [ERROR] [1789771072.146490767] [controller_server]: Failed to make progress
[component_container_isolated-2] [WARN] [1789771072.146559905] [controller_server]: [follow_path] [ActionServer] Aborting handle.
[component_container_isolated-2] [INFO] [1789771072.166062906] [behavior_server]: Running backup
[component_container_isolated-2] [INFO] [1789771072.166234360] [behavior_server]: DriveOnHeading: no acceleration or deceleration limits set
[component_container_isolated-2] [ERROR] [1789771072.267194093] [transformPoseInTargetFrame]: Extrapolation Error looking up target frame: Lookup would require extrapolation into the past.  Requested time 3.228000 but the earliest data is at time 63.286000, when looking up transform from frame [base_link] to frame [odom]
[component_container_isolated-2] 
[component_container_isolated-2] [ERROR] [1789771072.267259052] [behavior_server]: Current footprint not available.
[component_container_isolated-2] [WARN] [1789771072.267322950] [behavior_server]: Collision Ahead - Exiting DriveOnHeading
[component_container_isolated-2] [WARN] [1789771072.267335881] [behavior_server]: backup failed
[component_container_isolated-2] [WARN] [1789771072.267350849] [behavior_server]: [backup] [ActionServer] Aborting handle.
[component_container_isolated-2] [INFO] [1789771072.285913351] [local_costmap.local_costmap]: Received request to clear entirely the local_costmap
[component_container_isolated-2] [INFO] [1789771072.286221474] [global_costmap.global_costmap]: Received request to clear entirely the global_costmap
[component_container_isolated-2] [WARN] [1789771072.846889285] [planner_server]: Planner loop missed its desired rate of 20.0000 Hz. Current loop rate is 2.0000 Hz
[component_container_isolated-2] [INFO] [1789771072.866200250] [controller_server]: Received a goal, begin computing control effort.
[component_container_isolated-2] [ERROR] [1789771072.872365610] [tf_help]: Transform data too old when converting from map to odom
[component_container_isolated-2] [ERROR] [1789771072.872411250] [tf_help]: Data time: 72s 800000000ns, Transform time: 4s 296000000ns
[component_container_isolated-2] [ERROR] [1789771072.921579040] [tf_help]: Transform data too old when converting from map to odom
[component_container_isolated-2] [ERROR] [1789771072.921613315] [tf_help]: Data time: 72s 800000000ns, Transform time: 4s 296000000ns
[component_container_isolated-2] [ERROR] [1789771072.971773328] [tf_help]: Transform data too old when converting from map to odom
[component_container_isolated-2] [ERROR] [1789771072.971834230] [tf_help]: Data time: 72s 800000000ns, Transform time: 4s 296000000ns
[component_container_isolated-2] [ERROR] [1789771073.026386895] [tf_help]: Transform data too old when converting from map to odom
[component_container_isolated-2] [ERROR] [1789771073.026441752] [tf_help]: Data time: 72s 800000000ns, Transform time: 4s 296000000ns
[component_container_isolated-2] [ERROR] [1789771073.075018863] [tf_help]: Transform data too old when converting from map to odom
[component_container_isolated-2] [ERROR] [1789771073.075055396] [tf_help]: Data time: 72s 800000000ns, Transform time: 4s 296000000ns
[component_container_isolated-2] [ERROR] [1789771073.121557419] [tf_help]: Transform data too old when converting from map to odom
[component_container_isolated-2] [ERROR] [1789771073.121591212] [tf_help]: Data time: 72s 800000000ns, Transform time: 4s 296000000ns
[component_container_isolated-2] [ERROR] [1789771073.171608287] [tf_help]: Transform data too old when converting from map to odom
[component_container_isolated-2] [ERROR] [1789771073.171638381] [tf_help]: Data time: 72s 800000000ns, Transform time: 4s 296000000ns
[component_container_isolated-2] [ERROR] [1789771073.221807144] [tf_help]: Transform data too old when converting from map to odom
[component_container_isolated-2] [ERROR] [1789771073.221839394] [tf_help]: Data time: 72s 800000000ns, Transform time: 4s 296000000ns
[component_container_isolated-2] [ERROR] [1789771073.271631753] [tf_help]: Transform data too old when converting from map to odom
[component_container_isolated-2] [ERROR] [1789771073.271664044] [tf_help]: Data time: 72s 800000000ns, Transform time: 4s 296000000ns
[component_container_isolated-2] [ERROR] [1789771073.321470229] [tf_help]: Transform data too old when converting from map to odom
[component_container_isolated-2] [ERROR] [1789771073.321503925] [tf_help]: Data time: 72s 800000000ns, Transform time: 4s 296000000ns
[component_container_isolated-2] [ERROR] [1789771073.371816277] [tf_help]: Transform data too old when converting from map to odom
[component_container_isolated-2] [ERROR] [1789771073.371857405] [tf_help]: Data time: 72s 800000000ns, Transform time: 4s 296000000ns
[component_container_isolated-2] [ERROR] [1789771073.421497951] [tf_help]: Transform data too old when converting from map to odom
[component_container_isolated-2] [ERROR] [1789771073.421531005] [tf_help]: Data time: 72s 800000000ns, Transform time: 4s 296000000ns
[component_container_isolated-2] [INFO] [1789771073.471583296] [controller_server]: [TG-MPPI] cycle time (compute_backend=cpu): 5.576 ms/cycle avg over 50 cycles
[component_container_isolated-2] [ERROR] [1789771073.471730259] [tf_help]: Transform data too old when converting from map to odom
[component_container_isolated-2] [ERROR] [1789771073.471749857] [tf_help]: Data time: 72s 800000000ns, Transform time: 4s 296000000ns
[component_container_isolated-2] [ERROR] [1789771073.521614882] [tf_help]: Transform data too old when converting from map to odom
[component_container_isolated-2] [ERROR] [1789771073.521646438] [tf_help]: Data time: 72s 800000000ns, Transform time: 4s 296000000ns
[component_container_isolated-2] [ERROR] [1789771073.571398915] [tf_help]: Transform data too old when converting from map to odom
[component_container_isolated-2] [ERROR] [1789771073.571434762] [tf_help]: Data time: 72s 800000000ns, Transform time: 4s 296000000ns
[component_container_isolated-2] [ERROR] [1789771073.621553964] [tf_help]: Transform data too old when converting from map to odom
[component_container_isolated-2] [ERROR] [1789771073.621585282] [tf_help]: Data time: 72s 800000000ns, Transform time: 4s 296000000ns
[component_container_isolated-2] [ERROR] [1789771073.671773065] [tf_help]: Transform data too old when converting from map to odom
[component_container_isolated-2] [ERROR] [1789771073.671807495] [tf_help]: Data time: 72s 800000000ns, Transform time: 4s 296000000ns
[component_container_isolated-2] [ERROR] [1789771073.722381339] [tf_help]: Transform data too old when converting from map to odom
[component_container_isolated-2] [ERROR] [1789771073.722414597] [tf_help]: Data time: 72s 800000000ns, Transform time: 4s 296000000ns
[component_container_isolated-2] [ERROR] [1789771073.776942171] [tf_help]: Transform data too old when converting from map to odom
[component_container_isolated-2] [ERROR] [1789771073.776986597] [tf_help]: Data time: 72s 800000000ns, Transform time: 4s 296000000ns
[component_container_isolated-2] [ERROR] [1789771073.826740587] [tf_help]: Transform data too old when converting from map to odom
[component_container_isolated-2] [ERROR] [1789771073.826785957] [tf_help]: Data time: 72s 800000000ns, Transform time: 4s 296000000ns
[component_container_isolated-2] [ERROR] [1789771073.879076243] [tf_help]: Transform data too old when converting from map to odom
[component_container_isolated-2] [ERROR] [1789771073.879169221] [tf_help]: Data time: 72s 800000000ns, Transform time: 4s 296000000ns
[component_container_isolated-2] [INFO] [1789771073.916348322] [controller_server]: Passing new path to controller.
[component_container_isolated-2] [ERROR] [1789771073.928688328] [tf_help]: Transform data too old when converting from map to odom
[component_container_isolated-2] [ERROR] [1789771073.928738672] [tf_help]: Data time: 73s 800000000ns, Transform time: 4s 296000000ns
[component_container_isolated-2] [ERROR] [1789771073.976848404] [tf_help]: Transform data too old when converting from map to odom
[component_container_isolated-2] [ERROR] [1789771073.976893905] [tf_help]: Data time: 73s 800000000ns, Transform time: 4s 296000000ns
[component_container_isolated-2] [ERROR] [1789771074.024169225] [tf_help]: Transform data too old when converting from map to odom
[component_container_isolated-2] [ERROR] [1789771074.024211328] [tf_help]: Data time: 73s 800000000ns, Transform time: 4s 296000000ns
[component_container_isolated-2] [ERROR] [1789771074.071941716] [tf_help]: Transform data too old when converting from map to odom
[component_container_isolated-2] [ERROR] [1789771074.071975358] [tf_help]: Data time: 73s 800000000ns, Transform time: 4s 296000000ns
[component_container_isolated-2] [ERROR] [1789771074.121559851] [tf_help]: Transform data too old when converting from map to odom
[component_container_isolated-2] [ERROR] [1789771074.121592711] [tf_help]: Data time: 73s 800000000ns, Transform time: 4s 296000000ns
[component_container_isolated-2] [ERROR] [1789771074.171734164] [tf_help]: Transform data too old when converting from map to odom
[component_container_isolated-2] [ERROR] [1789771074.171764889] [tf_help]: Data time: 73s 800000000ns, Transform time: 4s 296000000ns
[component_container_isolated-2] [ERROR] [1789771074.221779850] [tf_help]: Transform data too old when converting from map to odom
[component_container_isolated-2] [ERROR] [1789771074.221814290] [tf_help]: Data time: 73s 800000000ns, Transform time: 4s 296000000ns
[component_container_isolated-2] [ERROR] [1789771074.272925197] [tf_help]: Transform data too old when converting from map to odom
[component_container_isolated-2] [ERROR] [1789771074.272968430] [tf_help]: Data time: 73s 800000000ns, Transform time: 4s 296000000ns
[component_container_isolated-2] [ERROR] [1789771074.323243530] [tf_help]: Transform data too old when converting from map to odom
[component_container_isolated-2] [ERROR] [1789771074.323279526] [tf_help]: Data time: 73s 800000000ns, Transform time: 4s 296000000ns
[component_container_isolated-2] [ERROR] [1789771074.372943830] [tf_help]: Transform data too old when converting from map to odom
[component_container_isolated-2] [ERROR] [1789771074.372975215] [tf_help]: Data time: 73s 800000000ns, Transform time: 4s 296000000ns
[component_container_isolated-2] [ERROR] [1789771074.422318134] [tf_help]: Transform data too old when converting from map to odom
[component_container_isolated-2] [ERROR] [1789771074.422352514] [tf_help]: Data time: 73s 800000000ns, Transform time: 4s 296000000ns
[component_container_isolated-2] [ERROR] [1789771074.472076174] [tf_help]: Transform data too old when converting from map to odom
[component_container_isolated-2] [ERROR] [1789771074.472116604] [tf_help]: Data time: 73s 800000000ns, Transform time: 4s 296000000ns
[component_container_isolated-2] [ERROR] [1789771074.522162146] [tf_help]: Transform data too old when converting from map to odom
[component_container_isolated-2] [ERROR] [1789771074.522197262] [tf_help]: Data time: 73s 800000000ns, Transform time: 4s 296000000ns
[component_container_isolated-2] [ERROR] [1789771074.571705800] [tf_help]: Transform data too old when converting from map to odom
[component_container_isolated-2] [ERROR] [1789771074.571737658] [tf_help]: Data time: 73s 800000000ns, Transform time: 4s 296000000ns
[component_container_isolated-2] [ERROR] [1789771074.621450595] [tf_help]: Transform data too old when converting from map to odom
[component_container_isolated-2] [ERROR] [1789771074.621481332] [tf_help]: Data time: 73s 800000000ns, Transform time: 4s 296000000ns
[component_container_isolated-2] [ERROR] [1789771074.671447960] [tf_help]: Transform data too old when converting from map to odom
[component_container_isolated-2] [ERROR] [1789771074.671479044] [tf_help]: Data time: 73s 800000000ns, Transform time: 4s 296000000ns
[component_container_isolated-2] [ERROR] [1789771074.721422868] [tf_help]: Transform data too old when converting from map to odom
[component_container_isolated-2] [ERROR] [1789771074.721457360] [tf_help]: Data time: 73s 800000000ns, Transform time: 4s 296000000ns
[component_container_isolated-2] [ERROR] [1789771074.771791974] [tf_help]: Transform data too old when converting from map to odom
[component_container_isolated-2] [ERROR] [1789771074.771826169] [tf_help]: Data time: 73s 800000000ns, Transform time: 4s 296000000ns
[component_container_isolated-2] [ERROR] [1789771074.822102818] [tf_help]: Transform data too old when converting from map to odom
[component_container_isolated-2] [ERROR] [1789771074.822136454] [tf_help]: Data time: 73s 800000000ns, Transform time: 4s 296000000ns
[component_container_isolated-2] [ERROR] [1789771074.871665516] [tf_help]: Transform data too old when converting from map to odom
[component_container_isolated-2] [ERROR] [1789771074.871694910] [tf_help]: Data time: 73s 800000000ns, Transform time: 4s 296000000ns
[component_container_isolated-2] [ERROR] [1789771074.921898775] [tf_help]: Transform data too old when converting from map to odom
[component_container_isolated-2] [ERROR] [1789771074.921933032] [tf_help]: Data time: 73s 800000000ns, Transform time: 4s 296000000ns
[component_container_isolated-2] [INFO] [1789771074.966444769] [controller_server]: Passing new path to controller.
[component_container_isolated-2] [ERROR] [1789771074.971958333] [tf_help]: Transform data too old when converting from map to odom
[component_container_isolated-2] [ERROR] [1789771074.972002533] [tf_help]: Data time: 74s 700000000ns, Transform time: 4s 296000000ns
[component_container_isolated-2] [ERROR] [1789771075.021894848] [tf_help]: Transform data too old when converting from map to odom
[component_container_isolated-2] [ERROR] [1789771075.021930297] [tf_help]: Data time: 74s 700000000ns, Transform time: 4s 296000000ns
[component_container_isolated-2] [ERROR] [1789771075.071772802] [tf_help]: Transform data too old when converting from map to odom
[component_container_isolated-2] [ERROR] [1789771075.071804139] [tf_help]: Data time: 74s 700000000ns, Transform time: 4s 296000000ns
[component_container_isolated-2] [ERROR] [1789771075.121851254] [tf_help]: Transform data too old when converting from map to odom
[component_container_isolated-2] [ERROR] [1789771075.121884321] [tf_help]: Data time: 74s 700000000ns, Transform time: 4s 296000000ns
[component_container_isolated-2] [ERROR] [1789771075.171656362] [tf_help]: Transform data too old when converting from map to odom
[component_container_isolated-2] [ERROR] [1789771075.171687652] [tf_help]: Data time: 74s 700000000ns, Transform time: 4s 296000000ns
[component_container_isolated-2] [ERROR] [1789771075.221507181] [tf_help]: Transform data too old when converting from map to odom
[component_container_isolated-2] [ERROR] [1789771075.221538535] [tf_help]: Data time: 74s 700000000ns, Transform time: 4s 296000000ns
[component_container_isolated-2] [ERROR] [1789771075.271556645] [tf_help]: Transform data too old when converting from map to odom
[component_container_isolated-2] [ERROR] [1789771075.271601487] [tf_help]: Data time: 74s 700000000ns, Transform time: 4s 296000000ns
[component_container_isolated-2] [ERROR] [1789771075.321699167] [tf_help]: Transform data too old when converting from map to odom
[component_container_isolated-2] [ERROR] [1789771075.321745648] [tf_help]: Data time: 74s 700000000ns, Transform time: 4s 296000000ns
[component_container_isolated-2] [ERROR] [1789771075.371702358] [tf_help]: Transform data too old when converting from map to odom
[component_container_isolated-2] [ERROR] [1789771075.371735502] [tf_help]: Data time: 74s 700000000ns, Transform time: 4s 296000000ns
[component_container_isolated-2] [ERROR] [1789771075.421696680] [tf_help]: Transform data too old when converting from map to odom
[component_container_isolated-2] [ERROR] [1789771075.421729595] [tf_help]: Data time: 74s 700000000ns, Transform time: 4s 296000000ns
[component_container_isolated-2] [ERROR] [1789771075.471675209] [tf_help]: Transform data too old when converting from map to odom
[component_container_isolated-2] [ERROR] [1789771075.471707519] [tf_help]: Data time: 74s 700000000ns, Transform time: 4s 296000000ns
[component_container_isolated-2] [ERROR] [1789771075.521802425] [tf_help]: Transform data too old when converting from map to odom
[component_container_isolated-2] [ERROR] [1789771075.521834867] [tf_help]: Data time: 74s 700000000ns, Transform time: 4s 296000000ns
[component_container_isolated-2] [ERROR] [1789771075.571909251] [tf_help]: Transform data too old when converting from map to odom
[component_container_isolated-2] [ERROR] [1789771075.571941592] [tf_help]: Data time: 74s 700000000ns, Transform time: 4s 296000000ns
[component_container_isolated-2] [ERROR] [1789771075.621887347] [tf_help]: Transform data too old when converting from map to odom
[component_container_isolated-2] [ERROR] [1789771075.621920413] [tf_help]: Data time: 74s 700000000ns, Transform time: 4s 296000000ns
[component_container_isolated-2] [ERROR] [1789771075.671597797] [tf_help]: Transform data too old when converting from map to odom
[component_container_isolated-2] [ERROR] [1789771075.671639413] [tf_help]: Data time: 74s 700000000ns, Transform time: 4s 296000000ns
[component_container_isolated-2] [ERROR] [1789771075.721457221] [tf_help]: Transform data too old when converting from map to odom
[component_container_isolated-2] [ERROR] [1789771075.721488402] [tf_help]: Data time: 74s 700000000ns, Transform time: 4s 296000000ns
[component_container_isolated-2] [ERROR] [1789771075.771603349] [tf_help]: Transform data too old when converting from map to odom
[component_container_isolated-2] [ERROR] [1789771075.771633689] [tf_help]: Data time: 74s 700000000ns, Transform time: 4s 296000000ns
[component_container_isolated-2] [ERROR] [1789771075.822472491] [tf_help]: Transform data too old when converting from map to odom
[component_container_isolated-2] [ERROR] [1789771075.822515187] [tf_help]: Data time: 74s 700000000ns, Transform time: 4s 296000000ns
[component_container_isolated-2] [ERROR] [1789771075.872091065] [tf_help]: Transform data too old when converting from map to odom
[component_container_isolated-2] [ERROR] [1789771075.872123633] [tf_help]: Data time: 74s 700000000ns, Transform time: 4s 296000000ns
[component_container_isolated-2] [ERROR] [1789771075.921618890] [tf_help]: Transform data too old when converting from map to odom
[component_container_isolated-2] [ERROR] [1789771075.921653315] [tf_help]: Data time: 74s 700000000ns, Transform time: 4s 296000000ns
[component_container_isolated-2] [INFO] [1789771075.966442887] [controller_server]: Passing new path to controller.
[component_container_isolated-2] [INFO] [1789771075.971600011] [controller_server]: [TG-MPPI] cycle time (compute_backend=cpu): 5.777 ms/cycle avg over 50 cycles
[component_container_isolated-2] [ERROR] [1789771075.971750144] [tf_help]: Transform data too old when converting from map to odom
[component_container_isolated-2] [ERROR] [1789771075.971783648] [tf_help]: Data time: 75s 700000000ns, Transform time: 4s 296000000ns
[component_container_isolated-2] [ERROR] [1789771076.022641110] [tf_help]: Transform data too old when converting from map to odom
[component_container_isolated-2] [ERROR] [1789771076.022673873] [tf_help]: Data time: 75s 700000000ns, Transform time: 4s 296000000ns
[component_container_isolated-2] [ERROR] [1789771076.072435772] [tf_help]: Transform data too old when converting from map to odom
[component_container_isolated-2] [ERROR] [1789771076.072465670] [tf_help]: Data time: 75s 700000000ns, Transform time: 4s 296000000ns
[component_container_isolated-2] [ERROR] [1789771076.122477780] [tf_help]: Transform data too old when converting from map to odom
[component_container_isolated-2] [ERROR] [1789771076.122511387] [tf_help]: Data time: 75s 700000000ns, Transform time: 4s 296000000ns
[component_container_isolated-2] [ERROR] [1789771076.172408422] [tf_help]: Transform data too old when converting from map to odom
[component_container_isolated-2] [ERROR] [1789771076.172452886] [tf_help]: Data time: 75s 700000000ns, Transform time: 4s 296000000ns
[component_container_isolated-2] [ERROR] [1789771076.222613231] [tf_help]: Transform data too old when converting from map to odom
[component_container_isolated-2] [ERROR] [1789771076.222646239] [tf_help]: Data time: 75s 700000000ns, Transform time: 4s 296000000ns
[component_container_isolated-2] [ERROR] [1789771076.272780163] [tf_help]: Transform data too old when converting from map to odom
[component_container_isolated-2] [ERROR] [1789771076.272817304] [tf_help]: Data time: 75s 700000000ns, Transform time: 4s 296000000ns
[component_container_isolated-2] [ERROR] [1789771076.322693943] [tf_help]: Transform data too old when converting from map to odom
[component_container_isolated-2] [ERROR] [1789771076.322727297] [tf_help]: Data time: 75s 700000000ns, Transform time: 4s 296000000ns
[component_container_isolated-2] [ERROR] [1789771076.373044496] [tf_help]: Transform data too old when converting from map to odom
[component_container_isolated-2] [ERROR] [1789771076.373075197] [tf_help]: Data time: 75s 700000000ns, Transform time: 4s 296000000ns
[component_container_isolated-2] [ERROR] [1789771076.421461612] [tf_help]: Transform data too old when converting from map to odom
[component_container_isolated-2] [ERROR] [1789771076.421493986] [tf_help]: Data time: 75s 700000000ns, Transform time: 4s 296000000ns
[component_container_isolated-2] [ERROR] [1789771076.471414173] [tf_help]: Transform data too old when converting from map to odom
[component_container_isolated-2] [ERROR] [1789771076.471461349] [tf_help]: Data time: 75s 700000000ns, Transform time: 4s 296000000ns
[component_container_isolated-2] [ERROR] [1789771076.522844374] [tf_help]: Transform data too old when converting from map to odom
[component_container_isolated-2] [ERROR] [1789771076.522879530] [tf_help]: Data time: 75s 700000000ns, Transform time: 4s 296000000ns
[component_container_isolated-2] [ERROR] [1789771076.572265146] [tf_help]: Transform data too old when converting from map to odom
[component_container_isolated-2] [ERROR] [1789771076.572300247] [tf_help]: Data time: 75s 700000000ns, Transform time: 4s 296000000ns
[component_container_isolated-2] [ERROR] [1789771076.621452574] [tf_help]: Transform data too old when converting from map to odom
[component_container_isolated-2] [ERROR] [1789771076.621483975] [tf_help]: Data time: 75s 700000000ns, Transform time: 4s 296000000ns
[component_container_isolated-2] [ERROR] [1789771076.671977846] [tf_help]: Transform data too old when converting from map to odom
[component_container_isolated-2] [ERROR] [1789771076.672009972] [tf_help]: Data time: 75s 700000000ns, Transform time: 4s 296000000ns
[component_container_isolated-2] [ERROR] [1789771076.721773862] [tf_help]: Transform data too old when converting from map to odom
[component_container_isolated-2] [ERROR] [1789771076.721812638] [tf_help]: Data time: 75s 700000000ns, Transform time: 4s 296000000ns
[component_container_isolated-2] [ERROR] [1789771076.771887740] [tf_help]: Transform data too old when converting from map to odom
[component_container_isolated-2] [ERROR] [1789771076.771921323] [tf_help]: Data time: 75s 700000000ns, Transform time: 4s 296000000ns
[component_container_isolated-2] [ERROR] [1789771076.821546205] [tf_help]: Transform data too old when converting from map to odom
[component_container_isolated-2] [ERROR] [1789771076.821583858] [tf_help]: Data time: 75s 700000000ns, Transform time: 4s 296000000ns
[component_container_isolated-2] [ERROR] [1789771076.871493013] [tf_help]: Transform data too old when converting from map to odom
[component_container_isolated-2] [ERROR] [1789771076.871525399] [tf_help]: Data time: 75s 700000000ns, Transform time: 4s 296000000ns
[component_container_isolated-2] [ERROR] [1789771076.921620862] [tf_help]: Transform data too old when converting from map to odom
[component_container_isolated-2] [ERROR] [1789771076.921652482] [tf_help]: Data time: 75s 700000000ns, Transform time: 4s 296000000ns
[component_container_isolated-2] [ERROR] [1789771076.974219667] [tf_help]: Transform data too old when converting from map to odom
[component_container_isolated-2] [ERROR] [1789771076.974272920] [tf_help]: Data time: 75s 700000000ns, Transform time: 4s 296000000ns
[component_container_isolated-2] [INFO] [1789771077.016334404] [controller_server]: Passing new path to controller.
[component_container_isolated-2] [ERROR] [1789771077.021807333] [tf_help]: Transform data too old when converting from map to odom
[component_container_isolated-2] [ERROR] [1789771077.021833352] [tf_help]: Data time: 76s 600000000ns, Transform time: 4s 296000000ns
[component_container_isolated-2] [ERROR] [1789771077.072641872] [tf_help]: Transform data too old when converting from map to odom
[component_container_isolated-2] [ERROR] [1789771077.072678209] [tf_help]: Data time: 76s 600000000ns, Transform time: 4s 296000000ns
[component_container_isolated-2] [ERROR] [1789771077.123513406] [tf_help]: Transform data too old when converting from map to odom
[component_container_isolated-2] [ERROR] [1789771077.123554686] [tf_help]: Data time: 76s 600000000ns, Transform time: 4s 296000000ns
[component_container_isolated-2] [ERROR] [1789771077.172227036] [tf_help]: Transform data too old when converting from map to odom
[component_container_isolated-2] [ERROR] [1789771077.172261846] [tf_help]: Data time: 76s 600000000ns, Transform time: 4s 296000000ns
[component_container_isolated-2] [ERROR] [1789771077.221510542] [tf_help]: Transform data too old when converting from map to odom
[component_container_isolated-2] [ERROR] [1789771077.221541729] [tf_help]: Data time: 76s 600000000ns, Transform time: 4s 296000000ns
[component_container_isolated-2] [ERROR] [1789771077.271408377] [tf_help]: Transform data too old when converting from map to odom
[component_container_isolated-2] [ERROR] [1789771077.271442083] [tf_help]: Data time: 76s 600000000ns, Transform time: 4s 296000000ns
[component_container_isolated-2] [ERROR] [1789771077.326649497] [tf_help]: Transform data too old when converting from map to odom
[component_container_isolated-2] [ERROR] [1789771077.326697002] [tf_help]: Data time: 76s 600000000ns, Transform time: 4s 296000000ns
[component_container_isolated-2] [ERROR] [1789771077.375559628] [tf_help]: Transform data too old when converting from map to odom
[component_container_isolated-2] [ERROR] [1789771077.375592235] [tf_help]: Data time: 76s 600000000ns, Transform time: 4s 296000000ns
[component_container_isolated-2] [ERROR] [1789771077.421395757] [tf_help]: Transform data too old when converting from map to odom
[component_container_isolated-2] [ERROR] [1789771077.421422479] [tf_help]: Data time: 76s 600000000ns, Transform time: 4s 296000000ns
[component_container_isolated-2] [ERROR] [1789771077.471570279] [tf_help]: Transform data too old when converting from map to odom
[component_container_isolated-2] [ERROR] [1789771077.471602565] [tf_help]: Data time: 76s 600000000ns, Transform time: 4s 296000000ns
[component_container_isolated-2] [ERROR] [1789771077.521560086] [tf_help]: Transform data too old when converting from map to odom
[component_container_isolated-2] [ERROR] [1789771077.521590614] [tf_help]: Data time: 76s 600000000ns, Transform time: 4s 296000000ns
[component_container_isolated-2] [ERROR] [1789771077.571855771] [tf_help]: Transform data too old when converting from map to odom
[component_container_isolated-2] [ERROR] [1789771077.571908379] [tf_help]: Data time: 76s 600000000ns, Transform time: 4s 296000000ns
[component_container_isolated-2] [ERROR] [1789771077.621875296] [tf_help]: Transform data too old when converting from map to odom
[component_container_isolated-2] [ERROR] [1789771077.621920725] [tf_help]: Data time: 76s 600000000ns, Transform time: 4s 296000000ns
[component_container_isolated-2] [ERROR] [1789771077.671713774] [tf_help]: Transform data too old when converting from map to odom
[component_container_isolated-2] [ERROR] [1789771077.671747472] [tf_help]: Data time: 76s 600000000ns, Transform time: 4s 296000000ns
[component_container_isolated-2] [ERROR] [1789771077.721700242] [tf_help]: Transform data too old when converting from map to odom
[component_container_isolated-2] [ERROR] [1789771077.721742337] [tf_help]: Data time: 76s 600000000ns, Transform time: 4s 296000000ns
[component_container_isolated-2] [ERROR] [1789771077.771671478] [tf_help]: Transform data too old when converting from map to odom
[component_container_isolated-2] [ERROR] [1789771077.771715877] [tf_help]: Data time: 76s 600000000ns, Transform time: 4s 296000000ns
[component_container_isolated-2] [ERROR] [1789771077.821501693] [tf_help]: Transform data too old when converting from map to odom
[component_container_isolated-2] [ERROR] [1789771077.821536789] [tf_help]: Data time: 76s 600000000ns, Transform time: 4s 296000000ns
[component_container_isolated-2] [ERROR] [1789771077.871530238] [tf_help]: Transform data too old when converting from map to odom
[component_container_isolated-2] [ERROR] [1789771077.871564802] [tf_help]: Data time: 76s 600000000ns, Transform time: 4s 296000000ns
[component_container_isolated-2] [ERROR] [1789771077.921929176] [tf_help]: Transform data too old when converting from map to odom
[component_container_isolated-2] [ERROR] [1789771077.921967622] [tf_help]: Data time: 76s 600000000ns, Transform time: 4s 296000000ns
[component_container_isolated-2] [ERROR] [1789771077.971554667] [tf_help]: Transform data too old when converting from map to odom
[component_container_isolated-2] [ERROR] [1789771077.971612780] [tf_help]: Data time: 76s 600000000ns, Transform time: 4s 296000000ns
[component_container_isolated-2] [INFO] [1789771078.016373056] [controller_server]: Passing new path to controller.
[component_container_isolated-2] [ERROR] [1789771078.021647058] [tf_help]: Transform data too old when converting from map to odom
[component_container_isolated-2] [ERROR] [1789771078.021675035] [tf_help]: Data time: 77s 600000000ns, Transform time: 4s 296000000ns
[component_container_isolated-2] [ERROR] [1789771078.071597833] [tf_help]: Transform data too old when converting from map to odom
[component_container_isolated-2] [ERROR] [1789771078.071636315] [tf_help]: Data time: 77s 600000000ns, Transform time: 4s 296000000ns
[component_container_isolated-2] [ERROR] [1789771078.121973477] [tf_help]: Transform data too old when converting from map to odom
[component_container_isolated-2] [ERROR] [1789771078.122015052] [tf_help]: Data time: 77s 600000000ns, Transform time: 4s 296000000ns
[component_container_isolated-2] [ERROR] [1789771078.171915445] [tf_help]: Transform data too old when converting from map to odom
[component_container_isolated-2] [ERROR] [1789771078.171963982] [tf_help]: Data time: 77s 600000000ns, Transform time: 4s 296000000ns
[component_container_isolated-2] [ERROR] [1789771078.221799841] [tf_help]: Transform data too old when converting from map to odom
[component_container_isolated-2] [ERROR] [1789771078.221838759] [tf_help]: Data time: 77s 600000000ns, Transform time: 4s 296000000ns
[component_container_isolated-2] [ERROR] [1789771078.271702710] [tf_help]: Transform data too old when converting from map to odom
[component_container_isolated-2] [ERROR] [1789771078.271729282] [tf_help]: Data time: 77s 600000000ns, Transform time: 4s 296000000ns
[component_container_isolated-2] [ERROR] [1789771078.325588800] [tf_help]: Transform data too old when converting from map to odom
[component_container_isolated-2] [ERROR] [1789771078.325633109] [tf_help]: Data time: 77s 600000000ns, Transform time: 4s 296000000ns
[component_container_isolated-2] [ERROR] [1789771078.372828508] [tf_help]: Transform data too old when converting from map to odom
[component_container_isolated-2] [ERROR] [1789771078.372869030] [tf_help]: Data time: 77s 600000000ns, Transform time: 4s 296000000ns
[component_container_isolated-2] [ERROR] [1789771078.421636009] [tf_help]: Transform data too old when converting from map to odom
[component_container_isolated-2] [ERROR] [1789771078.421670531] [tf_help]: Data time: 77s 600000000ns, Transform time: 4s 296000000ns
[component_container_isolated-2] [INFO] [1789771078.471458048] [controller_server]: [TG-MPPI] cycle time (compute_backend=cpu): 5.467 ms/cycle avg over 50 cycles
[component_container_isolated-2] [ERROR] [1789771078.471639904] [tf_help]: Transform data too old when converting from map to odom
[component_container_isolated-2] [ERROR] [1789771078.471663426] [tf_help]: Data time: 77s 600000000ns, Transform time: 4s 296000000ns
[component_container_isolated-2] [ERROR] [1789771078.521885311] [tf_help]: Transform data too old when converting from map to odom
[component_container_isolated-2] [ERROR] [1789771078.521922103] [tf_help]: Data time: 77s 600000000ns, Transform time: 4s 296000000ns
[component_container_isolated-2] [ERROR] [1789771078.571517143] [tf_help]: Transform data too old when converting from map to odom
[component_container_isolated-2] [ERROR] [1789771078.571549677] [tf_help]: Data time: 77s 600000000ns, Transform time: 4s 296000000ns
[component_container_isolated-2] [ERROR] [1789771078.622888228] [tf_help]: Transform data too old when converting from map to odom
[component_container_isolated-2] [ERROR] [1789771078.622920475] [tf_help]: Data time: 77s 600000000ns, Transform time: 4s 296000000ns
[component_container_isolated-2] [ERROR] [1789771078.673102828] [tf_help]: Transform data too old when converting from map to odom
[component_container_isolated-2] [ERROR] [1789771078.673131043] [tf_help]: Data time: 77s 600000000ns, Transform time: 4s 296000000ns
[component_container_isolated-2] [ERROR] [1789771078.722671900] [tf_help]: Transform data too old when converting from map to odom
[component_container_isolated-2] [ERROR] [1789771078.722705219] [tf_help]: Data time: 77s 600000000ns, Transform time: 4s 296000000ns
[component_container_isolated-2] [ERROR] [1789771078.772057509] [tf_help]: Transform data too old when converting from map to odom
[component_container_isolated-2] [ERROR] [1789771078.772112222] [tf_help]: Data time: 77s 600000000ns, Transform time: 4s 296000000ns
[component_container_isolated-2] [ERROR] [1789771078.827240788] [tf_help]: Transform data too old when converting from map to odom
[component_container_isolated-2] [ERROR] [1789771078.827287508] [tf_help]: Data time: 77s 600000000ns, Transform time: 4s 296000000ns
[component_container_isolated-2] [ERROR] [1789771078.873290166] [tf_help]: Transform data too old when converting from map to odom
[component_container_isolated-2] [ERROR] [1789771078.873321150] [tf_help]: Data time: 77s 600000000ns, Transform time: 4s 296000000ns
[component_container_isolated-2] [ERROR] [1789771078.922084286] [tf_help]: Transform data too old when converting from map to odom
[component_container_isolated-2] [ERROR] [1789771078.922123604] [tf_help]: Data time: 77s 600000000ns, Transform time: 4s 296000000ns
[component_container_isolated-2] [ERROR] [1789771078.972829498] [tf_help]: Transform data too old when converting from map to odom
[component_container_isolated-2] [ERROR] [1789771078.972870169] [tf_help]: Data time: 77s 600000000ns, Transform time: 4s 296000000ns
[component_container_isolated-2] [ERROR] [1789771079.023306320] [tf_help]: Transform data too old when converting from map to odom
[component_container_isolated-2] [ERROR] [1789771079.023336439] [tf_help]: Data time: 77s 600000000ns, Transform time: 4s 296000000ns
[component_container_isolated-2] [INFO] [1789771079.066334955] [controller_server]: Passing new path to controller.
[component_container_isolated-2] [ERROR] [1789771079.073083389] [tf_help]: Transform data too old when converting from map to odom
[component_container_isolated-2] [ERROR] [1789771079.073115527] [tf_help]: Data time: 78s 400000000ns, Transform time: 4s 296000000ns
[component_container_isolated-2] [ERROR] [1789771079.121886289] [tf_help]: Transform data too old when converting from map to odom
[component_container_isolated-2] [ERROR] [1789771079.121916015] [tf_help]: Data time: 78s 400000000ns, Transform time: 4s 296000000ns
[component_container_isolated-2] [ERROR] [1789771079.172853648] [tf_help]: Transform data too old when converting from map to odom
[component_container_isolated-2] [ERROR] [1789771079.172901731] [tf_help]: Data time: 78s 400000000ns, Transform time: 4s 296000000ns
[component_container_isolated-2] [ERROR] [1789771079.222441211] [tf_help]: Transform data too old when converting from map to odom
[component_container_isolated-2] [ERROR] [1789771079.222478821] [tf_help]: Data time: 78s 400000000ns, Transform time: 4s 296000000ns
[component_container_isolated-2] [ERROR] [1789771079.272205830] [tf_help]: Transform data too old when converting from map to odom
[component_container_isolated-2] [ERROR] [1789771079.272257944] [tf_help]: Data time: 78s 400000000ns, Transform time: 4s 296000000ns
[component_container_isolated-2] [ERROR] [1789771079.321653097] [tf_help]: Transform data too old when converting from map to odom
[component_container_isolated-2] [ERROR] [1789771079.321689828] [tf_help]: Data time: 78s 400000000ns, Transform time: 4s 296000000ns
[component_container_isolated-2] [ERROR] [1789771079.372411751] [tf_help]: Transform data too old when converting from map to odom
[component_container_isolated-2] [ERROR] [1789771079.372448119] [tf_help]: Data time: 78s 400000000ns, Transform time: 4s 296000000ns
[component_container_isolated-2] [ERROR] [1789771079.422105678] [tf_help]: Transform data too old when converting from map to odom
[component_container_isolated-2] [ERROR] [1789771079.422137573] [tf_help]: Data time: 78s 400000000ns, Transform time: 4s 296000000ns
[component_container_isolated-2] [ERROR] [1789771079.476697247] [tf_help]: Transform data too old when converting from map to odom
[component_container_isolated-2] [ERROR] [1789771079.476741572] [tf_help]: Data time: 78s 400000000ns, Transform time: 4s 296000000ns
[component_container_isolated-2] [ERROR] [1789771079.522484059] [tf_help]: Transform data too old when converting from map to odom
[component_container_isolated-2] [ERROR] [1789771079.522516281] [tf_help]: Data time: 78s 400000000ns, Transform time: 4s 296000000ns
[component_container_isolated-2] [ERROR] [1789771079.571788505] [tf_help]: Transform data too old when converting from map to odom
[component_container_isolated-2] [ERROR] [1789771079.571819977] [tf_help]: Data time: 78s 400000000ns, Transform time: 4s 296000000ns
[component_container_isolated-2] [ERROR] [1789771079.622893639] [tf_help]: Transform data too old when converting from map to odom
[component_container_isolated-2] [ERROR] [1789771079.622930341] [tf_help]: Data time: 78s 400000000ns, Transform time: 4s 296000000ns
[component_container_isolated-2] [ERROR] [1789771079.671670802] [tf_help]: Transform data too old when converting from map to odom
[component_container_isolated-2] [ERROR] [1789771079.671711589] [tf_help]: Data time: 78s 400000000ns, Transform time: 4s 296000000ns
[component_container_isolated-2] [ERROR] [1789771079.721907631] [tf_help]: Transform data too old when converting from map to odom
[component_container_isolated-2] [ERROR] [1789771079.721947210] [tf_help]: Data time: 78s 400000000ns, Transform time: 4s 296000000ns
[component_container_isolated-2] [ERROR] [1789771079.771777549] [tf_help]: Transform data too old when converting from map to odom
[component_container_isolated-2] [ERROR] [1789771079.771811851] [tf_help]: Data time: 78s 400000000ns, Transform time: 4s 296000000ns
[component_container_isolated-2] [ERROR] [1789771079.826144766] [tf_help]: Transform data too old when converting from map to odom
[component_container_isolated-2] [ERROR] [1789771079.826178215] [tf_help]: Data time: 78s 400000000ns, Transform time: 4s 296000000ns
[component_container_isolated-2] [ERROR] [1789771079.871854436] [tf_help]: Transform data too old when converting from map to odom
[component_container_isolated-2] [ERROR] [1789771079.871885711] [tf_help]: Data time: 78s 400000000ns, Transform time: 4s 296000000ns
[component_container_isolated-2] [ERROR] [1789771079.921413482] [tf_help]: Transform data too old when converting from map to odom
[component_container_isolated-2] [ERROR] [1789771079.921447154] [tf_help]: Data time: 78s 400000000ns, Transform time: 4s 296000000ns
[component_container_isolated-2] [ERROR] [1789771079.971925485] [tf_help]: Transform data too old when converting from map to odom
[component_container_isolated-2] [ERROR] [1789771079.971968264] [tf_help]: Data time: 78s 400000000ns, Transform time: 4s 296000000ns
[component_container_isolated-2] [ERROR] [1789771080.021960070] [tf_help]: Transform data too old when converting from map to odom
[component_container_isolated-2] [ERROR] [1789771080.021996184] [tf_help]: Data time: 78s 400000000ns, Transform time: 4s 296000000ns
[component_container_isolated-2] [INFO] [1789771080.066330500] [controller_server]: Passing new path to controller.
[component_container_isolated-2] [ERROR] [1789771080.071728096] [tf_help]: Transform data too old when converting from map to odom
[component_container_isolated-2] [ERROR] [1789771080.071758005] [tf_help]: Data time: 79s 500000000ns, Transform time: 4s 296000000ns
[component_container_isolated-2] [ERROR] [1789771080.123241554] [tf_help]: Transform data too old when converting from map to odom
[component_container_isolated-2] [ERROR] [1789771080.123286938] [tf_help]: Data time: 79s 500000000ns, Transform time: 4s 296000000ns
[component_container_isolated-2] [ERROR] [1789771080.171867534] [tf_help]: Transform data too old when converting from map to odom
[component_container_isolated-2] [ERROR] [1789771080.171904095] [tf_help]: Data time: 79s 500000000ns, Transform time: 4s 296000000ns
[component_container_isolated-2] [ERROR] [1789771080.221716790] [tf_help]: Transform data too old when converting from map to odom
[component_container_isolated-2] [ERROR] [1789771080.221748238] [tf_help]: Data time: 79s 500000000ns, Transform time: 4s 296000000ns
[component_container_isolated-2] [ERROR] [1789771080.271601354] [tf_help]: Transform data too old when converting from map to odom
[component_container_isolated-2] [ERROR] [1789771080.271639069] [tf_help]: Data time: 79s 500000000ns, Transform time: 4s 296000000ns
[component_container_isolated-2] [ERROR] [1789771080.321901395] [tf_help]: Transform data too old when converting from map to odom
[component_container_isolated-2] [ERROR] [1789771080.321933595] [tf_help]: Data time: 79s 500000000ns, Transform time: 4s 296000000ns
[component_container_isolated-2] [ERROR] [1789771080.371445356] [tf_help]: Transform data too old when converting from map to odom
[component_container_isolated-2] [ERROR] [1789771080.371480160] [tf_help]: Data time: 79s 500000000ns, Transform time: 4s 296000000ns
[component_container_isolated-2] [ERROR] [1789771080.421709488] [tf_help]: Transform data too old when converting from map to odom
[component_container_isolated-2] [ERROR] [1789771080.421742633] [tf_help]: Data time: 79s 500000000ns, Transform time: 4s 296000000ns
[component_container_isolated-2] [ERROR] [1789771080.471751516] [tf_help]: Transform data too old when converting from map to odom
[component_container_isolated-2] [ERROR] [1789771080.471782606] [tf_help]: Data time: 79s 500000000ns, Transform time: 4s 296000000ns
[component_container_isolated-2] [ERROR] [1789771080.521494493] [tf_help]: Transform data too old when converting from map to odom
[component_container_isolated-2] [ERROR] [1789771080.521527037] [tf_help]: Data time: 79s 500000000ns, Transform time: 4s 296000000ns
[ground_truth_localizer-1] [INFO] [1789771080.550158898] [ground_truth_localizer]: last 10 s: ground truth msgs 295, map->odom published 295 (287 via latest odom TF)
[component_container_isolated-2] [ERROR] [1789771080.574031060] [tf_help]: Transform data too old when converting from map to odom
[component_container_isolated-2] [ERROR] [1789771080.574070684] [tf_help]: Data time: 79s 500000000ns, Transform time: 4s 296000000ns
[component_container_isolated-2] [ERROR] [1789771080.622749426] [tf_help]: Transform data too old when converting from map to odom
[component_container_isolated-2] [ERROR] [1789771080.622782902] [tf_help]: Data time: 79s 500000000ns, Transform time: 4s 296000000ns
[component_container_isolated-2] [ERROR] [1789771080.671789740] [tf_help]: Transform data too old when converting from map to odom
[component_container_isolated-2] [ERROR] [1789771080.671823107] [tf_help]: Data time: 79s 500000000ns, Transform time: 4s 296000000ns
[component_container_isolated-2] [ERROR] [1789771080.721713202] [tf_help]: Transform data too old when converting from map to odom
[component_container_isolated-2] [ERROR] [1789771080.721760909] [tf_help]: Data time: 79s 500000000ns, Transform time: 4s 296000000ns
[component_container_isolated-2] [ERROR] [1789771080.775122177] [tf_help]: Transform data too old when converting from map to odom
[component_container_isolated-2] [ERROR] [1789771080.775156184] [tf_help]: Data time: 79s 500000000ns, Transform time: 4s 296000000ns
[component_container_isolated-2] [ERROR] [1789771080.827006583] [tf_help]: Transform data too old when converting from map to odom
[component_container_isolated-2] [ERROR] [1789771080.827037361] [tf_help]: Data time: 79s 500000000ns, Transform time: 4s 296000000ns
[component_container_isolated-2] [ERROR] [1789771080.872062893] [tf_help]: Transform data too old when converting from map to odom
[component_container_isolated-2] [ERROR] [1789771080.872098010] [tf_help]: Data time: 79s 500000000ns, Transform time: 4s 296000000ns
[component_container_isolated-2] [ERROR] [1789771080.921513634] [tf_help]: Transform data too old when converting from map to odom
[component_container_isolated-2] [ERROR] [1789771080.921546284] [tf_help]: Data time: 79s 500000000ns, Transform time: 4s 296000000ns
[component_container_isolated-2] [INFO] [1789771080.974636177] [controller_server]: [TG-MPPI] cycle time (compute_backend=cpu): 5.914 ms/cycle avg over 50 cycles
[component_container_isolated-2] [ERROR] [1789771080.974773945] [tf_help]: Transform data too old when converting from map to odom
[component_container_isolated-2] [ERROR] [1789771080.974803830] [tf_help]: Data time: 79s 500000000ns, Transform time: 4s 296000000ns
[component_container_isolated-2] [ERROR] [1789771081.021858093] [tf_help]: Transform data too old when converting from map to odom
[component_container_isolated-2] [ERROR] [1789771081.021898394] [tf_help]: Data time: 79s 500000000ns, Transform time: 4s 296000000ns
[component_container_isolated-2] [ERROR] [1789771081.072639807] [tf_help]: Transform data too old when converting from map to odom
[component_container_isolated-2] [ERROR] [1789771081.072671226] [tf_help]: Data time: 79s 500000000ns, Transform time: 4s 296000000ns
[component_container_isolated-2] [INFO] [1789771081.117428006] [controller_server]: Passing new path to controller.
[component_container_isolated-2] [ERROR] [1789771081.122875272] [tf_help]: Transform data too old when converting from map to odom
[component_container_isolated-2] [ERROR] [1789771081.122902257] [tf_help]: Data time: 80s 400000000ns, Transform time: 4s 296000000ns
[component_container_isolated-2] [ERROR] [1789771081.172803630] [tf_help]: Transform data too old when converting from map to odom
[component_container_isolated-2] [ERROR] [1789771081.172851737] [tf_help]: Data time: 80s 400000000ns, Transform time: 4s 296000000ns
[component_container_isolated-2] [ERROR] [1789771081.223111151] [tf_help]: Transform data too old when converting from map to odom
[component_container_isolated-2] [ERROR] [1789771081.223146577] [tf_help]: Data time: 80s 400000000ns, Transform time: 4s 296000000ns
[component_container_isolated-2] [ERROR] [1789771081.271708875] [tf_help]: Transform data too old when converting from map to odom
[component_container_isolated-2] [ERROR] [1789771081.271740862] [tf_help]: Data time: 80s 400000000ns, Transform time: 4s 296000000ns
[component_container_isolated-2] [ERROR] [1789771081.322486952] [tf_help]: Transform data too old when converting from map to odom
[component_container_isolated-2] [ERROR] [1789771081.322525722] [tf_help]: Data time: 80s 400000000ns, Transform time: 4s 296000000ns
[component_container_isolated-2] [ERROR] [1789771081.371794098] [tf_help]: Transform data too old when converting from map to odom
[component_container_isolated-2] [ERROR] [1789771081.371824919] [tf_help]: Data time: 80s 400000000ns, Transform time: 4s 296000000ns
[component_container_isolated-2] [ERROR] [1789771081.422474903] [tf_help]: Transform data too old when converting from map to odom
[component_container_isolated-2] [ERROR] [1789771081.422512520] [tf_help]: Data time: 80s 400000000ns, Transform time: 4s 296000000ns
[component_container_isolated-2] [ERROR] [1789771081.473069554] [tf_help]: Transform data too old when converting from map to odom
[component_container_isolated-2] [ERROR] [1789771081.473109092] [tf_help]: Data time: 80s 400000000ns, Transform time: 4s 296000000ns
[component_container_isolated-2] [ERROR] [1789771081.521621330] [tf_help]: Transform data too old when converting from map to odom
[component_container_isolated-2] [ERROR] [1789771081.521670801] [tf_help]: Data time: 80s 400000000ns, Transform time: 4s 296000000ns
[component_container_isolated-2] [ERROR] [1789771081.572522281] [tf_help]: Transform data too old when converting from map to odom
[component_container_isolated-2] [ERROR] [1789771081.572561570] [tf_help]: Data time: 80s 400000000ns, Transform time: 4s 296000000ns
[component_container_isolated-2] [ERROR] [1789771081.622549849] [tf_help]: Transform data too old when converting from map to odom
[component_container_isolated-2] [ERROR] [1789771081.622579189] [tf_help]: Data time: 80s 400000000ns, Transform time: 4s 296000000ns
[component_container_isolated-2] [ERROR] [1789771081.672218655] [tf_help]: Transform data too old when converting from map to odom
[component_container_isolated-2] [ERROR] [1789771081.672248736] [tf_help]: Data time: 80s 400000000ns, Transform time: 4s 296000000ns
[component_container_isolated-2] [ERROR] [1789771081.721807674] [tf_help]: Transform data too old when converting from map to odom
[component_container_isolated-2] [ERROR] [1789771081.721868973] [tf_help]: Data time: 80s 400000000ns, Transform time: 4s 296000000ns
[component_container_isolated-2] [ERROR] [1789771081.772194102] [tf_help]: Transform data too old when converting from map to odom
[component_container_isolated-2] [ERROR] [1789771081.772227895] [tf_help]: Data time: 80s 400000000ns, Transform time: 4s 296000000ns
[component_container_isolated-2] [ERROR] [1789771081.824787579] [tf_help]: Transform data too old when converting from map to odom
[component_container_isolated-2] [ERROR] [1789771081.824826170] [tf_help]: Data time: 80s 400000000ns, Transform time: 4s 296000000ns
[component_container_isolated-2] [ERROR] [1789771081.871503552] [tf_help]: Transform data too old when converting from map to odom
[component_container_isolated-2] [ERROR] [1789771081.871553014] [tf_help]: Data time: 80s 400000000ns, Transform time: 4s 296000000ns
[component_container_isolated-2] [ERROR] [1789771081.921479769] [tf_help]: Transform data too old when converting from map to odom
[component_container_isolated-2] [ERROR] [1789771081.921512775] [tf_help]: Data time: 80s 400000000ns, Transform time: 4s 296000000ns
[component_container_isolated-2] [ERROR] [1789771081.972282333] [tf_help]: Transform data too old when converting from map to odom
[component_container_isolated-2] [ERROR] [1789771081.972311481] [tf_help]: Data time: 80s 400000000ns, Transform time: 4s 296000000ns
[component_container_isolated-2] [ERROR] [1789771082.021371946] [tf_help]: Transform data too old when converting from map to odom
[component_container_isolated-2] [ERROR] [1789771082.021413017] [tf_help]: Data time: 80s 400000000ns, Transform time: 4s 296000000ns
[component_container_isolated-2] [ERROR] [1789771082.071494447] [tf_help]: Transform data too old when converting from map to odom
[component_container_isolated-2] [ERROR] [1789771082.071531159] [tf_help]: Data time: 80s 400000000ns, Transform time: 4s 296000000ns
[component_container_isolated-2] [ERROR] [1789771082.121549984] [tf_help]: Transform data too old when converting from map to odom
[component_container_isolated-2] [ERROR] [1789771082.121580827] [tf_help]: Data time: 80s 400000000ns, Transform time: 4s 296000000ns
[component_container_isolated-2] [INFO] [1789771082.166363870] [controller_server]: Passing new path to controller.
[component_container_isolated-2] [ERROR] [1789771082.171667235] [tf_help]: Transform data too old when converting from map to odom
[component_container_isolated-2] [ERROR] [1789771082.171700127] [tf_help]: Data time: 81s 400000000ns, Transform time: 4s 296000000ns
[component_container_isolated-2] [ERROR] [1789771082.221918747] [tf_help]: Transform data too old when converting from map to odom
[component_container_isolated-2] [ERROR] [1789771082.221986417] [tf_help]: Data time: 81s 400000000ns, Transform time: 4s 296000000ns
[component_container_isolated-2] [ERROR] [1789771082.272004493] [tf_help]: Transform data too old when converting from map to odom
[component_container_isolated-2] [ERROR] [1789771082.272040588] [tf_help]: Data time: 81s 400000000ns, Transform time: 4s 296000000ns
[component_container_isolated-2] [ERROR] [1789771082.321907686] [tf_help]: Transform data too old when converting from map to odom
[component_container_isolated-2] [ERROR] [1789771082.321938222] [tf_help]: Data time: 81s 400000000ns, Transform time: 4s 296000000ns
[component_container_isolated-2] [ERROR] [1789771082.371763320] [tf_help]: Transform data too old when converting from map to odom
[component_container_isolated-2] [ERROR] [1789771082.371797647] [tf_help]: Data time: 81s 400000000ns, Transform time: 4s 296000000ns
[component_container_isolated-2] [ERROR] [1789771082.421873341] [tf_help]: Transform data too old when converting from map to odom
[component_container_isolated-2] [ERROR] [1789771082.421912977] [tf_help]: Data time: 81s 400000000ns, Transform time: 4s 296000000ns
[component_container_isolated-2] [ERROR] [1789771082.471597992] [tf_help]: Transform data too old when converting from map to odom
[component_container_isolated-2] [ERROR] [1789771082.471632998] [tf_help]: Data time: 81s 400000000ns, Transform time: 4s 296000000ns
[component_container_isolated-2] [ERROR] [1789771082.522243154] [tf_help]: Transform data too old when converting from map to odom
[component_container_isolated-2] [ERROR] [1789771082.522276406] [tf_help]: Data time: 81s 400000000ns, Transform time: 4s 296000000ns
[component_container_isolated-2] [ERROR] [1789771082.571815734] [tf_help]: Transform data too old when converting from map to odom
[component_container_isolated-2] [ERROR] [1789771082.571847683] [tf_help]: Data time: 81s 400000000ns, Transform time: 4s 296000000ns
[component_container_isolated-2] [ERROR] [1789771082.621486552] [tf_help]: Transform data too old when converting from map to odom
[component_container_isolated-2] [ERROR] [1789771082.621518428] [tf_help]: Data time: 81s 400000000ns, Transform time: 4s 296000000ns
[component_container_isolated-2] [ERROR] [1789771082.672203595] [tf_help]: Transform data too old when converting from map to odom
[component_container_isolated-2] [ERROR] [1789771082.672243479] [tf_help]: Data time: 81s 400000000ns, Transform time: 4s 296000000ns
[component_container_isolated-2] [ERROR] [1789771082.726881470] [tf_help]: Transform data too old when converting from map to odom
[component_container_isolated-2] [ERROR] [1789771082.726926181] [tf_help]: Data time: 81s 400000000ns, Transform time: 4s 296000000ns
[component_container_isolated-2] [ERROR] [1789771082.777347127] [tf_help]: Transform data too old when converting from map to odom
[component_container_isolated-2] [ERROR] [1789771082.777388289] [tf_help]: Data time: 81s 400000000ns, Transform time: 4s 296000000ns
[component_container_isolated-2] [ERROR] [1789771082.826880802] [tf_help]: Transform data too old when converting from map to odom
[component_container_isolated-2] [ERROR] [1789771082.826923555] [tf_help]: Data time: 81s 400000000ns, Transform time: 4s 296000000ns
[component_container_isolated-2] [ERROR] [1789771082.876842786] [tf_help]: Transform data too old when converting from map to odom
[component_container_isolated-2] [ERROR] [1789771082.876882234] [tf_help]: Data time: 81s 400000000ns, Transform time: 4s 296000000ns
[component_container_isolated-2] [ERROR] [1789771082.923875322] [tf_help]: Transform data too old when converting from map to odom
[component_container_isolated-2] [ERROR] [1789771082.923913543] [tf_help]: Data time: 81s 400000000ns, Transform time: 4s 296000000ns
[component_container_isolated-2] [ERROR] [1789771082.971852957] [tf_help]: Transform data too old when converting from map to odom
[component_container_isolated-2] [ERROR] [1789771082.971881629] [tf_help]: Data time: 81s 400000000ns, Transform time: 4s 296000000ns
[component_container_isolated-2] [ERROR] [1789771083.021467525] [tf_help]: Transform data too old when converting from map to odom
[component_container_isolated-2] [ERROR] [1789771083.021499433] [tf_help]: Data time: 81s 400000000ns, Transform time: 4s 296000000ns
[component_container_isolated-2] [ERROR] [1789771083.076351790] [tf_help]: Transform data too old when converting from map to odom
[component_container_isolated-2] [ERROR] [1789771083.076396269] [tf_help]: Data time: 81s 400000000ns, Transform time: 4s 296000000ns
[component_container_isolated-2] [ERROR] [1789771083.125768267] [tf_help]: Transform data too old when converting from map to odom
[component_container_isolated-2] [ERROR] [1789771083.125802529] [tf_help]: Data time: 81s 400000000ns, Transform time: 4s 296000000ns
[component_container_isolated-2] [INFO] [1789771083.166370817] [controller_server]: Passing new path to controller.
[component_container_isolated-2] [ERROR] [1789771083.171701514] [tf_help]: Transform data too old when converting from map to odom
[component_container_isolated-2] [ERROR] [1789771083.171732976] [tf_help]: Data time: 82s 300000000ns, Transform time: 4s 296000000ns
[component_container_isolated-2] [ERROR] [1789771083.222482899] [tf_help]: Transform data too old when converting from map to odom
[component_container_isolated-2] [ERROR] [1789771083.222515246] [tf_help]: Data time: 82s 300000000ns, Transform time: 4s 296000000ns
[component_container_isolated-2] [ERROR] [1789771083.273375424] [tf_help]: Transform data too old when converting from map to odom
[component_container_isolated-2] [ERROR] [1789771083.273406456] [tf_help]: Data time: 82s 300000000ns, Transform time: 4s 296000000ns
[component_container_isolated-2] [ERROR] [1789771083.326719869] [tf_help]: Transform data too old when converting from map to odom
[component_container_isolated-2] [ERROR] [1789771083.326752149] [tf_help]: Data time: 82s 300000000ns, Transform time: 4s 296000000ns
[component_container_isolated-2] [ERROR] [1789771083.371695558] [tf_help]: Transform data too old when converting from map to odom
[component_container_isolated-2] [ERROR] [1789771083.371726046] [tf_help]: Data time: 82s 300000000ns, Transform time: 4s 296000000ns
[component_container_isolated-2] [ERROR] [1789771083.422198491] [tf_help]: Transform data too old when converting from map to odom
[component_container_isolated-2] [ERROR] [1789771083.422230402] [tf_help]: Data time: 82s 300000000ns, Transform time: 4s 296000000ns
[component_container_isolated-2] [INFO] [1789771083.473293842] [controller_server]: [TG-MPPI] cycle time (compute_backend=cpu): 5.984 ms/cycle avg over 50 cycles
[component_container_isolated-2] [ERROR] [1789771083.473448253] [tf_help]: Transform data too old when converting from map to odom
[component_container_isolated-2] [ERROR] [1789771083.473466639] [tf_help]: Data time: 82s 300000000ns, Transform time: 4s 296000000ns
[component_container_isolated-2] [ERROR] [1789771083.524047411] [tf_help]: Transform data too old when converting from map to odom
[component_container_isolated-2] [ERROR] [1789771083.524084586] [tf_help]: Data time: 82s 300000000ns, Transform time: 4s 296000000ns
[component_container_isolated-2] [ERROR] [1789771083.573851531] [tf_help]: Transform data too old when converting from map to odom
[component_container_isolated-2] [ERROR] [1789771083.573904913] [tf_help]: Data time: 82s 300000000ns, Transform time: 4s 296000000ns
[component_container_isolated-2] [ERROR] [1789771083.622962040] [tf_help]: Transform data too old when converting from map to odom
[component_container_isolated-2] [ERROR] [1789771083.622995398] [tf_help]: Data time: 82s 300000000ns, Transform time: 4s 296000000ns
[component_container_isolated-2] [ERROR] [1789771083.671752954] [tf_help]: Transform data too old when converting from map to odom
[component_container_isolated-2] [ERROR] [1789771083.671781176] [tf_help]: Data time: 82s 300000000ns, Transform time: 4s 296000000ns
[component_container_isolated-2] [ERROR] [1789771083.721954274] [tf_help]: Transform data too old when converting from map to odom
[component_container_isolated-2] [ERROR] [1789771083.721984555] [tf_help]: Data time: 82s 300000000ns, Transform time: 4s 296000000ns
[component_container_isolated-2] [ERROR] [1789771083.766481253] [controller_server]: Failed to make progress
[component_container_isolated-2] [WARN] [1789771083.766544651] [controller_server]: [follow_path] [ActionServer] Aborting handle.
[component_container_isolated-2] [INFO] [1789771083.785902587] [local_costmap.local_costmap]: Received request to clear entirely the local_costmap
[component_container_isolated-2] [INFO] [1789771083.786304147] [controller_server]: Received a goal, begin computing control effort.
[component_container_isolated-2] [ERROR] [1789771083.844729188] [tf_help]: Transform data too old when converting from map to odom
[component_container_isolated-2] [ERROR] [1789771083.844772733] [tf_help]: Data time: 82s 300000000ns, Transform time: 4s 296000000ns
[component_container_isolated-2] [WARN] [1789771083.844779671] [controller_server]: Control loop missed its desired rate of 20.0000Hz
[component_container_isolated-2] [ERROR] [1789771083.849697474] [tf_help]: Transform data too old when converting from map to odom
[component_container_isolated-2] [ERROR] [1789771083.849735010] [tf_help]: Data time: 82s 300000000ns, Transform time: 4s 296000000ns
[component_container_isolated-2] [ERROR] [1789771083.891935559] [tf_help]: Transform data too old when converting from map to odom
[component_container_isolated-2] [ERROR] [1789771083.891976142] [tf_help]: Data time: 82s 300000000ns, Transform time: 4s 296000000ns
[component_container_isolated-2] [ERROR] [1789771083.946526933] [tf_help]: Transform data too old when converting from map to odom
[component_container_isolated-2] [ERROR] [1789771083.946571908] [tf_help]: Data time: 82s 300000000ns, Transform time: 4s 296000000ns
[component_container_isolated-2] [ERROR] [1789771083.992571034] [tf_help]: Transform data too old when converting from map to odom
[component_container_isolated-2] [ERROR] [1789771083.992607759] [tf_help]: Data time: 82s 300000000ns, Transform time: 4s 296000000ns
[component_container_isolated-2] [ERROR] [1789771084.044518786] [tf_help]: Transform data too old when converting from map to odom
[component_container_isolated-2] [ERROR] [1789771084.044561101] [tf_help]: Data time: 82s 300000000ns, Transform time: 4s 296000000ns
[component_container_isolated-2] [ERROR] [1789771084.094257913] [tf_help]: Transform data too old when converting from map to odom
[component_container_isolated-2] [ERROR] [1789771084.094296547] [tf_help]: Data time: 82s 300000000ns, Transform time: 4s 296000000ns
[component_container_isolated-2] [ERROR] [1789771084.145180486] [tf_help]: Transform data too old when converting from map to odom
[component_container_isolated-2] [ERROR] [1789771084.145227746] [tf_help]: Data time: 82s 300000000ns, Transform time: 4s 296000000ns
[component_container_isolated-2] [INFO] [1789771084.186425201] [controller_server]: Passing new path to controller.
[component_container_isolated-2] [ERROR] [1789771084.193178685] [tf_help]: Transform data too old when converting from map to odom
[component_container_isolated-2] [ERROR] [1789771084.193206339] [tf_help]: Data time: 83s 300000000ns, Transform time: 4s 296000000ns
[component_container_isolated-2] [ERROR] [1789771084.241659950] [tf_help]: Transform data too old when converting from map to odom
[component_container_isolated-2] [ERROR] [1789771084.241691080] [tf_help]: Data time: 83s 300000000ns, Transform time: 4s 296000000ns
[component_container_isolated-2] [ERROR] [1789771084.291728950] [tf_help]: Transform data too old when converting from map to odom
[component_container_isolated-2] [ERROR] [1789771084.291761418] [tf_help]: Data time: 83s 300000000ns, Transform time: 4s 296000000ns
[component_container_isolated-2] [ERROR] [1789771084.341898567] [tf_help]: Transform data too old when converting from map to odom
[component_container_isolated-2] [ERROR] [1789771084.341933663] [tf_help]: Data time: 83s 300000000ns, Transform time: 4s 296000000ns
[component_container_isolated-2] [ERROR] [1789771084.392904737] [tf_help]: Transform data too old when converting from map to odom
[component_container_isolated-2] [ERROR] [1789771084.392939731] [tf_help]: Data time: 83s 300000000ns, Transform time: 4s 296000000ns
[component_container_isolated-2] [ERROR] [1789771084.443396923] [tf_help]: Transform data too old when converting from map to odom
[component_container_isolated-2] [ERROR] [1789771084.443435947] [tf_help]: Data time: 83s 300000000ns, Transform time: 4s 296000000ns
[component_container_isolated-2] [ERROR] [1789771084.492390969] [tf_help]: Transform data too old when converting from map to odom
[component_container_isolated-2] [ERROR] [1789771084.492424838] [tf_help]: Data time: 83s 300000000ns, Transform time: 4s 296000000ns
[component_container_isolated-2] [ERROR] [1789771084.541454740] [tf_help]: Transform data too old when converting from map to odom
[component_container_isolated-2] [ERROR] [1789771084.541489198] [tf_help]: Data time: 83s 300000000ns, Transform time: 4s 296000000ns
[component_container_isolated-2] [ERROR] [1789771084.591969703] [tf_help]: Transform data too old when converting from map to odom
[component_container_isolated-2] [ERROR] [1789771084.592000939] [tf_help]: Data time: 83s 300000000ns, Transform time: 4s 296000000ns
[component_container_isolated-2] [ERROR] [1789771084.642041092] [tf_help]: Transform data too old when converting from map to odom
[component_container_isolated-2] [ERROR] [1789771084.642073664] [tf_help]: Data time: 83s 300000000ns, Transform time: 4s 296000000ns
[component_container_isolated-2] [ERROR] [1789771084.691850432] [tf_help]: Transform data too old when converting from map to odom
[component_container_isolated-2] [ERROR] [1789771084.691882671] [tf_help]: Data time: 83s 300000000ns, Transform time: 4s 296000000ns
[component_container_isolated-2] [ERROR] [1789771084.741956728] [tf_help]: Transform data too old when converting from map to odom
[component_container_isolated-2] [ERROR] [1789771084.741990645] [tf_help]: Data time: 83s 300000000ns, Transform time: 4s 296000000ns
[component_container_isolated-2] [ERROR] [1789771084.791703690] [tf_help]: Transform data too old when converting from map to odom
[component_container_isolated-2] [ERROR] [1789771084.791735510] [tf_help]: Data time: 83s 300000000ns, Transform time: 4s 296000000ns
[component_container_isolated-2] [ERROR] [1789771084.842034618] [tf_help]: Transform data too old when converting from map to odom
[component_container_isolated-2] [ERROR] [1789771084.842081609] [tf_help]: Data time: 83s 300000000ns, Transform time: 4s 296000000ns
[component_container_isolated-2] [ERROR] [1789771084.892065895] [tf_help]: Transform data too old when converting from map to odom
[component_container_isolated-2] [ERROR] [1789771084.892098640] [tf_help]: Data time: 83s 300000000ns, Transform time: 4s 296000000ns
[component_container_isolated-2] [ERROR] [1789771084.943019600] [tf_help]: Transform data too old when converting from map to odom
[component_container_isolated-2] [ERROR] [1789771084.943051166] [tf_help]: Data time: 83s 300000000ns, Transform time: 4s 296000000ns
[component_container_isolated-2] [ERROR] [1789771084.991889629] [tf_help]: Transform data too old when converting from map to odom
[component_container_isolated-2] [ERROR] [1789771084.991925495] [tf_help]: Data time: 83s 300000000ns, Transform time: 4s 296000000ns
[component_container_isolated-2] [ERROR] [1789771085.045931817] [tf_help]: Transform data too old when converting from map to odom
[component_container_isolated-2] [ERROR] [1789771085.045982803] [tf_help]: Data time: 83s 300000000ns, Transform time: 4s 296000000ns
[component_container_isolated-2] [ERROR] [1789771085.095405175] [tf_help]: Transform data too old when converting from map to odom
[component_container_isolated-2] [ERROR] [1789771085.095442089] [tf_help]: Data time: 83s 300000000ns, Transform time: 4s 296000000ns
[component_container_isolated-2] [ERROR] [1789771085.142105590] [tf_help]: Transform data too old when converting from map to odom
[component_container_isolated-2] [ERROR] [1789771085.142136156] [tf_help]: Data time: 83s 300000000ns, Transform time: 4s 296000000ns
[component_container_isolated-2] [ERROR] [1789771085.191586776] [tf_help]: Transform data too old when converting from map to odom
[component_container_isolated-2] [ERROR] [1789771085.191617026] [tf_help]: Data time: 83s 300000000ns, Transform time: 4s 296000000ns
[component_container_isolated-2] [INFO] [1789771085.236457267] [controller_server]: Passing new path to controller.
[component_container_isolated-2] [ERROR] [1789771085.241984015] [tf_help]: Transform data too old when converting from map to odom
[component_container_isolated-2] [ERROR] [1789771085.242009282] [tf_help]: Data time: 84s 200000000ns, Transform time: 4s 296000000ns
[component_container_isolated-2] [ERROR] [1789771085.291745496] [tf_help]: Transform data too old when converting from map to odom
[component_container_isolated-2] [ERROR] [1789771085.291786844] [tf_help]: Data time: 84s 200000000ns, Transform time: 4s 296000000ns
[component_container_isolated-2] [ERROR] [1789771085.342532009] [tf_help]: Transform data too old when converting from map to odom
[component_container_isolated-2] [ERROR] [1789771085.342578371] [tf_help]: Data time: 84s 200000000ns, Transform time: 4s 296000000ns
[component_container_isolated-2] [ERROR] [1789771085.396472485] [tf_help]: Transform data too old when converting from map to odom
[component_container_isolated-2] [ERROR] [1789771085.396516070] [tf_help]: Data time: 84s 200000000ns, Transform time: 4s 296000000ns
[component_container_isolated-2] [ERROR] [1789771085.446787188] [tf_help]: Transform data too old when converting from map to odom
[component_container_isolated-2] [ERROR] [1789771085.446835504] [tf_help]: Data time: 84s 200000000ns, Transform time: 4s 296000000ns
[component_container_isolated-2] [ERROR] [1789771085.496699930] [tf_help]: Transform data too old when converting from map to odom
[component_container_isolated-2] [ERROR] [1789771085.496743410] [tf_help]: Data time: 84s 200000000ns, Transform time: 4s 296000000ns
[component_container_isolated-2] [ERROR] [1789771085.545977997] [tf_help]: Transform data too old when converting from map to odom
[component_container_isolated-2] [ERROR] [1789771085.546007974] [tf_help]: Data time: 84s 200000000ns, Transform time: 4s 296000000ns
[component_container_isolated-2] [ERROR] [1789771085.591670360] [tf_help]: Transform data too old when converting from map to odom
[component_container_isolated-2] [ERROR] [1789771085.591704838] [tf_help]: Data time: 84s 200000000ns, Transform time: 4s 296000000ns
[component_container_isolated-2] [ERROR] [1789771085.642095848] [tf_help]: Transform data too old when converting from map to odom
[component_container_isolated-2] [ERROR] [1789771085.642125702] [tf_help]: Data time: 84s 200000000ns, Transform time: 4s 296000000ns
[component_container_isolated-2] [ERROR] [1789771085.691757114] [tf_help]: Transform data too old when converting from map to odom
[component_container_isolated-2] [ERROR] [1789771085.691791882] [tf_help]: Data time: 84s 200000000ns, Transform time: 4s 296000000ns
[component_container_isolated-2] [ERROR] [1789771085.741767021] [tf_help]: Transform data too old when converting from map to odom
[component_container_isolated-2] [ERROR] [1789771085.741798221] [tf_help]: Data time: 84s 200000000ns, Transform time: 4s 296000000ns
[component_container_isolated-2] [ERROR] [1789771085.791824525] [tf_help]: Transform data too old when converting from map to odom
[component_container_isolated-2] [ERROR] [1789771085.791862645] [tf_help]: Data time: 84s 200000000ns, Transform time: 4s 296000000ns
[component_container_isolated-2] [ERROR] [1789771085.842573355] [tf_help]: Transform data too old when converting from map to odom
[component_container_isolated-2] [ERROR] [1789771085.842616314] [tf_help]: Data time: 84s 200000000ns, Transform time: 4s 296000000ns
[component_container_isolated-2] [ERROR] [1789771085.891556671] [tf_help]: Transform data too old when converting from map to odom
[component_container_isolated-2] [ERROR] [1789771085.891590882] [tf_help]: Data time: 84s 200000000ns, Transform time: 4s 296000000ns
[component_container_isolated-2] [ERROR] [1789771085.942726046] [tf_help]: Transform data too old when converting from map to odom
[component_container_isolated-2] [ERROR] [1789771085.942759837] [tf_help]: Data time: 84s 200000000ns, Transform time: 4s 296000000ns
[component_container_isolated-2] [INFO] [1789771085.992305272] [controller_server]: [TG-MPPI] cycle time (compute_backend=cpu): 6.170 ms/cycle avg over 50 cycles
[component_container_isolated-2] [ERROR] [1789771085.992453592] [tf_help]: Transform data too old when converting from map to odom
[component_container_isolated-2] [ERROR] [1789771085.992473293] [tf_help]: Data time: 84s 200000000ns, Transform time: 4s 296000000ns
[component_container_isolated-2] [ERROR] [1789771086.042873890] [tf_help]: Transform data too old when converting from map to odom
[component_container_isolated-2] [ERROR] [1789771086.042909209] [tf_help]: Data time: 84s 200000000ns, Transform time: 4s 296000000ns
[component_container_isolated-2] [ERROR] [1789771086.092044308] [tf_help]: Transform data too old when converting from map to odom
[component_container_isolated-2] [ERROR] [1789771086.092081996] [tf_help]: Data time: 84s 200000000ns, Transform time: 4s 296000000ns
[component_container_isolated-2] [ERROR] [1789771086.141895046] [tf_help]: Transform data too old when converting from map to odom
[component_container_isolated-2] [ERROR] [1789771086.141935126] [tf_help]: Data time: 84s 200000000ns, Transform time: 4s 296000000ns
[component_container_isolated-2] [ERROR] [1789771086.191765113] [tf_help]: Transform data too old when converting from map to odom
[component_container_isolated-2] [ERROR] [1789771086.191798953] [tf_help]: Data time: 84s 200000000ns, Transform time: 4s 296000000ns
[component_container_isolated-2] [ERROR] [1789771086.241794653] [tf_help]: Transform data too old when converting from map to odom
[component_container_isolated-2] [ERROR] [1789771086.241826925] [tf_help]: Data time: 84s 200000000ns, Transform time: 4s 296000000ns
[component_container_isolated-2] [INFO] [1789771086.286458173] [controller_server]: Passing new path to controller.
[component_container_isolated-2] [ERROR] [1789771086.295905990] [tf_help]: Transform data too old when converting from map to odom
[component_container_isolated-2] [ERROR] [1789771086.295956339] [tf_help]: Data time: 85s 200000000ns, Transform time: 4s 296000000ns
[component_container_isolated-2] [ERROR] [1789771086.346798246] [tf_help]: Transform data too old when converting from map to odom
[component_container_isolated-2] [ERROR] [1789771086.346842108] [tf_help]: Data time: 85s 200000000ns, Transform time: 4s 296000000ns
[component_container_isolated-2] [ERROR] [1789771086.393424269] [tf_help]: Transform data too old when converting from map to odom
[component_container_isolated-2] [ERROR] [1789771086.393465004] [tf_help]: Data time: 85s 200000000ns, Transform time: 4s 296000000ns
[component_container_isolated-2] [ERROR] [1789771086.441536016] [tf_help]: Transform data too old when converting from map to odom
[component_container_isolated-2] [ERROR] [1789771086.441571280] [tf_help]: Data time: 85s 200000000ns, Transform time: 4s 296000000ns
[component_container_isolated-2] [ERROR] [1789771086.491776393] [tf_help]: Transform data too old when converting from map to odom
[component_container_isolated-2] [ERROR] [1789771086.491806184] [tf_help]: Data time: 85s 200000000ns, Transform time: 4s 296000000ns
[component_container_isolated-2] [ERROR] [1789771086.542649176] [tf_help]: Transform data too old when converting from map to odom
[component_container_isolated-2] [ERROR] [1789771086.542683007] [tf_help]: Data time: 85s 200000000ns, Transform time: 4s 296000000ns
[component_container_isolated-2] [ERROR] [1789771086.591593395] [tf_help]: Transform data too old when converting from map to odom
[component_container_isolated-2] [ERROR] [1789771086.591627934] [tf_help]: Data time: 85s 200000000ns, Transform time: 4s 296000000ns
[component_container_isolated-2] [ERROR] [1789771086.645786456] [tf_help]: Transform data too old when converting from map to odom
[component_container_isolated-2] [ERROR] [1789771086.645829657] [tf_help]: Data time: 85s 200000000ns, Transform time: 4s 296000000ns
[component_container_isolated-2] [ERROR] [1789771086.696378766] [tf_help]: Transform data too old when converting from map to odom
[component_container_isolated-2] [ERROR] [1789771086.696421888] [tf_help]: Data time: 85s 200000000ns, Transform time: 4s 296000000ns
[component_container_isolated-2] [ERROR] [1789771086.746735101] [tf_help]: Transform data too old when converting from map to odom
[component_container_isolated-2] [ERROR] [1789771086.746777163] [tf_help]: Data time: 85s 200000000ns, Transform time: 4s 296000000ns
[component_container_isolated-2] [ERROR] [1789771086.793463236] [tf_help]: Transform data too old when converting from map to odom
[component_container_isolated-2] [ERROR] [1789771086.793494148] [tf_help]: Data time: 85s 200000000ns, Transform time: 4s 296000000ns
[component_container_isolated-2] [ERROR] [1789771086.847288481] [tf_help]: Transform data too old when converting from map to odom
[component_container_isolated-2] [ERROR] [1789771086.847319415] [tf_help]: Data time: 85s 200000000ns, Transform time: 4s 296000000ns
[component_container_isolated-2] [ERROR] [1789771086.892539960] [tf_help]: Transform data too old when converting from map to odom
[component_container_isolated-2] [ERROR] [1789771086.892578022] [tf_help]: Data time: 85s 200000000ns, Transform time: 4s 296000000ns
[component_container_isolated-2] [ERROR] [1789771086.941940956] [tf_help]: Transform data too old when converting from map to odom
[component_container_isolated-2] [ERROR] [1789771086.941970930] [tf_help]: Data time: 85s 200000000ns, Transform time: 4s 296000000ns
[component_container_isolated-2] [ERROR] [1789771086.991732668] [tf_help]: Transform data too old when converting from map to odom
[component_container_isolated-2] [ERROR] [1789771086.991766074] [tf_help]: Data time: 85s 200000000ns, Transform time: 4s 296000000ns
[component_container_isolated-2] [ERROR] [1789771087.041864465] [tf_help]: Transform data too old when converting from map to odom
[component_container_isolated-2] [ERROR] [1789771087.041899363] [tf_help]: Data time: 85s 200000000ns, Transform time: 4s 296000000ns
[component_container_isolated-2] [ERROR] [1789771087.091750650] [tf_help]: Transform data too old when converting from map to odom
[component_container_isolated-2] [ERROR] [1789771087.091784611] [tf_help]: Data time: 85s 200000000ns, Transform time: 4s 296000000ns
[component_container_isolated-2] [ERROR] [1789771087.141808836] [tf_help]: Transform data too old when converting from map to odom
[component_container_isolated-2] [ERROR] [1789771087.141840050] [tf_help]: Data time: 85s 200000000ns, Transform time: 4s 296000000ns
[component_container_isolated-2] [ERROR] [1789771087.192821938] [tf_help]: Transform data too old when converting from map to odom
[component_container_isolated-2] [ERROR] [1789771087.192866230] [tf_help]: Data time: 85s 200000000ns, Transform time: 4s 296000000ns
[component_container_isolated-2] [ERROR] [1789771087.246494570] [tf_help]: Transform data too old when converting from map to odom
[component_container_isolated-2] [ERROR] [1789771087.246536543] [tf_help]: Data time: 85s 200000000ns, Transform time: 4s 296000000ns
[component_container_isolated-2] [INFO] [1789771087.286426501] [controller_server]: Passing new path to controller.
[component_container_isolated-2] [ERROR] [1789771087.296412602] [tf_help]: Transform data too old when converting from map to odom
[component_container_isolated-2] [ERROR] [1789771087.296461564] [tf_help]: Data time: 86s 0ns, Transform time: 4s 296000000ns
[component_container_isolated-2] [ERROR] [1789771087.343727706] [tf_help]: Transform data too old when converting from map to odom
[component_container_isolated-2] [ERROR] [1789771087.343760833] [tf_help]: Data time: 86s 0ns, Transform time: 4s 296000000ns
[component_container_isolated-2] [ERROR] [1789771087.395107237] [tf_help]: Transform data too old when converting from map to odom
[component_container_isolated-2] [ERROR] [1789771087.395153885] [tf_help]: Data time: 86s 0ns, Transform time: 4s 296000000ns
[component_container_isolated-2] [ERROR] [1789771087.443098031] [tf_help]: Transform data too old when converting from map to odom
[component_container_isolated-2] [ERROR] [1789771087.443134064] [tf_help]: Data time: 86s 0ns, Transform time: 4s 296000000ns
[component_container_isolated-2] [ERROR] [1789771087.492015082] [tf_help]: Transform data too old when converting from map to odom
[component_container_isolated-2] [ERROR] [1789771087.492042023] [tf_help]: Data time: 86s 0ns, Transform time: 4s 296000000ns
[component_container_isolated-2] [ERROR] [1789771087.547123445] [tf_help]: Transform data too old when converting from map to odom
[component_container_isolated-2] [ERROR] [1789771087.547167767] [tf_help]: Data time: 86s 0ns, Transform time: 4s 296000000ns
[component_container_isolated-2] [ERROR] [1789771087.592482439] [tf_help]: Transform data too old when converting from map to odom
[component_container_isolated-2] [ERROR] [1789771087.592518624] [tf_help]: Data time: 86s 0ns, Transform time: 4s 296000000ns
[component_container_isolated-2] [ERROR] [1789771087.642870105] [tf_help]: Transform data too old when converting from map to odom
[component_container_isolated-2] [ERROR] [1789771087.642901236] [tf_help]: Data time: 86s 0ns, Transform time: 4s 296000000ns
[component_container_isolated-2] [ERROR] [1789771087.691447869] [tf_help]: Transform data too old when converting from map to odom
[component_container_isolated-2] [ERROR] [1789771087.691480310] [tf_help]: Data time: 86s 0ns, Transform time: 4s 296000000ns
[component_container_isolated-2] [ERROR] [1789771087.742350448] [tf_help]: Transform data too old when converting from map to odom
[component_container_isolated-2] [ERROR] [1789771087.742381249] [tf_help]: Data time: 86s 0ns, Transform time: 4s 296000000ns
[component_container_isolated-2] [ERROR] [1789771087.793364841] [tf_help]: Transform data too old when converting from map to odom
[component_container_isolated-2] [ERROR] [1789771087.793401508] [tf_help]: Data time: 86s 0ns, Transform time: 4s 296000000ns
[component_container_isolated-2] [ERROR] [1789771087.845749859] [tf_help]: Transform data too old when converting from map to odom
[component_container_isolated-2] [ERROR] [1789771087.845794781] [tf_help]: Data time: 86s 0ns, Transform time: 4s 296000000ns
[component_container_isolated-2] [ERROR] [1789771087.891797154] [tf_help]: Transform data too old when converting from map to odom
[component_container_isolated-2] [ERROR] [1789771087.891827197] [tf_help]: Data time: 86s 0ns, Transform time: 4s 296000000ns
[component_container_isolated-2] [ERROR] [1789771087.946550914] [tf_help]: Transform data too old when converting from map to odom
[component_container_isolated-2] [ERROR] [1789771087.946596595] [tf_help]: Data time: 86s 0ns, Transform time: 4s 296000000ns
[component_container_isolated-2] [ERROR] [1789771087.996640690] [tf_help]: Transform data too old when converting from map to odom
[component_container_isolated-2] [ERROR] [1789771087.996682459] [tf_help]: Data time: 86s 0ns, Transform time: 4s 296000000ns
[component_container_isolated-2] [ERROR] [1789771088.043332760] [tf_help]: Transform data too old when converting from map to odom
[component_container_isolated-2] [ERROR] [1789771088.043368638] [tf_help]: Data time: 86s 0ns, Transform time: 4s 296000000ns
[component_container_isolated-2] [ERROR] [1789771088.091886264] [tf_help]: Transform data too old when converting from map to odom
[component_container_isolated-2] [ERROR] [1789771088.091917099] [tf_help]: Data time: 86s 0ns, Transform time: 4s 296000000ns
[component_container_isolated-2] [ERROR] [1789771088.143290522] [tf_help]: Transform data too old when converting from map to odom
[component_container_isolated-2] [ERROR] [1789771088.143339450] [tf_help]: Data time: 86s 0ns, Transform time: 4s 296000000ns
[component_container_isolated-2] [ERROR] [1789771088.196955070] [tf_help]: Transform data too old when converting from map to odom
[component_container_isolated-2] [ERROR] [1789771088.196995520] [tf_help]: Data time: 86s 0ns, Transform time: 4s 296000000ns
[component_container_isolated-2] [ERROR] [1789771088.247249259] [tf_help]: Transform data too old when converting from map to odom
[component_container_isolated-2] [ERROR] [1789771088.247292424] [tf_help]: Data time: 86s 0ns, Transform time: 4s 296000000ns
[component_container_isolated-2] [ERROR] [1789771088.296446753] [tf_help]: Transform data too old when converting from map to odom
[component_container_isolated-2] [ERROR] [1789771088.296488716] [tf_help]: Data time: 86s 0ns, Transform time: 4s 296000000ns
[component_container_isolated-2] [INFO] [1789771088.336470950] [controller_server]: Passing new path to controller.
[component_container_isolated-2] [ERROR] [1789771088.342655752] [tf_help]: Transform data too old when converting from map to odom
[component_container_isolated-2] [ERROR] [1789771088.342692813] [tf_help]: Data time: 87s 100000000ns, Transform time: 4s 296000000ns
[component_container_isolated-2] [ERROR] [1789771088.392345675] [tf_help]: Transform data too old when converting from map to odom
[component_container_isolated-2] [ERROR] [1789771088.392378770] [tf_help]: Data time: 87s 100000000ns, Transform time: 4s 296000000ns
[component_container_isolated-2] [ERROR] [1789771088.442231126] [tf_help]: Transform data too old when converting from map to odom
[component_container_isolated-2] [ERROR] [1789771088.442262943] [tf_help]: Data time: 87s 100000000ns, Transform time: 4s 296000000ns
[component_container_isolated-2] [INFO] [1789771088.492591206] [controller_server]: [TG-MPPI] cycle time (compute_backend=cpu): 6.884 ms/cycle avg over 50 cycles
[component_container_isolated-2] [ERROR] [1789771088.492729393] [tf_help]: Transform data too old when converting from map to odom
[component_container_isolated-2] [ERROR] [1789771088.492747964] [tf_help]: Data time: 87s 100000000ns, Transform time: 4s 296000000ns
[component_container_isolated-2] [ERROR] [1789771088.542804809] [tf_help]: Transform data too old when converting from map to odom
[component_container_isolated-2] [ERROR] [1789771088.542835651] [tf_help]: Data time: 87s 100000000ns, Transform time: 4s 296000000ns
[component_container_isolated-2] [ERROR] [1789771088.594916681] [tf_help]: Transform data too old when converting from map to odom
[component_container_isolated-2] [ERROR] [1789771088.594950730] [tf_help]: Data time: 87s 100000000ns, Transform time: 4s 296000000ns
[component_container_isolated-2] [ERROR] [1789771088.642420587] [tf_help]: Transform data too old when converting from map to odom
[component_container_isolated-2] [ERROR] [1789771088.642471451] [tf_help]: Data time: 87s 100000000ns, Transform time: 4s 296000000ns
[component_container_isolated-2] [ERROR] [1789771088.692632758] [tf_help]: Transform data too old when converting from map to odom
[component_container_isolated-2] [ERROR] [1789771088.692663528] [tf_help]: Data time: 87s 100000000ns, Transform time: 4s 296000000ns
[component_container_isolated-2] [ERROR] [1789771088.746428436] [tf_help]: Transform data too old when converting from map to odom
[component_container_isolated-2] [ERROR] [1789771088.746481029] [tf_help]: Data time: 87s 100000000ns, Transform time: 4s 296000000ns
[component_container_isolated-2] [ERROR] [1789771088.796452004] [tf_help]: Transform data too old when converting from map to odom
[component_container_isolated-2] [ERROR] [1789771088.796501675] [tf_help]: Data time: 87s 100000000ns, Transform time: 4s 296000000ns
[component_container_isolated-2] [ERROR] [1789771088.844932511] [tf_help]: Transform data too old when converting from map to odom
[component_container_isolated-2] [ERROR] [1789771088.845003883] [tf_help]: Data time: 87s 100000000ns, Transform time: 4s 296000000ns
[component_container_isolated-2] [ERROR] [1789771088.898421710] [tf_help]: Transform data too old when converting from map to odom
[component_container_isolated-2] [ERROR] [1789771088.898474696] [tf_help]: Data time: 87s 100000000ns, Transform time: 4s 296000000ns
[component_container_isolated-2] [ERROR] [1789771088.945179649] [tf_help]: Transform data too old when converting from map to odom
[component_container_isolated-2] [ERROR] [1789771088.945212232] [tf_help]: Data time: 87s 100000000ns, Transform time: 4s 296000000ns
[component_container_isolated-2] [ERROR] [1789771088.993746488] [tf_help]: Transform data too old when converting from map to odom
[component_container_isolated-2] [ERROR] [1789771088.993776039] [tf_help]: Data time: 87s 100000000ns, Transform time: 4s 296000000ns
[component_container_isolated-2] [ERROR] [1789771089.043811526] [tf_help]: Transform data too old when converting from map to odom
[component_container_isolated-2] [ERROR] [1789771089.043843458] [tf_help]: Data time: 87s 100000000ns, Transform time: 4s 296000000ns
[component_container_isolated-2] [ERROR] [1789771089.091948492] [tf_help]: Transform data too old when converting from map to odom
[component_container_isolated-2] [ERROR] [1789771089.091996072] [tf_help]: Data time: 87s 100000000ns, Transform time: 4s 296000000ns
[component_container_isolated-2] [ERROR] [1789771089.145403335] [tf_help]: Transform data too old when converting from map to odom
[component_container_isolated-2] [ERROR] [1789771089.145451527] [tf_help]: Data time: 87s 100000000ns, Transform time: 4s 296000000ns
[component_container_isolated-2] [ERROR] [1789771089.192828775] [tf_help]: Transform data too old when converting from map to odom
[component_container_isolated-2] [ERROR] [1789771089.192860475] [tf_help]: Data time: 87s 100000000ns, Transform time: 4s 296000000ns
[component_container_isolated-2] [ERROR] [1789771089.243392571] [tf_help]: Transform data too old when converting from map to odom
[component_container_isolated-2] [ERROR] [1789771089.243458527] [tf_help]: Data time: 87s 100000000ns, Transform time: 4s 296000000ns
[component_container_isolated-2] [ERROR] [1789771089.295409969] [tf_help]: Transform data too old when converting from map to odom
[component_container_isolated-2] [ERROR] [1789771089.295458650] [tf_help]: Data time: 87s 100000000ns, Transform time: 4s 296000000ns
[component_container_isolated-2] [INFO] [1789771089.336437306] [controller_server]: Passing new path to controller.
[component_container_isolated-2] [ERROR] [1789771089.347045031] [tf_help]: Transform data too old when converting from map to odom
[component_container_isolated-2] [ERROR] [1789771089.347089474] [tf_help]: Data time: 88s 0ns, Transform time: 4s 296000000ns
[component_container_isolated-2] [ERROR] [1789771089.398695806] [tf_help]: Transform data too old when converting from map to odom
[component_container_isolated-2] [ERROR] [1789771089.398755947] [tf_help]: Data time: 88s 0ns, Transform time: 4s 296000000ns
[component_container_isolated-2] [ERROR] [1789771089.446752632] [tf_help]: Transform data too old when converting from map to odom
[component_container_isolated-2] [ERROR] [1789771089.446798130] [tf_help]: Data time: 88s 0ns, Transform time: 4s 296000000ns
[component_container_isolated-2] [ERROR] [1789771089.497020076] [tf_help]: Transform data too old when converting from map to odom
[component_container_isolated-2] [ERROR] [1789771089.497051667] [tf_help]: Data time: 88s 0ns, Transform time: 4s 296000000ns
[component_container_isolated-2] [ERROR] [1789771089.541661465] [tf_help]: Transform data too old when converting from map to odom
[component_container_isolated-2] [ERROR] [1789771089.541696664] [tf_help]: Data time: 88s 0ns, Transform time: 4s 296000000ns
[component_container_isolated-2] [ERROR] [1789771089.594029545] [tf_help]: Transform data too old when converting from map to odom
[component_container_isolated-2] [ERROR] [1789771089.594059634] [tf_help]: Data time: 88s 0ns, Transform time: 4s 296000000ns
[component_container_isolated-2] [ERROR] [1789771089.647277213] [tf_help]: Transform data too old when converting from map to odom
[component_container_isolated-2] [ERROR] [1789771089.647321684] [tf_help]: Data time: 88s 0ns, Transform time: 4s 296000000ns
[component_container_isolated-2] [ERROR] [1789771089.697097150] [tf_help]: Transform data too old when converting from map to odom
[component_container_isolated-2] [ERROR] [1789771089.697128775] [tf_help]: Data time: 88s 0ns, Transform time: 4s 296000000ns
[component_container_isolated-2] [ERROR] [1789771089.742113399] [tf_help]: Transform data too old when converting from map to odom
[component_container_isolated-2] [ERROR] [1789771089.742143368] [tf_help]: Data time: 88s 0ns, Transform time: 4s 296000000ns
[component_container_isolated-2] [ERROR] [1789771089.791910832] [tf_help]: Transform data too old when converting from map to odom
[component_container_isolated-2] [ERROR] [1789771089.791955325] [tf_help]: Data time: 88s 0ns, Transform time: 4s 296000000ns
[component_container_isolated-2] [ERROR] [1789771089.846553522] [tf_help]: Transform data too old when converting from map to odom
[component_container_isolated-2] [ERROR] [1789771089.846599442] [tf_help]: Data time: 88s 0ns, Transform time: 4s 296000000ns
[component_container_isolated-2] [ERROR] [1789771089.896543933] [tf_help]: Transform data too old when converting from map to odom
[component_container_isolated-2] [ERROR] [1789771089.896586837] [tf_help]: Data time: 88s 0ns, Transform time: 4s 296000000ns
[component_container_isolated-2] [ERROR] [1789771089.946674769] [tf_help]: Transform data too old when converting from map to odom
[component_container_isolated-2] [ERROR] [1789771089.946720814] [tf_help]: Data time: 88s 0ns, Transform time: 4s 296000000ns
[component_container_isolated-2] [ERROR] [1789771089.994476710] [tf_help]: Transform data too old when converting from map to odom
[component_container_isolated-2] [ERROR] [1789771089.994507846] [tf_help]: Data time: 88s 0ns, Transform time: 4s 296000000ns
[component_container_isolated-2] [ERROR] [1789771090.041753722] [tf_help]: Transform data too old when converting from map to odom
[component_container_isolated-2] [ERROR] [1789771090.041785529] [tf_help]: Data time: 88s 0ns, Transform time: 4s 296000000ns
[component_container_isolated-2] [ERROR] [1789771090.091610793] [tf_help]: Transform data too old when converting from map to odom
[component_container_isolated-2] [ERROR] [1789771090.091641437] [tf_help]: Data time: 88s 0ns, Transform time: 4s 296000000ns
[component_container_isolated-2] [ERROR] [1789771090.141770979] [tf_help]: Transform data too old when converting from map to odom
[component_container_isolated-2] [ERROR] [1789771090.141805998] [tf_help]: Data time: 88s 0ns, Transform time: 4s 296000000ns
[component_container_isolated-2] [ERROR] [1789771090.191619448] [tf_help]: Transform data too old when converting from map to odom
[component_container_isolated-2] [ERROR] [1789771090.191658898] [tf_help]: Data time: 88s 0ns, Transform time: 4s 296000000ns
[component_container_isolated-2] [ERROR] [1789771090.241554221] [tf_help]: Transform data too old when converting from map to odom
[component_container_isolated-2] [ERROR] [1789771090.241588407] [tf_help]: Data time: 88s 0ns, Transform time: 4s 296000000ns
[component_container_isolated-2] [ERROR] [1789771090.292460551] [tf_help]: Transform data too old when converting from map to odom
[component_container_isolated-2] [ERROR] [1789771090.292490827] [tf_help]: Data time: 88s 0ns, Transform time: 4s 296000000ns
[component_container_isolated-2] [ERROR] [1789771090.341934661] [tf_help]: Transform data too old when converting from map to odom
[component_container_isolated-2] [ERROR] [1789771090.341965009] [tf_help]: Data time: 88s 0ns, Transform time: 4s 296000000ns
[component_container_isolated-2] [INFO] [1789771090.386422541] [controller_server]: Passing new path to controller.
[component_container_isolated-2] [ERROR] [1789771090.392255417] [tf_help]: Transform data too old when converting from map to odom
[component_container_isolated-2] [ERROR] [1789771090.392280427] [tf_help]: Data time: 89s 0ns, Transform time: 4s 296000000ns
[component_container_isolated-2] [ERROR] [1789771090.441884948] [tf_help]: Transform data too old when converting from map to odom
[component_container_isolated-2] [ERROR] [1789771090.441915822] [tf_help]: Data time: 89s 0ns, Transform time: 4s 296000000ns
[component_container_isolated-2] [ERROR] [1789771090.491946535] [tf_help]: Transform data too old when converting from map to odom
[component_container_isolated-2] [ERROR] [1789771090.491977436] [tf_help]: Data time: 89s 0ns, Transform time: 4s 296000000ns
[component_container_isolated-2] [ERROR] [1789771090.541807942] [tf_help]: Transform data too old when converting from map to odom
[component_container_isolated-2] [ERROR] [1789771090.541837571] [tf_help]: Data time: 89s 0ns, Transform time: 4s 296000000ns
[component_container_isolated-2] [ERROR] [1789771090.596263736] [tf_help]: Transform data too old when converting from map to odom
[component_container_isolated-2] [ERROR] [1789771090.596297403] [tf_help]: Data time: 89s 0ns, Transform time: 4s 296000000ns
[component_container_isolated-2] [ERROR] [1789771090.642704418] [tf_help]: Transform data too old when converting from map to odom
[component_container_isolated-2] [ERROR] [1789771090.642742094] [tf_help]: Data time: 89s 0ns, Transform time: 4s 296000000ns
[component_container_isolated-2] [ERROR] [1789771090.692539079] [tf_help]: Transform data too old when converting from map to odom
[component_container_isolated-2] [ERROR] [1789771090.692578284] [tf_help]: Data time: 89s 0ns, Transform time: 4s 296000000ns
[component_container_isolated-2] [ERROR] [1789771090.742030262] [tf_help]: Transform data too old when converting from map to odom
[component_container_isolated-2] [ERROR] [1789771090.742070229] [tf_help]: Data time: 89s 0ns, Transform time: 4s 296000000ns
[component_container_isolated-2] [ERROR] [1789771090.792016249] [tf_help]: Transform data too old when converting from map to odom
[component_container_isolated-2] [ERROR] [1789771090.792059172] [tf_help]: Data time: 89s 0ns, Transform time: 4s 296000000ns
[component_container_isolated-2] [ERROR] [1789771090.841621247] [tf_help]: Transform data too old when converting from map to odom
[component_container_isolated-2] [ERROR] [1789771090.841661007] [tf_help]: Data time: 89s 0ns, Transform time: 4s 296000000ns
[component_container_isolated-2] [ERROR] [1789771090.892932533] [tf_help]: Transform data too old when converting from map to odom
[component_container_isolated-2] [ERROR] [1789771090.892962497] [tf_help]: Data time: 89s 0ns, Transform time: 4s 296000000ns
[component_container_isolated-2] [ERROR] [1789771090.941681362] [tf_help]: Transform data too old when converting from map to odom
[component_container_isolated-2] [ERROR] [1789771090.941712415] [tf_help]: Data time: 89s 0ns, Transform time: 4s 296000000ns
[component_container_isolated-2] [INFO] [1789771090.991603662] [controller_server]: [TG-MPPI] cycle time (compute_backend=cpu): 6.991 ms/cycle avg over 50 cycles
[component_container_isolated-2] [ERROR] [1789771090.991749124] [tf_help]: Transform data too old when converting from map to odom
[component_container_isolated-2] [ERROR] [1789771090.991768197] [tf_help]: Data time: 89s 0ns, Transform time: 4s 296000000ns
[component_container_isolated-2] [ERROR] [1789771091.041678706] [tf_help]: Transform data too old when converting from map to odom
[component_container_isolated-2] [ERROR] [1789771091.041713310] [tf_help]: Data time: 89s 0ns, Transform time: 4s 296000000ns
[component_container_isolated-2] [ERROR] [1789771091.091568719] [tf_help]: Transform data too old when converting from map to odom
[component_container_isolated-2] [ERROR] [1789771091.091599217] [tf_help]: Data time: 89s 0ns, Transform time: 4s 296000000ns
[component_container_isolated-2] [ERROR] [1789771091.141906296] [tf_help]: Transform data too old when converting from map to odom
[component_container_isolated-2] [ERROR] [1789771091.141936929] [tf_help]: Data time: 89s 0ns, Transform time: 4s 296000000ns
[component_container_isolated-2] [ERROR] [1789771091.191514508] [tf_help]: Transform data too old when converting from map to odom
[component_container_isolated-2] [ERROR] [1789771091.191552538] [tf_help]: Data time: 89s 0ns, Transform time: 4s 296000000ns
[component_container_isolated-2] [ERROR] [1789771091.241791410] [tf_help]: Transform data too old when converting from map to odom
[component_container_isolated-2] [ERROR] [1789771091.241827485] [tf_help]: Data time: 89s 0ns, Transform time: 4s 296000000ns
[component_container_isolated-2] [ERROR] [1789771091.291927958] [tf_help]: Transform data too old when converting from map to odom
[component_container_isolated-2] [ERROR] [1789771091.291960754] [tf_help]: Data time: 89s 0ns, Transform time: 4s 296000000ns
[component_container_isolated-2] [ERROR] [1789771091.341877330] [tf_help]: Transform data too old when converting from map to odom
[component_container_isolated-2] [ERROR] [1789771091.341908737] [tf_help]: Data time: 89s 0ns, Transform time: 4s 296000000ns
[ground_truth_localizer-1] [INFO] [1789771091.343848987] [ground_truth_localizer]: last 10 s: ground truth msgs 294, map->odom published 294 (288 via latest odom TF)
[component_container_isolated-2] [INFO] [1789771091.386419025] [controller_server]: Passing new path to controller.
[component_container_isolated-2] [ERROR] [1789771091.392062741] [tf_help]: Transform data too old when converting from map to odom
[component_container_isolated-2] [ERROR] [1789771091.392086341] [tf_help]: Data time: 90s 0ns, Transform time: 4s 296000000ns
[component_container_isolated-2] [ERROR] [1789771091.441877153] [tf_help]: Transform data too old when converting from map to odom
[component_container_isolated-2] [ERROR] [1789771091.441912905] [tf_help]: Data time: 90s 0ns, Transform time: 4s 296000000ns
[component_container_isolated-2] [ERROR] [1789771091.493084488] [tf_help]: Transform data too old when converting from map to odom
[component_container_isolated-2] [ERROR] [1789771091.493135881] [tf_help]: Data time: 90s 0ns, Transform time: 4s 296000000ns
[component_container_isolated-2] [ERROR] [1789771091.542325222] [tf_help]: Transform data too old when converting from map to odom
[component_container_isolated-2] [ERROR] [1789771091.542367718] [tf_help]: Data time: 90s 0ns, Transform time: 4s 296000000ns
[component_container_isolated-2] [ERROR] [1789771091.597246410] [tf_help]: Transform data too old when converting from map to odom
[component_container_isolated-2] [ERROR] [1789771091.597290462] [tf_help]: Data time: 90s 0ns, Transform time: 4s 296000000ns
[component_container_isolated-2] [ERROR] [1789771091.651347368] [tf_help]: Transform data too old when converting from map to odom
[component_container_isolated-2] [ERROR] [1789771091.651397354] [tf_help]: Data time: 90s 0ns, Transform time: 4s 296000000ns
[component_container_isolated-2] [ERROR] [1789771091.695178727] [tf_help]: Transform data too old when converting from map to odom
[component_container_isolated-2] [ERROR] [1789771091.695224882] [tf_help]: Data time: 90s 0ns, Transform time: 4s 296000000ns
[component_container_isolated-2] [ERROR] [1789771091.741759043] [tf_help]: Transform data too old when converting from map to odom
[component_container_isolated-2] [ERROR] [1789771091.741790872] [tf_help]: Data time: 90s 0ns, Transform time: 4s 296000000ns
[component_container_isolated-2] [ERROR] [1789771091.791689796] [tf_help]: Transform data too old when converting from map to odom
[component_container_isolated-2] [ERROR] [1789771091.791719788] [tf_help]: Data time: 90s 0ns, Transform time: 4s 296000000ns
[component_container_isolated-2] [ERROR] [1789771091.841740142] [tf_help]: Transform data too old when converting from map to odom
[component_container_isolated-2] [ERROR] [1789771091.841770014] [tf_help]: Data time: 90s 0ns, Transform time: 4s 296000000ns
[component_container_isolated-2] [ERROR] [1789771091.891708959] [tf_help]: Transform data too old when converting from map to odom
[component_container_isolated-2] [ERROR] [1789771091.891744304] [tf_help]: Data time: 90s 0ns, Transform time: 4s 296000000ns
[component_container_isolated-2] [ERROR] [1789771091.941699278] [tf_help]: Transform data too old when converting from map to odom
[component_container_isolated-2] [ERROR] [1789771091.941748879] [tf_help]: Data time: 90s 0ns, Transform time: 4s 296000000ns
[component_container_isolated-2] [ERROR] [1789771091.991761496] [tf_help]: Transform data too old when converting from map to odom
[component_container_isolated-2] [ERROR] [1789771091.991793533] [tf_help]: Data time: 90s 0ns, Transform time: 4s 296000000ns
[component_container_isolated-2] [ERROR] [1789771092.041670679] [tf_help]: Transform data too old when converting from map to odom
[component_container_isolated-2] [ERROR] [1789771092.041703021] [tf_help]: Data time: 90s 0ns, Transform time: 4s 296000000ns
[component_container_isolated-2] [ERROR] [1789771092.093875033] [tf_help]: Transform data too old when converting from map to odom
[component_container_isolated-2] [ERROR] [1789771092.093920103] [tf_help]: Data time: 90s 0ns, Transform time: 4s 296000000ns
[component_container_isolated-2] [ERROR] [1789771092.144682438] [tf_help]: Transform data too old when converting from map to odom
[component_container_isolated-2] [ERROR] [1789771092.144714513] [tf_help]: Data time: 90s 0ns, Transform time: 4s 296000000ns
[component_container_isolated-2] [ERROR] [1789771092.191815621] [tf_help]: Transform data too old when converting from map to odom
[component_container_isolated-2] [ERROR] [1789771092.191845042] [tf_help]: Data time: 90s 0ns, Transform time: 4s 296000000ns
[component_container_isolated-2] [ERROR] [1789771092.241801048] [tf_help]: Transform data too old when converting from map to odom
[component_container_isolated-2] [ERROR] [1789771092.241831619] [tf_help]: Data time: 90s 0ns, Transform time: 4s 296000000ns
[component_container_isolated-2] [ERROR] [1789771092.291709629] [tf_help]: Transform data too old when converting from map to odom
[component_container_isolated-2] [ERROR] [1789771092.291742553] [tf_help]: Data time: 90s 0ns, Transform time: 4s 296000000ns
[component_container_isolated-2] [ERROR] [1789771092.341938998] [tf_help]: Transform data too old when converting from map to odom
[component_container_isolated-2] [ERROR] [1789771092.341970973] [tf_help]: Data time: 90s 0ns, Transform time: 4s 296000000ns
[component_container_isolated-2] [ERROR] [1789771092.392866211] [tf_help]: Transform data too old when converting from map to odom
[component_container_isolated-2] [ERROR] [1789771092.392897431] [tf_help]: Data time: 90s 0ns, Transform time: 4s 296000000ns
[component_container_isolated-2] [INFO] [1789771092.436420760] [controller_server]: Passing new path to controller.
[component_container_isolated-2] [ERROR] [1789771092.441843615] [tf_help]: Transform data too old when converting from map to odom
[component_container_isolated-2] [ERROR] [1789771092.441862392] [tf_help]: Data time: 90s 900000000ns, Transform time: 4s 296000000ns
[component_container_isolated-2] [ERROR] [1789771092.496235994] [tf_help]: Transform data too old when converting from map to odom
[component_container_isolated-2] [ERROR] [1789771092.496273544] [tf_help]: Data time: 90s 900000000ns, Transform time: 4s 296000000ns
[component_container_isolated-2] [ERROR] [1789771092.541700586] [tf_help]: Transform data too old when converting from map to odom
[component_container_isolated-2] [ERROR] [1789771092.541732825] [tf_help]: Data time: 90s 900000000ns, Transform time: 4s 296000000ns
[component_container_isolated-2] [ERROR] [1789771092.591811968] [tf_help]: Transform data too old when converting from map to odom
[component_container_isolated-2] [ERROR] [1789771092.591843116] [tf_help]: Data time: 90s 900000000ns, Transform time: 4s 296000000ns
[component_container_isolated-2] [ERROR] [1789771092.641759422] [tf_help]: Transform data too old when converting from map to odom
[component_container_isolated-2] [ERROR] [1789771092.641795548] [tf_help]: Data time: 90s 900000000ns, Transform time: 4s 296000000ns
[component_container_isolated-2] [ERROR] [1789771092.691591200] [tf_help]: Transform data too old when converting from map to odom
[component_container_isolated-2] [ERROR] [1789771092.691623354] [tf_help]: Data time: 90s 900000000ns, Transform time: 4s 296000000ns
[component_container_isolated-2] [ERROR] [1789771092.741599407] [tf_help]: Transform data too old when converting from map to odom
[component_container_isolated-2] [ERROR] [1789771092.741629751] [tf_help]: Data time: 90s 900000000ns, Transform time: 4s 296000000ns
[component_container_isolated-2] [ERROR] [1789771092.792107060] [tf_help]: Transform data too old when converting from map to odom
[component_container_isolated-2] [ERROR] [1789771092.792142370] [tf_help]: Data time: 90s 900000000ns, Transform time: 4s 296000000ns
[component_container_isolated-2] [ERROR] [1789771092.851559059] [tf_help]: Transform data too old when converting from map to odom
[component_container_isolated-2] [ERROR] [1789771092.851651154] [tf_help]: Data time: 90s 900000000ns, Transform time: 4s 296000000ns
[component_container_isolated-2] [ERROR] [1789771092.892002236] [tf_help]: Transform data too old when converting from map to odom
[component_container_isolated-2] [ERROR] [1789771092.892055605] [tf_help]: Data time: 90s 900000000ns, Transform time: 4s 296000000ns
[component_container_isolated-2] [ERROR] [1789771092.941601262] [tf_help]: Transform data too old when converting from map to odom
[component_container_isolated-2] [ERROR] [1789771092.941639341] [tf_help]: Data time: 90s 900000000ns, Transform time: 4s 296000000ns
[component_container_isolated-2] [ERROR] [1789771092.992715281] [tf_help]: Transform data too old when converting from map to odom
[component_container_isolated-2] [ERROR] [1789771092.992761027] [tf_help]: Data time: 90s 900000000ns, Transform time: 4s 296000000ns
[component_container_isolated-2] [ERROR] [1789771093.046630668] [tf_help]: Transform data too old when converting from map to odom
[component_container_isolated-2] [ERROR] [1789771093.046677134] [tf_help]: Data time: 90s 900000000ns, Transform time: 4s 296000000ns
[component_container_isolated-2] [ERROR] [1789771093.093998313] [tf_help]: Transform data too old when converting from map to odom
[component_container_isolated-2] [ERROR] [1789771093.094034952] [tf_help]: Data time: 90s 900000000ns, Transform time: 4s 296000000ns
[component_container_isolated-2] [ERROR] [1789771093.146887727] [tf_help]: Transform data too old when converting from map to odom
[component_container_isolated-2] [ERROR] [1789771093.146940641] [tf_help]: Data time: 90s 900000000ns, Transform time: 4s 296000000ns
[component_container_isolated-2] [ERROR] [1789771093.195321909] [tf_help]: Transform data too old when converting from map to odom
[component_container_isolated-2] [ERROR] [1789771093.195359328] [tf_help]: Data time: 90s 900000000ns, Transform time: 4s 296000000ns
[component_container_isolated-2] [ERROR] [1789771093.242044034] [tf_help]: Transform data too old when converting from map to odom
[component_container_isolated-2] [ERROR] [1789771093.242080342] [tf_help]: Data time: 90s 900000000ns, Transform time: 4s 296000000ns
[component_container_isolated-2] [ERROR] [1789771093.291901835] [tf_help]: Transform data too old when converting from map to odom
[component_container_isolated-2] [ERROR] [1789771093.291940877] [tf_help]: Data time: 90s 900000000ns, Transform time: 4s 296000000ns
[component_container_isolated-2] [ERROR] [1789771093.341742166] [tf_help]: Transform data too old when converting from map to odom
[component_container_isolated-2] [ERROR] [1789771093.341779485] [tf_help]: Data time: 90s 900000000ns, Transform time: 4s 296000000ns
[component_container_isolated-2] [ERROR] [1789771093.391917109] [tf_help]: Transform data too old when converting from map to odom
[component_container_isolated-2] [ERROR] [1789771093.391954354] [tf_help]: Data time: 90s 900000000ns, Transform time: 4s 296000000ns
[component_container_isolated-2] [ERROR] [1789771093.442444235] [tf_help]: Transform data too old when converting from map to odom
[component_container_isolated-2] [ERROR] [1789771093.442479828] [tf_help]: Data time: 90s 900000000ns, Transform time: 4s 296000000ns
[component_container_isolated-2] [INFO] [1789771093.486461206] [controller_server]: Passing new path to controller.
[component_container_isolated-2] [INFO] [1789771093.493598816] [controller_server]: [TG-MPPI] cycle time (compute_backend=cpu): 6.265 ms/cycle avg over 50 cycles
[component_container_isolated-2] [ERROR] [1789771093.493769080] [tf_help]: Transform data too old when converting from map to odom
[component_container_isolated-2] [ERROR] [1789771093.493786932] [tf_help]: Data time: 91s 900000000ns, Transform time: 4s 296000000ns
[component_container_isolated-2] [ERROR] [1789771093.542057084] [tf_help]: Transform data too old when converting from map to odom
[component_container_isolated-2] [ERROR] [1789771093.542091964] [tf_help]: Data time: 91s 900000000ns, Transform time: 4s 296000000ns
[component_container_isolated-2] [ERROR] [1789771093.596408011] [tf_help]: Transform data too old when converting from map to odom
[component_container_isolated-2] [ERROR] [1789771093.596456564] [tf_help]: Data time: 91s 900000000ns, Transform time: 4s 296000000ns
[component_container_isolated-2] [ERROR] [1789771093.643562524] [tf_help]: Transform data too old when converting from map to odom
[component_container_isolated-2] [ERROR] [1789771093.643594428] [tf_help]: Data time: 91s 900000000ns, Transform time: 4s 296000000ns
[component_container_isolated-2] [ERROR] [1789771093.691734887] [tf_help]: Transform data too old when converting from map to odom
[component_container_isolated-2] [ERROR] [1789771093.691768690] [tf_help]: Data time: 91s 900000000ns, Transform time: 4s 296000000ns
[component_container_isolated-2] [ERROR] [1789771093.742389481] [tf_help]: Transform data too old when converting from map to odom
[component_container_isolated-2] [ERROR] [1789771093.742441270] [tf_help]: Data time: 91s 900000000ns, Transform time: 4s 296000000ns
[component_container_isolated-2] [ERROR] [1789771093.793185620] [tf_help]: Transform data too old when converting from map to odom
[component_container_isolated-2] [ERROR] [1789771093.793232950] [tf_help]: Data time: 91s 900000000ns, Transform time: 4s 296000000ns
[component_container_isolated-2] [ERROR] [1789771093.845659127] [tf_help]: Transform data too old when converting from map to odom
[component_container_isolated-2] [ERROR] [1789771093.845694027] [tf_help]: Data time: 91s 900000000ns, Transform time: 4s 296000000ns
[component_container_isolated-2] [ERROR] [1789771093.891760613] [tf_help]: Transform data too old when converting from map to odom
[component_container_isolated-2] [ERROR] [1789771093.891791594] [tf_help]: Data time: 91s 900000000ns, Transform time: 4s 296000000ns
[component_container_isolated-2] [ERROR] [1789771093.943380855] [tf_help]: Transform data too old when converting from map to odom
[component_container_isolated-2] [ERROR] [1789771093.943434096] [tf_help]: Data time: 91s 900000000ns, Transform time: 4s 296000000ns
[component_container_isolated-2] [ERROR] [1789771093.994400291] [tf_help]: Transform data too old when converting from map to odom
[component_container_isolated-2] [ERROR] [1789771093.994455635] [tf_help]: Data time: 91s 900000000ns, Transform time: 4s 296000000ns
[component_container_isolated-2] [ERROR] [1789771094.043788856] [tf_help]: Transform data too old when converting from map to odom
[component_container_isolated-2] [ERROR] [1789771094.043823208] [tf_help]: Data time: 91s 900000000ns, Transform time: 4s 296000000ns
[component_container_isolated-2] [ERROR] [1789771094.091632503] [tf_help]: Transform data too old when converting from map to odom
[component_container_isolated-2] [ERROR] [1789771094.091662590] [tf_help]: Data time: 91s 900000000ns, Transform time: 4s 296000000ns
[component_container_isolated-2] [ERROR] [1789771094.143070313] [tf_help]: Transform data too old when converting from map to odom
[component_container_isolated-2] [ERROR] [1789771094.143107072] [tf_help]: Data time: 91s 900000000ns, Transform time: 4s 296000000ns
[component_container_isolated-2] [ERROR] [1789771094.192130314] [tf_help]: Transform data too old when converting from map to odom
[component_container_isolated-2] [ERROR] [1789771094.192162088] [tf_help]: Data time: 91s 900000000ns, Transform time: 4s 296000000ns
[component_container_isolated-2] [ERROR] [1789771094.243679837] [tf_help]: Transform data too old when converting from map to odom
[component_container_isolated-2] [ERROR] [1789771094.243707753] [tf_help]: Data time: 91s 900000000ns, Transform time: 4s 296000000ns
[component_container_isolated-2] [ERROR] [1789771094.292139729] [tf_help]: Transform data too old when converting from map to odom
[component_container_isolated-2] [ERROR] [1789771094.292187623] [tf_help]: Data time: 91s 900000000ns, Transform time: 4s 296000000ns
[component_container_isolated-2] [ERROR] [1789771094.347139050] [tf_help]: Transform data too old when converting from map to odom
[component_container_isolated-2] [ERROR] [1789771094.347172955] [tf_help]: Data time: 91s 900000000ns, Transform time: 4s 296000000ns
[component_container_isolated-2] [ERROR] [1789771094.392088711] [tf_help]: Transform data too old when converting from map to odom
[component_container_isolated-2] [ERROR] [1789771094.392124476] [tf_help]: Data time: 91s 900000000ns, Transform time: 4s 296000000ns
[component_container_isolated-2] [ERROR] [1789771094.442334031] [tf_help]: Transform data too old when converting from map to odom
[component_container_isolated-2] [ERROR] [1789771094.442367017] [tf_help]: Data time: 91s 900000000ns, Transform time: 4s 296000000ns
[component_container_isolated-2] [INFO] [1789771094.486460200] [controller_server]: Passing new path to controller.
[component_container_isolated-2] [ERROR] [1789771094.492444770] [tf_help]: Transform data too old when converting from map to odom
[component_container_isolated-2] [ERROR] [1789771094.492473670] [tf_help]: Data time: 92s 800000000ns, Transform time: 4s 296000000ns
[component_container_isolated-2] [ERROR] [1789771094.541965905] [tf_help]: Transform data too old when converting from map to odom
[component_container_isolated-2] [ERROR] [1789771094.541993823] [tf_help]: Data time: 92s 800000000ns, Transform time: 4s 296000000ns
[component_container_isolated-2] [ERROR] [1789771094.592582844] [tf_help]: Transform data too old when converting from map to odom
[component_container_isolated-2] [ERROR] [1789771094.592615038] [tf_help]: Data time: 92s 800000000ns, Transform time: 4s 296000000ns
[component_container_isolated-2] [ERROR] [1789771094.642923852] [tf_help]: Transform data too old when converting from map to odom
[component_container_isolated-2] [ERROR] [1789771094.642961080] [tf_help]: Data time: 92s 800000000ns, Transform time: 4s 296000000ns
[component_container_isolated-2] [ERROR] [1789771094.691748760] [tf_help]: Transform data too old when converting from map to odom
[component_container_isolated-2] [ERROR] [1789771094.691792694] [tf_help]: Data time: 92s 800000000ns, Transform time: 4s 296000000ns
[component_container_isolated-2] [ERROR] [1789771094.736513120] [controller_server]: Failed to make progress
[component_container_isolated-2] [WARN] [1789771094.736585718] [controller_server]: [follow_path] [ActionServer] Aborting handle.
[component_container_isolated-2] [INFO] [1789771094.755970719] [behavior_server]: Running spin
[component_container_isolated-2] [INFO] [1789771094.756058613] [behavior_server]: Turning 1.57 for spin behavior.
[component_container_isolated-2] [ERROR] [1789771094.957379030] [transformPoseInTargetFrame]: Extrapolation Error looking up target frame: Lookup would require extrapolation into the past.  Requested time 3.228000 but the earliest data is at time 84.298000, when looking up transform from frame [base_link] to frame [odom]
[component_container_isolated-2] 
[component_container_isolated-2] [ERROR] [1789771094.957462820] [behavior_server]: Current footprint not available.
[component_container_isolated-2] [WARN] [1789771094.957520088] [behavior_server]: Collision Ahead - Exiting Spin
[component_container_isolated-2] [WARN] [1789771094.957534549] [behavior_server]: spin failed
[component_container_isolated-2] [WARN] [1789771094.957549289] [behavior_server]: [spin] [ActionServer] Aborting handle.
[component_container_isolated-2] [INFO] [1789771094.975995496] [behavior_server]: Running wait
[component_container_isolated-2] [INFO] [1789771099.976166343] [behavior_server]: wait completed successfully
[component_container_isolated-2] [INFO] [1789771100.026203523] [controller_server]: Received a goal, begin computing control effort.
[component_container_isolated-2] [INFO] [1789771100.030305273] [controller_server]: Optimizer reset (compute_backend=cpu)
[component_container_isolated-2] [ERROR] [1789771100.036207797] [tf_help]: Transform data too old when converting from map to odom
[component_container_isolated-2] [ERROR] [1789771100.036242225] [tf_help]: Data time: 97s 900000000ns, Transform time: 4s 296000000ns
[component_container_isolated-2] [ERROR] [1789771100.082205483] [tf_help]: Transform data too old when converting from map to odom
[component_container_isolated-2] [ERROR] [1789771100.082236855] [tf_help]: Data time: 97s 900000000ns, Transform time: 4s 296000000ns
[component_container_isolated-2] [ERROR] [1789771100.132970511] [tf_help]: Transform data too old when converting from map to odom
[component_container_isolated-2] [ERROR] [1789771100.133005646] [tf_help]: Data time: 97s 900000000ns, Transform time: 4s 296000000ns
[component_container_isolated-2] [ERROR] [1789771100.182085046] [tf_help]: Transform data too old when converting from map to odom
[component_container_isolated-2] [ERROR] [1789771100.182122544] [tf_help]: Data time: 97s 900000000ns, Transform time: 4s 296000000ns
[component_container_isolated-2] [ERROR] [1789771100.233285692] [tf_help]: Transform data too old when converting from map to odom
[component_container_isolated-2] [ERROR] [1789771100.233321634] [tf_help]: Data time: 97s 900000000ns, Transform time: 4s 296000000ns
[component_container_isolated-2] [ERROR] [1789771100.282462501] [tf_help]: Transform data too old when converting from map to odom
[component_container_isolated-2] [ERROR] [1789771100.282507923] [tf_help]: Data time: 97s 900000000ns, Transform time: 4s 296000000ns
[component_container_isolated-2] [ERROR] [1789771100.332391780] [tf_help]: Transform data too old when converting from map to odom
[component_container_isolated-2] [ERROR] [1789771100.332422493] [tf_help]: Data time: 97s 900000000ns, Transform time: 4s 296000000ns
[component_container_isolated-2] [ERROR] [1789771100.382227373] [tf_help]: Transform data too old when converting from map to odom
[component_container_isolated-2] [ERROR] [1789771100.382258087] [tf_help]: Data time: 97s 900000000ns, Transform time: 4s 296000000ns
[component_container_isolated-2] [ERROR] [1789771100.431809518] [tf_help]: Transform data too old when converting from map to odom
[component_container_isolated-2] [ERROR] [1789771100.431841007] [tf_help]: Data time: 97s 900000000ns, Transform time: 4s 296000000ns
[component_container_isolated-2] [ERROR] [1789771100.481619947] [tf_help]: Transform data too old when converting from map to odom
[component_container_isolated-2] [ERROR] [1789771100.481649778] [tf_help]: Data time: 97s 900000000ns, Transform time: 4s 296000000ns
[component_container_isolated-2] [ERROR] [1789771100.532006643] [tf_help]: Transform data too old when converting from map to odom
[component_container_isolated-2] [ERROR] [1789771100.532064299] [tf_help]: Data time: 97s 900000000ns, Transform time: 4s 296000000ns
[component_container_isolated-2] [ERROR] [1789771100.581641416] [tf_help]: Transform data too old when converting from map to odom
[component_container_isolated-2] [ERROR] [1789771100.581694559] [tf_help]: Data time: 97s 900000000ns, Transform time: 4s 296000000ns
[component_container_isolated-2] [ERROR] [1789771100.632322234] [tf_help]: Transform data too old when converting from map to odom
[component_container_isolated-2] [ERROR] [1789771100.632365500] [tf_help]: Data time: 97s 900000000ns, Transform time: 4s 296000000ns
[component_container_isolated-2] [ERROR] [1789771100.682607493] [tf_help]: Transform data too old when converting from map to odom
[component_container_isolated-2] [ERROR] [1789771100.682637737] [tf_help]: Data time: 97s 900000000ns, Transform time: 4s 296000000ns
[component_container_isolated-2] [ERROR] [1789771100.732793672] [tf_help]: Transform data too old when converting from map to odom
[component_container_isolated-2] [ERROR] [1789771100.732863178] [tf_help]: Data time: 97s 900000000ns, Transform time: 4s 296000000ns
[component_container_isolated-2] [ERROR] [1789771100.782303607] [tf_help]: Transform data too old when converting from map to odom
[component_container_isolated-2] [ERROR] [1789771100.782343224] [tf_help]: Data time: 97s 900000000ns, Transform time: 4s 296000000ns
[component_container_isolated-2] [ERROR] [1789771100.837494438] [tf_help]: Transform data too old when converting from map to odom
[component_container_isolated-2] [ERROR] [1789771100.837550437] [tf_help]: Data time: 97s 900000000ns, Transform time: 4s 296000000ns
[component_container_isolated-2] [ERROR] [1789771100.886030379] [tf_help]: Transform data too old when converting from map to odom
[component_container_isolated-2] [ERROR] [1789771100.886114312] [tf_help]: Data time: 97s 900000000ns, Transform time: 4s 296000000ns
[component_container_isolated-2] [ERROR] [1789771100.937168128] [tf_help]: Transform data too old when converting from map to odom
[component_container_isolated-2] [ERROR] [1789771100.937238085] [tf_help]: Data time: 97s 900000000ns, Transform time: 4s 296000000ns
[component_container_isolated-2] [ERROR] [1789771100.985069005] [tf_help]: Transform data too old when converting from map to odom
[component_container_isolated-2] [ERROR] [1789771100.985100551] [tf_help]: Data time: 97s 900000000ns, Transform time: 4s 296000000ns
[component_container_isolated-2] [ERROR] [1789771101.035081441] [tf_help]: Transform data too old when converting from map to odom
[component_container_isolated-2] [ERROR] [1789771101.035115446] [tf_help]: Data time: 97s 900000000ns, Transform time: 4s 296000000ns
[component_container_isolated-2] [INFO] [1789771101.076368829] [controller_server]: Passing new path to controller.
[component_container_isolated-2] [ERROR] [1789771101.082857128] [tf_help]: Transform data too old when converting from map to odom
[component_container_isolated-2] [ERROR] [1789771101.082882787] [tf_help]: Data time: 98s 700000000ns, Transform time: 4s 296000000ns
[component_container_isolated-2] [ERROR] [1789771101.132324922] [tf_help]: Transform data too old when converting from map to odom
[component_container_isolated-2] [ERROR] [1789771101.132364175] [tf_help]: Data time: 98s 700000000ns, Transform time: 4s 296000000ns
[component_container_isolated-2] [ERROR] [1789771101.182452526] [tf_help]: Transform data too old when converting from map to odom
[component_container_isolated-2] [ERROR] [1789771101.182486380] [tf_help]: Data time: 98s 700000000ns, Transform time: 4s 296000000ns
[component_container_isolated-2] [ERROR] [1789771101.231701232] [tf_help]: Transform data too old when converting from map to odom
[component_container_isolated-2] [ERROR] [1789771101.231734762] [tf_help]: Data time: 98s 700000000ns, Transform time: 4s 296000000ns
[component_container_isolated-2] [INFO] [1789771101.281827937] [controller_server]: [TG-MPPI] cycle time (compute_backend=cpu): 6.272 ms/cycle avg over 50 cycles
[component_container_isolated-2] [ERROR] [1789771101.281957901] [tf_help]: Transform data too old when converting from map to odom
[component_container_isolated-2] [ERROR] [1789771101.281975223] [tf_help]: Data time: 98s 700000000ns, Transform time: 4s 296000000ns
[component_container_isolated-2] [ERROR] [1789771101.331912693] [tf_help]: Transform data too old when converting from map to odom
[component_container_isolated-2] [ERROR] [1789771101.331942877] [tf_help]: Data time: 98s 700000000ns, Transform time: 4s 296000000ns
[component_container_isolated-2] [ERROR] [1789771101.386400763] [tf_help]: Transform data too old when converting from map to odom
[component_container_isolated-2] [ERROR] [1789771101.386463593] [tf_help]: Data time: 98s 700000000ns, Transform time: 4s 296000000ns
[component_container_isolated-2] [ERROR] [1789771101.432548676] [tf_help]: Transform data too old when converting from map to odom
[component_container_isolated-2] [ERROR] [1789771101.432592479] [tf_help]: Data time: 98s 700000000ns, Transform time: 4s 296000000ns
[component_container_isolated-2] [ERROR] [1789771101.482945186] [tf_help]: Transform data too old when converting from map to odom
[component_container_isolated-2] [ERROR] [1789771101.483000763] [tf_help]: Data time: 98s 700000000ns, Transform time: 4s 296000000ns
[component_container_isolated-2] [ERROR] [1789771101.532825856] [tf_help]: Transform data too old when converting from map to odom
[component_container_isolated-2] [ERROR] [1789771101.532860152] [tf_help]: Data time: 98s 700000000ns, Transform time: 4s 296000000ns
[component_container_isolated-2] [ERROR] [1789771101.582004940] [tf_help]: Transform data too old when converting from map to odom
[component_container_isolated-2] [ERROR] [1789771101.582033542] [tf_help]: Data time: 98s 700000000ns, Transform time: 4s 296000000ns
[component_container_isolated-2] [ERROR] [1789771101.632310289] [tf_help]: Transform data too old when converting from map to odom
[component_container_isolated-2] [ERROR] [1789771101.632344794] [tf_help]: Data time: 98s 700000000ns, Transform time: 4s 296000000ns
[component_container_isolated-2] [ERROR] [1789771101.681860821] [tf_help]: Transform data too old when converting from map to odom
[component_container_isolated-2] [ERROR] [1789771101.681891416] [tf_help]: Data time: 98s 700000000ns, Transform time: 4s 296000000ns
[component_container_isolated-2] [ERROR] [1789771101.732601573] [tf_help]: Transform data too old when converting from map to odom
[component_container_isolated-2] [ERROR] [1789771101.732635936] [tf_help]: Data time: 98s 700000000ns, Transform time: 4s 296000000ns
[component_container_isolated-2] [ERROR] [1789771101.781856333] [tf_help]: Transform data too old when converting from map to odom
[component_container_isolated-2] [ERROR] [1789771101.781894063] [tf_help]: Data time: 98s 700000000ns, Transform time: 4s 296000000ns
[component_container_isolated-2] [ERROR] [1789771101.831870641] [tf_help]: Transform data too old when converting from map to odom
[component_container_isolated-2] [ERROR] [1789771101.831919136] [tf_help]: Data time: 98s 700000000ns, Transform time: 4s 296000000ns
[component_container_isolated-2] [ERROR] [1789771101.881900740] [tf_help]: Transform data too old when converting from map to odom
[component_container_isolated-2] [ERROR] [1789771101.881931366] [tf_help]: Data time: 98s 700000000ns, Transform time: 4s 296000000ns
[component_container_isolated-2] [ERROR] [1789771101.931744092] [tf_help]: Transform data too old when converting from map to odom
[component_container_isolated-2] [ERROR] [1789771101.931793784] [tf_help]: Data time: 98s 700000000ns, Transform time: 4s 296000000ns
[component_container_isolated-2] [ERROR] [1789771101.981750428] [tf_help]: Transform data too old when converting from map to odom
[component_container_isolated-2] [ERROR] [1789771101.981780509] [tf_help]: Data time: 98s 700000000ns, Transform time: 4s 296000000ns
[component_container_isolated-2] [ERROR] [1789771102.031753317] [tf_help]: Transform data too old when converting from map to odom
[component_container_isolated-2] [ERROR] [1789771102.031784699] [tf_help]: Data time: 98s 700000000ns, Transform time: 4s 296000000ns
[component_container_isolated-2] [INFO] [1789771102.076365697] [controller_server]: Passing new path to controller.
[component_container_isolated-2] [ERROR] [1789771102.081846766] [tf_help]: Transform data too old when converting from map to odom
[component_container_isolated-2] [ERROR] [1789771102.081879176] [tf_help]: Data time: 99s 800000000ns, Transform time: 4s 296000000ns
[component_container_isolated-2] [ERROR] [1789771102.132279314] [tf_help]: Transform data too old when converting from map to odom
[component_container_isolated-2] [ERROR] [1789771102.132309369] [tf_help]: Data time: 99s 800000000ns, Transform time: 4s 296000000ns
[component_container_isolated-2] [ERROR] [1789771102.185467423] [tf_help]: Transform data too old when converting from map to odom
[component_container_isolated-2] [ERROR] [1789771102.185507738] [tf_help]: Data time: 99s 800000000ns, Transform time: 4s 296000000ns
[component_container_isolated-2] [ERROR] [1789771102.232962553] [tf_help]: Transform data too old when converting from map to odom
[component_container_isolated-2] [ERROR] [1789771102.233045256] [tf_help]: Data time: 99s 800000000ns, Transform time: 4s 296000000ns
[ground_truth_localizer-1] [INFO] [1789771102.249877168] [ground_truth_localizer]: last 10 s: ground truth msgs 294, map->odom published 294 (286 via latest odom TF)
[component_container_isolated-2] [ERROR] [1789771102.281669542] [tf_help]: Transform data too old when converting from map to odom
[component_container_isolated-2] [ERROR] [1789771102.281722201] [tf_help]: Data time: 99s 800000000ns, Transform time: 4s 296000000ns
[component_container_isolated-2] [ERROR] [1789771102.334643411] [tf_help]: Transform data too old when converting from map to odom
[component_container_isolated-2] [ERROR] [1789771102.334678160] [tf_help]: Data time: 99s 800000000ns, Transform time: 4s 296000000ns
[component_container_isolated-2] [ERROR] [1789771102.381574041] [tf_help]: Transform data too old when converting from map to odom
[component_container_isolated-2] [ERROR] [1789771102.381603745] [tf_help]: Data time: 99s 800000000ns, Transform time: 4s 296000000ns
[component_container_isolated-2] [ERROR] [1789771102.432184818] [tf_help]: Transform data too old when converting from map to odom
[component_container_isolated-2] [ERROR] [1789771102.432223344] [tf_help]: Data time: 99s 800000000ns, Transform time: 4s 296000000ns
[component_container_isolated-2] [ERROR] [1789771102.481672576] [tf_help]: Transform data too old when converting from map to odom
[component_container_isolated-2] [ERROR] [1789771102.481705159] [tf_help]: Data time: 99s 800000000ns, Transform time: 4s 296000000ns
[component_container_isolated-2] [ERROR] [1789771102.531501462] [tf_help]: Transform data too old when converting from map to odom
[component_container_isolated-2] [ERROR] [1789771102.531541073] [tf_help]: Data time: 99s 800000000ns, Transform time: 4s 296000000ns
[component_container_isolated-2] [ERROR] [1789771102.581859124] [tf_help]: Transform data too old when converting from map to odom
[component_container_isolated-2] [ERROR] [1789771102.581898897] [tf_help]: Data time: 99s 800000000ns, Transform time: 4s 296000000ns
[component_container_isolated-2] [ERROR] [1789771102.631779777] [tf_help]: Transform data too old when converting from map to odom
[component_container_isolated-2] [ERROR] [1789771102.631815630] [tf_help]: Data time: 99s 800000000ns, Transform time: 4s 296000000ns
[component_container_isolated-2] [ERROR] [1789771102.681581636] [tf_help]: Transform data too old when converting from map to odom
[component_container_isolated-2] [ERROR] [1789771102.681610647] [tf_help]: Data time: 99s 800000000ns, Transform time: 4s 296000000ns
[component_container_isolated-2] [ERROR] [1789771102.731728405] [tf_help]: Transform data too old when converting from map to odom
[component_container_isolated-2] [ERROR] [1789771102.731763214] [tf_help]: Data time: 99s 800000000ns, Transform time: 4s 296000000ns
[component_container_isolated-2] [ERROR] [1789771102.781410498] [tf_help]: Transform data too old when converting from map to odom
[component_container_isolated-2] [ERROR] [1789771102.781445189] [tf_help]: Data time: 99s 800000000ns, Transform time: 4s 296000000ns
[component_container_isolated-2] [ERROR] [1789771102.831812917] [tf_help]: Transform data too old when converting from map to odom
[component_container_isolated-2] [ERROR] [1789771102.831844722] [tf_help]: Data time: 99s 800000000ns, Transform time: 4s 296000000ns
[component_container_isolated-2] [ERROR] [1789771102.881807471] [tf_help]: Transform data too old when converting from map to odom
[component_container_isolated-2] [ERROR] [1789771102.881836092] [tf_help]: Data time: 99s 800000000ns, Transform time: 4s 296000000ns
[component_container_isolated-2] [ERROR] [1789771102.931758374] [tf_help]: Transform data too old when converting from map to odom
[component_container_isolated-2] [ERROR] [1789771102.931799138] [tf_help]: Data time: 99s 800000000ns, Transform time: 4s 296000000ns
[component_container_isolated-2] [ERROR] [1789771102.981697528] [tf_help]: Transform data too old when converting from map to odom
[component_container_isolated-2] [ERROR] [1789771102.981729075] [tf_help]: Data time: 99s 800000000ns, Transform time: 4s 296000000ns
[component_container_isolated-2] [ERROR] [1789771103.031728840] [tf_help]: Transform data too old when converting from map to odom
[component_container_isolated-2] [ERROR] [1789771103.031765294] [tf_help]: Data time: 99s 800000000ns, Transform time: 4s 296000000ns
[component_container_isolated-2] [ERROR] [1789771103.082602458] [tf_help]: Transform data too old when converting from map to odom
[component_container_isolated-2] [ERROR] [1789771103.082635588] [tf_help]: Data time: 99s 800000000ns, Transform time: 4s 296000000ns
[component_container_isolated-2] [INFO] [1789771103.126438995] [controller_server]: Passing new path to controller.
[component_container_isolated-2] [ERROR] [1789771103.132236083] [tf_help]: Transform data too old when converting from map to odom
[component_container_isolated-2] [ERROR] [1789771103.132269282] [tf_help]: Data time: 100s 700000000ns, Transform time: 4s 296000000ns
[component_container_isolated-2] [ERROR] [1789771103.181862359] [tf_help]: Transform data too old when converting from map to odom
[component_container_isolated-2] [ERROR] [1789771103.181893952] [tf_help]: Data time: 100s 700000000ns, Transform time: 4s 296000000ns
[component_container_isolated-2] [ERROR] [1789771103.232869290] [tf_help]: Transform data too old when converting from map to odom
[component_container_isolated-2] [ERROR] [1789771103.232901035] [tf_help]: Data time: 100s 700000000ns, Transform time: 4s 296000000ns
[component_container_isolated-2] [ERROR] [1789771103.281888563] [tf_help]: Transform data too old when converting from map to odom
[component_container_isolated-2] [ERROR] [1789771103.281925294] [tf_help]: Data time: 100s 700000000ns, Transform time: 4s 296000000ns
[component_container_isolated-2] [ERROR] [1789771103.331666187] [tf_help]: Transform data too old when converting from map to odom
[component_container_isolated-2] [ERROR] [1789771103.331700873] [tf_help]: Data time: 100s 700000000ns, Transform time: 4s 296000000ns
[component_container_isolated-2] [ERROR] [1789771103.382087494] [tf_help]: Transform data too old when converting from map to odom
[component_container_isolated-2] [ERROR] [1789771103.382117471] [tf_help]: Data time: 100s 700000000ns, Transform time: 4s 296000000ns
[component_container_isolated-2] [ERROR] [1789771103.431515697] [tf_help]: Transform data too old when converting from map to odom
[component_container_isolated-2] [ERROR] [1789771103.431550046] [tf_help]: Data time: 100s 700000000ns, Transform time: 4s 296000000ns
[component_container_isolated-2] [ERROR] [1789771103.481866777] [tf_help]: Transform data too old when converting from map to odom
[component_container_isolated-2] [ERROR] [1789771103.481897824] [tf_help]: Data time: 100s 700000000ns, Transform time: 4s 296000000ns
[component_container_isolated-2] [ERROR] [1789771103.531806151] [tf_help]: Transform data too old when converting from map to odom
[component_container_isolated-2] [ERROR] [1789771103.531840140] [tf_help]: Data time: 100s 700000000ns, Transform time: 4s 296000000ns
[component_container_isolated-2] [ERROR] [1789771103.581827391] [tf_help]: Transform data too old when converting from map to odom
[component_container_isolated-2] [ERROR] [1789771103.581858464] [tf_help]: Data time: 100s 700000000ns, Transform time: 4s 296000000ns
[component_container_isolated-2] [ERROR] [1789771103.631563618] [tf_help]: Transform data too old when converting from map to odom
[component_container_isolated-2] [ERROR] [1789771103.631593623] [tf_help]: Data time: 100s 700000000ns, Transform time: 4s 296000000ns
[component_container_isolated-2] [ERROR] [1789771103.683484229] [tf_help]: Transform data too old when converting from map to odom
[component_container_isolated-2] [ERROR] [1789771103.683525707] [tf_help]: Data time: 100s 700000000ns, Transform time: 4s 296000000ns
[component_container_isolated-2] [ERROR] [1789771103.733862466] [tf_help]: Transform data too old when converting from map to odom
[component_container_isolated-2] [ERROR] [1789771103.733897150] [tf_help]: Data time: 100s 700000000ns, Transform time: 4s 296000000ns
[component_container_isolated-2] [INFO] [1789771103.783272635] [controller_server]: [TG-MPPI] cycle time (compute_backend=cpu): 5.609 ms/cycle avg over 50 cycles
[component_container_isolated-2] [ERROR] [1789771103.783472161] [tf_help]: Transform data too old when converting from map to odom
[component_container_isolated-2] [ERROR] [1789771103.783494107] [tf_help]: Data time: 100s 700000000ns, Transform time: 4s 296000000ns
[component_container_isolated-2] [ERROR] [1789771103.832638463] [tf_help]: Transform data too old when converting from map to odom
[component_container_isolated-2] [ERROR] [1789771103.832669534] [tf_help]: Data time: 100s 700000000ns, Transform time: 4s 296000000ns
[component_container_isolated-2] [ERROR] [1789771103.883600905] [tf_help]: Transform data too old when converting from map to odom
[component_container_isolated-2] [ERROR] [1789771103.883639389] [tf_help]: Data time: 100s 700000000ns, Transform time: 4s 296000000ns
[component_container_isolated-2] [ERROR] [1789771103.932501794] [tf_help]: Transform data too old when converting from map to odom
[component_container_isolated-2] [ERROR] [1789771103.932537015] [tf_help]: Data time: 100s 700000000ns, Transform time: 4s 296000000ns
[component_container_isolated-2] [ERROR] [1789771103.981964199] [tf_help]: Transform data too old when converting from map to odom
[component_container_isolated-2] [ERROR] [1789771103.981997113] [tf_help]: Data time: 100s 700000000ns, Transform time: 4s 296000000ns
[component_container_isolated-2] [ERROR] [1789771104.031525296] [tf_help]: Transform data too old when converting from map to odom
[component_container_isolated-2] [ERROR] [1789771104.031562436] [tf_help]: Data time: 100s 700000000ns, Transform time: 4s 296000000ns
[component_container_isolated-2] [ERROR] [1789771104.081861239] [tf_help]: Transform data too old when converting from map to odom
[component_container_isolated-2] [ERROR] [1789771104.081897819] [tf_help]: Data time: 100s 700000000ns, Transform time: 4s 296000000ns
[component_container_isolated-2] [ERROR] [1789771104.132287711] [tf_help]: Transform data too old when converting from map to odom
[component_container_isolated-2] [ERROR] [1789771104.132320955] [tf_help]: Data time: 100s 700000000ns, Transform time: 4s 296000000ns
[component_container_isolated-2] [INFO] [1789771104.176327348] [controller_server]: Passing new path to controller.
[component_container_isolated-2] [ERROR] [1789771104.181733916] [tf_help]: Transform data too old when converting from map to odom
[component_container_isolated-2] [ERROR] [1789771104.181762833] [tf_help]: Data time: 101s 700000000ns, Transform time: 4s 296000000ns
[component_container_isolated-2] [ERROR] [1789771104.232408540] [tf_help]: Transform data too old when converting from map to odom
[component_container_isolated-2] [ERROR] [1789771104.232447797] [tf_help]: Data time: 101s 700000000ns, Transform time: 4s 296000000ns
[component_container_isolated-2] [ERROR] [1789771104.282592418] [tf_help]: Transform data too old when converting from map to odom
[component_container_isolated-2] [ERROR] [1789771104.282625583] [tf_help]: Data time: 101s 700000000ns, Transform time: 4s 296000000ns
[component_container_isolated-2] [ERROR] [1789771104.332201301] [tf_help]: Transform data too old when converting from map to odom
[component_container_isolated-2] [ERROR] [1789771104.332233911] [tf_help]: Data time: 101s 700000000ns, Transform time: 4s 296000000ns
[component_container_isolated-2] [ERROR] [1789771104.382016685] [tf_help]: Transform data too old when converting from map to odom
[component_container_isolated-2] [ERROR] [1789771104.382046545] [tf_help]: Data time: 101s 700000000ns, Transform time: 4s 296000000ns
[component_container_isolated-2] [ERROR] [1789771104.431483092] [tf_help]: Transform data too old when converting from map to odom
[component_container_isolated-2] [ERROR] [1789771104.431520161] [tf_help]: Data time: 101s 700000000ns, Transform time: 4s 296000000ns
[component_container_isolated-2] [ERROR] [1789771104.484848430] [tf_help]: Transform data too old when converting from map to odom
[component_container_isolated-2] [ERROR] [1789771104.484896611] [tf_help]: Data time: 101s 700000000ns, Transform time: 4s 296000000ns
[component_container_isolated-2] [ERROR] [1789771104.533429162] [tf_help]: Transform data too old when converting from map to odom
[component_container_isolated-2] [ERROR] [1789771104.533471049] [tf_help]: Data time: 101s 700000000ns, Transform time: 4s 296000000ns
[component_container_isolated-2] [ERROR] [1789771104.581561128] [tf_help]: Transform data too old when converting from map to odom
[component_container_isolated-2] [ERROR] [1789771104.581594124] [tf_help]: Data time: 101s 700000000ns, Transform time: 4s 296000000ns
[component_container_isolated-2] [ERROR] [1789771104.631682365] [tf_help]: Transform data too old when converting from map to odom
[component_container_isolated-2] [ERROR] [1789771104.631716030] [tf_help]: Data time: 101s 700000000ns, Transform time: 4s 296000000ns
[component_container_isolated-2] [ERROR] [1789771104.681483386] [tf_help]: Transform data too old when converting from map to odom
[component_container_isolated-2] [ERROR] [1789771104.681518665] [tf_help]: Data time: 101s 700000000ns, Transform time: 4s 296000000ns
[component_container_isolated-2] [ERROR] [1789771104.731654842] [tf_help]: Transform data too old when converting from map to odom
[component_container_isolated-2] [ERROR] [1789771104.731683786] [tf_help]: Data time: 101s 700000000ns, Transform time: 4s 296000000ns
[component_container_isolated-2] [ERROR] [1789771104.784918566] [tf_help]: Transform data too old when converting from map to odom
[component_container_isolated-2] [ERROR] [1789771104.784947478] [tf_help]: Data time: 101s 700000000ns, Transform time: 4s 296000000ns
[component_container_isolated-2] [ERROR] [1789771104.831694472] [tf_help]: Transform data too old when converting from map to odom
[component_container_isolated-2] [ERROR] [1789771104.831725080] [tf_help]: Data time: 101s 700000000ns, Transform time: 4s 296000000ns
[component_container_isolated-2] [ERROR] [1789771104.881722376] [tf_help]: Transform data too old when converting from map to odom
[component_container_isolated-2] [ERROR] [1789771104.881756863] [tf_help]: Data time: 101s 700000000ns, Transform time: 4s 296000000ns
[component_container_isolated-2] [ERROR] [1789771104.931715693] [tf_help]: Transform data too old when converting from map to odom
[component_container_isolated-2] [ERROR] [1789771104.931750751] [tf_help]: Data time: 101s 700000000ns, Transform time: 4s 296000000ns
[component_container_isolated-2] [ERROR] [1789771104.981903455] [tf_help]: Transform data too old when converting from map to odom
[component_container_isolated-2] [ERROR] [1789771104.981939179] [tf_help]: Data time: 101s 700000000ns, Transform time: 4s 296000000ns
[component_container_isolated-2] [ERROR] [1789771105.032230478] [tf_help]: Transform data too old when converting from map to odom
[component_container_isolated-2] [ERROR] [1789771105.032266988] [tf_help]: Data time: 101s 700000000ns, Transform time: 4s 296000000ns
[component_container_isolated-2] [ERROR] [1789771105.083074685] [tf_help]: Transform data too old when converting from map to odom
[component_container_isolated-2] [ERROR] [1789771105.083108458] [tf_help]: Data time: 101s 700000000ns, Transform time: 4s 296000000ns
[component_container_isolated-2] [ERROR] [1789771105.131741986] [tf_help]: Transform data too old when converting from map to odom
[component_container_isolated-2] [ERROR] [1789771105.131774398] [tf_help]: Data time: 101s 700000000ns, Transform time: 4s 296000000ns
[component_container_isolated-2] [INFO] [1789771105.176327147] [controller_server]: Passing new path to controller.
[component_container_isolated-2] [ERROR] [1789771105.181844347] [tf_help]: Transform data too old when converting from map to odom
[component_container_isolated-2] [ERROR] [1789771105.181873398] [tf_help]: Data time: 102s 600000000ns, Transform time: 4s 296000000ns
[component_container_isolated-2] [ERROR] [1789771105.232869555] [tf_help]: Transform data too old when converting from map to odom
[component_container_isolated-2] [ERROR] [1789771105.232901606] [tf_help]: Data time: 102s 600000000ns, Transform time: 4s 296000000ns
[component_container_isolated-2] [ERROR] [1789771105.282559541] [tf_help]: Transform data too old when converting from map to odom
[component_container_isolated-2] [ERROR] [1789771105.282596712] [tf_help]: Data time: 102s 600000000ns, Transform time: 4s 296000000ns
[component_container_isolated-2] [ERROR] [1789771105.332794342] [tf_help]: Transform data too old when converting from map to odom
[component_container_isolated-2] [ERROR] [1789771105.332827501] [tf_help]: Data time: 102s 600000000ns, Transform time: 4s 296000000ns
[component_container_isolated-2] [ERROR] [1789771105.381831593] [tf_help]: Transform data too old when converting from map to odom
[component_container_isolated-2] [ERROR] [1789771105.381863876] [tf_help]: Data time: 102s 600000000ns, Transform time: 4s 296000000ns
[component_container_isolated-2] [ERROR] [1789771105.432240417] [tf_help]: Transform data too old when converting from map to odom
[component_container_isolated-2] [ERROR] [1789771105.432274997] [tf_help]: Data time: 102s 600000000ns, Transform time: 4s 296000000ns
[component_container_isolated-2] [ERROR] [1789771105.481559928] [tf_help]: Transform data too old when converting from map to odom
[component_container_isolated-2] [ERROR] [1789771105.481596139] [tf_help]: Data time: 102s 600000000ns, Transform time: 4s 296000000ns
[component_container_isolated-2] [ERROR] [1789771105.531551284] [tf_help]: Transform data too old when converting from map to odom
[component_container_isolated-2] [ERROR] [1789771105.531587424] [tf_help]: Data time: 102s 600000000ns, Transform time: 4s 296000000ns
[component_container_isolated-2] [ERROR] [1789771105.581655224] [tf_help]: Transform data too old when converting from map to odom
[component_container_isolated-2] [ERROR] [1789771105.581686310] [tf_help]: Data time: 102s 600000000ns, Transform time: 4s 296000000ns
[component_container_isolated-2] [ERROR] [1789771105.631697155] [tf_help]: Transform data too old when converting from map to odom
[component_container_isolated-2] [ERROR] [1789771105.631732115] [tf_help]: Data time: 102s 600000000ns, Transform time: 4s 296000000ns
[component_container_isolated-2] [ERROR] [1789771105.681503928] [tf_help]: Transform data too old when converting from map to odom
[component_container_isolated-2] [ERROR] [1789771105.681536263] [tf_help]: Data time: 102s 600000000ns, Transform time: 4s 296000000ns
[component_container_isolated-2] [ERROR] [1789771105.733099524] [tf_help]: Transform data too old when converting from map to odom
[component_container_isolated-2] [ERROR] [1789771105.733135802] [tf_help]: Data time: 102s 600000000ns, Transform time: 4s 296000000ns
[component_container_isolated-2] [ERROR] [1789771105.782298025] [tf_help]: Transform data too old when converting from map to odom
[component_container_isolated-2] [ERROR] [1789771105.782333683] [tf_help]: Data time: 102s 600000000ns, Transform time: 4s 296000000ns
[component_container_isolated-2] [ERROR] [1789771105.832404366] [tf_help]: Transform data too old when converting from map to odom
[component_container_isolated-2] [ERROR] [1789771105.832440641] [tf_help]: Data time: 102s 600000000ns, Transform time: 4s 296000000ns
[component_container_isolated-2] [ERROR] [1789771105.882652393] [tf_help]: Transform data too old when converting from map to odom
[component_container_isolated-2] [ERROR] [1789771105.882685143] [tf_help]: Data time: 102s 600000000ns, Transform time: 4s 296000000ns
[component_container_isolated-2] [ERROR] [1789771105.932062601] [tf_help]: Transform data too old when converting from map to odom
[component_container_isolated-2] [ERROR] [1789771105.932105638] [tf_help]: Data time: 102s 600000000ns, Transform time: 4s 296000000ns
[component_container_isolated-2] [ERROR] [1789771105.981627445] [tf_help]: Transform data too old when converting from map to odom
[component_container_isolated-2] [ERROR] [1789771105.981664430] [tf_help]: Data time: 102s 600000000ns, Transform time: 4s 296000000ns
[component_container_isolated-2] [ERROR] [1789771106.032436205] [tf_help]: Transform data too old when converting from map to odom
[component_container_isolated-2] [ERROR] [1789771106.032476382] [tf_help]: Data time: 102s 600000000ns, Transform time: 4s 296000000ns
[component_container_isolated-2] [ERROR] [1789771106.084805221] [tf_help]: Transform data too old when converting from map to odom
[component_container_isolated-2] [ERROR] [1789771106.084846849] [tf_help]: Data time: 102s 600000000ns, Transform time: 4s 296000000ns
[component_container_isolated-2] [ERROR] [1789771106.132808032] [tf_help]: Transform data too old when converting from map to odom
[component_container_isolated-2] [ERROR] [1789771106.132844650] [tf_help]: Data time: 102s 600000000ns, Transform time: 4s 296000000ns
[component_container_isolated-2] [ERROR] [1789771106.183624751] [tf_help]: Transform data too old when converting from map to odom
[component_container_isolated-2] [ERROR] [1789771106.183665162] [tf_help]: Data time: 102s 600000000ns, Transform time: 4s 296000000ns
[component_container_isolated-2] [INFO] [1789771106.226332819] [controller_server]: Passing new path to controller.
[component_container_isolated-2] [ERROR] [1789771106.234006684] [tf_help]: Transform data too old when converting from map to odom
[component_container_isolated-2] [ERROR] [1789771106.234049150] [tf_help]: Data time: 103s 600000000ns, Transform time: 4s 296000000ns
[component_container_isolated-2] [INFO] [1789771106.284195318] [controller_server]: [TG-MPPI] cycle time (compute_backend=cpu): 5.683 ms/cycle avg over 50 cycles
[component_container_isolated-2] [ERROR] [1789771106.284370079] [tf_help]: Transform data too old when converting from map to odom
[component_container_isolated-2] [ERROR] [1789771106.284394478] [tf_help]: Data time: 103s 600000000ns, Transform time: 4s 296000000ns
[component_container_isolated-2] [ERROR] [1789771106.332480561] [tf_help]: Transform data too old when converting from map to odom
[component_container_isolated-2] [ERROR] [1789771106.332512378] [tf_help]: Data time: 103s 600000000ns, Transform time: 4s 296000000ns
[component_container_isolated-2] [ERROR] [1789771106.384622186] [tf_help]: Transform data too old when converting from map to odom
[component_container_isolated-2] [ERROR] [1789771106.384662242] [tf_help]: Data time: 103s 600000000ns, Transform time: 4s 296000000ns
[component_container_isolated-2] [ERROR] [1789771106.432784496] [tf_help]: Transform data too old when converting from map to odom
[component_container_isolated-2] [ERROR] [1789771106.432815999] [tf_help]: Data time: 103s 600000000ns, Transform time: 4s 296000000ns
[component_container_isolated-2] [ERROR] [1789771106.482424611] [tf_help]: Transform data too old when converting from map to odom
[component_container_isolated-2] [ERROR] [1789771106.482462511] [tf_help]: Data time: 103s 600000000ns, Transform time: 4s 296000000ns
[component_container_isolated-2] [ERROR] [1789771106.532763556] [tf_help]: Transform data too old when converting from map to odom
[component_container_isolated-2] [ERROR] [1789771106.532802644] [tf_help]: Data time: 103s 600000000ns, Transform time: 4s 296000000ns
[component_container_isolated-2] [ERROR] [1789771106.582891348] [tf_help]: Transform data too old when converting from map to odom
[component_container_isolated-2] [ERROR] [1789771106.582924710] [tf_help]: Data time: 103s 600000000ns, Transform time: 4s 296000000ns
[component_container_isolated-2] [ERROR] [1789771106.632803374] [tf_help]: Transform data too old when converting from map to odom
[component_container_isolated-2] [ERROR] [1789771106.632835530] [tf_help]: Data time: 103s 600000000ns, Transform time: 4s 296000000ns
[component_container_isolated-2] [ERROR] [1789771106.684892999] [tf_help]: Transform data too old when converting from map to odom
[component_container_isolated-2] [ERROR] [1789771106.684928946] [tf_help]: Data time: 103s 600000000ns, Transform time: 4s 296000000ns
[component_container_isolated-2] [ERROR] [1789771106.734677423] [tf_help]: Transform data too old when converting from map to odom
[component_container_isolated-2] [ERROR] [1789771106.734716062] [tf_help]: Data time: 103s 600000000ns, Transform time: 4s 296000000ns
[component_container_isolated-2] [ERROR] [1789771106.784596486] [tf_help]: Transform data too old when converting from map to odom
[component_container_isolated-2] [ERROR] [1789771106.784628707] [tf_help]: Data time: 103s 600000000ns, Transform time: 4s 296000000ns
[component_container_isolated-2] [ERROR] [1789771106.833140078] [tf_help]: Transform data too old when converting from map to odom
[component_container_isolated-2] [ERROR] [1789771106.833183506] [tf_help]: Data time: 103s 600000000ns, Transform time: 4s 296000000ns
[component_container_isolated-2] [ERROR] [1789771106.882414005] [tf_help]: Transform data too old when converting from map to odom
[component_container_isolated-2] [ERROR] [1789771106.882470163] [tf_help]: Data time: 103s 600000000ns, Transform time: 4s 296000000ns
[component_container_isolated-2] [ERROR] [1789771106.932061982] [tf_help]: Transform data too old when converting from map to odom
[component_container_isolated-2] [ERROR] [1789771106.932095990] [tf_help]: Data time: 103s 600000000ns, Transform time: 4s 296000000ns
[component_container_isolated-2] [ERROR] [1789771106.984211094] [tf_help]: Transform data too old when converting from map to odom
[component_container_isolated-2] [ERROR] [1789771106.984244199] [tf_help]: Data time: 103s 600000000ns, Transform time: 4s 296000000ns
[component_container_isolated-2] [ERROR] [1789771107.034884625] [tf_help]: Transform data too old when converting from map to odom
[component_container_isolated-2] [ERROR] [1789771107.034922523] [tf_help]: Data time: 103s 600000000ns, Transform time: 4s 296000000ns
[component_container_isolated-2] [ERROR] [1789771107.083351779] [tf_help]: Transform data too old when converting from map to odom
[component_container_isolated-2] [ERROR] [1789771107.083390249] [tf_help]: Data time: 103s 600000000ns, Transform time: 4s 296000000ns
[component_container_isolated-2] [ERROR] [1789771107.132623170] [tf_help]: Transform data too old when converting from map to odom
[component_container_isolated-2] [ERROR] [1789771107.132663582] [tf_help]: Data time: 103s 600000000ns, Transform time: 4s 296000000ns
[component_container_isolated-2] [ERROR] [1789771107.185286725] [tf_help]: Transform data too old when converting from map to odom
[component_container_isolated-2] [ERROR] [1789771107.185317030] [tf_help]: Data time: 103s 600000000ns, Transform time: 4s 296000000ns
[component_container_isolated-2] [INFO] [1789771107.226365241] [controller_server]: Passing new path to controller.
[component_container_isolated-2] [ERROR] [1789771107.231750510] [tf_help]: Transform data too old when converting from map to odom
[component_container_isolated-2] [ERROR] [1789771107.231778503] [tf_help]: Data time: 104s 500000000ns, Transform time: 4s 296000000ns
[component_container_isolated-2] [ERROR] [1789771107.281677089] [tf_help]: Transform data too old when converting from map to odom
[component_container_isolated-2] [ERROR] [1789771107.281707360] [tf_help]: Data time: 104s 500000000ns, Transform time: 4s 296000000ns
[component_container_isolated-2] [ERROR] [1789771107.334504186] [tf_help]: Transform data too old when converting from map to odom
[component_container_isolated-2] [ERROR] [1789771107.334536359] [tf_help]: Data time: 104s 500000000ns, Transform time: 4s 296000000ns
[component_container_isolated-2] [ERROR] [1789771107.383994182] [tf_help]: Transform data too old when converting from map to odom
[component_container_isolated-2] [ERROR] [1789771107.384034520] [tf_help]: Data time: 104s 500000000ns, Transform time: 4s 296000000ns
[component_container_isolated-2] [ERROR] [1789771107.431736242] [tf_help]: Transform data too old when converting from map to odom
[component_container_isolated-2] [ERROR] [1789771107.431768101] [tf_help]: Data time: 104s 500000000ns, Transform time: 4s 296000000ns
[component_container_isolated-2] [ERROR] [1789771107.481410321] [tf_help]: Transform data too old when converting from map to odom
[component_container_isolated-2] [ERROR] [1789771107.481446449] [tf_help]: Data time: 104s 500000000ns, Transform time: 4s 296000000ns
[component_container_isolated-2] [ERROR] [1789771107.531593710] [tf_help]: Transform data too old when converting from map to odom
[component_container_isolated-2] [ERROR] [1789771107.531627288] [tf_help]: Data time: 104s 500000000ns, Transform time: 4s 296000000ns
[component_container_isolated-2] [ERROR] [1789771107.581593112] [tf_help]: Transform data too old when converting from map to odom
[component_container_isolated-2] [ERROR] [1789771107.581624318] [tf_help]: Data time: 104s 500000000ns, Transform time: 4s 296000000ns
[component_container_isolated-2] [ERROR] [1789771107.633367503] [tf_help]: Transform data too old when converting from map to odom
[component_container_isolated-2] [ERROR] [1789771107.633405934] [tf_help]: Data time: 104s 500000000ns, Transform time: 4s 296000000ns
[component_container_isolated-2] [ERROR] [1789771107.682879262] [tf_help]: Transform data too old when converting from map to odom
[component_container_isolated-2] [ERROR] [1789771107.682916084] [tf_help]: Data time: 104s 500000000ns, Transform time: 4s 296000000ns
[component_container_isolated-2] [ERROR] [1789771107.731805647] [tf_help]: Transform data too old when converting from map to odom
[component_container_isolated-2] [ERROR] [1789771107.731837379] [tf_help]: Data time: 104s 500000000ns, Transform time: 4s 296000000ns
[component_container_isolated-2] [ERROR] [1789771107.784692047] [tf_help]: Transform data too old when converting from map to odom
[component_container_isolated-2] [ERROR] [1789771107.784725636] [tf_help]: Data time: 104s 500000000ns, Transform time: 4s 296000000ns
[component_container_isolated-2] [ERROR] [1789771107.833591233] [tf_help]: Transform data too old when converting from map to odom
[component_container_isolated-2] [ERROR] [1789771107.833622338] [tf_help]: Data time: 104s 500000000ns, Transform time: 4s 296000000ns
[component_container_isolated-2] [ERROR] [1789771107.881656316] [tf_help]: Transform data too old when converting from map to odom
[component_container_isolated-2] [ERROR] [1789771107.881689283] [tf_help]: Data time: 104s 500000000ns, Transform time: 4s 296000000ns
[component_container_isolated-2] [ERROR] [1789771107.931879268] [tf_help]: Transform data too old when converting from map to odom
[component_container_isolated-2] [ERROR] [1789771107.931912456] [tf_help]: Data time: 104s 500000000ns, Transform time: 4s 296000000ns
[component_container_isolated-2] [ERROR] [1789771107.981658603] [tf_help]: Transform data too old when converting from map to odom
[component_container_isolated-2] [ERROR] [1789771107.981693265] [tf_help]: Data time: 104s 500000000ns, Transform time: 4s 296000000ns
[component_container_isolated-2] [ERROR] [1789771108.031585392] [tf_help]: Transform data too old when converting from map to odom
[component_container_isolated-2] [ERROR] [1789771108.031617216] [tf_help]: Data time: 104s 500000000ns, Transform time: 4s 296000000ns
[component_container_isolated-2] [ERROR] [1789771108.081708838] [tf_help]: Transform data too old when converting from map to odom
[component_container_isolated-2] [ERROR] [1789771108.081792356] [tf_help]: Data time: 104s 500000000ns, Transform time: 4s 296000000ns
[component_container_isolated-2] [ERROR] [1789771108.131765839] [tf_help]: Transform data too old when converting from map to odom
[component_container_isolated-2] [ERROR] [1789771108.131800939] [tf_help]: Data time: 104s 500000000ns, Transform time: 4s 296000000ns
[component_container_isolated-2] [ERROR] [1789771108.182357793] [tf_help]: Transform data too old when converting from map to odom
[component_container_isolated-2] [ERROR] [1789771108.182396953] [tf_help]: Data time: 104s 500000000ns, Transform time: 4s 296000000ns
[component_container_isolated-2] [ERROR] [1789771108.231906807] [tf_help]: Transform data too old when converting from map to odom
[component_container_isolated-2] [ERROR] [1789771108.231942815] [tf_help]: Data time: 104s 500000000ns, Transform time: 4s 296000000ns
[component_container_isolated-2] [INFO] [1789771108.276365239] [controller_server]: Passing new path to controller.
[component_container_isolated-2] [ERROR] [1789771108.281956360] [tf_help]: Transform data too old when converting from map to odom
[component_container_isolated-2] [ERROR] [1789771108.281981493] [tf_help]: Data time: 105s 400000000ns, Transform time: 4s 296000000ns
[component_container_isolated-2] [ERROR] [1789771108.332631991] [tf_help]: Transform data too old when converting from map to odom
[component_container_isolated-2] [ERROR] [1789771108.332670585] [tf_help]: Data time: 105s 400000000ns, Transform time: 4s 296000000ns
[component_container_isolated-2] [ERROR] [1789771108.381611666] [tf_help]: Transform data too old when converting from map to odom
[component_container_isolated-2] [ERROR] [1789771108.381640669] [tf_help]: Data time: 105s 400000000ns, Transform time: 4s 296000000ns
[component_container_isolated-2] [ERROR] [1789771108.433395208] [tf_help]: Transform data too old when converting from map to odom
[component_container_isolated-2] [ERROR] [1789771108.433438111] [tf_help]: Data time: 105s 400000000ns, Transform time: 4s 296000000ns
[component_container_isolated-2] [ERROR] [1789771108.481846444] [tf_help]: Transform data too old when converting from map to odom
[component_container_isolated-2] [ERROR] [1789771108.481885723] [tf_help]: Data time: 105s 400000000ns, Transform time: 4s 296000000ns
[component_container_isolated-2] [ERROR] [1789771108.531647131] [tf_help]: Transform data too old when converting from map to odom
[component_container_isolated-2] [ERROR] [1789771108.531681196] [tf_help]: Data time: 105s 400000000ns, Transform time: 4s 296000000ns
[component_container_isolated-2] [ERROR] [1789771108.581673991] [tf_help]: Transform data too old when converting from map to odom
[component_container_isolated-2] [ERROR] [1789771108.581712320] [tf_help]: Data time: 105s 400000000ns, Transform time: 4s 296000000ns
[component_container_isolated-2] [ERROR] [1789771108.631549617] [tf_help]: Transform data too old when converting from map to odom
[component_container_isolated-2] [ERROR] [1789771108.631580386] [tf_help]: Data time: 105s 400000000ns, Transform time: 4s 296000000ns
[component_container_isolated-2] [ERROR] [1789771108.682497938] [tf_help]: Transform data too old when converting from map to odom
[component_container_isolated-2] [ERROR] [1789771108.682549391] [tf_help]: Data time: 105s 400000000ns, Transform time: 4s 296000000ns
[component_container_isolated-2] [ERROR] [1789771108.732445036] [tf_help]: Transform data too old when converting from map to odom
[component_container_isolated-2] [ERROR] [1789771108.732478130] [tf_help]: Data time: 105s 400000000ns, Transform time: 4s 296000000ns
[component_container_isolated-2] [INFO] [1789771108.782380659] [controller_server]: [TG-MPPI] cycle time (compute_backend=cpu): 5.844 ms/cycle avg over 50 cycles
[component_container_isolated-2] [ERROR] [1789771108.782558093] [tf_help]: Transform data too old when converting from map to odom
[component_container_isolated-2] [ERROR] [1789771108.782580329] [tf_help]: Data time: 105s 400000000ns, Transform time: 4s 296000000ns
[component_container_isolated-2] [ERROR] [1789771108.831634583] [tf_help]: Transform data too old when converting from map to odom
[component_container_isolated-2] [ERROR] [1789771108.831678206] [tf_help]: Data time: 105s 400000000ns, Transform time: 4s 296000000ns
[component_container_isolated-2] [ERROR] [1789771108.881652666] [tf_help]: Transform data too old when converting from map to odom
[component_container_isolated-2] [ERROR] [1789771108.881683726] [tf_help]: Data time: 105s 400000000ns, Transform time: 4s 296000000ns
[component_container_isolated-2] [ERROR] [1789771108.933136717] [tf_help]: Transform data too old when converting from map to odom
[component_container_isolated-2] [ERROR] [1789771108.933167287] [tf_help]: Data time: 105s 400000000ns, Transform time: 4s 296000000ns
[component_container_isolated-2] [ERROR] [1789771108.981521240] [tf_help]: Transform data too old when converting from map to odom
[component_container_isolated-2] [ERROR] [1789771108.981552344] [tf_help]: Data time: 105s 400000000ns, Transform time: 4s 296000000ns
[component_container_isolated-2] [ERROR] [1789771109.032181340] [tf_help]: Transform data too old when converting from map to odom
[component_container_isolated-2] [ERROR] [1789771109.032216506] [tf_help]: Data time: 105s 400000000ns, Transform time: 4s 296000000ns
[component_container_isolated-2] [ERROR] [1789771109.082051763] [tf_help]: Transform data too old when converting from map to odom
[component_container_isolated-2] [ERROR] [1789771109.082092049] [tf_help]: Data time: 105s 400000000ns, Transform time: 4s 296000000ns
[component_container_isolated-2] [ERROR] [1789771109.132336985] [tf_help]: Transform data too old when converting from map to odom
[component_container_isolated-2] [ERROR] [1789771109.132374576] [tf_help]: Data time: 105s 400000000ns, Transform time: 4s 296000000ns
[component_container_isolated-2] [ERROR] [1789771109.181638522] [tf_help]: Transform data too old when converting from map to odom
[component_container_isolated-2] [ERROR] [1789771109.181669874] [tf_help]: Data time: 105s 400000000ns, Transform time: 4s 296000000ns
[component_container_isolated-2] [ERROR] [1789771109.231590758] [tf_help]: Transform data too old when converting from map to odom
[component_container_isolated-2] [ERROR] [1789771109.231627497] [tf_help]: Data time: 105s 400000000ns, Transform time: 4s 296000000ns
[component_container_isolated-2] [ERROR] [1789771109.282565048] [tf_help]: Transform data too old when converting from map to odom
[component_container_isolated-2] [ERROR] [1789771109.282605402] [tf_help]: Data time: 105s 400000000ns, Transform time: 4s 296000000ns
[component_container_isolated-2] [INFO] [1789771109.326342005] [controller_server]: Passing new path to controller.
[component_container_isolated-2] [ERROR] [1789771109.332362928] [tf_help]: Transform data too old when converting from map to odom
[component_container_isolated-2] [ERROR] [1789771109.332391586] [tf_help]: Data time: 106s 400000000ns, Transform time: 4s 296000000ns
[component_container_isolated-2] [ERROR] [1789771109.382428954] [tf_help]: Transform data too old when converting from map to odom
[component_container_isolated-2] [ERROR] [1789771109.382474604] [tf_help]: Data time: 106s 400000000ns, Transform time: 4s 296000000ns
[component_container_isolated-2] [ERROR] [1789771109.432888217] [tf_help]: Transform data too old when converting from map to odom
[component_container_isolated-2] [ERROR] [1789771109.432924078] [tf_help]: Data time: 106s 400000000ns, Transform time: 4s 296000000ns
[component_container_isolated-2] [ERROR] [1789771109.484724380] [tf_help]: Transform data too old when converting from map to odom
[component_container_isolated-2] [ERROR] [1789771109.484759397] [tf_help]: Data time: 106s 400000000ns, Transform time: 4s 296000000ns
[component_container_isolated-2] [ERROR] [1789771109.531779365] [tf_help]: Transform data too old when converting from map to odom
[component_container_isolated-2] [ERROR] [1789771109.531810373] [tf_help]: Data time: 106s 400000000ns, Transform time: 4s 296000000ns
[component_container_isolated-2] [ERROR] [1789771109.582006752] [tf_help]: Transform data too old when converting from map to odom
[component_container_isolated-2] [ERROR] [1789771109.582038567] [tf_help]: Data time: 106s 400000000ns, Transform time: 4s 296000000ns
[component_container_isolated-2] [ERROR] [1789771109.632672637] [tf_help]: Transform data too old when converting from map to odom
[component_container_isolated-2] [ERROR] [1789771109.632703123] [tf_help]: Data time: 106s 400000000ns, Transform time: 4s 296000000ns
[component_container_isolated-2] [ERROR] [1789771109.683462643] [tf_help]: Transform data too old when converting from map to odom
[component_container_isolated-2] [ERROR] [1789771109.683509532] [tf_help]: Data time: 106s 400000000ns, Transform time: 4s 296000000ns
[component_container_isolated-2] [ERROR] [1789771109.734265210] [tf_help]: Transform data too old when converting from map to odom
[component_container_isolated-2] [ERROR] [1789771109.734300664] [tf_help]: Data time: 106s 400000000ns, Transform time: 4s 296000000ns
[component_container_isolated-2] [ERROR] [1789771109.783347686] [tf_help]: Transform data too old when converting from map to odom
[component_container_isolated-2] [ERROR] [1789771109.783379483] [tf_help]: Data time: 106s 400000000ns, Transform time: 4s 296000000ns
[component_container_isolated-2] [ERROR] [1789771109.832580522] [tf_help]: Transform data too old when converting from map to odom
[component_container_isolated-2] [ERROR] [1789771109.832615557] [tf_help]: Data time: 106s 400000000ns, Transform time: 4s 296000000ns
[component_container_isolated-2] [ERROR] [1789771109.881750089] [tf_help]: Transform data too old when converting from map to odom
[component_container_isolated-2] [ERROR] [1789771109.881806799] [tf_help]: Data time: 106s 400000000ns, Transform time: 4s 296000000ns
[component_container_isolated-2] [ERROR] [1789771109.934046507] [tf_help]: Transform data too old when converting from map to odom
[component_container_isolated-2] [ERROR] [1789771109.934076912] [tf_help]: Data time: 106s 400000000ns, Transform time: 4s 296000000ns
[component_container_isolated-2] [ERROR] [1789771109.981924107] [tf_help]: Transform data too old when converting from map to odom
[component_container_isolated-2] [ERROR] [1789771109.981956073] [tf_help]: Data time: 106s 400000000ns, Transform time: 4s 296000000ns
[component_container_isolated-2] [ERROR] [1789771110.032398248] [tf_help]: Transform data too old when converting from map to odom
[component_container_isolated-2] [ERROR] [1789771110.032428034] [tf_help]: Data time: 106s 400000000ns, Transform time: 4s 296000000ns
[component_container_isolated-2] [ERROR] [1789771110.081550931] [tf_help]: Transform data too old when converting from map to odom
[component_container_isolated-2] [ERROR] [1789771110.081578321] [tf_help]: Data time: 106s 400000000ns, Transform time: 4s 296000000ns
[component_container_isolated-2] [ERROR] [1789771110.132736331] [tf_help]: Transform data too old when converting from map to odom
[component_container_isolated-2] [ERROR] [1789771110.132780907] [tf_help]: Data time: 106s 400000000ns, Transform time: 4s 296000000ns
[component_container_isolated-2] [ERROR] [1789771110.181760656] [tf_help]: Transform data too old when converting from map to odom
[component_container_isolated-2] [ERROR] [1789771110.181789641] [tf_help]: Data time: 106s 400000000ns, Transform time: 4s 296000000ns
[component_container_isolated-2] [ERROR] [1789771110.231541603] [tf_help]: Transform data too old when converting from map to odom
[component_container_isolated-2] [ERROR] [1789771110.231581297] [tf_help]: Data time: 106s 400000000ns, Transform time: 4s 296000000ns
[component_container_isolated-2] [ERROR] [1789771110.284087250] [tf_help]: Transform data too old when converting from map to odom
[component_container_isolated-2] [ERROR] [1789771110.284120042] [tf_help]: Data time: 106s 400000000ns, Transform time: 4s 296000000ns
[component_container_isolated-2] [INFO] [1789771110.326379653] [controller_server]: Passing new path to controller.
[component_container_isolated-2] [ERROR] [1789771110.331841677] [tf_help]: Transform data too old when converting from map to odom
[component_container_isolated-2] [ERROR] [1789771110.331863012] [tf_help]: Data time: 107s 300000000ns, Transform time: 4s 296000000ns
[component_container_isolated-2] [ERROR] [1789771110.381621951] [tf_help]: Transform data too old when converting from map to odom
[component_container_isolated-2] [ERROR] [1789771110.381654748] [tf_help]: Data time: 107s 300000000ns, Transform time: 4s 296000000ns
[component_container_isolated-2] [ERROR] [1789771110.431844693] [tf_help]: Transform data too old when converting from map to odom
[component_container_isolated-2] [ERROR] [1789771110.431876175] [tf_help]: Data time: 107s 300000000ns, Transform time: 4s 296000000ns
[component_container_isolated-2] [ERROR] [1789771110.483941634] [tf_help]: Transform data too old when converting from map to odom
[component_container_isolated-2] [ERROR] [1789771110.483976110] [tf_help]: Data time: 107s 300000000ns, Transform time: 4s 296000000ns
[component_container_isolated-2] [ERROR] [1789771110.534907201] [tf_help]: Transform data too old when converting from map to odom
[component_container_isolated-2] [ERROR] [1789771110.534965184] [tf_help]: Data time: 107s 300000000ns, Transform time: 4s 296000000ns
[component_container_isolated-2] [ERROR] [1789771110.581941799] [tf_help]: Transform data too old when converting from map to odom
[component_container_isolated-2] [ERROR] [1789771110.581975743] [tf_help]: Data time: 107s 300000000ns, Transform time: 4s 296000000ns
[component_container_isolated-2] [ERROR] [1789771110.631948803] [tf_help]: Transform data too old when converting from map to odom
[component_container_isolated-2] [ERROR] [1789771110.631982559] [tf_help]: Data time: 107s 300000000ns, Transform time: 4s 296000000ns
[component_container_isolated-2] [ERROR] [1789771110.684119589] [tf_help]: Transform data too old when converting from map to odom
[component_container_isolated-2] [ERROR] [1789771110.684160549] [tf_help]: Data time: 107s 300000000ns, Transform time: 4s 296000000ns
[component_container_isolated-2] [ERROR] [1789771110.735035571] [tf_help]: Transform data too old when converting from map to odom
[component_container_isolated-2] [ERROR] [1789771110.735074695] [tf_help]: Data time: 107s 300000000ns, Transform time: 4s 296000000ns
[component_container_isolated-2] [ERROR] [1789771110.784254809] [tf_help]: Transform data too old when converting from map to odom
[component_container_isolated-2] [ERROR] [1789771110.784292565] [tf_help]: Data time: 107s 300000000ns, Transform time: 4s 296000000ns
[component_container_isolated-2] [ERROR] [1789771110.831630345] [tf_help]: Transform data too old when converting from map to odom
[component_container_isolated-2] [ERROR] [1789771110.831672331] [tf_help]: Data time: 107s 300000000ns, Transform time: 4s 296000000ns
[component_container_isolated-2] [ERROR] [1789771110.881764397] [tf_help]: Transform data too old when converting from map to odom
[component_container_isolated-2] [ERROR] [1789771110.881812876] [tf_help]: Data time: 107s 300000000ns, Transform time: 4s 296000000ns
[component_container_isolated-2] [ERROR] [1789771110.932415714] [tf_help]: Transform data too old when converting from map to odom
[component_container_isolated-2] [ERROR] [1789771110.932461866] [tf_help]: Data time: 107s 300000000ns, Transform time: 4s 296000000ns
[component_container_isolated-2] [ERROR] [1789771110.976394784] [controller_server]: Failed to make progress
[component_container_isolated-2] [WARN] [1789771110.976456008] [controller_server]: [follow_path] [ActionServer] Aborting handle.
[component_container_isolated-2] [INFO] [1789771110.995901620] [local_costmap.local_costmap]: Received request to clear entirely the local_costmap
[component_container_isolated-2] [INFO] [1789771110.996326651] [controller_server]: Received a goal, begin computing control effort.
[component_container_isolated-2] [ERROR] [1789771111.043493382] [tf_help]: Transform data too old when converting from map to odom
[component_container_isolated-2] [ERROR] [1789771111.043531096] [tf_help]: Data time: 107s 300000000ns, Transform time: 4s 296000000ns
[component_container_isolated-2] [ERROR] [1789771111.053024575] [tf_help]: Transform data too old when converting from map to odom
[component_container_isolated-2] [ERROR] [1789771111.053047834] [tf_help]: Data time: 107s 300000000ns, Transform time: 4s 296000000ns
[component_container_isolated-2] [ERROR] [1789771111.102575638] [tf_help]: Transform data too old when converting from map to odom
[component_container_isolated-2] [ERROR] [1789771111.102607708] [tf_help]: Data time: 107s 300000000ns, Transform time: 4s 296000000ns
[component_container_isolated-2] [ERROR] [1789771111.154574713] [tf_help]: Transform data too old when converting from map to odom
[component_container_isolated-2] [ERROR] [1789771111.154613546] [tf_help]: Data time: 107s 300000000ns, Transform time: 4s 296000000ns
[component_container_isolated-2] [ERROR] [1789771111.205207050] [tf_help]: Transform data too old when converting from map to odom
[component_container_isolated-2] [ERROR] [1789771111.205239675] [tf_help]: Data time: 107s 300000000ns, Transform time: 4s 296000000ns
[component_container_isolated-2] [ERROR] [1789771111.252971937] [tf_help]: Transform data too old when converting from map to odom
[component_container_isolated-2] [ERROR] [1789771111.253005452] [tf_help]: Data time: 107s 300000000ns, Transform time: 4s 296000000ns
[component_container_isolated-2] [INFO] [1789771111.303020789] [controller_server]: [TG-MPPI] cycle time (compute_backend=cpu): 5.991 ms/cycle avg over 50 cycles
[component_container_isolated-2] [ERROR] [1789771111.303185150] [tf_help]: Transform data too old when converting from map to odom
[component_container_isolated-2] [ERROR] [1789771111.303206796] [tf_help]: Data time: 107s 300000000ns, Transform time: 4s 296000000ns
[component_container_isolated-2] [INFO] [1789771111.346486006] [controller_server]: Passing new path to controller.
[component_container_isolated-2] [ERROR] [1789771111.351748649] [tf_help]: Transform data too old when converting from map to odom
[component_container_isolated-2] [ERROR] [1789771111.351786926] [tf_help]: Data time: 108s 300000000ns, Transform time: 4s 296000000ns
[component_container_isolated-2] [ERROR] [1789771111.402114150] [tf_help]: Transform data too old when converting from map to odom
[component_container_isolated-2] [ERROR] [1789771111.402149078] [tf_help]: Data time: 108s 300000000ns, Transform time: 4s 296000000ns
[component_container_isolated-2] [ERROR] [1789771111.452997009] [tf_help]: Transform data too old when converting from map to odom
[component_container_isolated-2] [ERROR] [1789771111.453032667] [tf_help]: Data time: 108s 300000000ns, Transform time: 4s 296000000ns
[component_container_isolated-2] [ERROR] [1789771111.502814134] [tf_help]: Transform data too old when converting from map to odom
[component_container_isolated-2] [ERROR] [1789771111.502845760] [tf_help]: Data time: 108s 300000000ns, Transform time: 4s 296000000ns
[component_container_isolated-2] [ERROR] [1789771111.551713723] [tf_help]: Transform data too old when converting from map to odom
[component_container_isolated-2] [ERROR] [1789771111.551746046] [tf_help]: Data time: 108s 300000000ns, Transform time: 4s 296000000ns
[component_container_isolated-2] [ERROR] [1789771111.606267619] [tf_help]: Transform data too old when converting from map to odom
[component_container_isolated-2] [ERROR] [1789771111.606300498] [tf_help]: Data time: 108s 300000000ns, Transform time: 4s 296000000ns
[component_container_isolated-2] [ERROR] [1789771111.651643730] [tf_help]: Transform data too old when converting from map to odom
[component_container_isolated-2] [ERROR] [1789771111.651674951] [tf_help]: Data time: 108s 300000000ns, Transform time: 4s 296000000ns
[component_container_isolated-2] [ERROR] [1789771111.701713465] [tf_help]: Transform data too old when converting from map to odom
[component_container_isolated-2] [ERROR] [1789771111.701746976] [tf_help]: Data time: 108s 300000000ns, Transform time: 4s 296000000ns
[component_container_isolated-2] [ERROR] [1789771111.751924822] [tf_help]: Transform data too old when converting from map to odom
[component_container_isolated-2] [ERROR] [1789771111.751956673] [tf_help]: Data time: 108s 300000000ns, Transform time: 4s 296000000ns
[component_container_isolated-2] [ERROR] [1789771111.806692303] [tf_help]: Transform data too old when converting from map to odom
[component_container_isolated-2] [ERROR] [1789771111.806739535] [tf_help]: Data time: 108s 300000000ns, Transform time: 4s 296000000ns
[component_container_isolated-2] [ERROR] [1789771111.855794986] [tf_help]: Transform data too old when converting from map to odom
[component_container_isolated-2] [ERROR] [1789771111.855827839] [tf_help]: Data time: 108s 300000000ns, Transform time: 4s 296000000ns
[component_container_isolated-2] [ERROR] [1789771111.902095578] [tf_help]: Transform data too old when converting from map to odom
[component_container_isolated-2] [ERROR] [1789771111.902132271] [tf_help]: Data time: 108s 300000000ns, Transform time: 4s 296000000ns
[component_container_isolated-2] [ERROR] [1789771111.951811528] [tf_help]: Transform data too old when converting from map to odom
[component_container_isolated-2] [ERROR] [1789771111.951844197] [tf_help]: Data time: 108s 300000000ns, Transform time: 4s 296000000ns
[component_container_isolated-2] [ERROR] [1789771112.001739087] [tf_help]: Transform data too old when converting from map to odom
[component_container_isolated-2] [ERROR] [1789771112.001775463] [tf_help]: Data time: 108s 300000000ns, Transform time: 4s 296000000ns
[component_container_isolated-2] [ERROR] [1789771112.052155928] [tf_help]: Transform data too old when converting from map to odom
[component_container_isolated-2] [ERROR] [1789771112.052187253] [tf_help]: Data time: 108s 300000000ns, Transform time: 4s 296000000ns
[component_container_isolated-2] [ERROR] [1789771112.102089546] [tf_help]: Transform data too old when converting from map to odom
[component_container_isolated-2] [ERROR] [1789771112.102124885] [tf_help]: Data time: 108s 300000000ns, Transform time: 4s 296000000ns
[component_container_isolated-2] [ERROR] [1789771112.151752641] [tf_help]: Transform data too old when converting from map to odom
[component_container_isolated-2] [ERROR] [1789771112.151791654] [tf_help]: Data time: 108s 300000000ns, Transform time: 4s 296000000ns
[component_container_isolated-2] [ERROR] [1789771112.202737842] [tf_help]: Transform data too old when converting from map to odom
[component_container_isolated-2] [ERROR] [1789771112.202771406] [tf_help]: Data time: 108s 300000000ns, Transform time: 4s 296000000ns
[component_container_isolated-2] [ERROR] [1789771112.253251313] [tf_help]: Transform data too old when converting from map to odom
[component_container_isolated-2] [ERROR] [1789771112.253282929] [tf_help]: Data time: 108s 300000000ns, Transform time: 4s 296000000ns
[component_container_isolated-2] [ERROR] [1789771112.302703771] [tf_help]: Transform data too old when converting from map to odom
[component_container_isolated-2] [ERROR] [1789771112.302742280] [tf_help]: Data time: 108s 300000000ns, Transform time: 4s 296000000ns
[component_container_isolated-2] [ERROR] [1789771112.351976292] [tf_help]: Transform data too old when converting from map to odom
[component_container_isolated-2] [ERROR] [1789771112.352017063] [tf_help]: Data time: 108s 300000000ns, Transform time: 4s 296000000ns
[component_container_isolated-2] [INFO] [1789771112.396483341] [controller_server]: Passing new path to controller.
[component_container_isolated-2] [ERROR] [1789771112.401904303] [tf_help]: Transform data too old when converting from map to odom
[component_container_isolated-2] [ERROR] [1789771112.401929069] [tf_help]: Data time: 109s 100000000ns, Transform time: 4s 296000000ns
[component_container_isolated-2] [ERROR] [1789771112.452966545] [tf_help]: Transform data too old when converting from map to odom
[component_container_isolated-2] [ERROR] [1789771112.453002516] [tf_help]: Data time: 109s 100000000ns, Transform time: 4s 296000000ns
[component_container_isolated-2] [ERROR] [1789771112.502632278] [tf_help]: Transform data too old when converting from map to odom
[component_container_isolated-2] [ERROR] [1789771112.502664536] [tf_help]: Data time: 109s 100000000ns, Transform time: 4s 296000000ns
[component_container_isolated-2] [ERROR] [1789771112.553318296] [tf_help]: Transform data too old when converting from map to odom
[component_container_isolated-2] [ERROR] [1789771112.553346488] [tf_help]: Data time: 109s 100000000ns, Transform time: 4s 296000000ns
[component_container_isolated-2] [ERROR] [1789771112.604191027] [tf_help]: Transform data too old when converting from map to odom
[component_container_isolated-2] [ERROR] [1789771112.604230607] [tf_help]: Data time: 109s 100000000ns, Transform time: 4s 296000000ns
[component_container_isolated-2] [ERROR] [1789771112.656301699] [tf_help]: Transform data too old when converting from map to odom
[component_container_isolated-2] [ERROR] [1789771112.656350493] [tf_help]: Data time: 109s 100000000ns, Transform time: 4s 296000000ns
[component_container_isolated-2] [ERROR] [1789771112.703303722] [tf_help]: Transform data too old when converting from map to odom
[component_container_isolated-2] [ERROR] [1789771112.703347646] [tf_help]: Data time: 109s 100000000ns, Transform time: 4s 296000000ns
[component_container_isolated-2] [ERROR] [1789771112.751875664] [tf_help]: Transform data too old when converting from map to odom
[component_container_isolated-2] [ERROR] [1789771112.751910514] [tf_help]: Data time: 109s 100000000ns, Transform time: 4s 296000000ns
[component_container_isolated-2] [ERROR] [1789771112.803720393] [tf_help]: Transform data too old when converting from map to odom
[component_container_isolated-2] [ERROR] [1789771112.803753400] [tf_help]: Data time: 109s 100000000ns, Transform time: 4s 296000000ns
[component_container_isolated-2] [ERROR] [1789771112.853274783] [tf_help]: Transform data too old when converting from map to odom
[component_container_isolated-2] [ERROR] [1789771112.853323356] [tf_help]: Data time: 109s 100000000ns, Transform time: 4s 296000000ns
[component_container_isolated-2] [ERROR] [1789771112.906365203] [tf_help]: Transform data too old when converting from map to odom
[component_container_isolated-2] [ERROR] [1789771112.906410926] [tf_help]: Data time: 109s 100000000ns, Transform time: 4s 296000000ns
[component_container_isolated-2] [ERROR] [1789771112.952364252] [tf_help]: Transform data too old when converting from map to odom
[component_container_isolated-2] [ERROR] [1789771112.952400622] [tf_help]: Data time: 109s 100000000ns, Transform time: 4s 296000000ns
[component_container_isolated-2] [ERROR] [1789771113.001926524] [tf_help]: Transform data too old when converting from map to odom
[component_container_isolated-2] [ERROR] [1789771113.001960006] [tf_help]: Data time: 109s 100000000ns, Transform time: 4s 296000000ns
[component_container_isolated-2] [ERROR] [1789771113.051858956] [tf_help]: Transform data too old when converting from map to odom
[component_container_isolated-2] [ERROR] [1789771113.051902486] [tf_help]: Data time: 109s 100000000ns, Transform time: 4s 296000000ns
[component_container_isolated-2] [ERROR] [1789771113.101715565] [tf_help]: Transform data too old when converting from map to odom
[component_container_isolated-2] [ERROR] [1789771113.101745543] [tf_help]: Data time: 109s 100000000ns, Transform time: 4s 296000000ns
[ground_truth_localizer-1] [INFO] [1789771113.119394745] [ground_truth_localizer]: last 10 s: ground truth msgs 294, map->odom published 294 (287 via latest odom TF)
[component_container_isolated-2] [ERROR] [1789771113.151725903] [tf_help]: Transform data too old when converting from map to odom
[component_container_isolated-2] [ERROR] [1789771113.151762747] [tf_help]: Data time: 109s 100000000ns, Transform time: 4s 296000000ns
[component_container_isolated-2] [ERROR] [1789771113.201614783] [tf_help]: Transform data too old when converting from map to odom
[component_container_isolated-2] [ERROR] [1789771113.201644830] [tf_help]: Data time: 109s 100000000ns, Transform time: 4s 296000000ns
[component_container_isolated-2] [ERROR] [1789771113.251891094] [tf_help]: Transform data too old when converting from map to odom
[component_container_isolated-2] [ERROR] [1789771113.251924288] [tf_help]: Data time: 109s 100000000ns, Transform time: 4s 296000000ns
[component_container_isolated-2] [ERROR] [1789771113.301816324] [tf_help]: Transform data too old when converting from map to odom
[component_container_isolated-2] [ERROR] [1789771113.301850313] [tf_help]: Data time: 109s 100000000ns, Transform time: 4s 296000000ns
[component_container_isolated-2] [ERROR] [1789771113.351879648] [tf_help]: Transform data too old when converting from map to odom
[component_container_isolated-2] [ERROR] [1789771113.351912980] [tf_help]: Data time: 109s 100000000ns, Transform time: 4s 296000000ns
[component_container_isolated-2] [ERROR] [1789771113.402950519] [tf_help]: Transform data too old when converting from map to odom
[component_container_isolated-2] [ERROR] [1789771113.402999309] [tf_help]: Data time: 109s 100000000ns, Transform time: 4s 296000000ns
[component_container_isolated-2] [INFO] [1789771113.447621454] [controller_server]: Passing new path to controller.
[component_container_isolated-2] [ERROR] [1789771113.453218835] [tf_help]: Transform data too old when converting from map to odom
[component_container_isolated-2] [ERROR] [1789771113.453241159] [tf_help]: Data time: 110s 200000000ns, Transform time: 4s 296000000ns
[component_container_isolated-2] [ERROR] [1789771113.502373696] [tf_help]: Transform data too old when converting from map to odom
[component_container_isolated-2] [ERROR] [1789771113.502411164] [tf_help]: Data time: 110s 200000000ns, Transform time: 4s 296000000ns
[component_container_isolated-2] [ERROR] [1789771113.552520870] [tf_help]: Transform data too old when converting from map to odom
[component_container_isolated-2] [ERROR] [1789771113.552552857] [tf_help]: Data time: 110s 200000000ns, Transform time: 4s 296000000ns
[component_container_isolated-2] [ERROR] [1789771113.603047250] [tf_help]: Transform data too old when converting from map to odom
[component_container_isolated-2] [ERROR] [1789771113.603074320] [tf_help]: Data time: 110s 200000000ns, Transform time: 4s 296000000ns
[component_container_isolated-2] [ERROR] [1789771113.652941623] [tf_help]: Transform data too old when converting from map to odom
[component_container_isolated-2] [ERROR] [1789771113.652973699] [tf_help]: Data time: 110s 200000000ns, Transform time: 4s 296000000ns
[component_container_isolated-2] [ERROR] [1789771113.702573426] [tf_help]: Transform data too old when converting from map to odom
[component_container_isolated-2] [ERROR] [1789771113.702618845] [tf_help]: Data time: 110s 200000000ns, Transform time: 4s 296000000ns
[component_container_isolated-2] [ERROR] [1789771113.753014466] [tf_help]: Transform data too old when converting from map to odom
[component_container_isolated-2] [ERROR] [1789771113.753048971] [tf_help]: Data time: 110s 200000000ns, Transform time: 4s 296000000ns
[component_container_isolated-2] [INFO] [1789771113.802615221] [controller_server]: [TG-MPPI] cycle time (compute_backend=cpu): 5.753 ms/cycle avg over 50 cycles
[component_container_isolated-2] [ERROR] [1789771113.802761761] [tf_help]: Transform data too old when converting from map to odom
[component_container_isolated-2] [ERROR] [1789771113.802779830] [tf_help]: Data time: 110s 200000000ns, Transform time: 4s 296000000ns
[component_container_isolated-2] [ERROR] [1789771113.852391769] [tf_help]: Transform data too old when converting from map to odom
[component_container_isolated-2] [ERROR] [1789771113.852424949] [tf_help]: Data time: 110s 200000000ns, Transform time: 4s 296000000ns
[component_container_isolated-2] [ERROR] [1789771113.901889191] [tf_help]: Transform data too old when converting from map to odom
[component_container_isolated-2] [ERROR] [1789771113.901922403] [tf_help]: Data time: 110s 200000000ns, Transform time: 4s 296000000ns
[component_container_isolated-2] [ERROR] [1789771113.951731837] [tf_help]: Transform data too old when converting from map to odom
[component_container_isolated-2] [ERROR] [1789771113.951762489] [tf_help]: Data time: 110s 200000000ns, Transform time: 4s 296000000ns
[component_container_isolated-2] [ERROR] [1789771114.001712981] [tf_help]: Transform data too old when converting from map to odom
[component_container_isolated-2] [ERROR] [1789771114.001744379] [tf_help]: Data time: 110s 200000000ns, Transform time: 4s 296000000ns
[component_container_isolated-2] [ERROR] [1789771114.051923535] [tf_help]: Transform data too old when converting from map to odom
[component_container_isolated-2] [ERROR] [1789771114.051955566] [tf_help]: Data time: 110s 200000000ns, Transform time: 4s 296000000ns
[component_container_isolated-2] [ERROR] [1789771114.101757572] [tf_help]: Transform data too old when converting from map to odom
[component_container_isolated-2] [ERROR] [1789771114.101792069] [tf_help]: Data time: 110s 200000000ns, Transform time: 4s 296000000ns
[component_container_isolated-2] [ERROR] [1789771114.151755162] [tf_help]: Transform data too old when converting from map to odom
[component_container_isolated-2] [ERROR] [1789771114.151787860] [tf_help]: Data time: 110s 200000000ns, Transform time: 4s 296000000ns
[component_container_isolated-2] [ERROR] [1789771114.201940305] [tf_help]: Transform data too old when converting from map to odom
[component_container_isolated-2] [ERROR] [1789771114.201972071] [tf_help]: Data time: 110s 200000000ns, Transform time: 4s 296000000ns
[component_container_isolated-2] [ERROR] [1789771114.252816188] [tf_help]: Transform data too old when converting from map to odom
[component_container_isolated-2] [ERROR] [1789771114.252850309] [tf_help]: Data time: 110s 200000000ns, Transform time: 4s 296000000ns
[component_container_isolated-2] [ERROR] [1789771114.301593477] [tf_help]: Transform data too old when converting from map to odom
[component_container_isolated-2] [ERROR] [1789771114.301626347] [tf_help]: Data time: 110s 200000000ns, Transform time: 4s 296000000ns
[component_container_isolated-2] [ERROR] [1789771114.352965298] [tf_help]: Transform data too old when converting from map to odom
[component_container_isolated-2] [ERROR] [1789771114.352999936] [tf_help]: Data time: 110s 200000000ns, Transform time: 4s 296000000ns
[component_container_isolated-2] [ERROR] [1789771114.403158968] [tf_help]: Transform data too old when converting from map to odom
[component_container_isolated-2] [ERROR] [1789771114.403191539] [tf_help]: Data time: 110s 200000000ns, Transform time: 4s 296000000ns
[component_container_isolated-2] [INFO] [1789771114.446473257] [controller_server]: Passing new path to controller.
[component_container_isolated-2] [ERROR] [1789771114.452937290] [tf_help]: Transform data too old when converting from map to odom
[component_container_isolated-2] [ERROR] [1789771114.452958178] [tf_help]: Data time: 111s 100000000ns, Transform time: 4s 296000000ns
[component_container_isolated-2] [ERROR] [1789771114.502892145] [tf_help]: Transform data too old when converting from map to odom
[component_container_isolated-2] [ERROR] [1789771114.502925862] [tf_help]: Data time: 111s 100000000ns, Transform time: 4s 296000000ns
[component_container_isolated-2] [ERROR] [1789771114.553292187] [tf_help]: Transform data too old when converting from map to odom
[component_container_isolated-2] [ERROR] [1789771114.553330741] [tf_help]: Data time: 111s 100000000ns, Transform time: 4s 296000000ns
[component_container_isolated-2] [ERROR] [1789771114.603212506] [tf_help]: Transform data too old when converting from map to odom
[component_container_isolated-2] [ERROR] [1789771114.603245193] [tf_help]: Data time: 111s 100000000ns, Transform time: 4s 296000000ns
[component_container_isolated-2] [ERROR] [1789771114.653259088] [tf_help]: Transform data too old when converting from map to odom
[component_container_isolated-2] [ERROR] [1789771114.653289753] [tf_help]: Data time: 111s 100000000ns, Transform time: 4s 296000000ns
[component_container_isolated-2] [ERROR] [1789771114.702393306] [tf_help]: Transform data too old when converting from map to odom
[component_container_isolated-2] [ERROR] [1789771114.702423531] [tf_help]: Data time: 111s 100000000ns, Transform time: 4s 296000000ns
[component_container_isolated-2] [ERROR] [1789771114.751885633] [tf_help]: Transform data too old when converting from map to odom
[component_container_isolated-2] [ERROR] [1789771114.751927568] [tf_help]: Data time: 111s 100000000ns, Transform time: 4s 296000000ns
[component_container_isolated-2] [ERROR] [1789771114.802766719] [tf_help]: Transform data too old when converting from map to odom
[component_container_isolated-2] [ERROR] [1789771114.802795833] [tf_help]: Data time: 111s 100000000ns, Transform time: 4s 296000000ns
[component_container_isolated-2] [ERROR] [1789771114.853151033] [tf_help]: Transform data too old when converting from map to odom
[component_container_isolated-2] [ERROR] [1789771114.853185507] [tf_help]: Data time: 111s 100000000ns, Transform time: 4s 296000000ns
[component_container_isolated-2] [ERROR] [1789771114.901637288] [tf_help]: Transform data too old when converting from map to odom
[component_container_isolated-2] [ERROR] [1789771114.901673603] [tf_help]: Data time: 111s 100000000ns, Transform time: 4s 296000000ns
[component_container_isolated-2] [ERROR] [1789771114.951888214] [tf_help]: Transform data too old when converting from map to odom
[component_container_isolated-2] [ERROR] [1789771114.951922848] [tf_help]: Data time: 111s 100000000ns, Transform time: 4s 296000000ns
[component_container_isolated-2] [ERROR] [1789771115.002088605] [tf_help]: Transform data too old when converting from map to odom
[component_container_isolated-2] [ERROR] [1789771115.002125213] [tf_help]: Data time: 111s 100000000ns, Transform time: 4s 296000000ns
[component_container_isolated-2] [ERROR] [1789771115.051645299] [tf_help]: Transform data too old when converting from map to odom
[component_container_isolated-2] [ERROR] [1789771115.051676875] [tf_help]: Data time: 111s 100000000ns, Transform time: 4s 296000000ns
[component_container_isolated-2] [ERROR] [1789771115.101858941] [tf_help]: Transform data too old when converting from map to odom
[component_container_isolated-2] [ERROR] [1789771115.101891604] [tf_help]: Data time: 111s 100000000ns, Transform time: 4s 296000000ns
[component_container_isolated-2] [ERROR] [1789771115.151648237] [tf_help]: Transform data too old when converting from map to odom
[component_container_isolated-2] [ERROR] [1789771115.151681858] [tf_help]: Data time: 111s 100000000ns, Transform time: 4s 296000000ns
[component_container_isolated-2] [ERROR] [1789771115.201590434] [tf_help]: Transform data too old when converting from map to odom
[component_container_isolated-2] [ERROR] [1789771115.201622942] [tf_help]: Data time: 111s 100000000ns, Transform time: 4s 296000000ns
[component_container_isolated-2] [ERROR] [1789771115.252028125] [tf_help]: Transform data too old when converting from map to odom
[component_container_isolated-2] [ERROR] [1789771115.252058428] [tf_help]: Data time: 111s 100000000ns, Transform time: 4s 296000000ns
[component_container_isolated-2] [ERROR] [1789771115.302031965] [tf_help]: Transform data too old when converting from map to odom
[component_container_isolated-2] [ERROR] [1789771115.302071015] [tf_help]: Data time: 111s 100000000ns, Transform time: 4s 296000000ns
[component_container_isolated-2] [ERROR] [1789771115.351792656] [tf_help]: Transform data too old when converting from map to odom
[component_container_isolated-2] [ERROR] [1789771115.351828438] [tf_help]: Data time: 111s 100000000ns, Transform time: 4s 296000000ns
[component_container_isolated-2] [ERROR] [1789771115.401923315] [tf_help]: Transform data too old when converting from map to odom
[component_container_isolated-2] [ERROR] [1789771115.401954947] [tf_help]: Data time: 111s 100000000ns, Transform time: 4s 296000000ns
[component_container_isolated-2] [ERROR] [1789771115.451617372] [tf_help]: Transform data too old when converting from map to odom
[component_container_isolated-2] [ERROR] [1789771115.451655225] [tf_help]: Data time: 111s 100000000ns, Transform time: 4s 296000000ns
[component_container_isolated-2] [INFO] [1789771115.496508694] [controller_server]: Passing new path to controller.
[component_container_isolated-2] [ERROR] [1789771115.502101174] [tf_help]: Transform data too old when converting from map to odom
[component_container_isolated-2] [ERROR] [1789771115.502124523] [tf_help]: Data time: 112s 100000000ns, Transform time: 4s 296000000ns
[component_container_isolated-2] [ERROR] [1789771115.551704488] [tf_help]: Transform data too old when converting from map to odom
[component_container_isolated-2] [ERROR] [1789771115.551735509] [tf_help]: Data time: 112s 100000000ns, Transform time: 4s 296000000ns
[component_container_isolated-2] [ERROR] [1789771115.602553840] [tf_help]: Transform data too old when converting from map to odom
[component_container_isolated-2] [ERROR] [1789771115.602591667] [tf_help]: Data time: 112s 100000000ns, Transform time: 4s 296000000ns
[component_container_isolated-2] [ERROR] [1789771115.655872333] [tf_help]: Transform data too old when converting from map to odom
[component_container_isolated-2] [ERROR] [1789771115.655920436] [tf_help]: Data time: 112s 100000000ns, Transform time: 4s 296000000ns
[component_container_isolated-2] [ERROR] [1789771115.705179447] [tf_help]: Transform data too old when converting from map to odom
[component_container_isolated-2] [ERROR] [1789771115.705212038] [tf_help]: Data time: 112s 100000000ns, Transform time: 4s 296000000ns
[component_container_isolated-2] [ERROR] [1789771115.752117146] [tf_help]: Transform data too old when converting from map to odom
[component_container_isolated-2] [ERROR] [1789771115.752164618] [tf_help]: Data time: 112s 100000000ns, Transform time: 4s 296000000ns
[component_container_isolated-2] [ERROR] [1789771115.801743697] [tf_help]: Transform data too old when converting from map to odom
[component_container_isolated-2] [ERROR] [1789771115.801774265] [tf_help]: Data time: 112s 100000000ns, Transform time: 4s 296000000ns
[component_container_isolated-2] [ERROR] [1789771115.852195715] [tf_help]: Transform data too old when converting from map to odom
[component_container_isolated-2] [ERROR] [1789771115.852226152] [tf_help]: Data time: 112s 100000000ns, Transform time: 4s 296000000ns
[component_container_isolated-2] [ERROR] [1789771115.901654230] [tf_help]: Transform data too old when converting from map to odom
[component_container_isolated-2] [ERROR] [1789771115.901686414] [tf_help]: Data time: 112s 100000000ns, Transform time: 4s 296000000ns
[component_container_isolated-2] [ERROR] [1789771115.951669939] [tf_help]: Transform data too old when converting from map to odom
[component_container_isolated-2] [ERROR] [1789771115.951701756] [tf_help]: Data time: 112s 100000000ns, Transform time: 4s 296000000ns
[component_container_isolated-2] [ERROR] [1789771116.001879155] [tf_help]: Transform data too old when converting from map to odom
[component_container_isolated-2] [ERROR] [1789771116.001920113] [tf_help]: Data time: 112s 100000000ns, Transform time: 4s 296000000ns
[component_container_isolated-2] [ERROR] [1789771116.051577734] [tf_help]: Transform data too old when converting from map to odom
[component_container_isolated-2] [ERROR] [1789771116.051608473] [tf_help]: Data time: 112s 100000000ns, Transform time: 4s 296000000ns
[component_container_isolated-2] [ERROR] [1789771116.101961793] [tf_help]: Transform data too old when converting from map to odom
[component_container_isolated-2] [ERROR] [1789771116.101992971] [tf_help]: Data time: 112s 100000000ns, Transform time: 4s 296000000ns
[component_container_isolated-2] [ERROR] [1789771116.153058984] [tf_help]: Transform data too old when converting from map to odom
[component_container_isolated-2] [ERROR] [1789771116.153095500] [tf_help]: Data time: 112s 100000000ns, Transform time: 4s 296000000ns
[component_container_isolated-2] [ERROR] [1789771116.201599737] [tf_help]: Transform data too old when converting from map to odom
[component_container_isolated-2] [ERROR] [1789771116.201631832] [tf_help]: Data time: 112s 100000000ns, Transform time: 4s 296000000ns
[component_container_isolated-2] [ERROR] [1789771116.251848110] [tf_help]: Transform data too old when converting from map to odom
[component_container_isolated-2] [ERROR] [1789771116.251878583] [tf_help]: Data time: 112s 100000000ns, Transform time: 4s 296000000ns
[component_container_isolated-2] [INFO] [1789771116.301707641] [controller_server]: [TG-MPPI] cycle time (compute_backend=cpu): 5.308 ms/cycle avg over 50 cycles
[component_container_isolated-2] [ERROR] [1789771116.301888192] [tf_help]: Transform data too old when converting from map to odom
[component_container_isolated-2] [ERROR] [1789771116.301911699] [tf_help]: Data time: 112s 100000000ns, Transform time: 4s 296000000ns
[component_container_isolated-2] [ERROR] [1789771116.351933775] [tf_help]: Transform data too old when converting from map to odom
[component_container_isolated-2] [ERROR] [1789771116.351968636] [tf_help]: Data time: 112s 100000000ns, Transform time: 4s 296000000ns
[component_container_isolated-2] [ERROR] [1789771116.402090160] [tf_help]: Transform data too old when converting from map to odom
[component_container_isolated-2] [ERROR] [1789771116.402122780] [tf_help]: Data time: 112s 100000000ns, Transform time: 4s 296000000ns
[component_container_isolated-2] [ERROR] [1789771116.454006368] [tf_help]: Transform data too old when converting from map to odom
[component_container_isolated-2] [ERROR] [1789771116.454037522] [tf_help]: Data time: 112s 100000000ns, Transform time: 4s 296000000ns
[component_container_isolated-2] [INFO] [1789771116.496491998] [controller_server]: Passing new path to controller.
[component_container_isolated-2] [ERROR] [1789771116.502104448] [tf_help]: Transform data too old when converting from map to odom
[component_container_isolated-2] [ERROR] [1789771116.502139598] [tf_help]: Data time: 113s 0ns, Transform time: 4s 296000000ns
[component_container_isolated-2] [ERROR] [1789771116.551653315] [tf_help]: Transform data too old when converting from map to odom
[component_container_isolated-2] [ERROR] [1789771116.551689453] [tf_help]: Data time: 113s 0ns, Transform time: 4s 296000000ns
[component_container_isolated-2] [ERROR] [1789771116.602121235] [tf_help]: Transform data too old when converting from map to odom
[component_container_isolated-2] [ERROR] [1789771116.602156762] [tf_help]: Data time: 113s 0ns, Transform time: 4s 296000000ns
[component_container_isolated-2] [ERROR] [1789771116.652575316] [tf_help]: Transform data too old when converting from map to odom
[component_container_isolated-2] [ERROR] [1789771116.652610307] [tf_help]: Data time: 113s 0ns, Transform time: 4s 296000000ns
[component_container_isolated-2] [ERROR] [1789771116.701584323] [tf_help]: Transform data too old when converting from map to odom
[component_container_isolated-2] [ERROR] [1789771116.701617964] [tf_help]: Data time: 113s 0ns, Transform time: 4s 296000000ns
[component_container_isolated-2] [ERROR] [1789771116.752698650] [tf_help]: Transform data too old when converting from map to odom
[component_container_isolated-2] [ERROR] [1789771116.752757515] [tf_help]: Data time: 113s 0ns, Transform time: 4s 296000000ns
[component_container_isolated-2] [ERROR] [1789771116.801663528] [tf_help]: Transform data too old when converting from map to odom
[component_container_isolated-2] [ERROR] [1789771116.801696453] [tf_help]: Data time: 113s 0ns, Transform time: 4s 296000000ns
[component_container_isolated-2] [ERROR] [1789771116.851718751] [tf_help]: Transform data too old when converting from map to odom
[component_container_isolated-2] [ERROR] [1789771116.851762922] [tf_help]: Data time: 113s 0ns, Transform time: 4s 296000000ns
[component_container_isolated-2] [ERROR] [1789771116.901531064] [tf_help]: Transform data too old when converting from map to odom
[component_container_isolated-2] [ERROR] [1789771116.901563791] [tf_help]: Data time: 113s 0ns, Transform time: 4s 296000000ns
[component_container_isolated-2] [ERROR] [1789771116.951717983] [tf_help]: Transform data too old when converting from map to odom
[component_container_isolated-2] [ERROR] [1789771116.951755746] [tf_help]: Data time: 113s 0ns, Transform time: 4s 296000000ns
[component_container_isolated-2] [ERROR] [1789771117.001767168] [tf_help]: Transform data too old when converting from map to odom
[component_container_isolated-2] [ERROR] [1789771117.001806974] [tf_help]: Data time: 113s 0ns, Transform time: 4s 296000000ns
[component_container_isolated-2] [ERROR] [1789771117.051545822] [tf_help]: Transform data too old when converting from map to odom
[component_container_isolated-2] [ERROR] [1789771117.051578966] [tf_help]: Data time: 113s 0ns, Transform time: 4s 296000000ns
[component_container_isolated-2] [ERROR] [1789771117.101621306] [tf_help]: Transform data too old when converting from map to odom
[component_container_isolated-2] [ERROR] [1789771117.101656026] [tf_help]: Data time: 113s 0ns, Transform time: 4s 296000000ns
[component_container_isolated-2] [ERROR] [1789771117.153024177] [tf_help]: Transform data too old when converting from map to odom
[component_container_isolated-2] [ERROR] [1789771117.153070625] [tf_help]: Data time: 113s 0ns, Transform time: 4s 296000000ns
[component_container_isolated-2] [ERROR] [1789771117.201751890] [tf_help]: Transform data too old when converting from map to odom
[component_container_isolated-2] [ERROR] [1789771117.201790165] [tf_help]: Data time: 113s 0ns, Transform time: 4s 296000000ns
[component_container_isolated-2] [ERROR] [1789771117.252539204] [tf_help]: Transform data too old when converting from map to odom
[component_container_isolated-2] [ERROR] [1789771117.252581135] [tf_help]: Data time: 113s 0ns, Transform time: 4s 296000000ns
[component_container_isolated-2] [ERROR] [1789771117.306021838] [tf_help]: Transform data too old when converting from map to odom
[component_container_isolated-2] [ERROR] [1789771117.306053460] [tf_help]: Data time: 113s 0ns, Transform time: 4s 296000000ns
[component_container_isolated-2] [ERROR] [1789771117.351901867] [tf_help]: Transform data too old when converting from map to odom
[component_container_isolated-2] [ERROR] [1789771117.351934498] [tf_help]: Data time: 113s 0ns, Transform time: 4s 296000000ns
[component_container_isolated-2] [ERROR] [1789771117.405196822] [tf_help]: Transform data too old when converting from map to odom
[component_container_isolated-2] [ERROR] [1789771117.405238638] [tf_help]: Data time: 113s 0ns, Transform time: 4s 296000000ns
[component_container_isolated-2] [ERROR] [1789771117.457400366] [tf_help]: Transform data too old when converting from map to odom
[component_container_isolated-2] [ERROR] [1789771117.457453094] [tf_help]: Data time: 113s 0ns, Transform time: 4s 296000000ns
[component_container_isolated-2] [ERROR] [1789771117.503058180] [tf_help]: Transform data too old when converting from map to odom
[component_container_isolated-2] [ERROR] [1789771117.503094399] [tf_help]: Data time: 113s 0ns, Transform time: 4s 296000000ns
[component_container_isolated-2] [INFO] [1789771117.546451490] [controller_server]: Passing new path to controller.
[component_container_isolated-2] [ERROR] [1789771117.556807762] [tf_help]: Transform data too old when converting from map to odom
[component_container_isolated-2] [ERROR] [1789771117.556847837] [tf_help]: Data time: 114s 0ns, Transform time: 4s 296000000ns
[component_container_isolated-2] [ERROR] [1789771117.602810936] [tf_help]: Transform data too old when converting from map to odom
[component_container_isolated-2] [ERROR] [1789771117.602843144] [tf_help]: Data time: 114s 0ns, Transform time: 4s 296000000ns
[component_container_isolated-2] [ERROR] [1789771117.651839080] [tf_help]: Transform data too old when converting from map to odom
[component_container_isolated-2] [ERROR] [1789771117.651871562] [tf_help]: Data time: 114s 0ns, Transform time: 4s 296000000ns
[component_container_isolated-2] [ERROR] [1789771117.702544259] [tf_help]: Transform data too old when converting from map to odom
[component_container_isolated-2] [ERROR] [1789771117.702579546] [tf_help]: Data time: 114s 0ns, Transform time: 4s 296000000ns
[component_container_isolated-2] [ERROR] [1789771117.752272788] [tf_help]: Transform data too old when converting from map to odom
[component_container_isolated-2] [ERROR] [1789771117.752306695] [tf_help]: Data time: 114s 0ns, Transform time: 4s 296000000ns
[component_container_isolated-2] [ERROR] [1789771117.802537227] [tf_help]: Transform data too old when converting from map to odom
[component_container_isolated-2] [ERROR] [1789771117.802568422] [tf_help]: Data time: 114s 0ns, Transform time: 4s 296000000ns
[component_container_isolated-2] [ERROR] [1789771117.854287581] [tf_help]: Transform data too old when converting from map to odom
[component_container_isolated-2] [ERROR] [1789771117.854318548] [tf_help]: Data time: 114s 0ns, Transform time: 4s 296000000ns
[component_container_isolated-2] [ERROR] [1789771117.903200978] [tf_help]: Transform data too old when converting from map to odom
[component_container_isolated-2] [ERROR] [1789771117.903230590] [tf_help]: Data time: 114s 0ns, Transform time: 4s 296000000ns
[component_container_isolated-2] [ERROR] [1789771117.953520643] [tf_help]: Transform data too old when converting from map to odom
[component_container_isolated-2] [ERROR] [1789771117.953565826] [tf_help]: Data time: 114s 0ns, Transform time: 4s 296000000ns
[component_container_isolated-2] [ERROR] [1789771118.002776079] [tf_help]: Transform data too old when converting from map to odom
[component_container_isolated-2] [ERROR] [1789771118.002807002] [tf_help]: Data time: 114s 0ns, Transform time: 4s 296000000ns
[component_container_isolated-2] [ERROR] [1789771118.051630000] [tf_help]: Transform data too old when converting from map to odom
[component_container_isolated-2] [ERROR] [1789771118.051661329] [tf_help]: Data time: 114s 0ns, Transform time: 4s 296000000ns
[component_container_isolated-2] [ERROR] [1789771118.102063379] [tf_help]: Transform data too old when converting from map to odom
[component_container_isolated-2] [ERROR] [1789771118.102098956] [tf_help]: Data time: 114s 0ns, Transform time: 4s 296000000ns
[component_container_isolated-2] [ERROR] [1789771118.154525590] [tf_help]: Transform data too old when converting from map to odom
[component_container_isolated-2] [ERROR] [1789771118.154564563] [tf_help]: Data time: 114s 0ns, Transform time: 4s 296000000ns
[component_container_isolated-2] [ERROR] [1789771118.202948035] [tf_help]: Transform data too old when converting from map to odom
[component_container_isolated-2] [ERROR] [1789771118.202988355] [tf_help]: Data time: 114s 0ns, Transform time: 4s 296000000ns
[component_container_isolated-2] [ERROR] [1789771118.253978039] [tf_help]: Transform data too old when converting from map to odom
[component_container_isolated-2] [ERROR] [1789771118.254010497] [tf_help]: Data time: 114s 0ns, Transform time: 4s 296000000ns
[component_container_isolated-2] [ERROR] [1789771118.301863137] [tf_help]: Transform data too old when converting from map to odom
[component_container_isolated-2] [ERROR] [1789771118.301895207] [tf_help]: Data time: 114s 0ns, Transform time: 4s 296000000ns
[component_container_isolated-2] [ERROR] [1789771118.352148852] [tf_help]: Transform data too old when converting from map to odom
[component_container_isolated-2] [ERROR] [1789771118.352187293] [tf_help]: Data time: 114s 0ns, Transform time: 4s 296000000ns
[component_container_isolated-2] [ERROR] [1789771118.402057317] [tf_help]: Transform data too old when converting from map to odom
[component_container_isolated-2] [ERROR] [1789771118.402089631] [tf_help]: Data time: 114s 0ns, Transform time: 4s 296000000ns
[component_container_isolated-2] [ERROR] [1789771118.452016236] [tf_help]: Transform data too old when converting from map to odom
[component_container_isolated-2] [ERROR] [1789771118.452054173] [tf_help]: Data time: 114s 0ns, Transform time: 4s 296000000ns
[component_container_isolated-2] [ERROR] [1789771118.501939945] [tf_help]: Transform data too old when converting from map to odom
[component_container_isolated-2] [ERROR] [1789771118.501974971] [tf_help]: Data time: 114s 0ns, Transform time: 4s 296000000ns
[component_container_isolated-2] [INFO] [1789771118.546442836] [controller_server]: Passing new path to controller.
[component_container_isolated-2] [ERROR] [1789771118.551932461] [tf_help]: Transform data too old when converting from map to odom
[component_container_isolated-2] [ERROR] [1789771118.551960527] [tf_help]: Data time: 114s 900000000ns, Transform time: 4s 296000000ns
[component_container_isolated-2] [ERROR] [1789771118.602578120] [tf_help]: Transform data too old when converting from map to odom
[component_container_isolated-2] [ERROR] [1789771118.602612307] [tf_help]: Data time: 114s 900000000ns, Transform time: 4s 296000000ns
[component_container_isolated-2] [ERROR] [1789771118.651892482] [tf_help]: Transform data too old when converting from map to odom
[component_container_isolated-2] [ERROR] [1789771118.651924703] [tf_help]: Data time: 114s 900000000ns, Transform time: 4s 296000000ns
[component_container_isolated-2] [ERROR] [1789771118.701597731] [tf_help]: Transform data too old when converting from map to odom
[component_container_isolated-2] [ERROR] [1789771118.701629210] [tf_help]: Data time: 114s 900000000ns, Transform time: 4s 296000000ns
[component_container_isolated-2] [ERROR] [1789771118.751562287] [tf_help]: Transform data too old when converting from map to odom
[component_container_isolated-2] [ERROR] [1789771118.751594211] [tf_help]: Data time: 114s 900000000ns, Transform time: 4s 296000000ns
[component_container_isolated-2] [INFO] [1789771118.805167395] [controller_server]: [TG-MPPI] cycle time (compute_backend=cpu): 5.863 ms/cycle avg over 50 cycles
[component_container_isolated-2] [ERROR] [1789771118.805342898] [tf_help]: Transform data too old when converting from map to odom
[component_container_isolated-2] [ERROR] [1789771118.805380355] [tf_help]: Data time: 114s 900000000ns, Transform time: 4s 296000000ns
[component_container_isolated-2] [ERROR] [1789771118.851815841] [tf_help]: Transform data too old when converting from map to odom
[component_container_isolated-2] [ERROR] [1789771118.851848636] [tf_help]: Data time: 114s 900000000ns, Transform time: 4s 296000000ns
[component_container_isolated-2] [ERROR] [1789771118.901723172] [tf_help]: Transform data too old when converting from map to odom
[component_container_isolated-2] [ERROR] [1789771118.901763869] [tf_help]: Data time: 114s 900000000ns, Transform time: 4s 296000000ns
[component_container_isolated-2] [ERROR] [1789771118.952438495] [tf_help]: Transform data too old when converting from map to odom
[component_container_isolated-2] [ERROR] [1789771118.952470583] [tf_help]: Data time: 114s 900000000ns, Transform time: 4s 296000000ns
[component_container_isolated-2] [ERROR] [1789771119.001672701] [tf_help]: Transform data too old when converting from map to odom
[component_container_isolated-2] [ERROR] [1789771119.001708950] [tf_help]: Data time: 114s 900000000ns, Transform time: 4s 296000000ns
[component_container_isolated-2] [ERROR] [1789771119.051614401] [tf_help]: Transform data too old when converting from map to odom
[component_container_isolated-2] [ERROR] [1789771119.051647849] [tf_help]: Data time: 114s 900000000ns, Transform time: 4s 296000000ns
[component_container_isolated-2] [ERROR] [1789771119.101595800] [tf_help]: Transform data too old when converting from map to odom
[component_container_isolated-2] [ERROR] [1789771119.101625231] [tf_help]: Data time: 114s 900000000ns, Transform time: 4s 296000000ns
[component_container_isolated-2] [ERROR] [1789771119.151667882] [tf_help]: Transform data too old when converting from map to odom
[component_container_isolated-2] [ERROR] [1789771119.151699918] [tf_help]: Data time: 114s 900000000ns, Transform time: 4s 296000000ns
[component_container_isolated-2] [ERROR] [1789771119.201952948] [tf_help]: Transform data too old when converting from map to odom
[component_container_isolated-2] [ERROR] [1789771119.201985992] [tf_help]: Data time: 114s 900000000ns, Transform time: 4s 296000000ns
[component_container_isolated-2] [ERROR] [1789771119.255993428] [tf_help]: Transform data too old when converting from map to odom
[component_container_isolated-2] [ERROR] [1789771119.256028922] [tf_help]: Data time: 114s 900000000ns, Transform time: 4s 296000000ns
[component_container_isolated-2] [ERROR] [1789771119.301555505] [tf_help]: Transform data too old when converting from map to odom
[component_container_isolated-2] [ERROR] [1789771119.301586657] [tf_help]: Data time: 114s 900000000ns, Transform time: 4s 296000000ns
[component_container_isolated-2] [ERROR] [1789771119.351803983] [tf_help]: Transform data too old when converting from map to odom
[component_container_isolated-2] [ERROR] [1789771119.351837013] [tf_help]: Data time: 114s 900000000ns, Transform time: 4s 296000000ns
[component_container_isolated-2] [ERROR] [1789771119.401641550] [tf_help]: Transform data too old when converting from map to odom
[component_container_isolated-2] [ERROR] [1789771119.401677484] [tf_help]: Data time: 114s 900000000ns, Transform time: 4s 296000000ns
[component_container_isolated-2] [ERROR] [1789771119.451907008] [tf_help]: Transform data too old when converting from map to odom
[component_container_isolated-2] [ERROR] [1789771119.451938958] [tf_help]: Data time: 114s 900000000ns, Transform time: 4s 296000000ns
[component_container_isolated-2] [ERROR] [1789771119.501563064] [tf_help]: Transform data too old when converting from map to odom
[component_container_isolated-2] [ERROR] [1789771119.501596368] [tf_help]: Data time: 114s 900000000ns, Transform time: 4s 296000000ns
[component_container_isolated-2] [ERROR] [1789771119.551988799] [tf_help]: Transform data too old when converting from map to odom
[component_container_isolated-2] [ERROR] [1789771119.552023711] [tf_help]: Data time: 114s 900000000ns, Transform time: 4s 296000000ns
[component_container_isolated-2] [INFO] [1789771119.596440142] [controller_server]: Passing new path to controller.
[component_container_isolated-2] [ERROR] [1789771119.601620606] [tf_help]: Transform data too old when converting from map to odom
[component_container_isolated-2] [ERROR] [1789771119.601642047] [tf_help]: Data time: 115s 900000000ns, Transform time: 4s 296000000ns
[component_container_isolated-2] [ERROR] [1789771119.653893823] [tf_help]: Transform data too old when converting from map to odom
[component_container_isolated-2] [ERROR] [1789771119.653926447] [tf_help]: Data time: 115s 900000000ns, Transform time: 4s 296000000ns
[component_container_isolated-2] [ERROR] [1789771119.701659923] [tf_help]: Transform data too old when converting from map to odom
[component_container_isolated-2] [ERROR] [1789771119.701696249] [tf_help]: Data time: 115s 900000000ns, Transform time: 4s 296000000ns
[component_container_isolated-2] [ERROR] [1789771119.751887943] [tf_help]: Transform data too old when converting from map to odom
[component_container_isolated-2] [ERROR] [1789771119.751918301] [tf_help]: Data time: 115s 900000000ns, Transform time: 4s 296000000ns
[component_container_isolated-2] [ERROR] [1789771119.802005566] [tf_help]: Transform data too old when converting from map to odom
[component_container_isolated-2] [ERROR] [1789771119.802041962] [tf_help]: Data time: 115s 900000000ns, Transform time: 4s 296000000ns
[component_container_isolated-2] [ERROR] [1789771119.851995684] [tf_help]: Transform data too old when converting from map to odom
[component_container_isolated-2] [ERROR] [1789771119.852029191] [tf_help]: Data time: 115s 900000000ns, Transform time: 4s 296000000ns
[component_container_isolated-2] [ERROR] [1789771119.901944686] [tf_help]: Transform data too old when converting from map to odom
[component_container_isolated-2] [ERROR] [1789771119.901985963] [tf_help]: Data time: 115s 900000000ns, Transform time: 4s 296000000ns
[component_container_isolated-2] [ERROR] [1789771119.951597425] [tf_help]: Transform data too old when converting from map to odom
[component_container_isolated-2] [ERROR] [1789771119.951629323] [tf_help]: Data time: 115s 900000000ns, Transform time: 4s 296000000ns
[component_container_isolated-2] [ERROR] [1789771120.001520386] [tf_help]: Transform data too old when converting from map to odom
[component_container_isolated-2] [ERROR] [1789771120.001551820] [tf_help]: Data time: 115s 900000000ns, Transform time: 4s 296000000ns
[component_container_isolated-2] [ERROR] [1789771120.054565606] [tf_help]: Transform data too old when converting from map to odom
[component_container_isolated-2] [ERROR] [1789771120.054605212] [tf_help]: Data time: 115s 900000000ns, Transform time: 4s 296000000ns
[component_container_isolated-2] [ERROR] [1789771120.101753466] [tf_help]: Transform data too old when converting from map to odom
[component_container_isolated-2] [ERROR] [1789771120.101787227] [tf_help]: Data time: 115s 900000000ns, Transform time: 4s 296000000ns
[component_container_isolated-2] [ERROR] [1789771120.151646406] [tf_help]: Transform data too old when converting from map to odom
[component_container_isolated-2] [ERROR] [1789771120.151678378] [tf_help]: Data time: 115s 900000000ns, Transform time: 4s 296000000ns
[component_container_isolated-2] [ERROR] [1789771120.202044873] [tf_help]: Transform data too old when converting from map to odom
[component_container_isolated-2] [ERROR] [1789771120.202081312] [tf_help]: Data time: 115s 900000000ns, Transform time: 4s 296000000ns
[component_container_isolated-2] [ERROR] [1789771120.251884873] [tf_help]: Transform data too old when converting from map to odom
[component_container_isolated-2] [ERROR] [1789771120.251916800] [tf_help]: Data time: 115s 900000000ns, Transform time: 4s 296000000ns
[component_container_isolated-2] [ERROR] [1789771120.301867004] [tf_help]: Transform data too old when converting from map to odom
[component_container_isolated-2] [ERROR] [1789771120.301899447] [tf_help]: Data time: 115s 900000000ns, Transform time: 4s 296000000ns
[component_container_isolated-2] [ERROR] [1789771120.351888479] [tf_help]: Transform data too old when converting from map to odom
[component_container_isolated-2] [ERROR] [1789771120.351920116] [tf_help]: Data time: 115s 900000000ns, Transform time: 4s 296000000ns
[component_container_isolated-2] [ERROR] [1789771120.401917548] [tf_help]: Transform data too old when converting from map to odom
[component_container_isolated-2] [ERROR] [1789771120.401953752] [tf_help]: Data time: 115s 900000000ns, Transform time: 4s 296000000ns
[component_container_isolated-2] [ERROR] [1789771120.453669626] [tf_help]: Transform data too old when converting from map to odom
[component_container_isolated-2] [ERROR] [1789771120.453700063] [tf_help]: Data time: 115s 900000000ns, Transform time: 4s 296000000ns
[component_container_isolated-2] [ERROR] [1789771120.501779303] [tf_help]: Transform data too old when converting from map to odom
[component_container_isolated-2] [ERROR] [1789771120.501810522] [tf_help]: Data time: 115s 900000000ns, Transform time: 4s 296000000ns
[component_container_isolated-2] [ERROR] [1789771120.551577237] [tf_help]: Transform data too old when converting from map to odom
[component_container_isolated-2] [ERROR] [1789771120.551609023] [tf_help]: Data time: 115s 900000000ns, Transform time: 4s 296000000ns
[component_container_isolated-2] [ERROR] [1789771120.601959797] [tf_help]: Transform data too old when converting from map to odom
[component_container_isolated-2] [ERROR] [1789771120.601991507] [tf_help]: Data time: 115s 900000000ns, Transform time: 4s 296000000ns
[component_container_isolated-2] [INFO] [1789771120.646603822] [controller_server]: Passing new path to controller.
[component_container_isolated-2] [ERROR] [1789771120.651788325] [tf_help]: Transform data too old when converting from map to odom
[component_container_isolated-2] [ERROR] [1789771120.651810016] [tf_help]: Data time: 116s 800000000ns, Transform time: 4s 296000000ns
[component_container_isolated-2] [ERROR] [1789771120.701789803] [tf_help]: Transform data too old when converting from map to odom
[component_container_isolated-2] [ERROR] [1789771120.701821694] [tf_help]: Data time: 116s 800000000ns, Transform time: 4s 296000000ns
[component_container_isolated-2] [ERROR] [1789771120.751859650] [tf_help]: Transform data too old when converting from map to odom
[component_container_isolated-2] [ERROR] [1789771120.751891352] [tf_help]: Data time: 116s 800000000ns, Transform time: 4s 296000000ns
[component_container_isolated-2] [ERROR] [1789771120.801703918] [tf_help]: Transform data too old when converting from map to odom
[component_container_isolated-2] [ERROR] [1789771120.801738493] [tf_help]: Data time: 116s 800000000ns, Transform time: 4s 296000000ns
[component_container_isolated-2] [ERROR] [1789771120.856279060] [tf_help]: Transform data too old when converting from map to odom
[component_container_isolated-2] [ERROR] [1789771120.856313739] [tf_help]: Data time: 116s 800000000ns, Transform time: 4s 296000000ns
[component_container_isolated-2] [ERROR] [1789771120.902600285] [tf_help]: Transform data too old when converting from map to odom
[component_container_isolated-2] [ERROR] [1789771120.902633727] [tf_help]: Data time: 116s 800000000ns, Transform time: 4s 296000000ns
[component_container_isolated-2] [ERROR] [1789771120.953423136] [tf_help]: Transform data too old when converting from map to odom
[component_container_isolated-2] [ERROR] [1789771120.953467342] [tf_help]: Data time: 116s 800000000ns, Transform time: 4s 296000000ns
[component_container_isolated-2] [ERROR] [1789771121.001658833] [tf_help]: Transform data too old when converting from map to odom
[component_container_isolated-2] [ERROR] [1789771121.001696262] [tf_help]: Data time: 116s 800000000ns, Transform time: 4s 296000000ns
[component_container_isolated-2] [ERROR] [1789771121.051787443] [tf_help]: Transform data too old when converting from map to odom
[component_container_isolated-2] [ERROR] [1789771121.051821524] [tf_help]: Data time: 116s 800000000ns, Transform time: 4s 296000000ns
[component_container_isolated-2] [ERROR] [1789771121.101767103] [tf_help]: Transform data too old when converting from map to odom
[component_container_isolated-2] [ERROR] [1789771121.101803048] [tf_help]: Data time: 116s 800000000ns, Transform time: 4s 296000000ns
[component_container_isolated-2] [ERROR] [1789771121.151782026] [tf_help]: Transform data too old when converting from map to odom
[component_container_isolated-2] [ERROR] [1789771121.151816642] [tf_help]: Data time: 116s 800000000ns, Transform time: 4s 296000000ns
[component_container_isolated-2] [ERROR] [1789771121.201743561] [tf_help]: Transform data too old when converting from map to odom
[component_container_isolated-2] [ERROR] [1789771121.201776013] [tf_help]: Data time: 116s 800000000ns, Transform time: 4s 296000000ns
[component_container_isolated-2] [ERROR] [1789771121.251888980] [tf_help]: Transform data too old when converting from map to odom
[component_container_isolated-2] [ERROR] [1789771121.251921874] [tf_help]: Data time: 116s 800000000ns, Transform time: 4s 296000000ns
[component_container_isolated-2] [INFO] [1789771121.301970443] [controller_server]: [TG-MPPI] cycle time (compute_backend=cpu): 5.386 ms/cycle avg over 50 cycles
[component_container_isolated-2] [ERROR] [1789771121.302164564] [tf_help]: Transform data too old when converting from map to odom
[component_container_isolated-2] [ERROR] [1789771121.302184780] [tf_help]: Data time: 116s 800000000ns, Transform time: 4s 296000000ns
[component_container_isolated-2] [ERROR] [1789771121.351981996] [tf_help]: Transform data too old when converting from map to odom
[component_container_isolated-2] [ERROR] [1789771121.352014837] [tf_help]: Data time: 116s 800000000ns, Transform time: 4s 296000000ns
[component_container_isolated-2] [ERROR] [1789771121.402034412] [tf_help]: Transform data too old when converting from map to odom
[component_container_isolated-2] [ERROR] [1789771121.402068082] [tf_help]: Data time: 116s 800000000ns, Transform time: 4s 296000000ns
[component_container_isolated-2] [ERROR] [1789771121.451687130] [tf_help]: Transform data too old when converting from map to odom
[component_container_isolated-2] [ERROR] [1789771121.451718328] [tf_help]: Data time: 116s 800000000ns, Transform time: 4s 296000000ns
[component_container_isolated-2] [ERROR] [1789771121.501935803] [tf_help]: Transform data too old when converting from map to odom
[component_container_isolated-2] [ERROR] [1789771121.501967144] [tf_help]: Data time: 116s 800000000ns, Transform time: 4s 296000000ns
[component_container_isolated-2] [ERROR] [1789771121.551911160] [tf_help]: Transform data too old when converting from map to odom
[component_container_isolated-2] [ERROR] [1789771121.551941100] [tf_help]: Data time: 116s 800000000ns, Transform time: 4s 296000000ns
[component_container_isolated-2] [ERROR] [1789771121.601794353] [tf_help]: Transform data too old when converting from map to odom
[component_container_isolated-2] [ERROR] [1789771121.601825301] [tf_help]: Data time: 116s 800000000ns, Transform time: 4s 296000000ns
[component_container_isolated-2] [INFO] [1789771121.646581033] [controller_server]: Passing new path to controller.
[component_container_isolated-2] [ERROR] [1789771121.651968587] [tf_help]: Transform data too old when converting from map to odom
[component_container_isolated-2] [ERROR] [1789771121.651986778] [tf_help]: Data time: 117s 800000000ns, Transform time: 4s 296000000ns
[component_container_isolated-2] [ERROR] [1789771121.704760498] [tf_help]: Transform data too old when converting from map to odom
[component_container_isolated-2] [ERROR] [1789771121.704795143] [tf_help]: Data time: 117s 800000000ns, Transform time: 4s 296000000ns
[component_container_isolated-2] [ERROR] [1789771121.751909441] [tf_help]: Transform data too old when converting from map to odom
[component_container_isolated-2] [ERROR] [1789771121.751954909] [tf_help]: Data time: 117s 800000000ns, Transform time: 4s 296000000ns
[component_container_isolated-2] [ERROR] [1789771121.801734816] [tf_help]: Transform data too old when converting from map to odom
[component_container_isolated-2] [ERROR] [1789771121.801765420] [tf_help]: Data time: 117s 800000000ns, Transform time: 4s 296000000ns
[component_container_isolated-2] [ERROR] [1789771121.851840129] [tf_help]: Transform data too old when converting from map to odom
[component_container_isolated-2] [ERROR] [1789771121.851869453] [tf_help]: Data time: 117s 800000000ns, Transform time: 4s 296000000ns
[component_container_isolated-2] [ERROR] [1789771121.901787980] [tf_help]: Transform data too old when converting from map to odom
[component_container_isolated-2] [ERROR] [1789771121.901829963] [tf_help]: Data time: 117s 800000000ns, Transform time: 4s 296000000ns
[component_container_isolated-2] [ERROR] [1789771121.946612017] [controller_server]: Failed to make progress
[component_container_isolated-2] [WARN] [1789771121.946668406] [controller_server]: [follow_path] [ActionServer] Aborting handle.
[component_container_isolated-2] [INFO] [1789771121.966084698] [behavior_server]: Running backup
[component_container_isolated-2] [ERROR] [1789771121.966245536] [behavior_server]: Pose Goes Off Grid.
[component_container_isolated-2] [WARN] [1789771121.966312874] [behavior_server]: Collision Ahead - Exiting DriveOnHeading
[component_container_isolated-2] [WARN] [1789771121.966327101] [behavior_server]: backup failed
[component_container_isolated-2] [WARN] [1789771121.966338851] [behavior_server]: [backup] [ActionServer] Aborting handle.
[component_container_isolated-2] [INFO] [1789771121.995886348] [local_costmap.local_costmap]: Received request to clear entirely the local_costmap
[component_container_isolated-2] [INFO] [1789771121.996241157] [global_costmap.global_costmap]: Received request to clear entirely the global_costmap
[WARNING] [launch]: user interrupted with ctrl-c (SIGINT)
[component_container_isolated-2] [INFO] [1789771122.087148154] [rclcpp]: signal_handler(SIGINT/SIGTERM)
[component_container_isolated-2] [INFO] [1789771122.087193375] [waypoint_follower]: Running Nav2 LifecycleNode rcl preshutdown (waypoint_follower)
[component_container_isolated-2] [INFO] [1789771122.087233472] [waypoint_follower]: Deactivating
[component_container_isolated-2] [INFO] [1789771122.087243592] [waypoint_follower]: Destroying bond (waypoint_follower) to lifecycle manager.
[component_container_isolated-2] [INFO] [1789771122.097451828] [waypoint_follower]: Cleaning up
[component_container_isolated-2] [INFO] [1789771122.106520985] [waypoint_follower]: Destroying bond (waypoint_follower) to lifecycle manager.
[component_container_isolated-2] [INFO] [1789771122.106547271] [lifecycle_manager_navigation]: Running Nav2 LifecycleManager rcl preshutdown (lifecycle_manager_navigation)
[component_container_isolated-2] [INFO] [1789771122.106558709] [lifecycle_manager_navigation]: [34m[1mTerminating bond timer...[0m[0m
[component_container_isolated-2] [ERROR] [1789771122.116121145] [bt_navigator_navigate_to_pose_rclcpp_node]: Failed to get result for compute_path_to_pose in node halt!
[component_container_isolated-2] [INFO] [1789771122.116236497] [bt_navigator]: [navigate_to_pose] [ActionServer] Client requested to cancel the goal. Cancelling.
[component_container_isolated-2] [INFO] [1789771122.116361993] [bt_navigator]: Goal canceled
[component_container_isolated-2] [INFO] [1789771122.191155934] [bt_navigator]: Running Nav2 LifecycleNode rcl preshutdown (bt_navigator)
[component_container_isolated-2] [INFO] [1789771122.191197440] [bt_navigator]: Deactivating
[component_container_isolated-2] [INFO] [1789771122.191211935] [bt_navigator]: Destroying bond (bt_navigator) to lifecycle manager.
[component_container_isolated-2] [INFO] [1789771122.201405347] [bt_navigator]: Cleaning up
[component_container_isolated-2] [INFO] [1789771122.292701372] [bt_navigator]: Completed Cleaning up
[component_container_isolated-2] [INFO] [1789771122.292734739] [bt_navigator]: Destroying bond (bt_navigator) to lifecycle manager.
[component_container_isolated-2] [INFO] [1789771122.292740169] [behavior_server]: Running Nav2 LifecycleNode rcl preshutdown (behavior_server)
[component_container_isolated-2] [INFO] [1789771122.292750474] [behavior_server]: Deactivating
[component_container_isolated-2] [INFO] [1789771122.292767568] [behavior_server]: Destroying bond (behavior_server) to lifecycle manager.
[component_container_isolated-2] [INFO] [1789771122.302888955] [behavior_server]: Cleaning up
[component_container_isolated-2] [INFO] [1789771122.307348834] [behavior_server]: Destroying bond (behavior_server) to lifecycle manager.
[component_container_isolated-2] [INFO] [1789771122.307375397] [lifecycle_manager_localization]: Running Nav2 LifecycleManager rcl preshutdown (lifecycle_manager_localization)
[component_container_isolated-2] [INFO] [1789771122.307382819] [lifecycle_manager_localization]: [34m[1mTerminating bond timer...[0m[0m
[component_container_isolated-2] [INFO] [1789771122.330332005] [amcl]: Running Nav2 LifecycleNode rcl preshutdown (amcl)
[component_container_isolated-2] [INFO] [1789771122.330371672] [amcl]: Deactivating
[component_container_isolated-2] [INFO] [1789771122.330381970] [amcl]: Destroying bond (amcl) to lifecycle manager.
[component_container_isolated-2] [INFO] [1789771122.340476879] [amcl]: Cleaning up
[component_container_isolated-2] [INFO] [1789771122.344396685] [amcl]: Destroying bond (amcl) to lifecycle manager.
[component_container_isolated-2] [INFO] [1789771122.344423995] [smoother_server]: Running Nav2 LifecycleNode rcl preshutdown (smoother_server)
[component_container_isolated-2] [INFO] [1789771122.344444091] [smoother_server]: Deactivating
[component_container_isolated-2] [INFO] [1789771122.344457521] [smoother_server]: Destroying bond (smoother_server) to lifecycle manager.
[component_container_isolated-2] [INFO] [1789771122.354552684] [smoother_server]: Cleaning up
[component_container_isolated-2] [INFO] [1789771122.362951680] [smoother_server]: Destroying bond (smoother_server) to lifecycle manager.
[component_container_isolated-2] [INFO] [1789771122.362977847] [map_server]: Running Nav2 LifecycleNode rcl preshutdown (map_server)
[component_container_isolated-2] [INFO] [1789771122.362989521] [map_server]: Deactivating
[component_container_isolated-2] [INFO] [1789771122.363000190] [map_server]: Destroying bond (map_server) to lifecycle manager.
[component_container_isolated-2] [INFO] [1789771122.373129298] [map_server]: Cleaning up
[component_container_isolated-2] [INFO] [1789771122.373155173] [map_server]: Destroying bond (map_server) to lifecycle manager.
[component_container_isolated-2] [INFO] [1789771122.373162162] [velocity_smoother]: Running Nav2 LifecycleNode rcl preshutdown (velocity_smoother)
[component_container_isolated-2] [INFO] [1789771122.373174482] [velocity_smoother]: Deactivating
[component_container_isolated-2] [INFO] [1789771122.373186814] [velocity_smoother]: Destroying bond (velocity_smoother) to lifecycle manager.
[component_container_isolated-2] [INFO] [1789771122.383305470] [velocity_smoother]: Cleaning up
[component_container_isolated-2] [INFO] [1789771122.383332837] [velocity_smoother]: Destroying bond (velocity_smoother) to lifecycle manager.
[component_container_isolated-2] [INFO] [1789771122.383339231] [planner_server]: Running Nav2 LifecycleNode rcl preshutdown (planner_server)
[component_container_isolated-2] [INFO] [1789771122.383351969] [planner_server]: Deactivating
[component_container_isolated-2] [WARN] [1789771122.383360670] [planner_server]: [compute_path_to_pose] [ActionServer] Requested to deactivate server but goal is still executing. Should check if action server is running before deactivating.
[component_container_isolated-2] [INFO] [1789771122.483486492] [planner_server]: [compute_path_to_pose] [ActionServer] Waiting for async process to finish.
[component_container_isolated-2] [INFO] [1789771122.583601710] [planner_server]: [compute_path_to_pose] [ActionServer] Waiting for async process to finish.
[component_container_isolated-2] [INFO] [1789771122.683697150] [planner_server]: [compute_path_to_pose] [ActionServer] Waiting for async process to finish.
[component_container_isolated-2] [INFO] [1789771122.783788621] [planner_server]: [compute_path_to_pose] [ActionServer] Waiting for async process to finish.
[component_container_isolated-2] [WARN] [1789771122.846841573] [planner_server]: Planner loop missed its desired rate of 20.0000 Hz. Current loop rate is 1.2500 Hz
[component_container_isolated-2] [WARN] [1789771122.846966838] [planner_server]: [compute_path_to_pose] [ActionServer] Stopping the thread per request.
[component_container_isolated-2] [INFO] [1789771122.847166677] [global_costmap.global_costmap]: Deactivating
[component_container_isolated-2] [INFO] [1789771122.848225042] [global_costmap.global_costmap]: stvl_global was deactivated.
[INFO] [ground_truth_localizer-1]: process has finished cleanly [pid 92181]
[ground_truth_localizer-1] Exception ignored in: <function TransformListener.__del__ at 0x767e06964f70>
[ground_truth_localizer-1] Traceback (most recent call last):
[ground_truth_localizer-1]   File "/opt/ros/humble/lib/python3.10/site-packages/tf2_ros/transform_listener.py", line 119, in __del__
[ground_truth_localizer-1]     self.executor.shutdown()
[ground_truth_localizer-1]   File "/opt/ros/humble/local/lib/python3.10/dist-packages/rclpy/executors.py", line 264, in shutdown
[ground_truth_localizer-1]     self._sigint_gc.destroy()
[ground_truth_localizer-1]   File "/opt/ros/humble/local/lib/python3.10/dist-packages/rclpy/signals.py", line 65, in destroy
[ground_truth_localizer-1]     with self.handle:
[ground_truth_localizer-1] rclpy._rclpy_pybind11.InvalidHandle: cannot use Destroyable because destruction was requested
[component_container_isolated-2] [INFO] [1789771123.843998674] [planner_server]: Deactivating plugin GridBased of type NavfnPlanner
[component_container_isolated-2] [INFO] [1789771123.844040486] [planner_server]: Destroying bond (planner_server) to lifecycle manager.
[component_container_isolated-2] [INFO] [1789771123.854187716] [planner_server]: Cleaning up
[component_container_isolated-2] [INFO] [1789771123.863470907] [global_costmap.global_costmap]: Cleaning up
[ERROR] [component_container_isolated-2]: process[component_container_isolated-2] failed to terminate '5' seconds after receiving 'SIGINT', escalating to 'SIGTERM'
[INFO] [component_container_isolated-2]: sending signal 'SIGTERM' to process[component_container_isolated-2]
[ERROR] [component_container_isolated-2]: process[component_container_isolated-2] failed to terminate '10.0' seconds after receiving 'SIGTERM', escalating to 'SIGKILL'
[INFO] [component_container_isolated-2]: sending signal 'SIGKILL' to process[component_container_isolated-2]
[ERROR] [component_container_isolated-2]: process has died [pid 92183, exit code -9, cmd '/opt/ros/humble/lib/rclcpp_components/component_container_isolated --ros-args --log-level info --ros-args -r __node:=nav2_container --params-file /tmp/launch_params_pff6k6cf --params-file /tmp/launch_params_4av8vinh -r /tf:=tf -r /tf_static:=tf_static'].
