[INFO] [launch]: All log files can be found below /home/saran/.ros/log/2026-09-19-00-22-41-665733-aorus-84994
[INFO] [launch]: Default logging verbosity is set to INFO
[INFO] [ground_truth_localizer-1]: process started with pid [85027]
[INFO] [component_container_isolated-2]: process started with pid [85029]
[component_container_isolated-2] [INFO] [1789770162.637858694] [nav2_container]: Load Library: /opt/ros/humble/lib/libcontroller_server_core.so
[component_container_isolated-2] [INFO] [1789770162.643658458] [nav2_container]: Found class: rclcpp_components::NodeFactoryTemplate<nav2_controller::ControllerServer>
[component_container_isolated-2] [INFO] [1789770162.643697681] [nav2_container]: Instantiate class: rclcpp_components::NodeFactoryTemplate<nav2_controller::ControllerServer>
[component_container_isolated-2] [INFO] [1789770162.651916774] [controller_server]: 
[component_container_isolated-2] 	controller_server lifecycle node launched. 
[component_container_isolated-2] 	Waiting on external lifecycle transitions to activate
[component_container_isolated-2] 	See https://design.ros2.org/articles/node_lifecycle.html for more information.
[component_container_isolated-2] [INFO] [1789770162.655842217] [controller_server]: Creating controller server
[component_container_isolated-2] [INFO] [1789770162.661898844] [local_costmap.local_costmap]: 
[component_container_isolated-2] 	local_costmap lifecycle node launched. 
[component_container_isolated-2] 	Waiting on external lifecycle transitions to activate
[component_container_isolated-2] 	See https://design.ros2.org/articles/node_lifecycle.html for more information.
[component_container_isolated-2] [INFO] [1789770162.662430088] [local_costmap.local_costmap]: Creating Costmap
[component_container_isolated-2] [INFO] [1789770162.663288655] [nav2_container]: Load Library: /opt/ros/humble/lib/libmap_server_core.so
[INFO] [launch_ros.actions.load_composable_nodes]: Loaded node '/controller_server' in container '/nav2_container'
[component_container_isolated-2] [INFO] [1789770162.671496702] [nav2_container]: Found class: rclcpp_components::NodeFactoryTemplate<nav2_map_server::CostmapFilterInfoServer>
[component_container_isolated-2] [INFO] [1789770162.671561479] [nav2_container]: Found class: rclcpp_components::NodeFactoryTemplate<nav2_map_server::MapSaver>
[component_container_isolated-2] [INFO] [1789770162.671566551] [nav2_container]: Found class: rclcpp_components::NodeFactoryTemplate<nav2_map_server::MapServer>
[component_container_isolated-2] [INFO] [1789770162.671570630] [nav2_container]: Instantiate class: rclcpp_components::NodeFactoryTemplate<nav2_map_server::MapServer>
[component_container_isolated-2] [INFO] [1789770162.676249535] [map_server]: 
[component_container_isolated-2] 	map_server lifecycle node launched. 
[INFO] [launch_ros.actions.load_composable_nodes]: Loaded node '/map_server' in container '/nav2_container'
[component_container_isolated-2] 	Waiting on external lifecycle transitions to activate
[component_container_isolated-2] 	See https://design.ros2.org/articles/node_lifecycle.html for more information.
[component_container_isolated-2] [INFO] [1789770162.676303600] [map_server]: Creating
[component_container_isolated-2] [INFO] [1789770162.676737344] [nav2_container]: Load Library: /opt/ros/humble/lib/libsmoother_server_core.so
[component_container_isolated-2] [INFO] [1789770162.678545130] [nav2_container]: Found class: rclcpp_components::NodeFactoryTemplate<nav2_smoother::SmootherServer>
[component_container_isolated-2] [INFO] [1789770162.678574313] [nav2_container]: Instantiate class: rclcpp_components::NodeFactoryTemplate<nav2_smoother::SmootherServer>
[component_container_isolated-2] [INFO] [1789770162.683376174] [smoother_server]: 
[component_container_isolated-2] 	smoother_server lifecycle node launched. 
[component_container_isolated-2] 	Waiting on external lifecycle transitions to activate
[component_container_isolated-2] 	See https://design.ros2.org/articles/node_lifecycle.html for more information.
[component_container_isolated-2] [INFO] [1789770162.684912441] [smoother_server]: Creating smoother server
[INFO] [launch_ros.actions.load_composable_nodes]: Loaded node '/smoother_server' in container '/nav2_container'
[component_container_isolated-2] [INFO] [1789770162.685786509] [nav2_container]: Load Library: /opt/ros/humble/lib/libamcl_core.so
[component_container_isolated-2] [INFO] [1789770162.688015724] [nav2_container]: Found class: rclcpp_components::NodeFactoryTemplate<nav2_amcl::AmclNode>
[component_container_isolated-2] [INFO] [1789770162.688041371] [nav2_container]: Instantiate class: rclcpp_components::NodeFactoryTemplate<nav2_amcl::AmclNode>
[component_container_isolated-2] [INFO] [1789770162.695211725] [amcl]: 
[component_container_isolated-2] 	amcl lifecycle node launched. 
[component_container_isolated-2] 	Waiting on external lifecycle transitions to activate
[component_container_isolated-2] 	See https://design.ros2.org/articles/node_lifecycle.html for more information.
[component_container_isolated-2] [INFO] [1789770162.695720094] [amcl]: Creating
[component_container_isolated-2] [INFO] [1789770162.697796164] [nav2_container]: Load Library: /opt/ros/humble/lib/libplanner_server_core.so
[INFO] [launch_ros.actions.load_composable_nodes]: Loaded node '/amcl' in container '/nav2_container'
[component_container_isolated-2] [INFO] [1789770162.698663211] [nav2_container]: Found class: rclcpp_components::NodeFactoryTemplate<nav2_planner::PlannerServer>
[component_container_isolated-2] [INFO] [1789770162.698686559] [nav2_container]: Instantiate class: rclcpp_components::NodeFactoryTemplate<nav2_planner::PlannerServer>
[component_container_isolated-2] [INFO] [1789770162.705420850] [planner_server]: 
[component_container_isolated-2] 	planner_server lifecycle node launched. 
[component_container_isolated-2] 	Waiting on external lifecycle transitions to activate
[component_container_isolated-2] 	See https://design.ros2.org/articles/node_lifecycle.html for more information.
[component_container_isolated-2] [INFO] [1789770162.707193944] [planner_server]: Creating
[component_container_isolated-2] [INFO] [1789770162.716448788] [global_costmap.global_costmap]: 
[component_container_isolated-2] 	global_costmap lifecycle node launched. 
[component_container_isolated-2] 	Waiting on external lifecycle transitions to activate
[component_container_isolated-2] 	See https://design.ros2.org/articles/node_lifecycle.html for more information.
[component_container_isolated-2] [INFO] [1789770162.717060417] [global_costmap.global_costmap]: Creating Costmap
[INFO] [launch_ros.actions.load_composable_nodes]: Loaded node '/planner_server' in container '/nav2_container'
[component_container_isolated-2] [INFO] [1789770162.718500065] [nav2_container]: Load Library: /opt/ros/humble/lib/libnav2_lifecycle_manager_core.so
[component_container_isolated-2] [INFO] [1789770162.719430210] [nav2_container]: Found class: rclcpp_components::NodeFactoryTemplate<nav2_lifecycle_manager::LifecycleManager>
[component_container_isolated-2] [INFO] [1789770162.719464504] [nav2_container]: Instantiate class: rclcpp_components::NodeFactoryTemplate<nav2_lifecycle_manager::LifecycleManager>
[component_container_isolated-2] [INFO] [1789770162.726771038] [lifecycle_manager_localization]: Creating
[component_container_isolated-2] [INFO] [1789770162.730296578] [lifecycle_manager_localization]: [34m[1mCreating and initializing lifecycle service clients[0m[0m
[INFO] [launch_ros.actions.load_composable_nodes]: Loaded node '/lifecycle_manager_localization' in container '/nav2_container'
[component_container_isolated-2] [INFO] [1789770162.730366143] [nav2_container]: Load Library: /opt/ros/humble/lib/libbehavior_server_core.so
[component_container_isolated-2] [INFO] [1789770162.733280867] [nav2_container]: Found class: rclcpp_components::NodeFactoryTemplate<behavior_server::BehaviorServer>
[component_container_isolated-2] [INFO] [1789770162.733304559] [nav2_container]: Instantiate class: rclcpp_components::NodeFactoryTemplate<behavior_server::BehaviorServer>
[component_container_isolated-2] [INFO] [1789770162.738255439] [lifecycle_manager_localization]: [34m[1mStarting managed nodes bringup...[0m[0m
[component_container_isolated-2] [INFO] [1789770162.738358204] [lifecycle_manager_localization]: [34m[1mConfiguring map_server[0m[0m
[component_container_isolated-2] [INFO] [1789770162.738736526] [map_server]: Configuring
[component_container_isolated-2] [INFO] [1789770162.738902210] [map_io]: Loading yaml file: /home/saran/robohouse_ws/src/BARN_dataset/scaled_1/map_files/yaml_0.yaml
[component_container_isolated-2] [INFO] [1789770162.739347847] [map_io]: resolution: 0.15
[component_container_isolated-2] [INFO] [1789770162.739367003] [map_io]: origin[0]: -4.5
[component_container_isolated-2] [INFO] [1789770162.739377183] [map_io]: origin[1]: 0
[component_container_isolated-2] [INFO] [1789770162.739385471] [map_io]: origin[2]: 0
[component_container_isolated-2] [INFO] [1789770162.739394265] [map_io]: free_thresh: 0.5
[component_container_isolated-2] [INFO] [1789770162.739403012] [map_io]: occupied_thresh: 0.5
[component_container_isolated-2] [INFO] [1789770162.739413265] [map_io]: mode: trinary
[component_container_isolated-2] [INFO] [1789770162.739423884] [map_io]: negate: 0
[component_container_isolated-2] [INFO] [1789770162.739746530] [map_io]: Loading image_file: /home/saran/robohouse_ws/src/BARN_dataset/scaled_1/map_files/map_pgm_0.pgm
[component_container_isolated-2] [INFO] [1789770162.740385912] [map_io]: Read map /home/saran/robohouse_ws/src/BARN_dataset/scaled_1/map_files/map_pgm_0.pgm: 30 X 78 map @ 0.15 m/cell
[component_container_isolated-2] [INFO] [1789770162.745949731] [lifecycle_manager_localization]: [34m[1mConfiguring amcl[0m[0m
[component_container_isolated-2] [INFO] [1789770162.746171910] [amcl]: Configuring
[component_container_isolated-2] [INFO] [1789770162.746374315] [amcl]: initTransforms
[component_container_isolated-2] [INFO] [1789770162.748253931] [behavior_server]: 
[component_container_isolated-2] 	behavior_server lifecycle node launched. 
[component_container_isolated-2] 	Waiting on external lifecycle transitions to activate
[component_container_isolated-2] 	See https://design.ros2.org/articles/node_lifecycle.html for more information.
[INFO] [launch_ros.actions.load_composable_nodes]: Loaded node '/behavior_server' in container '/nav2_container'
[component_container_isolated-2] [INFO] [1789770162.754641293] [nav2_container]: Load Library: /opt/ros/humble/lib/libbt_navigator_core.so
[component_container_isolated-2] [INFO] [1789770162.756440630] [nav2_container]: Found class: rclcpp_components::NodeFactoryTemplate<nav2_bt_navigator::BtNavigator>
[component_container_isolated-2] [INFO] [1789770162.756475613] [nav2_container]: Instantiate class: rclcpp_components::NodeFactoryTemplate<nav2_bt_navigator::BtNavigator>
[component_container_isolated-2] [INFO] [1789770162.759184966] [amcl]: initPubSub
[component_container_isolated-2] [INFO] [1789770162.766171170] [amcl]: Subscribed to map topic.
[component_container_isolated-2] [INFO] [1789770162.769571252] [lifecycle_manager_localization]: [34m[1mActivating map_server[0m[0m
[component_container_isolated-2] [INFO] [1789770162.769788965] [map_server]: Activating
[component_container_isolated-2] [INFO] [1789770162.769886718] [map_server]: Creating bond (map_server) to lifecycle manager.
[component_container_isolated-2] [INFO] [1789770162.769949194] [amcl]: Received a 30 X 78 map @ 0.150 m/pix
[component_container_isolated-2] [INFO] [1789770162.775724427] [bt_navigator]: 
[INFO] [launch_ros.actions.load_composable_nodes]: Loaded node '/bt_navigator' in container '/nav2_container'
[component_container_isolated-2] 	bt_navigator lifecycle node launched. 
[component_container_isolated-2] 	Waiting on external lifecycle transitions to activate
[component_container_isolated-2] 	See https://design.ros2.org/articles/node_lifecycle.html for more information.
[component_container_isolated-2] [INFO] [1789770162.775786865] [bt_navigator]: Creating
[component_container_isolated-2] [INFO] [1789770162.779514632] [nav2_container]: Load Library: /opt/ros/humble/lib/libwaypoint_follower_core.so
[component_container_isolated-2] [INFO] [1789770162.780955969] [nav2_container]: Found class: rclcpp_components::NodeFactoryTemplate<nav2_waypoint_follower::WaypointFollower>
[component_container_isolated-2] [INFO] [1789770162.781001525] [nav2_container]: Instantiate class: rclcpp_components::NodeFactoryTemplate<nav2_waypoint_follower::WaypointFollower>
[component_container_isolated-2] [INFO] [1789770162.795984394] [waypoint_follower]: 
[component_container_isolated-2] 	waypoint_follower lifecycle node launched. 
[component_container_isolated-2] 	Waiting on external lifecycle transitions to activate
[component_container_isolated-2] 	See https://design.ros2.org/articles/node_lifecycle.html for more information.
[component_container_isolated-2] [INFO] [1789770162.796482843] [waypoint_follower]: Creating
[INFO] [launch_ros.actions.load_composable_nodes]: Loaded node '/waypoint_follower' in container '/nav2_container'
[component_container_isolated-2] [INFO] [1789770162.799478036] [nav2_container]: Load Library: /opt/ros/humble/lib/libvelocity_smoother_core.so
[component_container_isolated-2] [INFO] [1789770162.800281340] [nav2_container]: Found class: rclcpp_components::NodeFactoryTemplate<nav2_velocity_smoother::VelocitySmoother>
[component_container_isolated-2] [INFO] [1789770162.800307627] [nav2_container]: Instantiate class: rclcpp_components::NodeFactoryTemplate<nav2_velocity_smoother::VelocitySmoother>
[component_container_isolated-2] [INFO] [1789770162.809764252] [velocity_smoother]: 
[component_container_isolated-2] 	velocity_smoother lifecycle node launched. 
[INFO] [launch_ros.actions.load_composable_nodes]: Loaded node '/velocity_smoother' in container '/nav2_container'
[component_container_isolated-2] 	Waiting on external lifecycle transitions to activate
[component_container_isolated-2] 	See https://design.ros2.org/articles/node_lifecycle.html for more information.
[component_container_isolated-2] [INFO] [1789770162.812835436] [nav2_container]: Found class: rclcpp_components::NodeFactoryTemplate<nav2_lifecycle_manager::LifecycleManager>
[component_container_isolated-2] [INFO] [1789770162.812886829] [nav2_container]: Instantiate class: rclcpp_components::NodeFactoryTemplate<nav2_lifecycle_manager::LifecycleManager>
[component_container_isolated-2] [INFO] [1789770162.853909401] [lifecycle_manager_navigation]: Creating
[component_container_isolated-2] [INFO] [1789770162.857041162] [lifecycle_manager_navigation]: [34m[1mCreating and initializing lifecycle service clients[0m[0m
[INFO] [launch_ros.actions.load_composable_nodes]: Loaded node '/lifecycle_manager_navigation' in container '/nav2_container'
[component_container_isolated-2] [INFO] [1789770162.865634432] [lifecycle_manager_navigation]: [34m[1mStarting managed nodes bringup...[0m[0m
[component_container_isolated-2] [INFO] [1789770162.865691335] [lifecycle_manager_navigation]: [34m[1mConfiguring controller_server[0m[0m
[component_container_isolated-2] [INFO] [1789770162.865862644] [controller_server]: Configuring controller interface
[component_container_isolated-2] [INFO] [1789770162.866075495] [controller_server]: getting goal checker plugins..
[component_container_isolated-2] [INFO] [1789770162.866177418] [controller_server]: Controller frequency set to 20.0000Hz
[component_container_isolated-2] [INFO] [1789770162.866211012] [local_costmap.local_costmap]: Configuring
[component_container_isolated-2] [INFO] [1789770162.870059105] [local_costmap.local_costmap]: Using plugin "obstacle_layer"
[component_container_isolated-2] [INFO] [1789770162.872802175] [local_costmap.local_costmap]: Subscribed to Topics: front_scan rear_scan
[component_container_isolated-2] [INFO] [1789770162.876371776] [lifecycle_manager_localization]: Server map_server connected with bond.
[component_container_isolated-2] [INFO] [1789770162.876425370] [lifecycle_manager_localization]: [34m[1mActivating amcl[0m[0m
[component_container_isolated-2] [INFO] [1789770162.876617283] [amcl]: Activating
[component_container_isolated-2] [INFO] [1789770162.876673951] [amcl]: Creating bond (amcl) to lifecycle manager.
[component_container_isolated-2] [INFO] [1789770162.879508972] [local_costmap.local_costmap]: Initialized plugin "obstacle_layer"
[component_container_isolated-2] [INFO] [1789770162.879538585] [local_costmap.local_costmap]: Using plugin "stvl_local"
[component_container_isolated-2] [INFO] [1789770162.880704234] [amcl]: initialPoseReceived
[component_container_isolated-2] [INFO] [1789770162.880780266] [amcl]: Setting pose (1.500000): -2.250 1.000 1.571
[component_container_isolated-2] [INFO] [1789770162.882284163] [amcl]: initialPoseReceived
[component_container_isolated-2] [INFO] [1789770162.882321941] [amcl]: Setting pose (1.500000): -2.250 1.000 1.571
[component_container_isolated-2] [INFO] [1789770162.883824863] [amcl]: createLaserObject
[component_container_isolated-2] [INFO] [1789770162.890322825] [amcl]: initialPoseReceived
[component_container_isolated-2] [INFO] [1789770162.890386709] [amcl]: Setting pose (1.500000): -2.250 1.000 1.571
[component_container_isolated-2] [INFO] [1789770162.891969545] [amcl]: initialPoseReceived
[component_container_isolated-2] [INFO] [1789770162.892021215] [amcl]: Setting pose (1.500000): -2.250 1.000 1.571
[component_container_isolated-2] [INFO] [1789770162.902866055] [local_costmap.local_costmap]: stvl_local being initialized as SpatioTemporalVoxelLayer!
[component_container_isolated-2] [INFO] [1789770162.902943975] [local_costmap.local_costmap]: stvl_local's global frame is odom.
[component_container_isolated-2] [INFO] [1789770162.904458026] [local_costmap.local_costmap]: stvl_local loaded parameters from parameter server.
[ground_truth_localizer-1] [INFO] [1789770162.904892528] [ground_truth_localizer]: publishing map->odom from /ground_truth/odom (AMCL tf_broadcast must be false)
[component_container_isolated-2] [INFO] [1789770162.907276338] [local_costmap.local_costmap]: stvl_local created underlying voxel grid.
[component_container_isolated-2] [INFO] [1789770162.910280067] [local_costmap.local_costmap]: Voxel filter activated.
[component_container_isolated-2] [INFO] [1789770162.913046345] [local_costmap.local_costmap]: stvl_local initialization complete!
[component_container_isolated-2] [INFO] [1789770162.913112858] [local_costmap.local_costmap]: Initialized plugin "stvl_local"
[component_container_isolated-2] [INFO] [1789770162.913132747] [local_costmap.local_costmap]: Using plugin "inflation_layer"
[component_container_isolated-2] [INFO] [1789770162.914407954] [local_costmap.local_costmap]: Initialized plugin "inflation_layer"
[component_container_isolated-2] [INFO] [1789770162.922733895] [controller_server]: Created progress_checker : progress_checker of type nav2_controller::SimpleProgressChecker
[component_container_isolated-2] [INFO] [1789770162.923964644] [controller_server]: Created goal checker : general_goal_checker of type nav2_controller::SimpleGoalChecker
[component_container_isolated-2] [INFO] [1789770162.924507053] [controller_server]: Controller Server has general_goal_checker  goal checkers available.
[component_container_isolated-2] [INFO] [1789770162.984383116] [lifecycle_manager_localization]: Server amcl connected with bond.
[component_container_isolated-2] [INFO] [1789770162.984513566] [lifecycle_manager_localization]: [34m[1mManaged nodes are active[0m[0m
[component_container_isolated-2] [INFO] [1789770162.984538380] [lifecycle_manager_localization]: [34m[1mCreating bond timer...[0m[0m
[component_container_isolated-2] [INFO] [1789770163.291843256] [controller_server]: Created controller : FollowPath of type nav2_tgmppi_controller::TgMppiController
[component_container_isolated-2] [INFO] [1789770163.298124574] [controller_server]: [TG-MPPI] flow mode: water field over local costmap (reflood every 1 cycle(s), plan-seeded membrane, radius=2.50m, bias=0.40 gain=1.00, shadow=true, sampling=disabled, critic=disabled, ancillary collision check=enabled)
[component_container_isolated-2] [INFO] [1789770163.298367017] [controller_server]: Controller period is equal to model dt. Control sequence shifting is ON
[component_container_isolated-2] [INFO] [1789770163.304036606] [controller_server]: ConstraintCritic instantiated with 1 power and 4.000000 weight.
[component_container_isolated-2] [INFO] [1789770163.331655684] [controller_server]: Critic loaded : tgmppi::critics::ConstraintCritic
[component_container_isolated-2] [INFO] [1789770163.332350368] [controller_server]: InflationCostCritic instantiated with 1 power and 300.000000 / 0.015000 weights. Critic will collision check based on footprint cost.
[component_container_isolated-2] [INFO] [1789770163.332379379] [controller_server]: Critic loaded : tgmppi::critics::CostCritic
[component_container_isolated-2] [INFO] [1789770163.332678223] [controller_server]: GoalCritic instantiated with 1 power and 5.000000 weight.
[component_container_isolated-2] [INFO] [1789770163.332691101] [controller_server]: Critic loaded : tgmppi::critics::GoalCritic
[component_container_isolated-2] [INFO] [1789770163.332998484] [controller_server]: GoalAngleCritic instantiated with 1 power, 3.000000 weight, 0.500000 angular threshold and symmetric_yaw_tolerance disabled
[component_container_isolated-2] [INFO] [1789770163.333010692] [controller_server]: Critic loaded : tgmppi::critics::GoalAngleCritic
[component_container_isolated-2] [INFO] [1789770163.333697338] [controller_server]: ReferenceTrajectoryCritic instantiated with 1 power and 3.000000 weight
[component_container_isolated-2] [INFO] [1789770163.333714042] [controller_server]: Critic loaded : tgmppi::critics::PathAlignCritic
[component_container_isolated-2] [INFO] [1789770163.334589503] [controller_server]: Critic loaded : tgmppi::critics::PathFollowCritic
[component_container_isolated-2] [INFO] [1789770163.335422519] [controller_server]: PathAngleCritic instantiated with 1 power and 2.000000 weight. Reversing allowed.
[component_container_isolated-2] [INFO] [1789770163.335444949] [controller_server]: Critic loaded : tgmppi::critics::PathAngleCritic
[component_container_isolated-2] [INFO] [1789770163.336028585] [controller_server]: PreferForwardCritic instantiated with 1 power and 2.000000 weight.
[component_container_isolated-2] [INFO] [1789770163.336069242] [controller_server]: Critic loaded : tgmppi::critics::PreferForwardCritic
[component_container_isolated-2] [INFO] [1789770163.342303161] [controller_server]: Optimizer reset (compute_backend=cpu)
[component_container_isolated-2] [INFO] [1789770163.343509217] [TgMppiController]: Configured MPPI Controller: FollowPath
[component_container_isolated-2] [INFO] [1789770163.343526742] [controller_server]: Controller Server has FollowPath  controllers available.
[component_container_isolated-2] [INFO] [1789770163.346908065] [lifecycle_manager_navigation]: [34m[1mConfiguring smoother_server[0m[0m
[component_container_isolated-2] [INFO] [1789770163.347031461] [smoother_server]: Configuring smoother server
[component_container_isolated-2] [INFO] [1789770163.351689876] [smoother_server]: Created smoother : simple_smoother of type nav2_smoother::SimpleSmoother
[component_container_isolated-2] [INFO] [1789770163.352145788] [smoother_server]: Smoother Server has simple_smoother  smoothers available.
[component_container_isolated-2] [INFO] [1789770163.356805418] [lifecycle_manager_navigation]: [34m[1mConfiguring planner_server[0m[0m
[component_container_isolated-2] [INFO] [1789770163.356918887] [planner_server]: Configuring
[component_container_isolated-2] [INFO] [1789770163.356964632] [global_costmap.global_costmap]: Configuring
[component_container_isolated-2] [INFO] [1789770163.361340814] [global_costmap.global_costmap]: Using plugin "static_layer"
[component_container_isolated-2] [INFO] [1789770163.362646712] [global_costmap.global_costmap]: Subscribing to the map topic (/map) with transient local durability
[component_container_isolated-2] [INFO] [1789770163.363163325] [global_costmap.global_costmap]: Subscribing to updates
[component_container_isolated-2] [INFO] [1789770163.363561036] [global_costmap.global_costmap]: Initialized plugin "static_layer"
[component_container_isolated-2] [INFO] [1789770163.363575531] [global_costmap.global_costmap]: Using plugin "obstacle_layer"
[component_container_isolated-2] [INFO] [1789770163.364063824] [global_costmap.global_costmap]: Subscribed to Topics: front_scan rear_scan
[component_container_isolated-2] [INFO] [1789770163.369137523] [global_costmap.global_costmap]: Initialized plugin "obstacle_layer"
[component_container_isolated-2] [INFO] [1789770163.369156574] [global_costmap.global_costmap]: Using plugin "stvl_global"
[component_container_isolated-2] [INFO] [1789770163.369278583] [global_costmap.global_costmap]: stvl_global being initialized as SpatioTemporalVoxelLayer!
[component_container_isolated-2] [INFO] [1789770163.369283402] [global_costmap.global_costmap]: stvl_global's global frame is map.
[component_container_isolated-2] [INFO] [1789770163.370142641] [global_costmap.global_costmap]: stvl_global loaded parameters from parameter server.
[component_container_isolated-2] [INFO] [1789770163.370979912] [global_costmap.global_costmap]: stvl_global created underlying voxel grid.
[component_container_isolated-2] [INFO] [1789770163.372382268] [global_costmap.global_costmap]: Voxel filter activated.
[component_container_isolated-2] [INFO] [1789770163.374128402] [global_costmap.global_costmap]: stvl_global initialization complete!
[component_container_isolated-2] [INFO] [1789770163.374147959] [global_costmap.global_costmap]: Initialized plugin "stvl_global"
[component_container_isolated-2] [INFO] [1789770163.374152551] [global_costmap.global_costmap]: Using plugin "inflation_layer"
[component_container_isolated-2] [INFO] [1789770163.374673652] [global_costmap.global_costmap]: Initialized plugin "inflation_layer"
[component_container_isolated-2] [INFO] [1789770163.377842304] [planner_server]: Created global planner plugin GridBased of type nav2_navfn_planner/NavfnPlanner
[component_container_isolated-2] [INFO] [1789770163.377863083] [planner_server]: Configuring plugin GridBased of type NavfnPlanner
[component_container_isolated-2] [INFO] [1789770163.378289312] [planner_server]: Planner Server has GridBased  planners available.
[component_container_isolated-2] [INFO] [1789770163.384446828] [lifecycle_manager_navigation]: [34m[1mConfiguring behavior_server[0m[0m
[component_container_isolated-2] [INFO] [1789770163.384559876] [behavior_server]: Configuring
[component_container_isolated-2] [INFO] [1789770163.387074217] [behavior_server]: Creating behavior plugin spin of type nav2_behaviors/Spin
[component_container_isolated-2] [INFO] [1789770163.387588243] [behavior_server]: Configuring spin
[component_container_isolated-2] [INFO] [1789770163.390059715] [behavior_server]: Creating behavior plugin backup of type nav2_behaviors/BackUp
[component_container_isolated-2] [INFO] [1789770163.390882348] [behavior_server]: Configuring backup
[component_container_isolated-2] [INFO] [1789770163.395631766] [behavior_server]: Creating behavior plugin drive_on_heading of type nav2_behaviors/DriveOnHeading
[component_container_isolated-2] [INFO] [1789770163.396296667] [behavior_server]: Configuring drive_on_heading
[component_container_isolated-2] [INFO] [1789770163.398930991] [behavior_server]: Creating behavior plugin wait of type nav2_behaviors/Wait
[component_container_isolated-2] [INFO] [1789770163.399439905] [behavior_server]: Configuring wait
[component_container_isolated-2] [INFO] [1789770163.401978626] [lifecycle_manager_navigation]: [34m[1mConfiguring bt_navigator[0m[0m
[component_container_isolated-2] [INFO] [1789770163.402086564] [bt_navigator]: Configuring
[component_container_isolated-2] [INFO] [1789770163.433234940] [global_costmap.global_costmap]: StaticLayer: Resizing costmap to 30 X 78 at 0.150000 m/pix
[component_container_isolated-2] [INFO] [1789770163.453969151] [lifecycle_manager_navigation]: [34m[1mConfiguring waypoint_follower[0m[0m
[component_container_isolated-2] [INFO] [1789770163.454101234] [waypoint_follower]: Configuring
[component_container_isolated-2] [INFO] [1789770163.459835777] [waypoint_follower]: Created waypoint_task_executor : wait_at_waypoint of type nav2_waypoint_follower::WaitAtWaypoint
[component_container_isolated-2] [INFO] [1789770163.460287449] [lifecycle_manager_navigation]: [34m[1mConfiguring velocity_smoother[0m[0m
[component_container_isolated-2] [INFO] [1789770163.460393817] [velocity_smoother]: Configuring velocity smoother
[component_container_isolated-2] [INFO] [1789770163.462249296] [lifecycle_manager_navigation]: [34m[1mActivating controller_server[0m[0m
[component_container_isolated-2] [INFO] [1789770163.462364298] [controller_server]: Activating
[component_container_isolated-2] [INFO] [1789770163.462391685] [local_costmap.local_costmap]: Activating
[component_container_isolated-2] [INFO] [1789770163.462402489] [local_costmap.local_costmap]: Checking transform
[component_container_isolated-2] [INFO] [1789770163.462491135] [local_costmap.local_costmap]: start
[component_container_isolated-2] [INFO] [1789770163.463229866] [local_costmap.local_costmap]: stvl_local was activated.
[component_container_isolated-2] [WARN] [1789770163.713980213] [controller_server]: Parameter controller_server.verbose not found
[component_container_isolated-2] [INFO] [1789770163.719693779] [controller_server]: Optimizer reset (compute_backend=cpu)
[component_container_isolated-2] [INFO] [1789770163.720195978] [TgMppiController]: Activated MPPI Controller: FollowPath
[component_container_isolated-2] [INFO] [1789770163.720228912] [controller_server]: Creating bond (controller_server) to lifecycle manager.
[component_container_isolated-2] [INFO] [1789770163.823188710] [lifecycle_manager_navigation]: Server controller_server connected with bond.
[component_container_isolated-2] [INFO] [1789770163.823224908] [lifecycle_manager_navigation]: [34m[1mActivating smoother_server[0m[0m
[component_container_isolated-2] [INFO] [1789770163.823435075] [smoother_server]: Activating
[component_container_isolated-2] [INFO] [1789770163.823478329] [smoother_server]: Creating bond (smoother_server) to lifecycle manager.
[component_container_isolated-2] [INFO] [1789770163.926492223] [lifecycle_manager_navigation]: Server smoother_server connected with bond.
[component_container_isolated-2] [INFO] [1789770163.926529779] [lifecycle_manager_navigation]: [34m[1mActivating planner_server[0m[0m
[component_container_isolated-2] [INFO] [1789770163.926719741] [planner_server]: Activating
[component_container_isolated-2] [INFO] [1789770163.926760453] [global_costmap.global_costmap]: Activating
[component_container_isolated-2] [INFO] [1789770163.926771471] [global_costmap.global_costmap]: Checking transform
[component_container_isolated-2] [INFO] [1789770163.926791239] [global_costmap.global_costmap]: Timed out waiting for transform from base_link to map to become available, tf error: Lookup would require extrapolation into the past.  Requested time 2.499000 but the earliest data is at time 3.433000, when looking up transform from frame [base_link] to frame [map]
[component_container_isolated-2] [INFO] [1789770164.426910310] [global_costmap.global_costmap]: Timed out waiting for transform from base_link to map to become available, tf error: Lookup would require extrapolation into the past.  Requested time 2.969000 but the earliest data is at time 3.433000, when looking up transform from frame [base_link] to frame [map]
[component_container_isolated-2] [INFO] [1789770164.926899291] [global_costmap.global_costmap]: Timed out waiting for transform from base_link to map to become available, tf error: Lookup would require extrapolation into the past.  Requested time 3.359000 but the earliest data is at time 3.433000, when looking up transform from frame [base_link] to frame [map]
[component_container_isolated-2] [INFO] [1789770165.426923113] [global_costmap.global_costmap]: start
[component_container_isolated-2] [INFO] [1789770165.428011291] [global_costmap.global_costmap]: stvl_global was activated.
[component_container_isolated-2] [INFO] [1789770166.428456168] [planner_server]: Activating plugin GridBased of type NavfnPlanner
[component_container_isolated-2] [INFO] [1789770166.429824596] [planner_server]: Creating bond (planner_server) to lifecycle manager.
[component_container_isolated-2] [INFO] [1789770166.537828087] [lifecycle_manager_navigation]: Server planner_server connected with bond.
[component_container_isolated-2] [INFO] [1789770166.537893903] [lifecycle_manager_navigation]: [34m[1mActivating behavior_server[0m[0m
[component_container_isolated-2] [INFO] [1789770166.538216224] [behavior_server]: Activating
[component_container_isolated-2] [INFO] [1789770166.538246658] [behavior_server]: Activating spin
[component_container_isolated-2] [INFO] [1789770166.538267250] [behavior_server]: Activating backup
[component_container_isolated-2] [INFO] [1789770166.538278270] [behavior_server]: Activating drive_on_heading
[component_container_isolated-2] [INFO] [1789770166.538288575] [behavior_server]: Activating wait
[component_container_isolated-2] [INFO] [1789770166.538301842] [behavior_server]: Creating bond (behavior_server) to lifecycle manager.
[component_container_isolated-2] [INFO] [1789770166.642833115] [lifecycle_manager_navigation]: Server behavior_server connected with bond.
[component_container_isolated-2] [INFO] [1789770166.642887232] [lifecycle_manager_navigation]: [34m[1mActivating bt_navigator[0m[0m
[component_container_isolated-2] [INFO] [1789770166.643171227] [bt_navigator]: Activating
[component_container_isolated-2] [INFO] [1789770166.708158495] [bt_navigator]: Creating bond (bt_navigator) to lifecycle manager.
[component_container_isolated-2] [INFO] [1789770166.813757707] [lifecycle_manager_navigation]: Server bt_navigator connected with bond.
[component_container_isolated-2] [INFO] [1789770166.813846396] [lifecycle_manager_navigation]: [34m[1mActivating waypoint_follower[0m[0m
[component_container_isolated-2] [INFO] [1789770166.814498226] [waypoint_follower]: Activating
[component_container_isolated-2] [INFO] [1789770166.814607196] [waypoint_follower]: Creating bond (waypoint_follower) to lifecycle manager.
[component_container_isolated-2] [INFO] [1789770166.899958858] [global_costmap.global_costmap]: Message Filter dropping message: frame 'front_lidar_1' at time 5.081 for reason 'the timestamp on the message is earlier than all the data in the transform cache'
[component_container_isolated-2] [INFO] [1789770166.921863363] [lifecycle_manager_navigation]: Server waypoint_follower connected with bond.
[component_container_isolated-2] [INFO] [1789770166.921969283] [lifecycle_manager_navigation]: [34m[1mActivating velocity_smoother[0m[0m
[component_container_isolated-2] [INFO] [1789770166.922614888] [velocity_smoother]: Activating
[component_container_isolated-2] [INFO] [1789770166.922692373] [velocity_smoother]: Creating bond (velocity_smoother) to lifecycle manager.
[component_container_isolated-2] [INFO] [1789770167.030427410] [lifecycle_manager_navigation]: Server velocity_smoother connected with bond.
[component_container_isolated-2] [INFO] [1789770167.030568900] [lifecycle_manager_navigation]: [34m[1mManaged nodes are active[0m[0m
[component_container_isolated-2] [INFO] [1789770167.030588166] [lifecycle_manager_navigation]: [34m[1mCreating bond timer...[0m[0m
[component_container_isolated-2] [INFO] [1789770168.718453956] [bt_navigator]: Begin navigating from current location (-2.25, 1.00) to (-1.73, 9.52)
[component_container_isolated-2] [INFO] [1789770168.739140463] [controller_server]: Received a goal, begin computing control effort.
[component_container_isolated-2] [WARN] [1789770168.739203459] [controller_server]: No goal checker was specified in parameter 'current_goal_checker'. Server will use only plugin loaded general_goal_checker . This warning will appear once.
[component_container_isolated-2] [INFO] [1789770168.744714025] [controller_server]: Optimizer reset (compute_backend=cpu)
[component_container_isolated-2] [ERROR] [1789770168.755219791] [tf_help]: Transform data too old when converting from map to odom
[component_container_isolated-2] [ERROR] [1789770168.755249550] [tf_help]: Data time: 6s 800000000ns, Transform time: 5s 109000000ns
[component_container_isolated-2] [ERROR] [1789770168.798092461] [tf_help]: Transform data too old when converting from map to odom
[component_container_isolated-2] [ERROR] [1789770168.798205351] [tf_help]: Data time: 6s 800000000ns, Transform time: 5s 109000000ns
[component_container_isolated-2] [ERROR] [1789770168.846791662] [tf_help]: Transform data too old when converting from map to odom
[component_container_isolated-2] [ERROR] [1789770168.846823167] [tf_help]: Data time: 6s 800000000ns, Transform time: 5s 109000000ns
[component_container_isolated-2] [ERROR] [1789770168.896573854] [tf_help]: Transform data too old when converting from map to odom
[component_container_isolated-2] [ERROR] [1789770168.896627426] [tf_help]: Data time: 6s 800000000ns, Transform time: 5s 109000000ns
[component_container_isolated-2] [ERROR] [1789770168.945661823] [tf_help]: Transform data too old when converting from map to odom
[component_container_isolated-2] [ERROR] [1789770168.945696071] [tf_help]: Data time: 6s 800000000ns, Transform time: 5s 109000000ns
[component_container_isolated-2] [ERROR] [1789770168.996711184] [tf_help]: Transform data too old when converting from map to odom
[component_container_isolated-2] [ERROR] [1789770168.996807893] [tf_help]: Data time: 6s 800000000ns, Transform time: 5s 109000000ns
[component_container_isolated-2] [ERROR] [1789770169.055799214] [tf_help]: Transform data too old when converting from map to odom
[component_container_isolated-2] [ERROR] [1789770169.055919758] [tf_help]: Data time: 6s 800000000ns, Transform time: 5s 109000000ns
[component_container_isolated-2] [ERROR] [1789770169.104306556] [tf_help]: Transform data too old when converting from map to odom
[component_container_isolated-2] [ERROR] [1789770169.104390850] [tf_help]: Data time: 6s 800000000ns, Transform time: 5s 109000000ns
[component_container_isolated-2] [ERROR] [1789770169.154865574] [tf_help]: Transform data too old when converting from map to odom
[component_container_isolated-2] [ERROR] [1789770169.154933576] [tf_help]: Data time: 6s 800000000ns, Transform time: 5s 109000000ns
[component_container_isolated-2] [ERROR] [1789770169.204333423] [tf_help]: Transform data too old when converting from map to odom
[component_container_isolated-2] [ERROR] [1789770169.204453217] [tf_help]: Data time: 6s 800000000ns, Transform time: 5s 109000000ns
[component_container_isolated-2] [ERROR] [1789770169.249296504] [tf_help]: Transform data too old when converting from map to odom
[component_container_isolated-2] [ERROR] [1789770169.249340186] [tf_help]: Data time: 6s 800000000ns, Transform time: 5s 109000000ns
[component_container_isolated-2] [ERROR] [1789770169.296886584] [tf_help]: Transform data too old when converting from map to odom
[component_container_isolated-2] [ERROR] [1789770169.296924751] [tf_help]: Data time: 6s 800000000ns, Transform time: 5s 109000000ns
[component_container_isolated-2] [ERROR] [1789770169.348400991] [tf_help]: Transform data too old when converting from map to odom
[component_container_isolated-2] [ERROR] [1789770169.348447034] [tf_help]: Data time: 6s 800000000ns, Transform time: 5s 109000000ns
[component_container_isolated-2] [ERROR] [1789770169.402615796] [tf_help]: Transform data too old when converting from map to odom
[component_container_isolated-2] [ERROR] [1789770169.402659991] [tf_help]: Data time: 6s 800000000ns, Transform time: 5s 109000000ns
[component_container_isolated-2] [ERROR] [1789770169.445511564] [tf_help]: Transform data too old when converting from map to odom
[component_container_isolated-2] [ERROR] [1789770169.445545222] [tf_help]: Data time: 6s 800000000ns, Transform time: 5s 109000000ns
[component_container_isolated-2] [ERROR] [1789770169.500826664] [tf_help]: Transform data too old when converting from map to odom
[component_container_isolated-2] [ERROR] [1789770169.500871566] [tf_help]: Data time: 6s 800000000ns, Transform time: 5s 109000000ns
[component_container_isolated-2] [ERROR] [1789770169.549829594] [tf_help]: Transform data too old when converting from map to odom
[component_container_isolated-2] [ERROR] [1789770169.549882097] [tf_help]: Data time: 6s 800000000ns, Transform time: 5s 109000000ns
[component_container_isolated-2] [ERROR] [1789770169.597144271] [tf_help]: Transform data too old when converting from map to odom
[component_container_isolated-2] [ERROR] [1789770169.597186743] [tf_help]: Data time: 6s 800000000ns, Transform time: 5s 109000000ns
[component_container_isolated-2] [ERROR] [1789770169.645327756] [tf_help]: Transform data too old when converting from map to odom
[component_container_isolated-2] [ERROR] [1789770169.645362218] [tf_help]: Data time: 6s 800000000ns, Transform time: 5s 109000000ns
[component_container_isolated-2] [ERROR] [1789770169.699564241] [tf_help]: Transform data too old when converting from map to odom
[component_container_isolated-2] [ERROR] [1789770169.699650136] [tf_help]: Data time: 6s 800000000ns, Transform time: 5s 109000000ns
[component_container_isolated-2] [ERROR] [1789770169.747865475] [tf_help]: Transform data too old when converting from map to odom
[component_container_isolated-2] [ERROR] [1789770169.747927201] [tf_help]: Data time: 6s 800000000ns, Transform time: 5s 109000000ns
[component_container_isolated-2] [INFO] [1789770169.789496041] [controller_server]: Passing new path to controller.
[component_container_isolated-2] [ERROR] [1789770169.798209999] [tf_help]: Transform data too old when converting from map to odom
[component_container_isolated-2] [ERROR] [1789770169.798245075] [tf_help]: Data time: 7s 700000000ns, Transform time: 5s 109000000ns
[component_container_isolated-2] [ERROR] [1789770169.847605937] [tf_help]: Transform data too old when converting from map to odom
[component_container_isolated-2] [ERROR] [1789770169.847664340] [tf_help]: Data time: 7s 700000000ns, Transform time: 5s 109000000ns
[component_container_isolated-2] [ERROR] [1789770169.898996545] [tf_help]: Transform data too old when converting from map to odom
[component_container_isolated-2] [ERROR] [1789770169.899069060] [tf_help]: Data time: 7s 700000000ns, Transform time: 5s 109000000ns
[component_container_isolated-2] [ERROR] [1789770169.948140975] [tf_help]: Transform data too old when converting from map to odom
[component_container_isolated-2] [ERROR] [1789770169.948184988] [tf_help]: Data time: 7s 700000000ns, Transform time: 5s 109000000ns
[component_container_isolated-2] [ERROR] [1789770169.998463425] [tf_help]: Transform data too old when converting from map to odom
[component_container_isolated-2] [ERROR] [1789770169.998515356] [tf_help]: Data time: 7s 700000000ns, Transform time: 5s 109000000ns
[component_container_isolated-2] [ERROR] [1789770170.053940421] [tf_help]: Transform data too old when converting from map to odom
[component_container_isolated-2] [ERROR] [1789770170.054053534] [tf_help]: Data time: 7s 700000000ns, Transform time: 5s 109000000ns
[component_container_isolated-2] [ERROR] [1789770170.096269899] [tf_help]: Transform data too old when converting from map to odom
[component_container_isolated-2] [ERROR] [1789770170.096301882] [tf_help]: Data time: 7s 700000000ns, Transform time: 5s 109000000ns
[component_container_isolated-2] [ERROR] [1789770170.146361915] [tf_help]: Transform data too old when converting from map to odom
[component_container_isolated-2] [ERROR] [1789770170.146405256] [tf_help]: Data time: 7s 700000000ns, Transform time: 5s 109000000ns
[component_container_isolated-2] [ERROR] [1789770170.195941433] [tf_help]: Transform data too old when converting from map to odom
[component_container_isolated-2] [ERROR] [1789770170.195973349] [tf_help]: Data time: 7s 700000000ns, Transform time: 5s 109000000ns
[component_container_isolated-2] [ERROR] [1789770170.248428395] [tf_help]: Transform data too old when converting from map to odom
[component_container_isolated-2] [ERROR] [1789770170.248469443] [tf_help]: Data time: 7s 700000000ns, Transform time: 5s 109000000ns
[component_container_isolated-2] [ERROR] [1789770170.295847550] [tf_help]: Transform data too old when converting from map to odom
[component_container_isolated-2] [ERROR] [1789770170.295883209] [tf_help]: Data time: 7s 700000000ns, Transform time: 5s 109000000ns
[component_container_isolated-2] [ERROR] [1789770170.345366845] [tf_help]: Transform data too old when converting from map to odom
[component_container_isolated-2] [ERROR] [1789770170.345401742] [tf_help]: Data time: 7s 700000000ns, Transform time: 5s 109000000ns
[component_container_isolated-2] [ERROR] [1789770170.395689788] [tf_help]: Transform data too old when converting from map to odom
[component_container_isolated-2] [ERROR] [1789770170.395721880] [tf_help]: Data time: 7s 700000000ns, Transform time: 5s 109000000ns
[component_container_isolated-2] [ERROR] [1789770170.445765754] [tf_help]: Transform data too old when converting from map to odom
[component_container_isolated-2] [ERROR] [1789770170.445815826] [tf_help]: Data time: 7s 700000000ns, Transform time: 5s 109000000ns
[component_container_isolated-2] [ERROR] [1789770170.496282935] [tf_help]: Transform data too old when converting from map to odom
[component_container_isolated-2] [ERROR] [1789770170.496324387] [tf_help]: Data time: 7s 700000000ns, Transform time: 5s 109000000ns
[component_container_isolated-2] [ERROR] [1789770170.545486935] [tf_help]: Transform data too old when converting from map to odom
[component_container_isolated-2] [ERROR] [1789770170.545517738] [tf_help]: Data time: 7s 700000000ns, Transform time: 5s 109000000ns
[component_container_isolated-2] [ERROR] [1789770170.595703252] [tf_help]: Transform data too old when converting from map to odom
[component_container_isolated-2] [ERROR] [1789770170.595732063] [tf_help]: Data time: 7s 700000000ns, Transform time: 5s 109000000ns
[component_container_isolated-2] [ERROR] [1789770170.645380485] [tf_help]: Transform data too old when converting from map to odom
[component_container_isolated-2] [ERROR] [1789770170.645423235] [tf_help]: Data time: 7s 700000000ns, Transform time: 5s 109000000ns
[component_container_isolated-2] [ERROR] [1789770170.698778720] [tf_help]: Transform data too old when converting from map to odom
[component_container_isolated-2] [ERROR] [1789770170.698834485] [tf_help]: Data time: 7s 700000000ns, Transform time: 5s 109000000ns
[component_container_isolated-2] [ERROR] [1789770170.748034038] [tf_help]: Transform data too old when converting from map to odom
[component_container_isolated-2] [ERROR] [1789770170.748097146] [tf_help]: Data time: 7s 700000000ns, Transform time: 5s 109000000ns
[component_container_isolated-2] [ERROR] [1789770170.795768547] [tf_help]: Transform data too old when converting from map to odom
[component_container_isolated-2] [ERROR] [1789770170.795800862] [tf_help]: Data time: 7s 700000000ns, Transform time: 5s 109000000ns
[component_container_isolated-2] [INFO] [1789770170.839314580] [controller_server]: Passing new path to controller.
[component_container_isolated-2] [ERROR] [1789770170.845777133] [tf_help]: Transform data too old when converting from map to odom
[component_container_isolated-2] [ERROR] [1789770170.845809962] [tf_help]: Data time: 8s 700000000ns, Transform time: 5s 109000000ns
[component_container_isolated-2] [ERROR] [1789770170.897186389] [tf_help]: Transform data too old when converting from map to odom
[component_container_isolated-2] [ERROR] [1789770170.897225329] [tf_help]: Data time: 8s 700000000ns, Transform time: 5s 109000000ns
[component_container_isolated-2] [ERROR] [1789770170.945612472] [tf_help]: Transform data too old when converting from map to odom
[component_container_isolated-2] [ERROR] [1789770170.945644807] [tf_help]: Data time: 8s 700000000ns, Transform time: 5s 109000000ns
[component_container_isolated-2] [ERROR] [1789770170.995671117] [tf_help]: Transform data too old when converting from map to odom
[component_container_isolated-2] [ERROR] [1789770170.995704644] [tf_help]: Data time: 8s 700000000ns, Transform time: 5s 109000000ns
[component_container_isolated-2] [ERROR] [1789770171.045445533] [tf_help]: Transform data too old when converting from map to odom
[component_container_isolated-2] [ERROR] [1789770171.045482795] [tf_help]: Data time: 8s 700000000ns, Transform time: 5s 109000000ns
[component_container_isolated-2] [ERROR] [1789770171.095803376] [tf_help]: Transform data too old when converting from map to odom
[component_container_isolated-2] [ERROR] [1789770171.095835646] [tf_help]: Data time: 8s 700000000ns, Transform time: 5s 109000000ns
[component_container_isolated-2] [ERROR] [1789770171.145902968] [tf_help]: Transform data too old when converting from map to odom
[component_container_isolated-2] [ERROR] [1789770171.145937257] [tf_help]: Data time: 8s 700000000ns, Transform time: 5s 109000000ns
[component_container_isolated-2] [INFO] [1789770171.196082389] [controller_server]: [TG-MPPI] cycle time (compute_backend=cpu): 8.151 ms/cycle avg over 50 cycles
[component_container_isolated-2] [ERROR] [1789770171.196230865] [tf_help]: Transform data too old when converting from map to odom
[component_container_isolated-2] [ERROR] [1789770171.196246845] [tf_help]: Data time: 8s 700000000ns, Transform time: 5s 109000000ns
[component_container_isolated-2] [ERROR] [1789770171.245417274] [tf_help]: Transform data too old when converting from map to odom
[component_container_isolated-2] [ERROR] [1789770171.245460296] [tf_help]: Data time: 8s 700000000ns, Transform time: 5s 109000000ns
[component_container_isolated-2] [ERROR] [1789770171.295576394] [tf_help]: Transform data too old when converting from map to odom
[component_container_isolated-2] [ERROR] [1789770171.295610640] [tf_help]: Data time: 8s 700000000ns, Transform time: 5s 109000000ns
[component_container_isolated-2] [ERROR] [1789770171.345924637] [tf_help]: Transform data too old when converting from map to odom
[component_container_isolated-2] [ERROR] [1789770171.345956534] [tf_help]: Data time: 8s 700000000ns, Transform time: 5s 109000000ns
[component_container_isolated-2] [ERROR] [1789770171.395336574] [tf_help]: Transform data too old when converting from map to odom
[component_container_isolated-2] [ERROR] [1789770171.395370731] [tf_help]: Data time: 8s 700000000ns, Transform time: 5s 109000000ns
[component_container_isolated-2] [ERROR] [1789770171.445361999] [tf_help]: Transform data too old when converting from map to odom
[component_container_isolated-2] [ERROR] [1789770171.445399084] [tf_help]: Data time: 8s 700000000ns, Transform time: 5s 109000000ns
[component_container_isolated-2] [ERROR] [1789770171.496185201] [tf_help]: Transform data too old when converting from map to odom
[component_container_isolated-2] [ERROR] [1789770171.496232308] [tf_help]: Data time: 8s 700000000ns, Transform time: 5s 109000000ns
[component_container_isolated-2] [ERROR] [1789770171.545712784] [tf_help]: Transform data too old when converting from map to odom
[component_container_isolated-2] [ERROR] [1789770171.545745368] [tf_help]: Data time: 8s 700000000ns, Transform time: 5s 109000000ns
[component_container_isolated-2] [ERROR] [1789770171.596396047] [tf_help]: Transform data too old when converting from map to odom
[component_container_isolated-2] [ERROR] [1789770171.596437499] [tf_help]: Data time: 8s 700000000ns, Transform time: 5s 109000000ns
[component_container_isolated-2] [ERROR] [1789770171.645648012] [tf_help]: Transform data too old when converting from map to odom
[component_container_isolated-2] [ERROR] [1789770171.645682667] [tf_help]: Data time: 8s 700000000ns, Transform time: 5s 109000000ns
[component_container_isolated-2] [ERROR] [1789770171.695510770] [tf_help]: Transform data too old when converting from map to odom
[component_container_isolated-2] [ERROR] [1789770171.695544594] [tf_help]: Data time: 8s 700000000ns, Transform time: 5s 109000000ns
[component_container_isolated-2] [ERROR] [1789770171.745612189] [tf_help]: Transform data too old when converting from map to odom
[component_container_isolated-2] [ERROR] [1789770171.745646726] [tf_help]: Data time: 8s 700000000ns, Transform time: 5s 109000000ns
[component_container_isolated-2] [ERROR] [1789770171.795705792] [tf_help]: Transform data too old when converting from map to odom
[component_container_isolated-2] [ERROR] [1789770171.795741028] [tf_help]: Data time: 8s 700000000ns, Transform time: 5s 109000000ns
[component_container_isolated-2] [INFO] [1789770171.839423514] [controller_server]: Passing new path to controller.
[component_container_isolated-2] [ERROR] [1789770171.845594131] [tf_help]: Transform data too old when converting from map to odom
[component_container_isolated-2] [ERROR] [1789770171.845616885] [tf_help]: Data time: 9s 700000000ns, Transform time: 5s 109000000ns
[component_container_isolated-2] [ERROR] [1789770171.896332825] [tf_help]: Transform data too old when converting from map to odom
[component_container_isolated-2] [ERROR] [1789770171.896361923] [tf_help]: Data time: 9s 700000000ns, Transform time: 5s 109000000ns
[component_container_isolated-2] [ERROR] [1789770171.946399626] [tf_help]: Transform data too old when converting from map to odom
[component_container_isolated-2] [ERROR] [1789770171.946435315] [tf_help]: Data time: 9s 700000000ns, Transform time: 5s 109000000ns
[component_container_isolated-2] [ERROR] [1789770171.995835212] [tf_help]: Transform data too old when converting from map to odom
[component_container_isolated-2] [ERROR] [1789770171.995878941] [tf_help]: Data time: 9s 700000000ns, Transform time: 5s 109000000ns
[component_container_isolated-2] [ERROR] [1789770172.046228455] [tf_help]: Transform data too old when converting from map to odom
[component_container_isolated-2] [ERROR] [1789770172.046265006] [tf_help]: Data time: 9s 700000000ns, Transform time: 5s 109000000ns
[component_container_isolated-2] [ERROR] [1789770172.098814275] [tf_help]: Transform data too old when converting from map to odom
[component_container_isolated-2] [ERROR] [1789770172.098903134] [tf_help]: Data time: 9s 700000000ns, Transform time: 5s 109000000ns
[ground_truth_localizer-1] [INFO] [1789770172.121233984] [ground_truth_localizer]: last 10 s: ground truth msgs 224, map->odom published 223 (202 via latest odom TF)
[component_container_isolated-2] [ERROR] [1789770172.150954106] [tf_help]: Transform data too old when converting from map to odom
[component_container_isolated-2] [ERROR] [1789770172.151010540] [tf_help]: Data time: 9s 700000000ns, Transform time: 5s 109000000ns
[component_container_isolated-2] [ERROR] [1789770172.196558193] [tf_help]: Transform data too old when converting from map to odom
[component_container_isolated-2] [ERROR] [1789770172.196607538] [tf_help]: Data time: 9s 700000000ns, Transform time: 5s 109000000ns
[component_container_isolated-2] [ERROR] [1789770172.246138137] [tf_help]: Transform data too old when converting from map to odom
[component_container_isolated-2] [ERROR] [1789770172.246170309] [tf_help]: Data time: 9s 700000000ns, Transform time: 5s 109000000ns
[component_container_isolated-2] [ERROR] [1789770172.296617718] [tf_help]: Transform data too old when converting from map to odom
[component_container_isolated-2] [ERROR] [1789770172.296660312] [tf_help]: Data time: 9s 700000000ns, Transform time: 5s 109000000ns
[component_container_isolated-2] [ERROR] [1789770172.346076870] [tf_help]: Transform data too old when converting from map to odom
[component_container_isolated-2] [ERROR] [1789770172.346108825] [tf_help]: Data time: 9s 700000000ns, Transform time: 5s 109000000ns
[component_container_isolated-2] [ERROR] [1789770172.396073478] [tf_help]: Transform data too old when converting from map to odom
[component_container_isolated-2] [ERROR] [1789770172.396109877] [tf_help]: Data time: 9s 700000000ns, Transform time: 5s 109000000ns
[component_container_isolated-2] [ERROR] [1789770172.445587135] [tf_help]: Transform data too old when converting from map to odom
[component_container_isolated-2] [ERROR] [1789770172.445644342] [tf_help]: Data time: 9s 700000000ns, Transform time: 5s 109000000ns
[component_container_isolated-2] [ERROR] [1789770172.496146913] [tf_help]: Transform data too old when converting from map to odom
[component_container_isolated-2] [ERROR] [1789770172.496185326] [tf_help]: Data time: 9s 700000000ns, Transform time: 5s 109000000ns
[component_container_isolated-2] [ERROR] [1789770172.545529537] [tf_help]: Transform data too old when converting from map to odom
[component_container_isolated-2] [ERROR] [1789770172.545561376] [tf_help]: Data time: 9s 700000000ns, Transform time: 5s 109000000ns
[component_container_isolated-2] [ERROR] [1789770172.595801123] [tf_help]: Transform data too old when converting from map to odom
[component_container_isolated-2] [ERROR] [1789770172.595836168] [tf_help]: Data time: 9s 700000000ns, Transform time: 5s 109000000ns
[component_container_isolated-2] [ERROR] [1789770172.645597616] [tf_help]: Transform data too old when converting from map to odom
[component_container_isolated-2] [ERROR] [1789770172.645633327] [tf_help]: Data time: 9s 700000000ns, Transform time: 5s 109000000ns
[component_container_isolated-2] [ERROR] [1789770172.695829307] [tf_help]: Transform data too old when converting from map to odom
[component_container_isolated-2] [ERROR] [1789770172.695866037] [tf_help]: Data time: 9s 700000000ns, Transform time: 5s 109000000ns
[component_container_isolated-2] [ERROR] [1789770172.745668186] [tf_help]: Transform data too old when converting from map to odom
[component_container_isolated-2] [ERROR] [1789770172.745703825] [tf_help]: Data time: 9s 700000000ns, Transform time: 5s 109000000ns
[component_container_isolated-2] [ERROR] [1789770172.796386701] [tf_help]: Transform data too old when converting from map to odom
[component_container_isolated-2] [ERROR] [1789770172.796425220] [tf_help]: Data time: 9s 700000000ns, Transform time: 5s 109000000ns
[component_container_isolated-2] [ERROR] [1789770172.845981967] [tf_help]: Transform data too old when converting from map to odom
[component_container_isolated-2] [ERROR] [1789770172.846019848] [tf_help]: Data time: 9s 700000000ns, Transform time: 5s 109000000ns
[component_container_isolated-2] [INFO] [1789770172.889358324] [controller_server]: Passing new path to controller.
[component_container_isolated-2] [ERROR] [1789770172.896020263] [tf_help]: Transform data too old when converting from map to odom
[component_container_isolated-2] [ERROR] [1789770172.896053104] [tf_help]: Data time: 10s 600000000ns, Transform time: 5s 109000000ns
[component_container_isolated-2] [ERROR] [1789770172.946156349] [tf_help]: Transform data too old when converting from map to odom
[component_container_isolated-2] [ERROR] [1789770172.946188161] [tf_help]: Data time: 10s 600000000ns, Transform time: 5s 109000000ns
[component_container_isolated-2] [ERROR] [1789770172.996140108] [tf_help]: Transform data too old when converting from map to odom
[component_container_isolated-2] [ERROR] [1789770172.996173325] [tf_help]: Data time: 10s 600000000ns, Transform time: 5s 109000000ns
[component_container_isolated-2] [ERROR] [1789770173.045993301] [tf_help]: Transform data too old when converting from map to odom
[component_container_isolated-2] [ERROR] [1789770173.046028839] [tf_help]: Data time: 10s 600000000ns, Transform time: 5s 109000000ns
[component_container_isolated-2] [ERROR] [1789770173.100516931] [tf_help]: Transform data too old when converting from map to odom
[component_container_isolated-2] [ERROR] [1789770173.100566523] [tf_help]: Data time: 10s 600000000ns, Transform time: 5s 109000000ns
[component_container_isolated-2] [ERROR] [1789770173.146898385] [tf_help]: Transform data too old when converting from map to odom
[component_container_isolated-2] [ERROR] [1789770173.146938331] [tf_help]: Data time: 10s 600000000ns, Transform time: 5s 109000000ns
[component_container_isolated-2] [ERROR] [1789770173.196154194] [tf_help]: Transform data too old when converting from map to odom
[component_container_isolated-2] [ERROR] [1789770173.196187666] [tf_help]: Data time: 10s 600000000ns, Transform time: 5s 109000000ns
[component_container_isolated-2] [ERROR] [1789770173.246400231] [tf_help]: Transform data too old when converting from map to odom
[component_container_isolated-2] [ERROR] [1789770173.246435735] [tf_help]: Data time: 10s 600000000ns, Transform time: 5s 109000000ns
[component_container_isolated-2] [ERROR] [1789770173.295927582] [tf_help]: Transform data too old when converting from map to odom
[component_container_isolated-2] [ERROR] [1789770173.295977460] [tf_help]: Data time: 10s 600000000ns, Transform time: 5s 109000000ns
[component_container_isolated-2] [ERROR] [1789770173.345807148] [tf_help]: Transform data too old when converting from map to odom
[component_container_isolated-2] [ERROR] [1789770173.345841916] [tf_help]: Data time: 10s 600000000ns, Transform time: 5s 109000000ns
[component_container_isolated-2] [ERROR] [1789770173.396715725] [tf_help]: Transform data too old when converting from map to odom
[component_container_isolated-2] [ERROR] [1789770173.396756852] [tf_help]: Data time: 10s 600000000ns, Transform time: 5s 109000000ns
[component_container_isolated-2] [ERROR] [1789770173.445916769] [tf_help]: Transform data too old when converting from map to odom
[component_container_isolated-2] [ERROR] [1789770173.445958329] [tf_help]: Data time: 10s 600000000ns, Transform time: 5s 109000000ns
[component_container_isolated-2] [ERROR] [1789770173.496981928] [tf_help]: Transform data too old when converting from map to odom
[component_container_isolated-2] [ERROR] [1789770173.497012470] [tf_help]: Data time: 10s 600000000ns, Transform time: 5s 109000000ns
[component_container_isolated-2] [ERROR] [1789770173.546507520] [tf_help]: Transform data too old when converting from map to odom
[component_container_isolated-2] [ERROR] [1789770173.546544264] [tf_help]: Data time: 10s 600000000ns, Transform time: 5s 109000000ns
[component_container_isolated-2] [ERROR] [1789770173.595731538] [tf_help]: Transform data too old when converting from map to odom
[component_container_isolated-2] [ERROR] [1789770173.595765177] [tf_help]: Data time: 10s 600000000ns, Transform time: 5s 109000000ns
[component_container_isolated-2] [ERROR] [1789770173.646577496] [tf_help]: Transform data too old when converting from map to odom
[component_container_isolated-2] [ERROR] [1789770173.646608926] [tf_help]: Data time: 10s 600000000ns, Transform time: 5s 109000000ns
[component_container_isolated-2] [INFO] [1789770173.695943668] [controller_server]: [TG-MPPI] cycle time (compute_backend=cpu): 6.628 ms/cycle avg over 50 cycles
[component_container_isolated-2] [ERROR] [1789770173.696096337] [tf_help]: Transform data too old when converting from map to odom
[component_container_isolated-2] [ERROR] [1789770173.696117896] [tf_help]: Data time: 10s 600000000ns, Transform time: 5s 109000000ns
[component_container_isolated-2] [ERROR] [1789770173.746210958] [tf_help]: Transform data too old when converting from map to odom
[component_container_isolated-2] [ERROR] [1789770173.746241342] [tf_help]: Data time: 10s 600000000ns, Transform time: 5s 109000000ns
[component_container_isolated-2] [ERROR] [1789770173.795656761] [tf_help]: Transform data too old when converting from map to odom
[component_container_isolated-2] [ERROR] [1789770173.795690063] [tf_help]: Data time: 10s 600000000ns, Transform time: 5s 109000000ns
[component_container_isolated-2] [ERROR] [1789770173.845926362] [tf_help]: Transform data too old when converting from map to odom
[component_container_isolated-2] [ERROR] [1789770173.845965602] [tf_help]: Data time: 10s 600000000ns, Transform time: 5s 109000000ns
[component_container_isolated-2] [INFO] [1789770173.889533651] [controller_server]: Passing new path to controller.
[component_container_isolated-2] [ERROR] [1789770173.897873676] [tf_help]: Transform data too old when converting from map to odom
[component_container_isolated-2] [ERROR] [1789770173.897896485] [tf_help]: Data time: 11s 500000000ns, Transform time: 5s 109000000ns
[component_container_isolated-2] [ERROR] [1789770173.945692630] [tf_help]: Transform data too old when converting from map to odom
[component_container_isolated-2] [ERROR] [1789770173.945724095] [tf_help]: Data time: 11s 500000000ns, Transform time: 5s 109000000ns
[component_container_isolated-2] [ERROR] [1789770173.996129057] [tf_help]: Transform data too old when converting from map to odom
[component_container_isolated-2] [ERROR] [1789770173.996169486] [tf_help]: Data time: 11s 500000000ns, Transform time: 5s 109000000ns
[component_container_isolated-2] [ERROR] [1789770174.045791242] [tf_help]: Transform data too old when converting from map to odom
[component_container_isolated-2] [ERROR] [1789770174.045833916] [tf_help]: Data time: 11s 500000000ns, Transform time: 5s 109000000ns
[component_container_isolated-2] [ERROR] [1789770174.095944606] [tf_help]: Transform data too old when converting from map to odom
[component_container_isolated-2] [ERROR] [1789770174.095975002] [tf_help]: Data time: 11s 500000000ns, Transform time: 5s 109000000ns
[component_container_isolated-2] [ERROR] [1789770174.145756014] [tf_help]: Transform data too old when converting from map to odom
[component_container_isolated-2] [ERROR] [1789770174.145800425] [tf_help]: Data time: 11s 500000000ns, Transform time: 5s 109000000ns
[component_container_isolated-2] [ERROR] [1789770174.201338887] [tf_help]: Transform data too old when converting from map to odom
[component_container_isolated-2] [ERROR] [1789770174.201385026] [tf_help]: Data time: 11s 500000000ns, Transform time: 5s 109000000ns
[component_container_isolated-2] [ERROR] [1789770174.253297875] [tf_help]: Transform data too old when converting from map to odom
[component_container_isolated-2] [ERROR] [1789770174.253334977] [tf_help]: Data time: 11s 500000000ns, Transform time: 5s 109000000ns
[component_container_isolated-2] [ERROR] [1789770174.296607352] [tf_help]: Transform data too old when converting from map to odom
[component_container_isolated-2] [ERROR] [1789770174.296651478] [tf_help]: Data time: 11s 500000000ns, Transform time: 5s 109000000ns
[component_container_isolated-2] [ERROR] [1789770174.346758340] [tf_help]: Transform data too old when converting from map to odom
[component_container_isolated-2] [ERROR] [1789770174.346792718] [tf_help]: Data time: 11s 500000000ns, Transform time: 5s 109000000ns
[component_container_isolated-2] [ERROR] [1789770174.395795209] [tf_help]: Transform data too old when converting from map to odom
[component_container_isolated-2] [ERROR] [1789770174.395834228] [tf_help]: Data time: 11s 500000000ns, Transform time: 5s 109000000ns
[component_container_isolated-2] [ERROR] [1789770174.445682034] [tf_help]: Transform data too old when converting from map to odom
[component_container_isolated-2] [ERROR] [1789770174.445711166] [tf_help]: Data time: 11s 500000000ns, Transform time: 5s 109000000ns
[component_container_isolated-2] [ERROR] [1789770174.495611299] [tf_help]: Transform data too old when converting from map to odom
[component_container_isolated-2] [ERROR] [1789770174.495646313] [tf_help]: Data time: 11s 500000000ns, Transform time: 5s 109000000ns
[component_container_isolated-2] [ERROR] [1789770174.545748298] [tf_help]: Transform data too old when converting from map to odom
[component_container_isolated-2] [ERROR] [1789770174.545785119] [tf_help]: Data time: 11s 500000000ns, Transform time: 5s 109000000ns
[component_container_isolated-2] [ERROR] [1789770174.596435934] [tf_help]: Transform data too old when converting from map to odom
[component_container_isolated-2] [ERROR] [1789770174.596464831] [tf_help]: Data time: 11s 500000000ns, Transform time: 5s 109000000ns
[component_container_isolated-2] [ERROR] [1789770174.648242365] [tf_help]: Transform data too old when converting from map to odom
[component_container_isolated-2] [ERROR] [1789770174.648331633] [tf_help]: Data time: 11s 500000000ns, Transform time: 5s 109000000ns
[component_container_isolated-2] [ERROR] [1789770174.699244486] [tf_help]: Transform data too old when converting from map to odom
[component_container_isolated-2] [ERROR] [1789770174.699304949] [tf_help]: Data time: 11s 500000000ns, Transform time: 5s 109000000ns
[component_container_isolated-2] [ERROR] [1789770174.748831463] [tf_help]: Transform data too old when converting from map to odom
[component_container_isolated-2] [ERROR] [1789770174.748897013] [tf_help]: Data time: 11s 500000000ns, Transform time: 5s 109000000ns
[component_container_isolated-2] [ERROR] [1789770174.799579214] [tf_help]: Transform data too old when converting from map to odom
[component_container_isolated-2] [ERROR] [1789770174.799646733] [tf_help]: Data time: 11s 500000000ns, Transform time: 5s 109000000ns
[component_container_isolated-2] [ERROR] [1789770174.848561272] [tf_help]: Transform data too old when converting from map to odom
[component_container_isolated-2] [ERROR] [1789770174.848665824] [tf_help]: Data time: 11s 500000000ns, Transform time: 5s 109000000ns
[component_container_isolated-2] [ERROR] [1789770174.898978906] [tf_help]: Transform data too old when converting from map to odom
[component_container_isolated-2] [ERROR] [1789770174.899073511] [tf_help]: Data time: 11s 500000000ns, Transform time: 5s 109000000ns
[component_container_isolated-2] [INFO] [1789770174.939444264] [controller_server]: Passing new path to controller.
[component_container_isolated-2] [ERROR] [1789770174.945801350] [tf_help]: Transform data too old when converting from map to odom
[component_container_isolated-2] [ERROR] [1789770174.945823987] [tf_help]: Data time: 12s 500000000ns, Transform time: 5s 109000000ns
[component_container_isolated-2] [ERROR] [1789770174.997652426] [tf_help]: Transform data too old when converting from map to odom
[component_container_isolated-2] [ERROR] [1789770174.997686175] [tf_help]: Data time: 12s 500000000ns, Transform time: 5s 109000000ns
[component_container_isolated-2] [ERROR] [1789770175.046009398] [tf_help]: Transform data too old when converting from map to odom
[component_container_isolated-2] [ERROR] [1789770175.046047077] [tf_help]: Data time: 12s 500000000ns, Transform time: 5s 109000000ns
[component_container_isolated-2] [ERROR] [1789770175.095652378] [tf_help]: Transform data too old when converting from map to odom
[component_container_isolated-2] [ERROR] [1789770175.095681141] [tf_help]: Data time: 12s 500000000ns, Transform time: 5s 109000000ns
[component_container_isolated-2] [ERROR] [1789770175.145970029] [tf_help]: Transform data too old when converting from map to odom
[component_container_isolated-2] [ERROR] [1789770175.146001385] [tf_help]: Data time: 12s 500000000ns, Transform time: 5s 109000000ns
[component_container_isolated-2] [ERROR] [1789770175.195977322] [tf_help]: Transform data too old when converting from map to odom
[component_container_isolated-2] [ERROR] [1789770175.196014722] [tf_help]: Data time: 12s 500000000ns, Transform time: 5s 109000000ns
[component_container_isolated-2] [ERROR] [1789770175.245493987] [tf_help]: Transform data too old when converting from map to odom
[component_container_isolated-2] [ERROR] [1789770175.245530679] [tf_help]: Data time: 12s 500000000ns, Transform time: 5s 109000000ns
[component_container_isolated-2] [ERROR] [1789770175.296558630] [tf_help]: Transform data too old when converting from map to odom
[component_container_isolated-2] [ERROR] [1789770175.296601775] [tf_help]: Data time: 12s 500000000ns, Transform time: 5s 109000000ns
[component_container_isolated-2] [ERROR] [1789770175.345817626] [tf_help]: Transform data too old when converting from map to odom
[component_container_isolated-2] [ERROR] [1789770175.345848247] [tf_help]: Data time: 12s 500000000ns, Transform time: 5s 109000000ns
[component_container_isolated-2] [ERROR] [1789770175.395759098] [tf_help]: Transform data too old when converting from map to odom
[component_container_isolated-2] [ERROR] [1789770175.395791142] [tf_help]: Data time: 12s 500000000ns, Transform time: 5s 109000000ns
[component_container_isolated-2] [ERROR] [1789770175.450225455] [tf_help]: Transform data too old when converting from map to odom
[component_container_isolated-2] [ERROR] [1789770175.450269834] [tf_help]: Data time: 12s 500000000ns, Transform time: 5s 109000000ns
[component_container_isolated-2] [ERROR] [1789770175.497384054] [tf_help]: Transform data too old when converting from map to odom
[component_container_isolated-2] [ERROR] [1789770175.497428889] [tf_help]: Data time: 12s 500000000ns, Transform time: 5s 109000000ns
[component_container_isolated-2] [ERROR] [1789770175.547740346] [tf_help]: Transform data too old when converting from map to odom
[component_container_isolated-2] [ERROR] [1789770175.547769357] [tf_help]: Data time: 12s 500000000ns, Transform time: 5s 109000000ns
[component_container_isolated-2] [ERROR] [1789770175.596769901] [tf_help]: Transform data too old when converting from map to odom
[component_container_isolated-2] [ERROR] [1789770175.596803610] [tf_help]: Data time: 12s 500000000ns, Transform time: 5s 109000000ns
[component_container_isolated-2] [ERROR] [1789770175.645989977] [tf_help]: Transform data too old when converting from map to odom
[component_container_isolated-2] [ERROR] [1789770175.646028524] [tf_help]: Data time: 12s 500000000ns, Transform time: 5s 109000000ns
[component_container_isolated-2] [ERROR] [1789770175.697254698] [tf_help]: Transform data too old when converting from map to odom
[component_container_isolated-2] [ERROR] [1789770175.697287502] [tf_help]: Data time: 12s 500000000ns, Transform time: 5s 109000000ns
[component_container_isolated-2] [ERROR] [1789770175.746459502] [tf_help]: Transform data too old when converting from map to odom
[component_container_isolated-2] [ERROR] [1789770175.746497429] [tf_help]: Data time: 12s 500000000ns, Transform time: 5s 109000000ns
[component_container_isolated-2] [ERROR] [1789770175.795998154] [tf_help]: Transform data too old when converting from map to odom
[component_container_isolated-2] [ERROR] [1789770175.796035126] [tf_help]: Data time: 12s 500000000ns, Transform time: 5s 109000000ns
[component_container_isolated-2] [ERROR] [1789770175.845544023] [tf_help]: Transform data too old when converting from map to odom
[component_container_isolated-2] [ERROR] [1789770175.845578785] [tf_help]: Data time: 12s 500000000ns, Transform time: 5s 109000000ns
[component_container_isolated-2] [ERROR] [1789770175.896076251] [tf_help]: Transform data too old when converting from map to odom
[component_container_isolated-2] [ERROR] [1789770175.896107872] [tf_help]: Data time: 12s 500000000ns, Transform time: 5s 109000000ns
[component_container_isolated-2] [ERROR] [1789770175.945822107] [tf_help]: Transform data too old when converting from map to odom
[component_container_isolated-2] [ERROR] [1789770175.945857037] [tf_help]: Data time: 12s 500000000ns, Transform time: 5s 109000000ns
[component_container_isolated-2] [INFO] [1789770175.989355646] [controller_server]: Passing new path to controller.
[component_container_isolated-2] [ERROR] [1789770175.996067338] [tf_help]: Transform data too old when converting from map to odom
[component_container_isolated-2] [ERROR] [1789770175.996090771] [tf_help]: Data time: 13s 400000000ns, Transform time: 5s 109000000ns
[component_container_isolated-2] [ERROR] [1789770176.045383272] [tf_help]: Transform data too old when converting from map to odom
[component_container_isolated-2] [ERROR] [1789770176.045418003] [tf_help]: Data time: 13s 400000000ns, Transform time: 5s 109000000ns
[component_container_isolated-2] [ERROR] [1789770176.096556490] [tf_help]: Transform data too old when converting from map to odom
[component_container_isolated-2] [ERROR] [1789770176.096604177] [tf_help]: Data time: 13s 400000000ns, Transform time: 5s 109000000ns
[component_container_isolated-2] [ERROR] [1789770176.145887240] [tf_help]: Transform data too old when converting from map to odom
[component_container_isolated-2] [ERROR] [1789770176.145922999] [tf_help]: Data time: 13s 400000000ns, Transform time: 5s 109000000ns
[component_container_isolated-2] [INFO] [1789770176.196025582] [controller_server]: [TG-MPPI] cycle time (compute_backend=cpu): 7.152 ms/cycle avg over 50 cycles
[component_container_isolated-2] [ERROR] [1789770176.196181279] [tf_help]: Transform data too old when converting from map to odom
[component_container_isolated-2] [ERROR] [1789770176.196199505] [tf_help]: Data time: 13s 400000000ns, Transform time: 5s 109000000ns
[component_container_isolated-2] [ERROR] [1789770176.245546918] [tf_help]: Transform data too old when converting from map to odom
[component_container_isolated-2] [ERROR] [1789770176.245577593] [tf_help]: Data time: 13s 400000000ns, Transform time: 5s 109000000ns
[component_container_isolated-2] [ERROR] [1789770176.296034052] [tf_help]: Transform data too old when converting from map to odom
[component_container_isolated-2] [ERROR] [1789770176.296075528] [tf_help]: Data time: 13s 400000000ns, Transform time: 5s 109000000ns
[component_container_isolated-2] [ERROR] [1789770176.347705902] [tf_help]: Transform data too old when converting from map to odom
[component_container_isolated-2] [ERROR] [1789770176.347763367] [tf_help]: Data time: 13s 400000000ns, Transform time: 5s 109000000ns
[component_container_isolated-2] [ERROR] [1789770176.396500386] [tf_help]: Transform data too old when converting from map to odom
[component_container_isolated-2] [ERROR] [1789770176.396538606] [tf_help]: Data time: 13s 400000000ns, Transform time: 5s 109000000ns
[component_container_isolated-2] [ERROR] [1789770176.445787750] [tf_help]: Transform data too old when converting from map to odom
[component_container_isolated-2] [ERROR] [1789770176.445820846] [tf_help]: Data time: 13s 400000000ns, Transform time: 5s 109000000ns
[component_container_isolated-2] [ERROR] [1789770176.495652577] [tf_help]: Transform data too old when converting from map to odom
[component_container_isolated-2] [ERROR] [1789770176.495682641] [tf_help]: Data time: 13s 400000000ns, Transform time: 5s 109000000ns
[component_container_isolated-2] [ERROR] [1789770176.545765406] [tf_help]: Transform data too old when converting from map to odom
[component_container_isolated-2] [ERROR] [1789770176.545804527] [tf_help]: Data time: 13s 400000000ns, Transform time: 5s 109000000ns
[component_container_isolated-2] [ERROR] [1789770176.595858026] [tf_help]: Transform data too old when converting from map to odom
[component_container_isolated-2] [ERROR] [1789770176.595893750] [tf_help]: Data time: 13s 400000000ns, Transform time: 5s 109000000ns
[component_container_isolated-2] [ERROR] [1789770176.646120005] [tf_help]: Transform data too old when converting from map to odom
[component_container_isolated-2] [ERROR] [1789770176.646149989] [tf_help]: Data time: 13s 400000000ns, Transform time: 5s 109000000ns
[component_container_isolated-2] [ERROR] [1789770176.695692679] [tf_help]: Transform data too old when converting from map to odom
[component_container_isolated-2] [ERROR] [1789770176.695721456] [tf_help]: Data time: 13s 400000000ns, Transform time: 5s 109000000ns
[component_container_isolated-2] [ERROR] [1789770176.745955691] [tf_help]: Transform data too old when converting from map to odom
[component_container_isolated-2] [ERROR] [1789770176.745986220] [tf_help]: Data time: 13s 400000000ns, Transform time: 5s 109000000ns
[component_container_isolated-2] [ERROR] [1789770176.795765327] [tf_help]: Transform data too old when converting from map to odom
[component_container_isolated-2] [ERROR] [1789770176.795795925] [tf_help]: Data time: 13s 400000000ns, Transform time: 5s 109000000ns
[component_container_isolated-2] [ERROR] [1789770176.845808984] [tf_help]: Transform data too old when converting from map to odom
[component_container_isolated-2] [ERROR] [1789770176.845845748] [tf_help]: Data time: 13s 400000000ns, Transform time: 5s 109000000ns
[component_container_isolated-2] [ERROR] [1789770176.896188619] [tf_help]: Transform data too old when converting from map to odom
[component_container_isolated-2] [ERROR] [1789770176.896220642] [tf_help]: Data time: 13s 400000000ns, Transform time: 5s 109000000ns
[component_container_isolated-2] [ERROR] [1789770176.945945637] [tf_help]: Transform data too old when converting from map to odom
[component_container_isolated-2] [ERROR] [1789770176.945976560] [tf_help]: Data time: 13s 400000000ns, Transform time: 5s 109000000ns
[component_container_isolated-2] [INFO] [1789770176.989356540] [controller_server]: Passing new path to controller.
[component_container_isolated-2] [ERROR] [1789770176.995631657] [tf_help]: Transform data too old when converting from map to odom
[component_container_isolated-2] [ERROR] [1789770176.995651498] [tf_help]: Data time: 14s 300000000ns, Transform time: 5s 109000000ns
[component_container_isolated-2] [ERROR] [1789770177.045459164] [tf_help]: Transform data too old when converting from map to odom
[component_container_isolated-2] [ERROR] [1789770177.045492617] [tf_help]: Data time: 14s 300000000ns, Transform time: 5s 109000000ns
[component_container_isolated-2] [ERROR] [1789770177.095854113] [tf_help]: Transform data too old when converting from map to odom
[component_container_isolated-2] [ERROR] [1789770177.095906773] [tf_help]: Data time: 14s 300000000ns, Transform time: 5s 109000000ns
[component_container_isolated-2] [ERROR] [1789770177.145972590] [tf_help]: Transform data too old when converting from map to odom
[component_container_isolated-2] [ERROR] [1789770177.146010618] [tf_help]: Data time: 14s 300000000ns, Transform time: 5s 109000000ns
[component_container_isolated-2] [ERROR] [1789770177.196149454] [tf_help]: Transform data too old when converting from map to odom
[component_container_isolated-2] [ERROR] [1789770177.196183953] [tf_help]: Data time: 14s 300000000ns, Transform time: 5s 109000000ns
[component_container_isolated-2] [ERROR] [1789770177.245837499] [tf_help]: Transform data too old when converting from map to odom
[component_container_isolated-2] [ERROR] [1789770177.245866419] [tf_help]: Data time: 14s 300000000ns, Transform time: 5s 109000000ns
[component_container_isolated-2] [ERROR] [1789770177.295923441] [tf_help]: Transform data too old when converting from map to odom
[component_container_isolated-2] [ERROR] [1789770177.295957364] [tf_help]: Data time: 14s 300000000ns, Transform time: 5s 109000000ns
[component_container_isolated-2] [ERROR] [1789770177.345818166] [tf_help]: Transform data too old when converting from map to odom
[component_container_isolated-2] [ERROR] [1789770177.345850794] [tf_help]: Data time: 14s 300000000ns, Transform time: 5s 109000000ns
[component_container_isolated-2] [ERROR] [1789770177.396049338] [tf_help]: Transform data too old when converting from map to odom
[component_container_isolated-2] [ERROR] [1789770177.396083289] [tf_help]: Data time: 14s 300000000ns, Transform time: 5s 109000000ns
[component_container_isolated-2] [ERROR] [1789770177.446093468] [tf_help]: Transform data too old when converting from map to odom
[component_container_isolated-2] [ERROR] [1789770177.446127807] [tf_help]: Data time: 14s 300000000ns, Transform time: 5s 109000000ns
[component_container_isolated-2] [ERROR] [1789770177.495760099] [tf_help]: Transform data too old when converting from map to odom
[component_container_isolated-2] [ERROR] [1789770177.495793409] [tf_help]: Data time: 14s 300000000ns, Transform time: 5s 109000000ns
[component_container_isolated-2] [ERROR] [1789770177.546766814] [tf_help]: Transform data too old when converting from map to odom
[component_container_isolated-2] [ERROR] [1789770177.546818864] [tf_help]: Data time: 14s 300000000ns, Transform time: 5s 109000000ns
[component_container_isolated-2] [ERROR] [1789770177.595340814] [tf_help]: Transform data too old when converting from map to odom
[component_container_isolated-2] [ERROR] [1789770177.595371879] [tf_help]: Data time: 14s 300000000ns, Transform time: 5s 109000000ns
[component_container_isolated-2] [ERROR] [1789770177.646936948] [tf_help]: Transform data too old when converting from map to odom
[component_container_isolated-2] [ERROR] [1789770177.646980815] [tf_help]: Data time: 14s 300000000ns, Transform time: 5s 109000000ns
[component_container_isolated-2] [ERROR] [1789770177.695728494] [tf_help]: Transform data too old when converting from map to odom
[component_container_isolated-2] [ERROR] [1789770177.695764803] [tf_help]: Data time: 14s 300000000ns, Transform time: 5s 109000000ns
[component_container_isolated-2] [ERROR] [1789770177.745441064] [tf_help]: Transform data too old when converting from map to odom
[component_container_isolated-2] [ERROR] [1789770177.745656131] [tf_help]: Data time: 14s 300000000ns, Transform time: 5s 109000000ns
[component_container_isolated-2] [ERROR] [1789770177.795864318] [tf_help]: Transform data too old when converting from map to odom
[component_container_isolated-2] [ERROR] [1789770177.795893994] [tf_help]: Data time: 14s 300000000ns, Transform time: 5s 109000000ns
[component_container_isolated-2] [ERROR] [1789770177.846242525] [tf_help]: Transform data too old when converting from map to odom
[component_container_isolated-2] [ERROR] [1789770177.846274713] [tf_help]: Data time: 14s 300000000ns, Transform time: 5s 109000000ns
[component_container_isolated-2] [ERROR] [1789770177.895547926] [tf_help]: Transform data too old when converting from map to odom
[component_container_isolated-2] [ERROR] [1789770177.895581228] [tf_help]: Data time: 14s 300000000ns, Transform time: 5s 109000000ns
[component_container_isolated-2] [ERROR] [1789770177.945943238] [tf_help]: Transform data too old when converting from map to odom
[component_container_isolated-2] [ERROR] [1789770177.945986244] [tf_help]: Data time: 14s 300000000ns, Transform time: 5s 109000000ns
[component_container_isolated-2] [ERROR] [1789770177.996615081] [tf_help]: Transform data too old when converting from map to odom
[component_container_isolated-2] [ERROR] [1789770177.996652965] [tf_help]: Data time: 14s 300000000ns, Transform time: 5s 109000000ns
[component_container_isolated-2] [INFO] [1789770178.039320152] [controller_server]: Passing new path to controller.
[component_container_isolated-2] [ERROR] [1789770178.046358906] [tf_help]: Transform data too old when converting from map to odom
[component_container_isolated-2] [ERROR] [1789770178.046383579] [tf_help]: Data time: 15s 300000000ns, Transform time: 5s 109000000ns
[component_container_isolated-2] [ERROR] [1789770178.096189317] [tf_help]: Transform data too old when converting from map to odom
[component_container_isolated-2] [ERROR] [1789770178.096219049] [tf_help]: Data time: 15s 300000000ns, Transform time: 5s 109000000ns
[component_container_isolated-2] [ERROR] [1789770178.145687674] [tf_help]: Transform data too old when converting from map to odom
[component_container_isolated-2] [ERROR] [1789770178.145719829] [tf_help]: Data time: 15s 300000000ns, Transform time: 5s 109000000ns
[component_container_isolated-2] [ERROR] [1789770178.195926272] [tf_help]: Transform data too old when converting from map to odom
[component_container_isolated-2] [ERROR] [1789770178.195960252] [tf_help]: Data time: 15s 300000000ns, Transform time: 5s 109000000ns
[component_container_isolated-2] [ERROR] [1789770178.246106786] [tf_help]: Transform data too old when converting from map to odom
[component_container_isolated-2] [ERROR] [1789770178.246138331] [tf_help]: Data time: 15s 300000000ns, Transform time: 5s 109000000ns
[component_container_isolated-2] [ERROR] [1789770178.295587175] [tf_help]: Transform data too old when converting from map to odom
[component_container_isolated-2] [ERROR] [1789770178.295618735] [tf_help]: Data time: 15s 300000000ns, Transform time: 5s 109000000ns
[component_container_isolated-2] [ERROR] [1789770178.345724262] [tf_help]: Transform data too old when converting from map to odom
[component_container_isolated-2] [ERROR] [1789770178.345755125] [tf_help]: Data time: 15s 300000000ns, Transform time: 5s 109000000ns
[component_container_isolated-2] [ERROR] [1789770178.395694316] [tf_help]: Transform data too old when converting from map to odom
[component_container_isolated-2] [ERROR] [1789770178.395735461] [tf_help]: Data time: 15s 300000000ns, Transform time: 5s 109000000ns
[component_container_isolated-2] [ERROR] [1789770178.445731049] [tf_help]: Transform data too old when converting from map to odom
[component_container_isolated-2] [ERROR] [1789770178.445771985] [tf_help]: Data time: 15s 300000000ns, Transform time: 5s 109000000ns
[component_container_isolated-2] [ERROR] [1789770178.496003778] [tf_help]: Transform data too old when converting from map to odom
[component_container_isolated-2] [ERROR] [1789770178.496041262] [tf_help]: Data time: 15s 300000000ns, Transform time: 5s 109000000ns
[component_container_isolated-2] [ERROR] [1789770178.546696099] [tf_help]: Transform data too old when converting from map to odom
[component_container_isolated-2] [ERROR] [1789770178.546734024] [tf_help]: Data time: 15s 300000000ns, Transform time: 5s 109000000ns
[component_container_isolated-2] [ERROR] [1789770178.596354694] [tf_help]: Transform data too old when converting from map to odom
[component_container_isolated-2] [ERROR] [1789770178.596390877] [tf_help]: Data time: 15s 300000000ns, Transform time: 5s 109000000ns
[component_container_isolated-2] [ERROR] [1789770178.646341055] [tf_help]: Transform data too old when converting from map to odom
[component_container_isolated-2] [ERROR] [1789770178.646382275] [tf_help]: Data time: 15s 300000000ns, Transform time: 5s 109000000ns
[component_container_isolated-2] [INFO] [1789770178.695597766] [controller_server]: [TG-MPPI] cycle time (compute_backend=cpu): 6.372 ms/cycle avg over 50 cycles
[component_container_isolated-2] [ERROR] [1789770178.695746887] [tf_help]: Transform data too old when converting from map to odom
[component_container_isolated-2] [ERROR] [1789770178.695771263] [tf_help]: Data time: 15s 300000000ns, Transform time: 5s 109000000ns
[component_container_isolated-2] [ERROR] [1789770178.746945530] [tf_help]: Transform data too old when converting from map to odom
[component_container_isolated-2] [ERROR] [1789770178.746979165] [tf_help]: Data time: 15s 300000000ns, Transform time: 5s 109000000ns
[component_container_isolated-2] [ERROR] [1789770178.799247300] [tf_help]: Transform data too old when converting from map to odom
[component_container_isolated-2] [ERROR] [1789770178.799284030] [tf_help]: Data time: 15s 300000000ns, Transform time: 5s 109000000ns
[component_container_isolated-2] [ERROR] [1789770178.847151169] [tf_help]: Transform data too old when converting from map to odom
[component_container_isolated-2] [ERROR] [1789770178.847180839] [tf_help]: Data time: 15s 300000000ns, Transform time: 5s 109000000ns
[component_container_isolated-2] [ERROR] [1789770178.896230697] [tf_help]: Transform data too old when converting from map to odom
[component_container_isolated-2] [ERROR] [1789770178.896261154] [tf_help]: Data time: 15s 300000000ns, Transform time: 5s 109000000ns
[component_container_isolated-2] [ERROR] [1789770178.946992417] [tf_help]: Transform data too old when converting from map to odom
[component_container_isolated-2] [ERROR] [1789770178.947036754] [tf_help]: Data time: 15s 300000000ns, Transform time: 5s 109000000ns
[component_container_isolated-2] [ERROR] [1789770178.997714363] [tf_help]: Transform data too old when converting from map to odom
[component_container_isolated-2] [ERROR] [1789770178.997786397] [tf_help]: Data time: 15s 300000000ns, Transform time: 5s 109000000ns
[component_container_isolated-2] [INFO] [1789770179.039320896] [controller_server]: Passing new path to controller.
[component_container_isolated-2] [ERROR] [1789770179.045893973] [tf_help]: Transform data too old when converting from map to odom
[component_container_isolated-2] [ERROR] [1789770179.045930437] [tf_help]: Data time: 16s 200000000ns, Transform time: 5s 109000000ns
[component_container_isolated-2] [ERROR] [1789770179.096242312] [tf_help]: Transform data too old when converting from map to odom
[component_container_isolated-2] [ERROR] [1789770179.096285124] [tf_help]: Data time: 16s 200000000ns, Transform time: 5s 109000000ns
[component_container_isolated-2] [ERROR] [1789770179.145666679] [tf_help]: Transform data too old when converting from map to odom
[component_container_isolated-2] [ERROR] [1789770179.145705746] [tf_help]: Data time: 16s 200000000ns, Transform time: 5s 109000000ns
[component_container_isolated-2] [ERROR] [1789770179.196010931] [tf_help]: Transform data too old when converting from map to odom
[component_container_isolated-2] [ERROR] [1789770179.196051740] [tf_help]: Data time: 16s 200000000ns, Transform time: 5s 109000000ns
[component_container_isolated-2] [ERROR] [1789770179.246074777] [tf_help]: Transform data too old when converting from map to odom
[component_container_isolated-2] [ERROR] [1789770179.246117693] [tf_help]: Data time: 16s 200000000ns, Transform time: 5s 109000000ns
[component_container_isolated-2] [ERROR] [1789770179.295670473] [tf_help]: Transform data too old when converting from map to odom
[component_container_isolated-2] [ERROR] [1789770179.295702084] [tf_help]: Data time: 16s 200000000ns, Transform time: 5s 109000000ns
[component_container_isolated-2] [ERROR] [1789770179.347178225] [tf_help]: Transform data too old when converting from map to odom
[component_container_isolated-2] [ERROR] [1789770179.347220162] [tf_help]: Data time: 16s 200000000ns, Transform time: 5s 109000000ns
[component_container_isolated-2] [ERROR] [1789770179.395625820] [tf_help]: Transform data too old when converting from map to odom
[component_container_isolated-2] [ERROR] [1789770179.395678034] [tf_help]: Data time: 16s 200000000ns, Transform time: 5s 109000000ns
[component_container_isolated-2] [ERROR] [1789770179.446304555] [tf_help]: Transform data too old when converting from map to odom
[component_container_isolated-2] [ERROR] [1789770179.446344881] [tf_help]: Data time: 16s 200000000ns, Transform time: 5s 109000000ns
[component_container_isolated-2] [ERROR] [1789770179.495761360] [tf_help]: Transform data too old when converting from map to odom
[component_container_isolated-2] [ERROR] [1789770179.495792452] [tf_help]: Data time: 16s 200000000ns, Transform time: 5s 109000000ns
[component_container_isolated-2] [ERROR] [1789770179.546788960] [tf_help]: Transform data too old when converting from map to odom
[component_container_isolated-2] [ERROR] [1789770179.546850243] [tf_help]: Data time: 16s 200000000ns, Transform time: 5s 109000000ns
[component_container_isolated-2] [ERROR] [1789770179.596257116] [tf_help]: Transform data too old when converting from map to odom
[component_container_isolated-2] [ERROR] [1789770179.596289312] [tf_help]: Data time: 16s 200000000ns, Transform time: 5s 109000000ns
[component_container_isolated-2] [ERROR] [1789770179.645805750] [tf_help]: Transform data too old when converting from map to odom
[component_container_isolated-2] [ERROR] [1789770179.645845488] [tf_help]: Data time: 16s 200000000ns, Transform time: 5s 109000000ns
[component_container_isolated-2] [ERROR] [1789770179.696377146] [tf_help]: Transform data too old when converting from map to odom
[component_container_isolated-2] [ERROR] [1789770179.696409404] [tf_help]: Data time: 16s 200000000ns, Transform time: 5s 109000000ns
[component_container_isolated-2] [ERROR] [1789770179.739445382] [controller_server]: Failed to make progress
[component_container_isolated-2] [WARN] [1789770179.739531644] [controller_server]: [follow_path] [ActionServer] Aborting handle.
[component_container_isolated-2] [INFO] [1789770179.758767739] [local_costmap.local_costmap]: Received request to clear entirely the local_costmap
[component_container_isolated-2] [INFO] [1789770179.760401723] [controller_server]: Received a goal, begin computing control effort.
[component_container_isolated-2] [ERROR] [1789770179.877721143] [tf_help]: Transform data too old when converting from map to odom
[component_container_isolated-2] [ERROR] [1789770179.877754365] [tf_help]: Data time: 16s 200000000ns, Transform time: 5s 109000000ns
[component_container_isolated-2] [WARN] [1789770179.877760503] [controller_server]: Control loop missed its desired rate of 20.0000Hz
[component_container_isolated-2] [ERROR] [1789770179.883342983] [tf_help]: Transform data too old when converting from map to odom
[component_container_isolated-2] [ERROR] [1789770179.883360691] [tf_help]: Data time: 16s 200000000ns, Transform time: 5s 109000000ns
[component_container_isolated-2] [ERROR] [1789770179.941321738] [tf_help]: Transform data too old when converting from map to odom
[component_container_isolated-2] [ERROR] [1789770179.941369577] [tf_help]: Data time: 16s 200000000ns, Transform time: 5s 109000000ns
[component_container_isolated-2] [ERROR] [1789770179.997758118] [tf_help]: Transform data too old when converting from map to odom
[component_container_isolated-2] [ERROR] [1789770179.997821090] [tf_help]: Data time: 16s 200000000ns, Transform time: 5s 109000000ns
[component_container_isolated-2] [ERROR] [1789770180.053781395] [tf_help]: Transform data too old when converting from map to odom
[component_container_isolated-2] [ERROR] [1789770180.053814649] [tf_help]: Data time: 16s 200000000ns, Transform time: 5s 109000000ns
[component_container_isolated-2] [INFO] [1789770180.103916043] [controller_server]: Passing new path to controller.
[component_container_isolated-2] [ERROR] [1789770180.109735905] [tf_help]: Transform data too old when converting from map to odom
[component_container_isolated-2] [ERROR] [1789770180.109768678] [tf_help]: Data time: 17s 200000000ns, Transform time: 5s 109000000ns
[component_container_isolated-2] [ERROR] [1789770180.165155257] [tf_help]: Transform data too old when converting from map to odom
[component_container_isolated-2] [ERROR] [1789770180.165188097] [tf_help]: Data time: 17s 200000000ns, Transform time: 5s 109000000ns
[component_container_isolated-2] [ERROR] [1789770180.221392949] [tf_help]: Transform data too old when converting from map to odom
[component_container_isolated-2] [ERROR] [1789770180.221421849] [tf_help]: Data time: 17s 200000000ns, Transform time: 5s 109000000ns
[component_container_isolated-2] [ERROR] [1789770180.277144562] [tf_help]: Transform data too old when converting from map to odom
[component_container_isolated-2] [ERROR] [1789770180.277177092] [tf_help]: Data time: 17s 200000000ns, Transform time: 5s 109000000ns
[component_container_isolated-2] [ERROR] [1789770180.332972277] [tf_help]: Transform data too old when converting from map to odom
[component_container_isolated-2] [ERROR] [1789770180.333004291] [tf_help]: Data time: 17s 200000000ns, Transform time: 5s 109000000ns
[component_container_isolated-2] [ERROR] [1789770180.386300811] [tf_help]: Transform data too old when converting from map to odom
[component_container_isolated-2] [ERROR] [1789770180.386334667] [tf_help]: Data time: 17s 200000000ns, Transform time: 5s 109000000ns
[component_container_isolated-2] [ERROR] [1789770180.433216521] [tf_help]: Transform data too old when converting from map to odom
[component_container_isolated-2] [ERROR] [1789770180.433267129] [tf_help]: Data time: 17s 200000000ns, Transform time: 5s 109000000ns
[component_container_isolated-2] [ERROR] [1789770180.483220836] [tf_help]: Transform data too old when converting from map to odom
[component_container_isolated-2] [ERROR] [1789770180.483254042] [tf_help]: Data time: 17s 200000000ns, Transform time: 5s 109000000ns
[component_container_isolated-2] [ERROR] [1789770180.533096514] [tf_help]: Transform data too old when converting from map to odom
[component_container_isolated-2] [ERROR] [1789770180.533132374] [tf_help]: Data time: 17s 200000000ns, Transform time: 5s 109000000ns
[component_container_isolated-2] [ERROR] [1789770180.586461952] [tf_help]: Transform data too old when converting from map to odom
[component_container_isolated-2] [ERROR] [1789770180.586494508] [tf_help]: Data time: 17s 200000000ns, Transform time: 5s 109000000ns
[component_container_isolated-2] [ERROR] [1789770180.633085672] [tf_help]: Transform data too old when converting from map to odom
[component_container_isolated-2] [ERROR] [1789770180.633117872] [tf_help]: Data time: 17s 200000000ns, Transform time: 5s 109000000ns
[component_container_isolated-2] [ERROR] [1789770180.683061812] [tf_help]: Transform data too old when converting from map to odom
[component_container_isolated-2] [ERROR] [1789770180.683091958] [tf_help]: Data time: 17s 200000000ns, Transform time: 5s 109000000ns
[component_container_isolated-2] [ERROR] [1789770180.736264469] [tf_help]: Transform data too old when converting from map to odom
[component_container_isolated-2] [ERROR] [1789770180.736301792] [tf_help]: Data time: 17s 200000000ns, Transform time: 5s 109000000ns
[component_container_isolated-2] [ERROR] [1789770180.785013971] [tf_help]: Transform data too old when converting from map to odom
[component_container_isolated-2] [ERROR] [1789770180.785105540] [tf_help]: Data time: 17s 200000000ns, Transform time: 5s 109000000ns
[component_container_isolated-2] [ERROR] [1789770180.834020186] [tf_help]: Transform data too old when converting from map to odom
[component_container_isolated-2] [ERROR] [1789770180.834055378] [tf_help]: Data time: 17s 200000000ns, Transform time: 5s 109000000ns
[component_container_isolated-2] [ERROR] [1789770180.882954014] [tf_help]: Transform data too old when converting from map to odom
[component_container_isolated-2] [ERROR] [1789770180.882989427] [tf_help]: Data time: 17s 200000000ns, Transform time: 5s 109000000ns
[component_container_isolated-2] [ERROR] [1789770180.933026931] [tf_help]: Transform data too old when converting from map to odom
[component_container_isolated-2] [ERROR] [1789770180.933059553] [tf_help]: Data time: 17s 200000000ns, Transform time: 5s 109000000ns
[component_container_isolated-2] [ERROR] [1789770180.983193846] [tf_help]: Transform data too old when converting from map to odom
[component_container_isolated-2] [ERROR] [1789770180.983239301] [tf_help]: Data time: 17s 200000000ns, Transform time: 5s 109000000ns
[component_container_isolated-2] [ERROR] [1789770181.033204191] [tf_help]: Transform data too old when converting from map to odom
[component_container_isolated-2] [ERROR] [1789770181.033236622] [tf_help]: Data time: 17s 200000000ns, Transform time: 5s 109000000ns
[component_container_isolated-2] [ERROR] [1789770181.083023207] [tf_help]: Transform data too old when converting from map to odom
[component_container_isolated-2] [ERROR] [1789770181.083052972] [tf_help]: Data time: 17s 200000000ns, Transform time: 5s 109000000ns
[component_container_isolated-2] [INFO] [1789770181.127824248] [controller_server]: Passing new path to controller.
[component_container_isolated-2] [ERROR] [1789770181.134183343] [tf_help]: Transform data too old when converting from map to odom
[component_container_isolated-2] [ERROR] [1789770181.134244283] [tf_help]: Data time: 18s 0ns, Transform time: 5s 109000000ns
[component_container_isolated-2] [ERROR] [1789770181.195061895] [tf_help]: Transform data too old when converting from map to odom
[component_container_isolated-2] [ERROR] [1789770181.195155165] [tf_help]: Data time: 18s 0ns, Transform time: 5s 109000000ns
[component_container_isolated-2] [ERROR] [1789770181.241897426] [tf_help]: Transform data too old when converting from map to odom
[component_container_isolated-2] [ERROR] [1789770181.241982852] [tf_help]: Data time: 18s 0ns, Transform time: 5s 109000000ns
[component_container_isolated-2] [ERROR] [1789770181.290340714] [tf_help]: Transform data too old when converting from map to odom
[component_container_isolated-2] [ERROR] [1789770181.290409268] [tf_help]: Data time: 18s 0ns, Transform time: 5s 109000000ns
[component_container_isolated-2] [INFO] [1789770181.337135578] [controller_server]: [TG-MPPI] cycle time (compute_backend=cpu): 6.806 ms/cycle avg over 50 cycles
[component_container_isolated-2] [ERROR] [1789770181.337415577] [tf_help]: Transform data too old when converting from map to odom
[component_container_isolated-2] [ERROR] [1789770181.337446920] [tf_help]: Data time: 18s 0ns, Transform time: 5s 109000000ns
[component_container_isolated-2] [ERROR] [1789770181.391073635] [tf_help]: Transform data too old when converting from map to odom
[component_container_isolated-2] [ERROR] [1789770181.391161534] [tf_help]: Data time: 18s 0ns, Transform time: 5s 109000000ns
[component_container_isolated-2] [ERROR] [1789770181.440683649] [tf_help]: Transform data too old when converting from map to odom
[component_container_isolated-2] [ERROR] [1789770181.440764836] [tf_help]: Data time: 18s 0ns, Transform time: 5s 109000000ns
[component_container_isolated-2] [ERROR] [1789770181.488309509] [tf_help]: Transform data too old when converting from map to odom
[component_container_isolated-2] [ERROR] [1789770181.488396280] [tf_help]: Data time: 18s 0ns, Transform time: 5s 109000000ns
[component_container_isolated-2] [ERROR] [1789770181.535520287] [tf_help]: Transform data too old when converting from map to odom
[component_container_isolated-2] [ERROR] [1789770181.535615295] [tf_help]: Data time: 18s 0ns, Transform time: 5s 109000000ns
[component_container_isolated-2] [ERROR] [1789770181.588816281] [tf_help]: Transform data too old when converting from map to odom
[component_container_isolated-2] [ERROR] [1789770181.588881344] [tf_help]: Data time: 18s 0ns, Transform time: 5s 109000000ns
[component_container_isolated-2] [ERROR] [1789770181.638163220] [tf_help]: Transform data too old when converting from map to odom
[component_container_isolated-2] [ERROR] [1789770181.638212353] [tf_help]: Data time: 18s 0ns, Transform time: 5s 109000000ns
[component_container_isolated-2] [ERROR] [1789770181.683849303] [tf_help]: Transform data too old when converting from map to odom
[component_container_isolated-2] [ERROR] [1789770181.683886009] [tf_help]: Data time: 18s 0ns, Transform time: 5s 109000000ns
[component_container_isolated-2] [ERROR] [1789770181.737866469] [tf_help]: Transform data too old when converting from map to odom
[component_container_isolated-2] [ERROR] [1789770181.737918086] [tf_help]: Data time: 18s 0ns, Transform time: 5s 109000000ns
[component_container_isolated-2] [ERROR] [1789770181.786768133] [tf_help]: Transform data too old when converting from map to odom
[component_container_isolated-2] [ERROR] [1789770181.786872489] [tf_help]: Data time: 18s 0ns, Transform time: 5s 109000000ns
[component_container_isolated-2] [ERROR] [1789770181.834855167] [tf_help]: Transform data too old when converting from map to odom
[component_container_isolated-2] [ERROR] [1789770181.834915873] [tf_help]: Data time: 18s 0ns, Transform time: 5s 109000000ns
[component_container_isolated-2] [ERROR] [1789770181.885881317] [tf_help]: Transform data too old when converting from map to odom
[component_container_isolated-2] [ERROR] [1789770181.885945557] [tf_help]: Data time: 18s 0ns, Transform time: 5s 109000000ns
[component_container_isolated-2] [ERROR] [1789770181.936961275] [tf_help]: Transform data too old when converting from map to odom
[component_container_isolated-2] [ERROR] [1789770181.937047636] [tf_help]: Data time: 18s 0ns, Transform time: 5s 109000000ns
[component_container_isolated-2] [ERROR] [1789770181.985862280] [tf_help]: Transform data too old when converting from map to odom
[component_container_isolated-2] [ERROR] [1789770181.985921610] [tf_help]: Data time: 18s 0ns, Transform time: 5s 109000000ns
[component_container_isolated-2] [ERROR] [1789770182.042615575] [tf_help]: Transform data too old when converting from map to odom
[component_container_isolated-2] [ERROR] [1789770182.042691897] [tf_help]: Data time: 18s 0ns, Transform time: 5s 109000000ns
[component_container_isolated-2] [ERROR] [1789770182.085574643] [tf_help]: Transform data too old when converting from map to odom
[component_container_isolated-2] [ERROR] [1789770182.085638895] [tf_help]: Data time: 18s 0ns, Transform time: 5s 109000000ns
[component_container_isolated-2] [INFO] [1789770182.127848749] [controller_server]: Passing new path to controller.
[component_container_isolated-2] [ERROR] [1789770182.135751104] [tf_help]: Transform data too old when converting from map to odom
[component_container_isolated-2] [ERROR] [1789770182.135793917] [tf_help]: Data time: 19s 0ns, Transform time: 5s 109000000ns
[component_container_isolated-2] [ERROR] [1789770182.185480741] [tf_help]: Transform data too old when converting from map to odom
[component_container_isolated-2] [ERROR] [1789770182.185531435] [tf_help]: Data time: 19s 0ns, Transform time: 5s 109000000ns
[component_container_isolated-2] [ERROR] [1789770182.237359787] [tf_help]: Transform data too old when converting from map to odom
[component_container_isolated-2] [ERROR] [1789770182.237417891] [tf_help]: Data time: 19s 0ns, Transform time: 5s 109000000ns
[component_container_isolated-2] [ERROR] [1789770182.286375991] [tf_help]: Transform data too old when converting from map to odom
[component_container_isolated-2] [ERROR] [1789770182.286441518] [tf_help]: Data time: 19s 0ns, Transform time: 5s 109000000ns
[component_container_isolated-2] [ERROR] [1789770182.336039313] [tf_help]: Transform data too old when converting from map to odom
[component_container_isolated-2] [ERROR] [1789770182.336108430] [tf_help]: Data time: 19s 0ns, Transform time: 5s 109000000ns
[component_container_isolated-2] [ERROR] [1789770182.383089157] [tf_help]: Transform data too old when converting from map to odom
[component_container_isolated-2] [ERROR] [1789770182.383124223] [tf_help]: Data time: 19s 0ns, Transform time: 5s 109000000ns
[component_container_isolated-2] [ERROR] [1789770182.433132190] [tf_help]: Transform data too old when converting from map to odom
[component_container_isolated-2] [ERROR] [1789770182.433170910] [tf_help]: Data time: 19s 0ns, Transform time: 5s 109000000ns
[component_container_isolated-2] [ERROR] [1789770182.484742373] [tf_help]: Transform data too old when converting from map to odom
[component_container_isolated-2] [ERROR] [1789770182.484800152] [tf_help]: Data time: 19s 0ns, Transform time: 5s 109000000ns
[component_container_isolated-2] [ERROR] [1789770182.535429880] [tf_help]: Transform data too old when converting from map to odom
[component_container_isolated-2] [ERROR] [1789770182.535465666] [tf_help]: Data time: 19s 0ns, Transform time: 5s 109000000ns
[component_container_isolated-2] [ERROR] [1789770182.584122992] [tf_help]: Transform data too old when converting from map to odom
[component_container_isolated-2] [ERROR] [1789770182.584159821] [tf_help]: Data time: 19s 0ns, Transform time: 5s 109000000ns
[component_container_isolated-2] [ERROR] [1789770182.633379848] [tf_help]: Transform data too old when converting from map to odom
[component_container_isolated-2] [ERROR] [1789770182.633419942] [tf_help]: Data time: 19s 0ns, Transform time: 5s 109000000ns
[component_container_isolated-2] [ERROR] [1789770182.683705373] [tf_help]: Transform data too old when converting from map to odom
[component_container_isolated-2] [ERROR] [1789770182.683743136] [tf_help]: Data time: 19s 0ns, Transform time: 5s 109000000ns
[component_container_isolated-2] [ERROR] [1789770182.735368333] [tf_help]: Transform data too old when converting from map to odom
[component_container_isolated-2] [ERROR] [1789770182.735401802] [tf_help]: Data time: 19s 0ns, Transform time: 5s 109000000ns
[component_container_isolated-2] [ERROR] [1789770182.795218741] [tf_help]: Transform data too old when converting from map to odom
[component_container_isolated-2] [ERROR] [1789770182.795309480] [tf_help]: Data time: 19s 0ns, Transform time: 5s 109000000ns
[component_container_isolated-2] [ERROR] [1789770182.837054070] [tf_help]: Transform data too old when converting from map to odom
[component_container_isolated-2] [ERROR] [1789770182.837096702] [tf_help]: Data time: 19s 0ns, Transform time: 5s 109000000ns
[component_container_isolated-2] [ERROR] [1789770182.883713300] [tf_help]: Transform data too old when converting from map to odom
[component_container_isolated-2] [ERROR] [1789770182.883751039] [tf_help]: Data time: 19s 0ns, Transform time: 5s 109000000ns
[component_container_isolated-2] [ERROR] [1789770182.934947145] [tf_help]: Transform data too old when converting from map to odom
[component_container_isolated-2] [ERROR] [1789770182.934994807] [tf_help]: Data time: 19s 0ns, Transform time: 5s 109000000ns
[component_container_isolated-2] [ERROR] [1789770182.984257812] [tf_help]: Transform data too old when converting from map to odom
[component_container_isolated-2] [ERROR] [1789770182.984307029] [tf_help]: Data time: 19s 0ns, Transform time: 5s 109000000ns
[component_container_isolated-2] [ERROR] [1789770183.033255195] [tf_help]: Transform data too old when converting from map to odom
[component_container_isolated-2] [ERROR] [1789770183.033294096] [tf_help]: Data time: 19s 0ns, Transform time: 5s 109000000ns
[component_container_isolated-2] [ERROR] [1789770183.083670502] [tf_help]: Transform data too old when converting from map to odom
[component_container_isolated-2] [ERROR] [1789770183.083706216] [tf_help]: Data time: 19s 0ns, Transform time: 5s 109000000ns
[component_container_isolated-2] [ERROR] [1789770183.133968864] [tf_help]: Transform data too old when converting from map to odom
[component_container_isolated-2] [ERROR] [1789770183.134005444] [tf_help]: Data time: 19s 0ns, Transform time: 5s 109000000ns
[component_container_isolated-2] [INFO] [1789770183.177885037] [controller_server]: Passing new path to controller.
[component_container_isolated-2] [ERROR] [1789770183.183319660] [tf_help]: Transform data too old when converting from map to odom
[component_container_isolated-2] [ERROR] [1789770183.183353182] [tf_help]: Data time: 19s 900000000ns, Transform time: 5s 109000000ns
[component_container_isolated-2] [ERROR] [1789770183.233755827] [tf_help]: Transform data too old when converting from map to odom
[component_container_isolated-2] [ERROR] [1789770183.233794814] [tf_help]: Data time: 19s 900000000ns, Transform time: 5s 109000000ns
[ground_truth_localizer-1] [INFO] [1789770183.233780449] [ground_truth_localizer]: last 10 s: ground truth msgs 294, map->odom published 294 (271 via latest odom TF)
[component_container_isolated-2] [ERROR] [1789770183.287601782] [tf_help]: Transform data too old when converting from map to odom
[component_container_isolated-2] [ERROR] [1789770183.287665857] [tf_help]: Data time: 19s 900000000ns, Transform time: 5s 109000000ns
[component_container_isolated-2] [ERROR] [1789770183.335713368] [tf_help]: Transform data too old when converting from map to odom
[component_container_isolated-2] [ERROR] [1789770183.335763008] [tf_help]: Data time: 19s 900000000ns, Transform time: 5s 109000000ns
[component_container_isolated-2] [ERROR] [1789770183.386354779] [tf_help]: Transform data too old when converting from map to odom
[component_container_isolated-2] [ERROR] [1789770183.386435793] [tf_help]: Data time: 19s 900000000ns, Transform time: 5s 109000000ns
[component_container_isolated-2] [ERROR] [1789770183.438012324] [tf_help]: Transform data too old when converting from map to odom
[component_container_isolated-2] [ERROR] [1789770183.438090356] [tf_help]: Data time: 19s 900000000ns, Transform time: 5s 109000000ns
[component_container_isolated-2] [ERROR] [1789770183.484799999] [tf_help]: Transform data too old when converting from map to odom
[component_container_isolated-2] [ERROR] [1789770183.484859025] [tf_help]: Data time: 19s 900000000ns, Transform time: 5s 109000000ns
[component_container_isolated-2] [ERROR] [1789770183.534099235] [tf_help]: Transform data too old when converting from map to odom
[component_container_isolated-2] [ERROR] [1789770183.534137303] [tf_help]: Data time: 19s 900000000ns, Transform time: 5s 109000000ns
[component_container_isolated-2] [ERROR] [1789770183.589723241] [tf_help]: Transform data too old when converting from map to odom
[component_container_isolated-2] [ERROR] [1789770183.589767160] [tf_help]: Data time: 19s 900000000ns, Transform time: 5s 109000000ns
[component_container_isolated-2] [ERROR] [1789770183.639020130] [tf_help]: Transform data too old when converting from map to odom
[component_container_isolated-2] [ERROR] [1789770183.639086113] [tf_help]: Data time: 19s 900000000ns, Transform time: 5s 109000000ns
[component_container_isolated-2] [ERROR] [1789770183.686512938] [tf_help]: Transform data too old when converting from map to odom
[component_container_isolated-2] [ERROR] [1789770183.686565950] [tf_help]: Data time: 19s 900000000ns, Transform time: 5s 109000000ns
[component_container_isolated-2] [ERROR] [1789770183.741078272] [tf_help]: Transform data too old when converting from map to odom
[component_container_isolated-2] [ERROR] [1789770183.741173584] [tf_help]: Data time: 19s 900000000ns, Transform time: 5s 109000000ns
[component_container_isolated-2] [ERROR] [1789770183.785754210] [tf_help]: Transform data too old when converting from map to odom
[component_container_isolated-2] [ERROR] [1789770183.785841023] [tf_help]: Data time: 19s 900000000ns, Transform time: 5s 109000000ns
[component_container_isolated-2] [INFO] [1789770183.834352868] [controller_server]: [TG-MPPI] cycle time (compute_backend=cpu): 7.992 ms/cycle avg over 50 cycles
[component_container_isolated-2] [ERROR] [1789770183.834597789] [tf_help]: Transform data too old when converting from map to odom
[component_container_isolated-2] [ERROR] [1789770183.834620306] [tf_help]: Data time: 19s 900000000ns, Transform time: 5s 109000000ns
[component_container_isolated-2] [ERROR] [1789770183.887112513] [tf_help]: Transform data too old when converting from map to odom
[component_container_isolated-2] [ERROR] [1789770183.887157337] [tf_help]: Data time: 19s 900000000ns, Transform time: 5s 109000000ns
[component_container_isolated-2] [ERROR] [1789770183.933272069] [tf_help]: Transform data too old when converting from map to odom
[component_container_isolated-2] [ERROR] [1789770183.933305963] [tf_help]: Data time: 19s 900000000ns, Transform time: 5s 109000000ns
[component_container_isolated-2] [ERROR] [1789770183.984193994] [tf_help]: Transform data too old when converting from map to odom
[component_container_isolated-2] [ERROR] [1789770183.984225836] [tf_help]: Data time: 19s 900000000ns, Transform time: 5s 109000000ns
[component_container_isolated-2] [ERROR] [1789770184.034040201] [tf_help]: Transform data too old when converting from map to odom
[component_container_isolated-2] [ERROR] [1789770184.034077780] [tf_help]: Data time: 19s 900000000ns, Transform time: 5s 109000000ns
[component_container_isolated-2] [ERROR] [1789770184.084540949] [tf_help]: Transform data too old when converting from map to odom
[component_container_isolated-2] [ERROR] [1789770184.084573569] [tf_help]: Data time: 19s 900000000ns, Transform time: 5s 109000000ns
[component_container_isolated-2] [ERROR] [1789770184.135266599] [tf_help]: Transform data too old when converting from map to odom
[component_container_isolated-2] [ERROR] [1789770184.135303448] [tf_help]: Data time: 19s 900000000ns, Transform time: 5s 109000000ns
[component_container_isolated-2] [ERROR] [1789770184.185448376] [tf_help]: Transform data too old when converting from map to odom
[component_container_isolated-2] [ERROR] [1789770184.185480835] [tf_help]: Data time: 19s 900000000ns, Transform time: 5s 109000000ns
[component_container_isolated-2] [INFO] [1789770184.227950104] [controller_server]: Passing new path to controller.
[component_container_isolated-2] [ERROR] [1789770184.233411103] [tf_help]: Transform data too old when converting from map to odom
[component_container_isolated-2] [ERROR] [1789770184.233446086] [tf_help]: Data time: 20s 700000000ns, Transform time: 5s 109000000ns
[component_container_isolated-2] [ERROR] [1789770184.283903066] [tf_help]: Transform data too old when converting from map to odom
[component_container_isolated-2] [ERROR] [1789770184.283938272] [tf_help]: Data time: 20s 700000000ns, Transform time: 5s 109000000ns
[component_container_isolated-2] [ERROR] [1789770184.333090656] [tf_help]: Transform data too old when converting from map to odom
[component_container_isolated-2] [ERROR] [1789770184.333121368] [tf_help]: Data time: 20s 700000000ns, Transform time: 5s 109000000ns
[component_container_isolated-2] [ERROR] [1789770184.383489237] [tf_help]: Transform data too old when converting from map to odom
[component_container_isolated-2] [ERROR] [1789770184.383523901] [tf_help]: Data time: 20s 700000000ns, Transform time: 5s 109000000ns
[component_container_isolated-2] [ERROR] [1789770184.433228203] [tf_help]: Transform data too old when converting from map to odom
[component_container_isolated-2] [ERROR] [1789770184.433258704] [tf_help]: Data time: 20s 700000000ns, Transform time: 5s 109000000ns
[component_container_isolated-2] [ERROR] [1789770184.483800887] [tf_help]: Transform data too old when converting from map to odom
[component_container_isolated-2] [ERROR] [1789770184.483839081] [tf_help]: Data time: 20s 700000000ns, Transform time: 5s 109000000ns
[component_container_isolated-2] [ERROR] [1789770184.533253957] [tf_help]: Transform data too old when converting from map to odom
[component_container_isolated-2] [ERROR] [1789770184.533284946] [tf_help]: Data time: 20s 700000000ns, Transform time: 5s 109000000ns
[component_container_isolated-2] [ERROR] [1789770184.583000216] [tf_help]: Transform data too old when converting from map to odom
[component_container_isolated-2] [ERROR] [1789770184.583034486] [tf_help]: Data time: 20s 700000000ns, Transform time: 5s 109000000ns
[component_container_isolated-2] [ERROR] [1789770184.633269411] [tf_help]: Transform data too old when converting from map to odom
[component_container_isolated-2] [ERROR] [1789770184.633300580] [tf_help]: Data time: 20s 700000000ns, Transform time: 5s 109000000ns
[component_container_isolated-2] [ERROR] [1789770184.685302216] [tf_help]: Transform data too old when converting from map to odom
[component_container_isolated-2] [ERROR] [1789770184.685372863] [tf_help]: Data time: 20s 700000000ns, Transform time: 5s 109000000ns
[component_container_isolated-2] [ERROR] [1789770184.733388900] [tf_help]: Transform data too old when converting from map to odom
[component_container_isolated-2] [ERROR] [1789770184.733452453] [tf_help]: Data time: 20s 700000000ns, Transform time: 5s 109000000ns
[component_container_isolated-2] [ERROR] [1789770184.783276995] [tf_help]: Transform data too old when converting from map to odom
[component_container_isolated-2] [ERROR] [1789770184.783310227] [tf_help]: Data time: 20s 700000000ns, Transform time: 5s 109000000ns
[component_container_isolated-2] [ERROR] [1789770184.836369832] [tf_help]: Transform data too old when converting from map to odom
[component_container_isolated-2] [ERROR] [1789770184.836405787] [tf_help]: Data time: 20s 700000000ns, Transform time: 5s 109000000ns
[component_container_isolated-2] [ERROR] [1789770184.883110005] [tf_help]: Transform data too old when converting from map to odom
[component_container_isolated-2] [ERROR] [1789770184.883142058] [tf_help]: Data time: 20s 700000000ns, Transform time: 5s 109000000ns
[component_container_isolated-2] [ERROR] [1789770184.934587392] [tf_help]: Transform data too old when converting from map to odom
[component_container_isolated-2] [ERROR] [1789770184.934627464] [tf_help]: Data time: 20s 700000000ns, Transform time: 5s 109000000ns
[component_container_isolated-2] [ERROR] [1789770184.983742976] [tf_help]: Transform data too old when converting from map to odom
[component_container_isolated-2] [ERROR] [1789770184.983774019] [tf_help]: Data time: 20s 700000000ns, Transform time: 5s 109000000ns
[component_container_isolated-2] [ERROR] [1789770185.039859280] [tf_help]: Transform data too old when converting from map to odom
[component_container_isolated-2] [ERROR] [1789770185.039922450] [tf_help]: Data time: 20s 700000000ns, Transform time: 5s 109000000ns
[component_container_isolated-2] [ERROR] [1789770185.084880034] [tf_help]: Transform data too old when converting from map to odom
[component_container_isolated-2] [ERROR] [1789770185.084947102] [tf_help]: Data time: 20s 700000000ns, Transform time: 5s 109000000ns
[component_container_isolated-2] [ERROR] [1789770185.134739164] [tf_help]: Transform data too old when converting from map to odom
[component_container_isolated-2] [ERROR] [1789770185.134805764] [tf_help]: Data time: 20s 700000000ns, Transform time: 5s 109000000ns
[component_container_isolated-2] [ERROR] [1789770185.185869778] [tf_help]: Transform data too old when converting from map to odom
[component_container_isolated-2] [ERROR] [1789770185.185926082] [tf_help]: Data time: 20s 700000000ns, Transform time: 5s 109000000ns
[component_container_isolated-2] [INFO] [1789770185.227859110] [controller_server]: Passing new path to controller.
[component_container_isolated-2] [ERROR] [1789770185.234885441] [tf_help]: Transform data too old when converting from map to odom
[component_container_isolated-2] [ERROR] [1789770185.234931439] [tf_help]: Data time: 21s 700000000ns, Transform time: 5s 109000000ns
[component_container_isolated-2] [ERROR] [1789770185.284462639] [tf_help]: Transform data too old when converting from map to odom
[component_container_isolated-2] [ERROR] [1789770185.284534698] [tf_help]: Data time: 21s 700000000ns, Transform time: 5s 109000000ns
[component_container_isolated-2] [ERROR] [1789770185.334555332] [tf_help]: Transform data too old when converting from map to odom
[component_container_isolated-2] [ERROR] [1789770185.334605965] [tf_help]: Data time: 21s 700000000ns, Transform time: 5s 109000000ns
[component_container_isolated-2] [ERROR] [1789770185.384198220] [tf_help]: Transform data too old when converting from map to odom
[component_container_isolated-2] [ERROR] [1789770185.384234448] [tf_help]: Data time: 21s 700000000ns, Transform time: 5s 109000000ns
[component_container_isolated-2] [ERROR] [1789770185.439955311] [tf_help]: Transform data too old when converting from map to odom
[component_container_isolated-2] [ERROR] [1789770185.440012935] [tf_help]: Data time: 21s 700000000ns, Transform time: 5s 109000000ns
[component_container_isolated-2] [ERROR] [1789770185.485318670] [tf_help]: Transform data too old when converting from map to odom
[component_container_isolated-2] [ERROR] [1789770185.485378466] [tf_help]: Data time: 21s 700000000ns, Transform time: 5s 109000000ns
[component_container_isolated-2] [ERROR] [1789770185.535407156] [tf_help]: Transform data too old when converting from map to odom
[component_container_isolated-2] [ERROR] [1789770185.535513318] [tf_help]: Data time: 21s 700000000ns, Transform time: 5s 109000000ns
[component_container_isolated-2] [ERROR] [1789770185.587316780] [tf_help]: Transform data too old when converting from map to odom
[component_container_isolated-2] [ERROR] [1789770185.587381333] [tf_help]: Data time: 21s 700000000ns, Transform time: 5s 109000000ns
[component_container_isolated-2] [ERROR] [1789770185.636112886] [tf_help]: Transform data too old when converting from map to odom
[component_container_isolated-2] [ERROR] [1789770185.636166893] [tf_help]: Data time: 21s 700000000ns, Transform time: 5s 109000000ns
[component_container_isolated-2] [ERROR] [1789770185.685669055] [tf_help]: Transform data too old when converting from map to odom
[component_container_isolated-2] [ERROR] [1789770185.685749658] [tf_help]: Data time: 21s 700000000ns, Transform time: 5s 109000000ns
[component_container_isolated-2] [ERROR] [1789770185.733148759] [tf_help]: Transform data too old when converting from map to odom
[component_container_isolated-2] [ERROR] [1789770185.733180751] [tf_help]: Data time: 21s 700000000ns, Transform time: 5s 109000000ns
[component_container_isolated-2] [ERROR] [1789770185.783470561] [tf_help]: Transform data too old when converting from map to odom
[component_container_isolated-2] [ERROR] [1789770185.783502976] [tf_help]: Data time: 21s 700000000ns, Transform time: 5s 109000000ns
[component_container_isolated-2] [ERROR] [1789770185.833855943] [tf_help]: Transform data too old when converting from map to odom
[component_container_isolated-2] [ERROR] [1789770185.833912800] [tf_help]: Data time: 21s 700000000ns, Transform time: 5s 109000000ns
[component_container_isolated-2] [ERROR] [1789770185.883427321] [tf_help]: Transform data too old when converting from map to odom
[component_container_isolated-2] [ERROR] [1789770185.883462943] [tf_help]: Data time: 21s 700000000ns, Transform time: 5s 109000000ns
[component_container_isolated-2] [ERROR] [1789770185.933060785] [tf_help]: Transform data too old when converting from map to odom
[component_container_isolated-2] [ERROR] [1789770185.933092374] [tf_help]: Data time: 21s 700000000ns, Transform time: 5s 109000000ns
[component_container_isolated-2] [ERROR] [1789770185.983147303] [tf_help]: Transform data too old when converting from map to odom
[component_container_isolated-2] [ERROR] [1789770185.983180884] [tf_help]: Data time: 21s 700000000ns, Transform time: 5s 109000000ns
[component_container_isolated-2] [ERROR] [1789770186.034060336] [tf_help]: Transform data too old when converting from map to odom
[component_container_isolated-2] [ERROR] [1789770186.034113154] [tf_help]: Data time: 21s 700000000ns, Transform time: 5s 109000000ns
[component_container_isolated-2] [ERROR] [1789770186.084145067] [tf_help]: Transform data too old when converting from map to odom
[component_container_isolated-2] [ERROR] [1789770186.084174669] [tf_help]: Data time: 21s 700000000ns, Transform time: 5s 109000000ns
[component_container_isolated-2] [ERROR] [1789770186.137100581] [tf_help]: Transform data too old when converting from map to odom
[component_container_isolated-2] [ERROR] [1789770186.137166169] [tf_help]: Data time: 21s 700000000ns, Transform time: 5s 109000000ns
[component_container_isolated-2] [ERROR] [1789770186.185803888] [tf_help]: Transform data too old when converting from map to odom
[component_container_isolated-2] [ERROR] [1789770186.185883573] [tf_help]: Data time: 21s 700000000ns, Transform time: 5s 109000000ns
[component_container_isolated-2] [ERROR] [1789770186.236298979] [tf_help]: Transform data too old when converting from map to odom
[component_container_isolated-2] [ERROR] [1789770186.236366345] [tf_help]: Data time: 21s 700000000ns, Transform time: 5s 109000000ns
[component_container_isolated-2] [INFO] [1789770186.277910517] [controller_server]: Passing new path to controller.
[component_container_isolated-2] [ERROR] [1789770186.285775101] [tf_help]: Transform data too old when converting from map to odom
[component_container_isolated-2] [ERROR] [1789770186.285833177] [tf_help]: Data time: 22s 700000000ns, Transform time: 5s 109000000ns
[component_container_isolated-2] [INFO] [1789770186.334903979] [controller_server]: [TG-MPPI] cycle time (compute_backend=cpu): 6.519 ms/cycle avg over 50 cycles
[component_container_isolated-2] [ERROR] [1789770186.335054145] [tf_help]: Transform data too old when converting from map to odom
[component_container_isolated-2] [ERROR] [1789770186.335085824] [tf_help]: Data time: 22s 700000000ns, Transform time: 5s 109000000ns
[component_container_isolated-2] [ERROR] [1789770186.383846765] [tf_help]: Transform data too old when converting from map to odom
[component_container_isolated-2] [ERROR] [1789770186.383877687] [tf_help]: Data time: 22s 700000000ns, Transform time: 5s 109000000ns
[component_container_isolated-2] [ERROR] [1789770186.434037938] [tf_help]: Transform data too old when converting from map to odom
[component_container_isolated-2] [ERROR] [1789770186.434073878] [tf_help]: Data time: 22s 700000000ns, Transform time: 5s 109000000ns
[component_container_isolated-2] [ERROR] [1789770186.483416351] [tf_help]: Transform data too old when converting from map to odom
[component_container_isolated-2] [ERROR] [1789770186.483453008] [tf_help]: Data time: 22s 700000000ns, Transform time: 5s 109000000ns
[component_container_isolated-2] [ERROR] [1789770186.535292402] [tf_help]: Transform data too old when converting from map to odom
[component_container_isolated-2] [ERROR] [1789770186.535323871] [tf_help]: Data time: 22s 700000000ns, Transform time: 5s 109000000ns
[component_container_isolated-2] [ERROR] [1789770186.587237172] [tf_help]: Transform data too old when converting from map to odom
[component_container_isolated-2] [ERROR] [1789770186.587279596] [tf_help]: Data time: 22s 700000000ns, Transform time: 5s 109000000ns
[component_container_isolated-2] [ERROR] [1789770186.636054163] [tf_help]: Transform data too old when converting from map to odom
[component_container_isolated-2] [ERROR] [1789770186.636112986] [tf_help]: Data time: 22s 700000000ns, Transform time: 5s 109000000ns
[component_container_isolated-2] [ERROR] [1789770186.685651625] [tf_help]: Transform data too old when converting from map to odom
[component_container_isolated-2] [ERROR] [1789770186.685730684] [tf_help]: Data time: 22s 700000000ns, Transform time: 5s 109000000ns
[component_container_isolated-2] [ERROR] [1789770186.735935218] [tf_help]: Transform data too old when converting from map to odom
[component_container_isolated-2] [ERROR] [1789770186.735979675] [tf_help]: Data time: 22s 700000000ns, Transform time: 5s 109000000ns
[component_container_isolated-2] [ERROR] [1789770186.784840599] [tf_help]: Transform data too old when converting from map to odom
[component_container_isolated-2] [ERROR] [1789770186.784881457] [tf_help]: Data time: 22s 700000000ns, Transform time: 5s 109000000ns
[component_container_isolated-2] [ERROR] [1789770186.834684160] [tf_help]: Transform data too old when converting from map to odom
[component_container_isolated-2] [ERROR] [1789770186.834726137] [tf_help]: Data time: 22s 700000000ns, Transform time: 5s 109000000ns
[component_container_isolated-2] [ERROR] [1789770186.885386294] [tf_help]: Transform data too old when converting from map to odom
[component_container_isolated-2] [ERROR] [1789770186.885419173] [tf_help]: Data time: 22s 700000000ns, Transform time: 5s 109000000ns
[component_container_isolated-2] [ERROR] [1789770186.934886646] [tf_help]: Transform data too old when converting from map to odom
[component_container_isolated-2] [ERROR] [1789770186.934945755] [tf_help]: Data time: 22s 700000000ns, Transform time: 5s 109000000ns
[component_container_isolated-2] [ERROR] [1789770186.986144020] [tf_help]: Transform data too old when converting from map to odom
[component_container_isolated-2] [ERROR] [1789770186.986179627] [tf_help]: Data time: 22s 700000000ns, Transform time: 5s 109000000ns
[component_container_isolated-2] [ERROR] [1789770187.033363945] [tf_help]: Transform data too old when converting from map to odom
[component_container_isolated-2] [ERROR] [1789770187.033399662] [tf_help]: Data time: 22s 700000000ns, Transform time: 5s 109000000ns
[component_container_isolated-2] [ERROR] [1789770187.083099077] [tf_help]: Transform data too old when converting from map to odom
[component_container_isolated-2] [ERROR] [1789770187.083132563] [tf_help]: Data time: 22s 700000000ns, Transform time: 5s 109000000ns
[component_container_isolated-2] [ERROR] [1789770187.133120112] [tf_help]: Transform data too old when converting from map to odom
[component_container_isolated-2] [ERROR] [1789770187.133150340] [tf_help]: Data time: 22s 700000000ns, Transform time: 5s 109000000ns
[component_container_isolated-2] [ERROR] [1789770187.183646554] [tf_help]: Transform data too old when converting from map to odom
[component_container_isolated-2] [ERROR] [1789770187.183684394] [tf_help]: Data time: 22s 700000000ns, Transform time: 5s 109000000ns
[component_container_isolated-2] [ERROR] [1789770187.235369651] [tf_help]: Transform data too old when converting from map to odom
[component_container_isolated-2] [ERROR] [1789770187.235418810] [tf_help]: Data time: 22s 700000000ns, Transform time: 5s 109000000ns
[component_container_isolated-2] [INFO] [1789770187.277876760] [controller_server]: Passing new path to controller.
[component_container_isolated-2] [ERROR] [1789770187.285518073] [tf_help]: Transform data too old when converting from map to odom
[component_container_isolated-2] [ERROR] [1789770187.285580482] [tf_help]: Data time: 23s 600000000ns, Transform time: 5s 109000000ns
[component_container_isolated-2] [ERROR] [1789770187.335273758] [tf_help]: Transform data too old when converting from map to odom
[component_container_isolated-2] [ERROR] [1789770187.335320943] [tf_help]: Data time: 23s 600000000ns, Transform time: 5s 109000000ns
[component_container_isolated-2] [ERROR] [1789770187.385196861] [tf_help]: Transform data too old when converting from map to odom
[component_container_isolated-2] [ERROR] [1789770187.385254129] [tf_help]: Data time: 23s 600000000ns, Transform time: 5s 109000000ns
[component_container_isolated-2] [ERROR] [1789770187.433645023] [tf_help]: Transform data too old when converting from map to odom
[component_container_isolated-2] [ERROR] [1789770187.433683852] [tf_help]: Data time: 23s 600000000ns, Transform time: 5s 109000000ns
[component_container_isolated-2] [ERROR] [1789770187.487412576] [tf_help]: Transform data too old when converting from map to odom
[component_container_isolated-2] [ERROR] [1789770187.487446781] [tf_help]: Data time: 23s 600000000ns, Transform time: 5s 109000000ns
[component_container_isolated-2] [ERROR] [1789770187.535630838] [tf_help]: Transform data too old when converting from map to odom
[component_container_isolated-2] [ERROR] [1789770187.535716636] [tf_help]: Data time: 23s 600000000ns, Transform time: 5s 109000000ns
[component_container_isolated-2] [ERROR] [1789770187.586333359] [tf_help]: Transform data too old when converting from map to odom
[component_container_isolated-2] [ERROR] [1789770187.586383408] [tf_help]: Data time: 23s 600000000ns, Transform time: 5s 109000000ns
[component_container_isolated-2] [ERROR] [1789770187.636325121] [tf_help]: Transform data too old when converting from map to odom
[component_container_isolated-2] [ERROR] [1789770187.636384084] [tf_help]: Data time: 23s 600000000ns, Transform time: 5s 109000000ns
[component_container_isolated-2] [ERROR] [1789770187.685286516] [tf_help]: Transform data too old when converting from map to odom
[component_container_isolated-2] [ERROR] [1789770187.685326901] [tf_help]: Data time: 23s 600000000ns, Transform time: 5s 109000000ns
[component_container_isolated-2] [ERROR] [1789770187.740841393] [tf_help]: Transform data too old when converting from map to odom
[component_container_isolated-2] [ERROR] [1789770187.740910961] [tf_help]: Data time: 23s 600000000ns, Transform time: 5s 109000000ns
[component_container_isolated-2] [ERROR] [1789770187.785900126] [tf_help]: Transform data too old when converting from map to odom
[component_container_isolated-2] [ERROR] [1789770187.785983711] [tf_help]: Data time: 23s 600000000ns, Transform time: 5s 109000000ns
[component_container_isolated-2] [ERROR] [1789770187.835135979] [tf_help]: Transform data too old when converting from map to odom
[component_container_isolated-2] [ERROR] [1789770187.835185191] [tf_help]: Data time: 23s 600000000ns, Transform time: 5s 109000000ns
[component_container_isolated-2] [ERROR] [1789770187.900844975] [tf_help]: Transform data too old when converting from map to odom
[component_container_isolated-2] [ERROR] [1789770187.900957651] [tf_help]: Data time: 23s 600000000ns, Transform time: 5s 109000000ns
[component_container_isolated-2] [ERROR] [1789770187.946160477] [tf_help]: Transform data too old when converting from map to odom
[component_container_isolated-2] [ERROR] [1789770187.946233922] [tf_help]: Data time: 23s 600000000ns, Transform time: 5s 109000000ns
[component_container_isolated-2] [ERROR] [1789770187.986742615] [tf_help]: Transform data too old when converting from map to odom
[component_container_isolated-2] [ERROR] [1789770187.986782875] [tf_help]: Data time: 23s 600000000ns, Transform time: 5s 109000000ns
[component_container_isolated-2] [ERROR] [1789770188.035737822] [tf_help]: Transform data too old when converting from map to odom
[component_container_isolated-2] [ERROR] [1789770188.035776136] [tf_help]: Data time: 23s 600000000ns, Transform time: 5s 109000000ns
[component_container_isolated-2] [ERROR] [1789770188.085741093] [tf_help]: Transform data too old when converting from map to odom
[component_container_isolated-2] [ERROR] [1789770188.085791284] [tf_help]: Data time: 23s 600000000ns, Transform time: 5s 109000000ns
[component_container_isolated-2] [ERROR] [1789770188.136123087] [tf_help]: Transform data too old when converting from map to odom
[component_container_isolated-2] [ERROR] [1789770188.136193969] [tf_help]: Data time: 23s 600000000ns, Transform time: 5s 109000000ns
[component_container_isolated-2] [ERROR] [1789770188.186979039] [tf_help]: Transform data too old when converting from map to odom
[component_container_isolated-2] [ERROR] [1789770188.187036368] [tf_help]: Data time: 23s 600000000ns, Transform time: 5s 109000000ns
[component_container_isolated-2] [ERROR] [1789770188.236645241] [tf_help]: Transform data too old when converting from map to odom
[component_container_isolated-2] [ERROR] [1789770188.236694897] [tf_help]: Data time: 23s 600000000ns, Transform time: 5s 109000000ns
[component_container_isolated-2] [ERROR] [1789770188.283168247] [tf_help]: Transform data too old when converting from map to odom
[component_container_isolated-2] [ERROR] [1789770188.283201717] [tf_help]: Data time: 23s 600000000ns, Transform time: 5s 109000000ns
[component_container_isolated-2] [INFO] [1789770188.327867976] [controller_server]: Passing new path to controller.
[component_container_isolated-2] [ERROR] [1789770188.334051040] [tf_help]: Transform data too old when converting from map to odom
[component_container_isolated-2] [ERROR] [1789770188.334077399] [tf_help]: Data time: 24s 500000000ns, Transform time: 5s 109000000ns
[component_container_isolated-2] [ERROR] [1789770188.384109217] [tf_help]: Transform data too old when converting from map to odom
[component_container_isolated-2] [ERROR] [1789770188.384145460] [tf_help]: Data time: 24s 500000000ns, Transform time: 5s 109000000ns
[component_container_isolated-2] [ERROR] [1789770188.433266999] [tf_help]: Transform data too old when converting from map to odom
[component_container_isolated-2] [ERROR] [1789770188.433308208] [tf_help]: Data time: 24s 500000000ns, Transform time: 5s 109000000ns
[component_container_isolated-2] [ERROR] [1789770188.483134299] [tf_help]: Transform data too old when converting from map to odom
[component_container_isolated-2] [ERROR] [1789770188.483183593] [tf_help]: Data time: 24s 500000000ns, Transform time: 5s 109000000ns
[component_container_isolated-2] [ERROR] [1789770188.535099979] [tf_help]: Transform data too old when converting from map to odom
[component_container_isolated-2] [ERROR] [1789770188.535162683] [tf_help]: Data time: 24s 500000000ns, Transform time: 5s 109000000ns
[component_container_isolated-2] [ERROR] [1789770188.585460419] [tf_help]: Transform data too old when converting from map to odom
[component_container_isolated-2] [ERROR] [1789770188.585525635] [tf_help]: Data time: 24s 500000000ns, Transform time: 5s 109000000ns
[component_container_isolated-2] [ERROR] [1789770188.636585909] [tf_help]: Transform data too old when converting from map to odom
[component_container_isolated-2] [ERROR] [1789770188.636652074] [tf_help]: Data time: 24s 500000000ns, Transform time: 5s 109000000ns
[component_container_isolated-2] [ERROR] [1789770188.686930928] [tf_help]: Transform data too old when converting from map to odom
[component_container_isolated-2] [ERROR] [1789770188.687038397] [tf_help]: Data time: 24s 500000000ns, Transform time: 5s 109000000ns
[component_container_isolated-2] [ERROR] [1789770188.734477320] [tf_help]: Transform data too old when converting from map to odom
[component_container_isolated-2] [ERROR] [1789770188.734510785] [tf_help]: Data time: 24s 500000000ns, Transform time: 5s 109000000ns
[component_container_isolated-2] [ERROR] [1789770188.783194899] [tf_help]: Transform data too old when converting from map to odom
[component_container_isolated-2] [ERROR] [1789770188.783237243] [tf_help]: Data time: 24s 500000000ns, Transform time: 5s 109000000ns
[component_container_isolated-2] [INFO] [1789770188.835818570] [controller_server]: [TG-MPPI] cycle time (compute_backend=cpu): 7.544 ms/cycle avg over 50 cycles
[component_container_isolated-2] [ERROR] [1789770188.836050605] [tf_help]: Transform data too old when converting from map to odom
[component_container_isolated-2] [ERROR] [1789770188.836073060] [tf_help]: Data time: 24s 500000000ns, Transform time: 5s 109000000ns
[component_container_isolated-2] [ERROR] [1789770188.884892723] [tf_help]: Transform data too old when converting from map to odom
[component_container_isolated-2] [ERROR] [1789770188.884936562] [tf_help]: Data time: 24s 500000000ns, Transform time: 5s 109000000ns
[component_container_isolated-2] [ERROR] [1789770188.942444349] [tf_help]: Transform data too old when converting from map to odom
[component_container_isolated-2] [ERROR] [1789770188.942522565] [tf_help]: Data time: 24s 500000000ns, Transform time: 5s 109000000ns
[component_container_isolated-2] [ERROR] [1789770188.985747758] [tf_help]: Transform data too old when converting from map to odom
[component_container_isolated-2] [ERROR] [1789770188.985806481] [tf_help]: Data time: 24s 500000000ns, Transform time: 5s 109000000ns
[component_container_isolated-2] [ERROR] [1789770189.039482228] [tf_help]: Transform data too old when converting from map to odom
[component_container_isolated-2] [ERROR] [1789770189.039584761] [tf_help]: Data time: 24s 500000000ns, Transform time: 5s 109000000ns
[component_container_isolated-2] [ERROR] [1789770189.101045504] [tf_help]: Transform data too old when converting from map to odom
[component_container_isolated-2] [ERROR] [1789770189.101112108] [tf_help]: Data time: 24s 500000000ns, Transform time: 5s 109000000ns
[component_container_isolated-2] [ERROR] [1789770189.139021817] [tf_help]: Transform data too old when converting from map to odom
[component_container_isolated-2] [ERROR] [1789770189.139112877] [tf_help]: Data time: 24s 500000000ns, Transform time: 5s 109000000ns
[component_container_isolated-2] [ERROR] [1789770189.189500937] [tf_help]: Transform data too old when converting from map to odom
[component_container_isolated-2] [ERROR] [1789770189.189555652] [tf_help]: Data time: 24s 500000000ns, Transform time: 5s 109000000ns
[component_container_isolated-2] [ERROR] [1789770189.238283596] [tf_help]: Transform data too old when converting from map to odom
[component_container_isolated-2] [ERROR] [1789770189.238334813] [tf_help]: Data time: 24s 500000000ns, Transform time: 5s 109000000ns
[component_container_isolated-2] [ERROR] [1789770189.290541806] [tf_help]: Transform data too old when converting from map to odom
[component_container_isolated-2] [ERROR] [1789770189.290584410] [tf_help]: Data time: 24s 500000000ns, Transform time: 5s 109000000ns
[component_container_isolated-2] [ERROR] [1789770189.334696476] [tf_help]: Transform data too old when converting from map to odom
[component_container_isolated-2] [ERROR] [1789770189.334734479] [tf_help]: Data time: 24s 500000000ns, Transform time: 5s 109000000ns
[component_container_isolated-2] [INFO] [1789770189.377829767] [controller_server]: Passing new path to controller.
[component_container_isolated-2] [ERROR] [1789770189.389451370] [tf_help]: Transform data too old when converting from map to odom
[component_container_isolated-2] [ERROR] [1789770189.389494544] [tf_help]: Data time: 25s 500000000ns, Transform time: 5s 109000000ns
[component_container_isolated-2] [ERROR] [1789770189.440175152] [tf_help]: Transform data too old when converting from map to odom
[component_container_isolated-2] [ERROR] [1789770189.440252469] [tf_help]: Data time: 25s 500000000ns, Transform time: 5s 109000000ns
[component_container_isolated-2] [ERROR] [1789770189.483899658] [tf_help]: Transform data too old when converting from map to odom
[component_container_isolated-2] [ERROR] [1789770189.483949977] [tf_help]: Data time: 25s 500000000ns, Transform time: 5s 109000000ns
[component_container_isolated-2] [ERROR] [1789770189.536172255] [tf_help]: Transform data too old when converting from map to odom
[component_container_isolated-2] [ERROR] [1789770189.536221704] [tf_help]: Data time: 25s 500000000ns, Transform time: 5s 109000000ns
[component_container_isolated-2] [ERROR] [1789770189.587724538] [tf_help]: Transform data too old when converting from map to odom
[component_container_isolated-2] [ERROR] [1789770189.587760063] [tf_help]: Data time: 25s 500000000ns, Transform time: 5s 109000000ns
[component_container_isolated-2] [ERROR] [1789770189.634293802] [tf_help]: Transform data too old when converting from map to odom
[component_container_isolated-2] [ERROR] [1789770189.634330100] [tf_help]: Data time: 25s 500000000ns, Transform time: 5s 109000000ns
[component_container_isolated-2] [ERROR] [1789770189.686187153] [tf_help]: Transform data too old when converting from map to odom
[component_container_isolated-2] [ERROR] [1789770189.686230738] [tf_help]: Data time: 25s 500000000ns, Transform time: 5s 109000000ns
[component_container_isolated-2] [ERROR] [1789770189.735004046] [tf_help]: Transform data too old when converting from map to odom
[component_container_isolated-2] [ERROR] [1789770189.735041426] [tf_help]: Data time: 25s 500000000ns, Transform time: 5s 109000000ns
[component_container_isolated-2] [ERROR] [1789770189.784035000] [tf_help]: Transform data too old when converting from map to odom
[component_container_isolated-2] [ERROR] [1789770189.784073306] [tf_help]: Data time: 25s 500000000ns, Transform time: 5s 109000000ns
[component_container_isolated-2] [ERROR] [1789770189.833946397] [tf_help]: Transform data too old when converting from map to odom
[component_container_isolated-2] [ERROR] [1789770189.833981759] [tf_help]: Data time: 25s 500000000ns, Transform time: 5s 109000000ns
[component_container_isolated-2] [ERROR] [1789770189.885301492] [tf_help]: Transform data too old when converting from map to odom
[component_container_isolated-2] [ERROR] [1789770189.885339094] [tf_help]: Data time: 25s 500000000ns, Transform time: 5s 109000000ns
[component_container_isolated-2] [ERROR] [1789770189.939284890] [tf_help]: Transform data too old when converting from map to odom
[component_container_isolated-2] [ERROR] [1789770189.939333253] [tf_help]: Data time: 25s 500000000ns, Transform time: 5s 109000000ns
[component_container_isolated-2] [ERROR] [1789770189.987676151] [tf_help]: Transform data too old when converting from map to odom
[component_container_isolated-2] [ERROR] [1789770189.987729855] [tf_help]: Data time: 25s 500000000ns, Transform time: 5s 109000000ns
[component_container_isolated-2] [ERROR] [1789770190.039374146] [tf_help]: Transform data too old when converting from map to odom
[component_container_isolated-2] [ERROR] [1789770190.039458182] [tf_help]: Data time: 25s 500000000ns, Transform time: 5s 109000000ns
[component_container_isolated-2] [ERROR] [1789770190.090028866] [tf_help]: Transform data too old when converting from map to odom
[component_container_isolated-2] [ERROR] [1789770190.090099925] [tf_help]: Data time: 25s 500000000ns, Transform time: 5s 109000000ns
[component_container_isolated-2] [ERROR] [1789770190.134292710] [tf_help]: Transform data too old when converting from map to odom
[component_container_isolated-2] [ERROR] [1789770190.134324608] [tf_help]: Data time: 25s 500000000ns, Transform time: 5s 109000000ns
[component_container_isolated-2] [ERROR] [1789770190.183605124] [tf_help]: Transform data too old when converting from map to odom
[component_container_isolated-2] [ERROR] [1789770190.183642571] [tf_help]: Data time: 25s 500000000ns, Transform time: 5s 109000000ns
[component_container_isolated-2] [ERROR] [1789770190.233383290] [tf_help]: Transform data too old when converting from map to odom
[component_container_isolated-2] [ERROR] [1789770190.233425300] [tf_help]: Data time: 25s 500000000ns, Transform time: 5s 109000000ns
[component_container_isolated-2] [ERROR] [1789770190.284078532] [tf_help]: Transform data too old when converting from map to odom
[component_container_isolated-2] [ERROR] [1789770190.284112990] [tf_help]: Data time: 25s 500000000ns, Transform time: 5s 109000000ns
[component_container_isolated-2] [ERROR] [1789770190.333289133] [tf_help]: Transform data too old when converting from map to odom
[component_container_isolated-2] [ERROR] [1789770190.333320796] [tf_help]: Data time: 25s 500000000ns, Transform time: 5s 109000000ns
[component_container_isolated-2] [INFO] [1789770190.377854344] [controller_server]: Passing new path to controller.
[component_container_isolated-2] [ERROR] [1789770190.383287291] [tf_help]: Transform data too old when converting from map to odom
[component_container_isolated-2] [ERROR] [1789770190.383321827] [tf_help]: Data time: 26s 400000000ns, Transform time: 5s 109000000ns
[component_container_isolated-2] [ERROR] [1789770190.434502049] [tf_help]: Transform data too old when converting from map to odom
[component_container_isolated-2] [ERROR] [1789770190.434534112] [tf_help]: Data time: 26s 400000000ns, Transform time: 5s 109000000ns
[component_container_isolated-2] [ERROR] [1789770190.483201041] [tf_help]: Transform data too old when converting from map to odom
[component_container_isolated-2] [ERROR] [1789770190.483235742] [tf_help]: Data time: 26s 400000000ns, Transform time: 5s 109000000ns
[component_container_isolated-2] [ERROR] [1789770190.534499311] [tf_help]: Transform data too old when converting from map to odom
[component_container_isolated-2] [ERROR] [1789770190.534544369] [tf_help]: Data time: 26s 400000000ns, Transform time: 5s 109000000ns
[component_container_isolated-2] [ERROR] [1789770190.585436352] [tf_help]: Transform data too old when converting from map to odom
[component_container_isolated-2] [ERROR] [1789770190.585470673] [tf_help]: Data time: 26s 400000000ns, Transform time: 5s 109000000ns
[component_container_isolated-2] [ERROR] [1789770190.634455471] [tf_help]: Transform data too old when converting from map to odom
[component_container_isolated-2] [ERROR] [1789770190.634508724] [tf_help]: Data time: 26s 400000000ns, Transform time: 5s 109000000ns
[component_container_isolated-2] [ERROR] [1789770190.684105011] [tf_help]: Transform data too old when converting from map to odom
[component_container_isolated-2] [ERROR] [1789770190.684139907] [tf_help]: Data time: 26s 400000000ns, Transform time: 5s 109000000ns
[component_container_isolated-2] [ERROR] [1789770190.733237723] [tf_help]: Transform data too old when converting from map to odom
[component_container_isolated-2] [ERROR] [1789770190.733270764] [tf_help]: Data time: 26s 400000000ns, Transform time: 5s 109000000ns
[component_container_isolated-2] [ERROR] [1789770190.784145544] [tf_help]: Transform data too old when converting from map to odom
[component_container_isolated-2] [ERROR] [1789770190.784181025] [tf_help]: Data time: 26s 400000000ns, Transform time: 5s 109000000ns
[component_container_isolated-2] [ERROR] [1789770190.839362223] [tf_help]: Transform data too old when converting from map to odom
[component_container_isolated-2] [ERROR] [1789770190.839408097] [tf_help]: Data time: 26s 400000000ns, Transform time: 5s 109000000ns
[component_container_isolated-2] [ERROR] [1789770190.889543363] [tf_help]: Transform data too old when converting from map to odom
[component_container_isolated-2] [ERROR] [1789770190.889638269] [tf_help]: Data time: 26s 400000000ns, Transform time: 5s 109000000ns
[component_container_isolated-2] [ERROR] [1789770190.937437295] [tf_help]: Transform data too old when converting from map to odom
[component_container_isolated-2] [ERROR] [1789770190.937482087] [tf_help]: Data time: 26s 400000000ns, Transform time: 5s 109000000ns
[component_container_isolated-2] [ERROR] [1789770190.985095413] [tf_help]: Transform data too old when converting from map to odom
[component_container_isolated-2] [ERROR] [1789770190.985148583] [tf_help]: Data time: 26s 400000000ns, Transform time: 5s 109000000ns
[component_container_isolated-2] [ERROR] [1789770191.027884728] [controller_server]: Failed to make progress
[component_container_isolated-2] [WARN] [1789770191.027981237] [controller_server]: [follow_path] [ActionServer] Aborting handle.
[component_container_isolated-2] [INFO] [1789770191.038940877] [local_costmap.local_costmap]: Received request to clear entirely the local_costmap
[component_container_isolated-2] [INFO] [1789770191.039437428] [global_costmap.global_costmap]: Received request to clear entirely the global_costmap
[component_container_isolated-2] [WARN] [1789770191.430204306] [planner_server]: Planner loop missed its desired rate of 20.0000 Hz. Current loop rate is 3.3333 Hz
[component_container_isolated-2] [INFO] [1789770191.448918437] [controller_server]: Received a goal, begin computing control effort.
[component_container_isolated-2] [ERROR] [1789770191.455060106] [tf_help]: Transform data too old when converting from map to odom
[component_container_isolated-2] [ERROR] [1789770191.455099155] [tf_help]: Data time: 27s 400000000ns, Transform time: 5s 109000000ns
[component_container_isolated-2] [ERROR] [1789770191.507164239] [tf_help]: Transform data too old when converting from map to odom
[component_container_isolated-2] [ERROR] [1789770191.507195525] [tf_help]: Data time: 27s 400000000ns, Transform time: 5s 109000000ns
[component_container_isolated-2] [ERROR] [1789770191.556069749] [tf_help]: Transform data too old when converting from map to odom
[component_container_isolated-2] [ERROR] [1789770191.556106375] [tf_help]: Data time: 27s 400000000ns, Transform time: 5s 109000000ns
[component_container_isolated-2] [ERROR] [1789770191.606782165] [tf_help]: Transform data too old when converting from map to odom
[component_container_isolated-2] [ERROR] [1789770191.606820011] [tf_help]: Data time: 27s 400000000ns, Transform time: 5s 109000000ns
[component_container_isolated-2] [ERROR] [1789770191.656929590] [tf_help]: Transform data too old when converting from map to odom
[component_container_isolated-2] [ERROR] [1789770191.656970008] [tf_help]: Data time: 27s 400000000ns, Transform time: 5s 109000000ns
[component_container_isolated-2] [ERROR] [1789770191.705307986] [tf_help]: Transform data too old when converting from map to odom
[component_container_isolated-2] [ERROR] [1789770191.705358451] [tf_help]: Data time: 27s 400000000ns, Transform time: 5s 109000000ns
[component_container_isolated-2] [INFO] [1789770191.756563076] [controller_server]: [TG-MPPI] cycle time (compute_backend=cpu): 8.195 ms/cycle avg over 50 cycles
[component_container_isolated-2] [ERROR] [1789770191.756893855] [tf_help]: Transform data too old when converting from map to odom
[component_container_isolated-2] [ERROR] [1789770191.756956851] [tf_help]: Data time: 27s 400000000ns, Transform time: 5s 109000000ns
[component_container_isolated-2] [ERROR] [1789770191.809272642] [tf_help]: Transform data too old when converting from map to odom
[component_container_isolated-2] [ERROR] [1789770191.809348161] [tf_help]: Data time: 27s 400000000ns, Transform time: 5s 109000000ns
[component_container_isolated-2] [ERROR] [1789770191.856763547] [tf_help]: Transform data too old when converting from map to odom
[component_container_isolated-2] [ERROR] [1789770191.856803716] [tf_help]: Data time: 27s 400000000ns, Transform time: 5s 109000000ns
[component_container_isolated-2] [ERROR] [1789770191.906166291] [tf_help]: Transform data too old when converting from map to odom
[component_container_isolated-2] [ERROR] [1789770191.906194411] [tf_help]: Data time: 27s 400000000ns, Transform time: 5s 109000000ns
[component_container_isolated-2] [ERROR] [1789770191.962363164] [tf_help]: Transform data too old when converting from map to odom
[component_container_isolated-2] [ERROR] [1789770191.962417162] [tf_help]: Data time: 27s 400000000ns, Transform time: 5s 109000000ns
[component_container_isolated-2] [ERROR] [1789770192.012494678] [tf_help]: Transform data too old when converting from map to odom
[component_container_isolated-2] [ERROR] [1789770192.012542519] [tf_help]: Data time: 27s 400000000ns, Transform time: 5s 109000000ns
[component_container_isolated-2] [ERROR] [1789770192.058876972] [tf_help]: Transform data too old when converting from map to odom
[component_container_isolated-2] [ERROR] [1789770192.058958249] [tf_help]: Data time: 27s 400000000ns, Transform time: 5s 109000000ns
[component_container_isolated-2] [ERROR] [1789770192.106969143] [tf_help]: Transform data too old when converting from map to odom
[component_container_isolated-2] [ERROR] [1789770192.107010566] [tf_help]: Data time: 27s 400000000ns, Transform time: 5s 109000000ns
[component_container_isolated-2] [ERROR] [1789770192.160698054] [tf_help]: Transform data too old when converting from map to odom
[component_container_isolated-2] [ERROR] [1789770192.160751065] [tf_help]: Data time: 27s 400000000ns, Transform time: 5s 109000000ns
[component_container_isolated-2] [ERROR] [1789770192.210475393] [tf_help]: Transform data too old when converting from map to odom
[component_container_isolated-2] [ERROR] [1789770192.210521575] [tf_help]: Data time: 27s 400000000ns, Transform time: 5s 109000000ns
[component_container_isolated-2] [ERROR] [1789770192.261283640] [tf_help]: Transform data too old when converting from map to odom
[component_container_isolated-2] [ERROR] [1789770192.261332455] [tf_help]: Data time: 27s 400000000ns, Transform time: 5s 109000000ns
[component_container_isolated-2] [ERROR] [1789770192.306993455] [tf_help]: Transform data too old when converting from map to odom
[component_container_isolated-2] [ERROR] [1789770192.307049709] [tf_help]: Data time: 27s 400000000ns, Transform time: 5s 109000000ns
[component_container_isolated-2] [ERROR] [1789770192.362426519] [tf_help]: Transform data too old when converting from map to odom
[component_container_isolated-2] [ERROR] [1789770192.362510427] [tf_help]: Data time: 27s 400000000ns, Transform time: 5s 109000000ns
[component_container_isolated-2] [ERROR] [1789770192.408855436] [tf_help]: Transform data too old when converting from map to odom
[component_container_isolated-2] [ERROR] [1789770192.408914811] [tf_help]: Data time: 27s 400000000ns, Transform time: 5s 109000000ns
[component_container_isolated-2] [ERROR] [1789770192.460160079] [tf_help]: Transform data too old when converting from map to odom
[component_container_isolated-2] [ERROR] [1789770192.460205657] [tf_help]: Data time: 27s 400000000ns, Transform time: 5s 109000000ns
[component_container_isolated-2] [INFO] [1789770192.499046536] [controller_server]: Passing new path to controller.
[component_container_isolated-2] [ERROR] [1789770192.513551693] [tf_help]: Transform data too old when converting from map to odom
[component_container_isolated-2] [ERROR] [1789770192.513590841] [tf_help]: Data time: 28s 400000000ns, Transform time: 5s 109000000ns
[component_container_isolated-2] [ERROR] [1789770192.561046578] [tf_help]: Transform data too old when converting from map to odom
[component_container_isolated-2] [ERROR] [1789770192.561103008] [tf_help]: Data time: 28s 400000000ns, Transform time: 5s 109000000ns
[component_container_isolated-2] [ERROR] [1789770192.611002162] [tf_help]: Transform data too old when converting from map to odom
[component_container_isolated-2] [ERROR] [1789770192.611065367] [tf_help]: Data time: 28s 400000000ns, Transform time: 5s 109000000ns
[component_container_isolated-2] [ERROR] [1789770192.658070889] [tf_help]: Transform data too old when converting from map to odom
[component_container_isolated-2] [ERROR] [1789770192.658111156] [tf_help]: Data time: 28s 400000000ns, Transform time: 5s 109000000ns
[component_container_isolated-2] [ERROR] [1789770192.710936989] [tf_help]: Transform data too old when converting from map to odom
[component_container_isolated-2] [ERROR] [1789770192.711001180] [tf_help]: Data time: 28s 400000000ns, Transform time: 5s 109000000ns
[component_container_isolated-2] [ERROR] [1789770192.761357525] [tf_help]: Transform data too old when converting from map to odom
[component_container_isolated-2] [ERROR] [1789770192.761417315] [tf_help]: Data time: 28s 400000000ns, Transform time: 5s 109000000ns
[component_container_isolated-2] [ERROR] [1789770192.804514024] [tf_help]: Transform data too old when converting from map to odom
[component_container_isolated-2] [ERROR] [1789770192.804550208] [tf_help]: Data time: 28s 400000000ns, Transform time: 5s 109000000ns
[component_container_isolated-2] [ERROR] [1789770192.856407334] [tf_help]: Transform data too old when converting from map to odom
[component_container_isolated-2] [ERROR] [1789770192.856467250] [tf_help]: Data time: 28s 400000000ns, Transform time: 5s 109000000ns
[component_container_isolated-2] [ERROR] [1789770192.910394768] [tf_help]: Transform data too old when converting from map to odom
[component_container_isolated-2] [ERROR] [1789770192.910441087] [tf_help]: Data time: 28s 400000000ns, Transform time: 5s 109000000ns
[component_container_isolated-2] [ERROR] [1789770192.959341000] [tf_help]: Transform data too old when converting from map to odom
[component_container_isolated-2] [ERROR] [1789770192.959387084] [tf_help]: Data time: 28s 400000000ns, Transform time: 5s 109000000ns
[component_container_isolated-2] [ERROR] [1789770193.009123286] [tf_help]: Transform data too old when converting from map to odom
[component_container_isolated-2] [ERROR] [1789770193.009184867] [tf_help]: Data time: 28s 400000000ns, Transform time: 5s 109000000ns
[component_container_isolated-2] [ERROR] [1789770193.055213232] [tf_help]: Transform data too old when converting from map to odom
[component_container_isolated-2] [ERROR] [1789770193.055246318] [tf_help]: Data time: 28s 400000000ns, Transform time: 5s 109000000ns
[component_container_isolated-2] [ERROR] [1789770193.105571962] [tf_help]: Transform data too old when converting from map to odom
[component_container_isolated-2] [ERROR] [1789770193.105617773] [tf_help]: Data time: 28s 400000000ns, Transform time: 5s 109000000ns
[component_container_isolated-2] [ERROR] [1789770193.155995535] [tf_help]: Transform data too old when converting from map to odom
[component_container_isolated-2] [ERROR] [1789770193.156035443] [tf_help]: Data time: 28s 400000000ns, Transform time: 5s 109000000ns
[component_container_isolated-2] [ERROR] [1789770193.206019587] [tf_help]: Transform data too old when converting from map to odom
[component_container_isolated-2] [ERROR] [1789770193.206096872] [tf_help]: Data time: 28s 400000000ns, Transform time: 5s 109000000ns
[component_container_isolated-2] [ERROR] [1789770193.254704628] [tf_help]: Transform data too old when converting from map to odom
[component_container_isolated-2] [ERROR] [1789770193.254750010] [tf_help]: Data time: 28s 400000000ns, Transform time: 5s 109000000ns
[component_container_isolated-2] [ERROR] [1789770193.312917822] [tf_help]: Transform data too old when converting from map to odom
[component_container_isolated-2] [ERROR] [1789770193.312964692] [tf_help]: Data time: 28s 400000000ns, Transform time: 5s 109000000ns
[component_container_isolated-2] [ERROR] [1789770193.359259373] [tf_help]: Transform data too old when converting from map to odom
[component_container_isolated-2] [ERROR] [1789770193.359331835] [tf_help]: Data time: 28s 400000000ns, Transform time: 5s 109000000ns
[component_container_isolated-2] [ERROR] [1789770193.405101230] [tf_help]: Transform data too old when converting from map to odom
[component_container_isolated-2] [ERROR] [1789770193.405148887] [tf_help]: Data time: 28s 400000000ns, Transform time: 5s 109000000ns
[component_container_isolated-2] [ERROR] [1789770193.465781932] [tf_help]: Transform data too old when converting from map to odom
[component_container_isolated-2] [ERROR] [1789770193.465860586] [tf_help]: Data time: 28s 400000000ns, Transform time: 5s 109000000ns
[component_container_isolated-2] [ERROR] [1789770193.508416970] [tf_help]: Transform data too old when converting from map to odom
[component_container_isolated-2] [ERROR] [1789770193.508477035] [tf_help]: Data time: 28s 400000000ns, Transform time: 5s 109000000ns
[component_container_isolated-2] [INFO] [1789770193.549060191] [controller_server]: Passing new path to controller.
[component_container_isolated-2] [ERROR] [1789770193.563238119] [tf_help]: Transform data too old when converting from map to odom
[component_container_isolated-2] [ERROR] [1789770193.563283821] [tf_help]: Data time: 29s 300000000ns, Transform time: 5s 109000000ns
[component_container_isolated-2] [ERROR] [1789770193.608192823] [tf_help]: Transform data too old when converting from map to odom
[component_container_isolated-2] [ERROR] [1789770193.608229931] [tf_help]: Data time: 29s 300000000ns, Transform time: 5s 109000000ns
[component_container_isolated-2] [ERROR] [1789770193.659786239] [tf_help]: Transform data too old when converting from map to odom
[component_container_isolated-2] [ERROR] [1789770193.659856079] [tf_help]: Data time: 29s 300000000ns, Transform time: 5s 109000000ns
[component_container_isolated-2] [ERROR] [1789770193.709830119] [tf_help]: Transform data too old when converting from map to odom
[component_container_isolated-2] [ERROR] [1789770193.709868664] [tf_help]: Data time: 29s 300000000ns, Transform time: 5s 109000000ns
[component_container_isolated-2] [ERROR] [1789770193.757582005] [tf_help]: Transform data too old when converting from map to odom
[component_container_isolated-2] [ERROR] [1789770193.757628281] [tf_help]: Data time: 29s 300000000ns, Transform time: 5s 109000000ns
[component_container_isolated-2] [ERROR] [1789770193.810127707] [tf_help]: Transform data too old when converting from map to odom
[component_container_isolated-2] [ERROR] [1789770193.810179865] [tf_help]: Data time: 29s 300000000ns, Transform time: 5s 109000000ns
[component_container_isolated-2] [ERROR] [1789770193.857382295] [tf_help]: Transform data too old when converting from map to odom
[component_container_isolated-2] [ERROR] [1789770193.857442481] [tf_help]: Data time: 29s 300000000ns, Transform time: 5s 109000000ns
[component_container_isolated-2] [ERROR] [1789770193.905861388] [tf_help]: Transform data too old when converting from map to odom
[component_container_isolated-2] [ERROR] [1789770193.905899943] [tf_help]: Data time: 29s 300000000ns, Transform time: 5s 109000000ns
[component_container_isolated-2] [ERROR] [1789770193.955851084] [tf_help]: Transform data too old when converting from map to odom
[component_container_isolated-2] [ERROR] [1789770193.955892623] [tf_help]: Data time: 29s 300000000ns, Transform time: 5s 109000000ns
[component_container_isolated-2] [ERROR] [1789770194.005503756] [tf_help]: Transform data too old when converting from map to odom
[component_container_isolated-2] [ERROR] [1789770194.005573119] [tf_help]: Data time: 29s 300000000ns, Transform time: 5s 109000000ns
[component_container_isolated-2] [ERROR] [1789770194.057410651] [tf_help]: Transform data too old when converting from map to odom
[component_container_isolated-2] [ERROR] [1789770194.057475918] [tf_help]: Data time: 29s 300000000ns, Transform time: 5s 109000000ns
[component_container_isolated-2] [ERROR] [1789770194.108470455] [tf_help]: Transform data too old when converting from map to odom
[component_container_isolated-2] [ERROR] [1789770194.108541545] [tf_help]: Data time: 29s 300000000ns, Transform time: 5s 109000000ns
[component_container_isolated-2] [ERROR] [1789770194.154629176] [tf_help]: Transform data too old when converting from map to odom
[component_container_isolated-2] [ERROR] [1789770194.154679583] [tf_help]: Data time: 29s 300000000ns, Transform time: 5s 109000000ns
[ground_truth_localizer-1] [INFO] [1789770194.189922343] [ground_truth_localizer]: last 10 s: ground truth msgs 294, map->odom published 294 (278 via latest odom TF)
[component_container_isolated-2] [ERROR] [1789770194.206887659] [tf_help]: Transform data too old when converting from map to odom
[component_container_isolated-2] [ERROR] [1789770194.206941479] [tf_help]: Data time: 29s 300000000ns, Transform time: 5s 109000000ns
[component_container_isolated-2] [INFO] [1789770194.255732285] [controller_server]: [TG-MPPI] cycle time (compute_backend=cpu): 9.193 ms/cycle avg over 50 cycles
[component_container_isolated-2] [ERROR] [1789770194.255908884] [tf_help]: Transform data too old when converting from map to odom
[component_container_isolated-2] [ERROR] [1789770194.255930831] [tf_help]: Data time: 29s 300000000ns, Transform time: 5s 109000000ns
[component_container_isolated-2] [ERROR] [1789770194.306912331] [tf_help]: Transform data too old when converting from map to odom
[component_container_isolated-2] [ERROR] [1789770194.306974964] [tf_help]: Data time: 29s 300000000ns, Transform time: 5s 109000000ns
[component_container_isolated-2] [ERROR] [1789770194.369731203] [tf_help]: Transform data too old when converting from map to odom
[component_container_isolated-2] [ERROR] [1789770194.369811137] [tf_help]: Data time: 29s 300000000ns, Transform time: 5s 109000000ns
[component_container_isolated-2] [ERROR] [1789770194.408565857] [tf_help]: Transform data too old when converting from map to odom
[component_container_isolated-2] [ERROR] [1789770194.408647043] [tf_help]: Data time: 29s 300000000ns, Transform time: 5s 109000000ns
[component_container_isolated-2] [ERROR] [1789770194.471588827] [tf_help]: Transform data too old when converting from map to odom
[component_container_isolated-2] [ERROR] [1789770194.471661569] [tf_help]: Data time: 29s 300000000ns, Transform time: 5s 109000000ns
[component_container_isolated-2] [ERROR] [1789770194.512927548] [tf_help]: Transform data too old when converting from map to odom
[component_container_isolated-2] [ERROR] [1789770194.512983958] [tf_help]: Data time: 29s 300000000ns, Transform time: 5s 109000000ns
[component_container_isolated-2] [INFO] [1789770194.549052274] [controller_server]: Passing new path to controller.
[component_container_isolated-2] [ERROR] [1789770194.567618690] [tf_help]: Transform data too old when converting from map to odom
[component_container_isolated-2] [ERROR] [1789770194.567706507] [tf_help]: Data time: 30s 200000000ns, Transform time: 5s 109000000ns
[component_container_isolated-2] [ERROR] [1789770194.612161431] [tf_help]: Transform data too old when converting from map to odom
[component_container_isolated-2] [ERROR] [1789770194.612261173] [tf_help]: Data time: 30s 200000000ns, Transform time: 5s 109000000ns
[component_container_isolated-2] [ERROR] [1789770194.662570944] [tf_help]: Transform data too old when converting from map to odom
[component_container_isolated-2] [ERROR] [1789770194.662638822] [tf_help]: Data time: 30s 200000000ns, Transform time: 5s 109000000ns
[component_container_isolated-2] [ERROR] [1789770194.712715186] [tf_help]: Transform data too old when converting from map to odom
[component_container_isolated-2] [ERROR] [1789770194.712826654] [tf_help]: Data time: 30s 200000000ns, Transform time: 5s 109000000ns
[component_container_isolated-2] [ERROR] [1789770194.762006255] [tf_help]: Transform data too old when converting from map to odom
[component_container_isolated-2] [ERROR] [1789770194.762069067] [tf_help]: Data time: 30s 200000000ns, Transform time: 5s 109000000ns
[component_container_isolated-2] [ERROR] [1789770194.814680679] [tf_help]: Transform data too old when converting from map to odom
[component_container_isolated-2] [ERROR] [1789770194.814757138] [tf_help]: Data time: 30s 200000000ns, Transform time: 5s 109000000ns
[component_container_isolated-2] [ERROR] [1789770194.857937868] [tf_help]: Transform data too old when converting from map to odom
[component_container_isolated-2] [ERROR] [1789770194.857996658] [tf_help]: Data time: 30s 200000000ns, Transform time: 5s 109000000ns
[component_container_isolated-2] [ERROR] [1789770194.912995202] [tf_help]: Transform data too old when converting from map to odom
[component_container_isolated-2] [ERROR] [1789770194.913040042] [tf_help]: Data time: 30s 200000000ns, Transform time: 5s 109000000ns
[component_container_isolated-2] [ERROR] [1789770194.962334624] [tf_help]: Transform data too old when converting from map to odom
[component_container_isolated-2] [ERROR] [1789770194.962389793] [tf_help]: Data time: 30s 200000000ns, Transform time: 5s 109000000ns
[component_container_isolated-2] [ERROR] [1789770195.006118368] [tf_help]: Transform data too old when converting from map to odom
[component_container_isolated-2] [ERROR] [1789770195.006207495] [tf_help]: Data time: 30s 200000000ns, Transform time: 5s 109000000ns
[component_container_isolated-2] [ERROR] [1789770195.056020304] [tf_help]: Transform data too old when converting from map to odom
[component_container_isolated-2] [ERROR] [1789770195.056062248] [tf_help]: Data time: 30s 200000000ns, Transform time: 5s 109000000ns
[component_container_isolated-2] [ERROR] [1789770195.106976081] [tf_help]: Transform data too old when converting from map to odom
[component_container_isolated-2] [ERROR] [1789770195.107032715] [tf_help]: Data time: 30s 200000000ns, Transform time: 5s 109000000ns
[component_container_isolated-2] [ERROR] [1789770195.157662110] [tf_help]: Transform data too old when converting from map to odom
[component_container_isolated-2] [ERROR] [1789770195.157726028] [tf_help]: Data time: 30s 200000000ns, Transform time: 5s 109000000ns
[component_container_isolated-2] [ERROR] [1789770195.206574935] [tf_help]: Transform data too old when converting from map to odom
[component_container_isolated-2] [ERROR] [1789770195.206629832] [tf_help]: Data time: 30s 200000000ns, Transform time: 5s 109000000ns
[component_container_isolated-2] [ERROR] [1789770195.256685218] [tf_help]: Transform data too old when converting from map to odom
[component_container_isolated-2] [ERROR] [1789770195.256740616] [tf_help]: Data time: 30s 200000000ns, Transform time: 5s 109000000ns
[component_container_isolated-2] [ERROR] [1789770195.306242725] [tf_help]: Transform data too old when converting from map to odom
[component_container_isolated-2] [ERROR] [1789770195.306290808] [tf_help]: Data time: 30s 200000000ns, Transform time: 5s 109000000ns
[component_container_isolated-2] [ERROR] [1789770195.355340034] [tf_help]: Transform data too old when converting from map to odom
[component_container_isolated-2] [ERROR] [1789770195.355381228] [tf_help]: Data time: 30s 200000000ns, Transform time: 5s 109000000ns
[component_container_isolated-2] [ERROR] [1789770195.404720512] [tf_help]: Transform data too old when converting from map to odom
[component_container_isolated-2] [ERROR] [1789770195.404750937] [tf_help]: Data time: 30s 200000000ns, Transform time: 5s 109000000ns
[component_container_isolated-2] [ERROR] [1789770195.455557704] [tf_help]: Transform data too old when converting from map to odom
[component_container_isolated-2] [ERROR] [1789770195.455589579] [tf_help]: Data time: 30s 200000000ns, Transform time: 5s 109000000ns
[component_container_isolated-2] [ERROR] [1789770195.504236324] [tf_help]: Transform data too old when converting from map to odom
[component_container_isolated-2] [ERROR] [1789770195.504270710] [tf_help]: Data time: 30s 200000000ns, Transform time: 5s 109000000ns
[component_container_isolated-2] [ERROR] [1789770195.557405395] [tf_help]: Transform data too old when converting from map to odom
[component_container_isolated-2] [ERROR] [1789770195.557477168] [tf_help]: Data time: 30s 200000000ns, Transform time: 5s 109000000ns
[component_container_isolated-2] [INFO] [1789770195.599046296] [controller_server]: Passing new path to controller.
[component_container_isolated-2] [ERROR] [1789770195.609148844] [tf_help]: Transform data too old when converting from map to odom
[component_container_isolated-2] [ERROR] [1789770195.609220291] [tf_help]: Data time: 31s 100000000ns, Transform time: 5s 109000000ns
[component_container_isolated-2] [ERROR] [1789770195.657175491] [tf_help]: Transform data too old when converting from map to odom
[component_container_isolated-2] [ERROR] [1789770195.657238427] [tf_help]: Data time: 31s 100000000ns, Transform time: 5s 109000000ns
[component_container_isolated-2] [ERROR] [1789770195.723083550] [tf_help]: Transform data too old when converting from map to odom
[component_container_isolated-2] [ERROR] [1789770195.723190868] [tf_help]: Data time: 31s 100000000ns, Transform time: 5s 109000000ns
[component_container_isolated-2] [ERROR] [1789770195.760082247] [tf_help]: Transform data too old when converting from map to odom
[component_container_isolated-2] [ERROR] [1789770195.760128668] [tf_help]: Data time: 31s 100000000ns, Transform time: 5s 109000000ns
[component_container_isolated-2] [ERROR] [1789770195.817149531] [tf_help]: Transform data too old when converting from map to odom
[component_container_isolated-2] [ERROR] [1789770195.817232472] [tf_help]: Data time: 31s 100000000ns, Transform time: 5s 109000000ns
[component_container_isolated-2] [ERROR] [1789770195.858217169] [tf_help]: Transform data too old when converting from map to odom
[component_container_isolated-2] [ERROR] [1789770195.858316674] [tf_help]: Data time: 31s 100000000ns, Transform time: 5s 109000000ns
[component_container_isolated-2] [ERROR] [1789770195.906657671] [tf_help]: Transform data too old when converting from map to odom
[component_container_isolated-2] [ERROR] [1789770195.906717473] [tf_help]: Data time: 31s 100000000ns, Transform time: 5s 109000000ns
[component_container_isolated-2] [ERROR] [1789770195.956230510] [tf_help]: Transform data too old when converting from map to odom
[component_container_isolated-2] [ERROR] [1789770195.956320797] [tf_help]: Data time: 31s 100000000ns, Transform time: 5s 109000000ns
[component_container_isolated-2] [ERROR] [1789770196.006746590] [tf_help]: Transform data too old when converting from map to odom
[component_container_isolated-2] [ERROR] [1789770196.006798963] [tf_help]: Data time: 31s 100000000ns, Transform time: 5s 109000000ns
[component_container_isolated-2] [ERROR] [1789770196.058901591] [tf_help]: Transform data too old when converting from map to odom
[component_container_isolated-2] [ERROR] [1789770196.058992493] [tf_help]: Data time: 31s 100000000ns, Transform time: 5s 109000000ns
[component_container_isolated-2] [ERROR] [1789770196.106994427] [tf_help]: Transform data too old when converting from map to odom
[component_container_isolated-2] [ERROR] [1789770196.107064570] [tf_help]: Data time: 31s 100000000ns, Transform time: 5s 109000000ns
[component_container_isolated-2] [ERROR] [1789770196.156590136] [tf_help]: Transform data too old when converting from map to odom
[component_container_isolated-2] [ERROR] [1789770196.156622814] [tf_help]: Data time: 31s 100000000ns, Transform time: 5s 109000000ns
[component_container_isolated-2] [ERROR] [1789770196.206659896] [tf_help]: Transform data too old when converting from map to odom
[component_container_isolated-2] [ERROR] [1789770196.206712771] [tf_help]: Data time: 31s 100000000ns, Transform time: 5s 109000000ns
[component_container_isolated-2] [ERROR] [1789770196.255808943] [tf_help]: Transform data too old when converting from map to odom
[component_container_isolated-2] [ERROR] [1789770196.255852867] [tf_help]: Data time: 31s 100000000ns, Transform time: 5s 109000000ns
[component_container_isolated-2] [ERROR] [1789770196.307533834] [tf_help]: Transform data too old when converting from map to odom
[component_container_isolated-2] [ERROR] [1789770196.307605362] [tf_help]: Data time: 31s 100000000ns, Transform time: 5s 109000000ns
[component_container_isolated-2] [ERROR] [1789770196.361483132] [tf_help]: Transform data too old when converting from map to odom
[component_container_isolated-2] [ERROR] [1789770196.361541339] [tf_help]: Data time: 31s 100000000ns, Transform time: 5s 109000000ns
[component_container_isolated-2] [ERROR] [1789770196.409445907] [tf_help]: Transform data too old when converting from map to odom
[component_container_isolated-2] [ERROR] [1789770196.409494213] [tf_help]: Data time: 31s 100000000ns, Transform time: 5s 109000000ns
[component_container_isolated-2] [ERROR] [1789770196.462334000] [tf_help]: Transform data too old when converting from map to odom
[component_container_isolated-2] [ERROR] [1789770196.462392203] [tf_help]: Data time: 31s 100000000ns, Transform time: 5s 109000000ns
[component_container_isolated-2] [ERROR] [1789770196.509016900] [tf_help]: Transform data too old when converting from map to odom
[component_container_isolated-2] [ERROR] [1789770196.509060388] [tf_help]: Data time: 31s 100000000ns, Transform time: 5s 109000000ns
[component_container_isolated-2] [ERROR] [1789770196.554528683] [tf_help]: Transform data too old when converting from map to odom
[component_container_isolated-2] [ERROR] [1789770196.554560494] [tf_help]: Data time: 31s 100000000ns, Transform time: 5s 109000000ns
[component_container_isolated-2] [INFO] [1789770196.599035004] [controller_server]: Passing new path to controller.
[component_container_isolated-2] [ERROR] [1789770196.604228630] [tf_help]: Transform data too old when converting from map to odom
[component_container_isolated-2] [ERROR] [1789770196.604252380] [tf_help]: Data time: 32s 0ns, Transform time: 5s 109000000ns
[component_container_isolated-2] [ERROR] [1789770196.654622471] [tf_help]: Transform data too old when converting from map to odom
[component_container_isolated-2] [ERROR] [1789770196.654657335] [tf_help]: Data time: 32s 0ns, Transform time: 5s 109000000ns
[component_container_isolated-2] [ERROR] [1789770196.705607682] [tf_help]: Transform data too old when converting from map to odom
[component_container_isolated-2] [ERROR] [1789770196.705645368] [tf_help]: Data time: 32s 0ns, Transform time: 5s 109000000ns
[component_container_isolated-2] [INFO] [1789770196.754913050] [controller_server]: [TG-MPPI] cycle time (compute_backend=cpu): 9.718 ms/cycle avg over 50 cycles
[component_container_isolated-2] [ERROR] [1789770196.755074207] [tf_help]: Transform data too old when converting from map to odom
[component_container_isolated-2] [ERROR] [1789770196.755093484] [tf_help]: Data time: 32s 0ns, Transform time: 5s 109000000ns
[component_container_isolated-2] [ERROR] [1789770196.805179846] [tf_help]: Transform data too old when converting from map to odom
[component_container_isolated-2] [ERROR] [1789770196.805210093] [tf_help]: Data time: 32s 0ns, Transform time: 5s 109000000ns
[component_container_isolated-2] [ERROR] [1789770196.859322149] [tf_help]: Transform data too old when converting from map to odom
[component_container_isolated-2] [ERROR] [1789770196.859370359] [tf_help]: Data time: 32s 0ns, Transform time: 5s 109000000ns
[component_container_isolated-2] [ERROR] [1789770196.910311497] [tf_help]: Transform data too old when converting from map to odom
[component_container_isolated-2] [ERROR] [1789770196.910369164] [tf_help]: Data time: 32s 0ns, Transform time: 5s 109000000ns
[component_container_isolated-2] [ERROR] [1789770196.957330433] [tf_help]: Transform data too old when converting from map to odom
[component_container_isolated-2] [ERROR] [1789770196.957367575] [tf_help]: Data time: 32s 0ns, Transform time: 5s 109000000ns
[component_container_isolated-2] [ERROR] [1789770197.004257898] [tf_help]: Transform data too old when converting from map to odom
[component_container_isolated-2] [ERROR] [1789770197.004293912] [tf_help]: Data time: 32s 0ns, Transform time: 5s 109000000ns
[component_container_isolated-2] [ERROR] [1789770197.054195935] [tf_help]: Transform data too old when converting from map to odom
[component_container_isolated-2] [ERROR] [1789770197.054228706] [tf_help]: Data time: 32s 0ns, Transform time: 5s 109000000ns
[component_container_isolated-2] [ERROR] [1789770197.104389092] [tf_help]: Transform data too old when converting from map to odom
[component_container_isolated-2] [ERROR] [1789770197.104423322] [tf_help]: Data time: 32s 0ns, Transform time: 5s 109000000ns
[component_container_isolated-2] [ERROR] [1789770197.154309528] [tf_help]: Transform data too old when converting from map to odom
[component_container_isolated-2] [ERROR] [1789770197.154359157] [tf_help]: Data time: 32s 0ns, Transform time: 5s 109000000ns
[component_container_isolated-2] [ERROR] [1789770197.204398110] [tf_help]: Transform data too old when converting from map to odom
[component_container_isolated-2] [ERROR] [1789770197.204460106] [tf_help]: Data time: 32s 0ns, Transform time: 5s 109000000ns
[component_container_isolated-2] [ERROR] [1789770197.255990864] [tf_help]: Transform data too old when converting from map to odom
[component_container_isolated-2] [ERROR] [1789770197.256026874] [tf_help]: Data time: 32s 0ns, Transform time: 5s 109000000ns
[component_container_isolated-2] [ERROR] [1789770197.304362175] [tf_help]: Transform data too old when converting from map to odom
[component_container_isolated-2] [ERROR] [1789770197.304395807] [tf_help]: Data time: 32s 0ns, Transform time: 5s 109000000ns
[component_container_isolated-2] [ERROR] [1789770197.357081453] [tf_help]: Transform data too old when converting from map to odom
[component_container_isolated-2] [ERROR] [1789770197.357113201] [tf_help]: Data time: 32s 0ns, Transform time: 5s 109000000ns
[component_container_isolated-2] [ERROR] [1789770197.404333531] [tf_help]: Transform data too old when converting from map to odom
[component_container_isolated-2] [ERROR] [1789770197.404366981] [tf_help]: Data time: 32s 0ns, Transform time: 5s 109000000ns
[component_container_isolated-2] [ERROR] [1789770197.455457854] [tf_help]: Transform data too old when converting from map to odom
[component_container_isolated-2] [ERROR] [1789770197.455533191] [tf_help]: Data time: 32s 0ns, Transform time: 5s 109000000ns
[component_container_isolated-2] [ERROR] [1789770197.506929432] [tf_help]: Transform data too old when converting from map to odom
[component_container_isolated-2] [ERROR] [1789770197.506969331] [tf_help]: Data time: 32s 0ns, Transform time: 5s 109000000ns
[component_container_isolated-2] [ERROR] [1789770197.555138920] [tf_help]: Transform data too old when converting from map to odom
[component_container_isolated-2] [ERROR] [1789770197.555184545] [tf_help]: Data time: 32s 0ns, Transform time: 5s 109000000ns
[component_container_isolated-2] [ERROR] [1789770197.609029749] [tf_help]: Transform data too old when converting from map to odom
[component_container_isolated-2] [ERROR] [1789770197.609076138] [tf_help]: Data time: 32s 0ns, Transform time: 5s 109000000ns
[component_container_isolated-2] [INFO] [1789770197.649041588] [controller_server]: Passing new path to controller.
[component_container_isolated-2] [ERROR] [1789770197.659024019] [tf_help]: Transform data too old when converting from map to odom
[component_container_isolated-2] [ERROR] [1789770197.659064032] [tf_help]: Data time: 33s 0ns, Transform time: 5s 109000000ns
[component_container_isolated-2] [ERROR] [1789770197.708829296] [tf_help]: Transform data too old when converting from map to odom
[component_container_isolated-2] [ERROR] [1789770197.708888276] [tf_help]: Data time: 33s 0ns, Transform time: 5s 109000000ns
[component_container_isolated-2] [ERROR] [1789770197.755392682] [tf_help]: Transform data too old when converting from map to odom
[component_container_isolated-2] [ERROR] [1789770197.755452466] [tf_help]: Data time: 33s 0ns, Transform time: 5s 109000000ns
[component_container_isolated-2] [ERROR] [1789770197.805292891] [tf_help]: Transform data too old when converting from map to odom
[component_container_isolated-2] [ERROR] [1789770197.805328418] [tf_help]: Data time: 33s 0ns, Transform time: 5s 109000000ns
[component_container_isolated-2] [ERROR] [1789770197.855889093] [tf_help]: Transform data too old when converting from map to odom
[component_container_isolated-2] [ERROR] [1789770197.855926783] [tf_help]: Data time: 33s 0ns, Transform time: 5s 109000000ns
[component_container_isolated-2] [ERROR] [1789770197.904588584] [tf_help]: Transform data too old when converting from map to odom
[component_container_isolated-2] [ERROR] [1789770197.904626957] [tf_help]: Data time: 33s 0ns, Transform time: 5s 109000000ns
[component_container_isolated-2] [ERROR] [1789770197.954312503] [tf_help]: Transform data too old when converting from map to odom
[component_container_isolated-2] [ERROR] [1789770197.954346421] [tf_help]: Data time: 33s 0ns, Transform time: 5s 109000000ns
[component_container_isolated-2] [ERROR] [1789770198.004198248] [tf_help]: Transform data too old when converting from map to odom
[component_container_isolated-2] [ERROR] [1789770198.004231374] [tf_help]: Data time: 33s 0ns, Transform time: 5s 109000000ns
[component_container_isolated-2] [ERROR] [1789770198.054784999] [tf_help]: Transform data too old when converting from map to odom
[component_container_isolated-2] [ERROR] [1789770198.054820607] [tf_help]: Data time: 33s 0ns, Transform time: 5s 109000000ns
[component_container_isolated-2] [ERROR] [1789770198.104762676] [tf_help]: Transform data too old when converting from map to odom
[component_container_isolated-2] [ERROR] [1789770198.104800514] [tf_help]: Data time: 33s 0ns, Transform time: 5s 109000000ns
[component_container_isolated-2] [ERROR] [1789770198.154505519] [tf_help]: Transform data too old when converting from map to odom
[component_container_isolated-2] [ERROR] [1789770198.154539477] [tf_help]: Data time: 33s 0ns, Transform time: 5s 109000000ns
[component_container_isolated-2] [ERROR] [1789770198.205246160] [tf_help]: Transform data too old when converting from map to odom
[component_container_isolated-2] [ERROR] [1789770198.205284349] [tf_help]: Data time: 33s 0ns, Transform time: 5s 109000000ns
[component_container_isolated-2] [ERROR] [1789770198.254521963] [tf_help]: Transform data too old when converting from map to odom
[component_container_isolated-2] [ERROR] [1789770198.254566908] [tf_help]: Data time: 33s 0ns, Transform time: 5s 109000000ns
[component_container_isolated-2] [ERROR] [1789770198.305223491] [tf_help]: Transform data too old when converting from map to odom
[component_container_isolated-2] [ERROR] [1789770198.305256834] [tf_help]: Data time: 33s 0ns, Transform time: 5s 109000000ns
[component_container_isolated-2] [ERROR] [1789770198.355351047] [tf_help]: Transform data too old when converting from map to odom
[component_container_isolated-2] [ERROR] [1789770198.355391507] [tf_help]: Data time: 33s 0ns, Transform time: 5s 109000000ns
[component_container_isolated-2] [ERROR] [1789770198.405004245] [tf_help]: Transform data too old when converting from map to odom
[component_container_isolated-2] [ERROR] [1789770198.405043824] [tf_help]: Data time: 33s 0ns, Transform time: 5s 109000000ns
[component_container_isolated-2] [ERROR] [1789770198.454562168] [tf_help]: Transform data too old when converting from map to odom
[component_container_isolated-2] [ERROR] [1789770198.454616311] [tf_help]: Data time: 33s 0ns, Transform time: 5s 109000000ns
[component_container_isolated-2] [ERROR] [1789770198.504484740] [tf_help]: Transform data too old when converting from map to odom
[component_container_isolated-2] [ERROR] [1789770198.504537622] [tf_help]: Data time: 33s 0ns, Transform time: 5s 109000000ns
[component_container_isolated-2] [ERROR] [1789770198.554348929] [tf_help]: Transform data too old when converting from map to odom
[component_container_isolated-2] [ERROR] [1789770198.554383571] [tf_help]: Data time: 33s 0ns, Transform time: 5s 109000000ns
[component_container_isolated-2] [ERROR] [1789770198.605356007] [tf_help]: Transform data too old when converting from map to odom
[component_container_isolated-2] [ERROR] [1789770198.605394215] [tf_help]: Data time: 33s 0ns, Transform time: 5s 109000000ns
[component_container_isolated-2] [INFO] [1789770198.649038553] [controller_server]: Passing new path to controller.
[component_container_isolated-2] [ERROR] [1789770198.655045344] [tf_help]: Transform data too old when converting from map to odom
[component_container_isolated-2] [ERROR] [1789770198.655070829] [tf_help]: Data time: 34s 0ns, Transform time: 5s 109000000ns
[component_container_isolated-2] [ERROR] [1789770198.704250293] [tf_help]: Transform data too old when converting from map to odom
[component_container_isolated-2] [ERROR] [1789770198.704291207] [tf_help]: Data time: 34s 0ns, Transform time: 5s 109000000ns
[component_container_isolated-2] [ERROR] [1789770198.754238801] [tf_help]: Transform data too old when converting from map to odom
[component_container_isolated-2] [ERROR] [1789770198.754274302] [tf_help]: Data time: 34s 0ns, Transform time: 5s 109000000ns
[component_container_isolated-2] [ERROR] [1789770198.805128974] [tf_help]: Transform data too old when converting from map to odom
[component_container_isolated-2] [ERROR] [1789770198.805184059] [tf_help]: Data time: 34s 0ns, Transform time: 5s 109000000ns
[component_container_isolated-2] [ERROR] [1789770198.855141675] [tf_help]: Transform data too old when converting from map to odom
[component_container_isolated-2] [ERROR] [1789770198.855178050] [tf_help]: Data time: 34s 0ns, Transform time: 5s 109000000ns
[component_container_isolated-2] [ERROR] [1789770198.904282502] [tf_help]: Transform data too old when converting from map to odom
[component_container_isolated-2] [ERROR] [1789770198.904321073] [tf_help]: Data time: 34s 0ns, Transform time: 5s 109000000ns
[component_container_isolated-2] [ERROR] [1789770198.956705913] [tf_help]: Transform data too old when converting from map to odom
[component_container_isolated-2] [ERROR] [1789770198.956744285] [tf_help]: Data time: 34s 0ns, Transform time: 5s 109000000ns
[component_container_isolated-2] [ERROR] [1789770199.004195151] [tf_help]: Transform data too old when converting from map to odom
[component_container_isolated-2] [ERROR] [1789770199.004228700] [tf_help]: Data time: 34s 0ns, Transform time: 5s 109000000ns
[component_container_isolated-2] [ERROR] [1789770199.054500108] [tf_help]: Transform data too old when converting from map to odom
[component_container_isolated-2] [ERROR] [1789770199.054533370] [tf_help]: Data time: 34s 0ns, Transform time: 5s 109000000ns
[component_container_isolated-2] [ERROR] [1789770199.104694801] [tf_help]: Transform data too old when converting from map to odom
[component_container_isolated-2] [ERROR] [1789770199.104725615] [tf_help]: Data time: 34s 0ns, Transform time: 5s 109000000ns
[component_container_isolated-2] [ERROR] [1789770199.155044224] [tf_help]: Transform data too old when converting from map to odom
[component_container_isolated-2] [ERROR] [1789770199.155101622] [tf_help]: Data time: 34s 0ns, Transform time: 5s 109000000ns
[component_container_isolated-2] [ERROR] [1789770199.205020955] [tf_help]: Transform data too old when converting from map to odom
[component_container_isolated-2] [ERROR] [1789770199.205054313] [tf_help]: Data time: 34s 0ns, Transform time: 5s 109000000ns
[component_container_isolated-2] [INFO] [1789770199.254352126] [controller_server]: [TG-MPPI] cycle time (compute_backend=cpu): 6.074 ms/cycle avg over 50 cycles
[component_container_isolated-2] [ERROR] [1789770199.254487240] [tf_help]: Transform data too old when converting from map to odom
[component_container_isolated-2] [ERROR] [1789770199.254505828] [tf_help]: Data time: 34s 0ns, Transform time: 5s 109000000ns
[component_container_isolated-2] [ERROR] [1789770199.307139676] [tf_help]: Transform data too old when converting from map to odom
[component_container_isolated-2] [ERROR] [1789770199.307191953] [tf_help]: Data time: 34s 0ns, Transform time: 5s 109000000ns
[component_container_isolated-2] [ERROR] [1789770199.355782865] [tf_help]: Transform data too old when converting from map to odom
[component_container_isolated-2] [ERROR] [1789770199.355824947] [tf_help]: Data time: 34s 0ns, Transform time: 5s 109000000ns
[component_container_isolated-2] [ERROR] [1789770199.404225369] [tf_help]: Transform data too old when converting from map to odom
[component_container_isolated-2] [ERROR] [1789770199.404256821] [tf_help]: Data time: 34s 0ns, Transform time: 5s 109000000ns
[component_container_isolated-2] [ERROR] [1789770199.454466453] [tf_help]: Transform data too old when converting from map to odom
[component_container_isolated-2] [ERROR] [1789770199.454503033] [tf_help]: Data time: 34s 0ns, Transform time: 5s 109000000ns
[component_container_isolated-2] [ERROR] [1789770199.504607780] [tf_help]: Transform data too old when converting from map to odom
[component_container_isolated-2] [ERROR] [1789770199.504638524] [tf_help]: Data time: 34s 0ns, Transform time: 5s 109000000ns
[component_container_isolated-2] [ERROR] [1789770199.554277903] [tf_help]: Transform data too old when converting from map to odom
[component_container_isolated-2] [ERROR] [1789770199.554322188] [tf_help]: Data time: 34s 0ns, Transform time: 5s 109000000ns
[component_container_isolated-2] [ERROR] [1789770199.604245821] [tf_help]: Transform data too old when converting from map to odom
[component_container_isolated-2] [ERROR] [1789770199.604278905] [tf_help]: Data time: 34s 0ns, Transform time: 5s 109000000ns
[component_container_isolated-2] [ERROR] [1789770199.654199828] [tf_help]: Transform data too old when converting from map to odom
[component_container_isolated-2] [ERROR] [1789770199.654231447] [tf_help]: Data time: 34s 0ns, Transform time: 5s 109000000ns
[component_container_isolated-2] [INFO] [1789770199.699146519] [controller_server]: Passing new path to controller.
[component_container_isolated-2] [ERROR] [1789770199.707608951] [tf_help]: Transform data too old when converting from map to odom
[component_container_isolated-2] [ERROR] [1789770199.707635203] [tf_help]: Data time: 35s 0ns, Transform time: 5s 109000000ns
[component_container_isolated-2] [ERROR] [1789770199.756859654] [tf_help]: Transform data too old when converting from map to odom
[component_container_isolated-2] [ERROR] [1789770199.756915058] [tf_help]: Data time: 35s 0ns, Transform time: 5s 109000000ns
[component_container_isolated-2] [ERROR] [1789770199.809016863] [tf_help]: Transform data too old when converting from map to odom
[component_container_isolated-2] [ERROR] [1789770199.809055185] [tf_help]: Data time: 35s 0ns, Transform time: 5s 109000000ns
[component_container_isolated-2] [ERROR] [1789770199.854583919] [tf_help]: Transform data too old when converting from map to odom
[component_container_isolated-2] [ERROR] [1789770199.854618128] [tf_help]: Data time: 35s 0ns, Transform time: 5s 109000000ns
[component_container_isolated-2] [ERROR] [1789770199.904788125] [tf_help]: Transform data too old when converting from map to odom
[component_container_isolated-2] [ERROR] [1789770199.904821572] [tf_help]: Data time: 35s 0ns, Transform time: 5s 109000000ns
[component_container_isolated-2] [ERROR] [1789770199.955195739] [tf_help]: Transform data too old when converting from map to odom
[component_container_isolated-2] [ERROR] [1789770199.955240519] [tf_help]: Data time: 35s 0ns, Transform time: 5s 109000000ns
[component_container_isolated-2] [ERROR] [1789770200.004111116] [tf_help]: Transform data too old when converting from map to odom
[component_container_isolated-2] [ERROR] [1789770200.004145909] [tf_help]: Data time: 35s 0ns, Transform time: 5s 109000000ns
[component_container_isolated-2] [ERROR] [1789770200.054483583] [tf_help]: Transform data too old when converting from map to odom
[component_container_isolated-2] [ERROR] [1789770200.054516988] [tf_help]: Data time: 35s 0ns, Transform time: 5s 109000000ns
[component_container_isolated-2] [ERROR] [1789770200.104091361] [tf_help]: Transform data too old when converting from map to odom
[component_container_isolated-2] [ERROR] [1789770200.104126811] [tf_help]: Data time: 35s 0ns, Transform time: 5s 109000000ns
[component_container_isolated-2] [ERROR] [1789770200.154395800] [tf_help]: Transform data too old when converting from map to odom
[component_container_isolated-2] [ERROR] [1789770200.154434896] [tf_help]: Data time: 35s 0ns, Transform time: 5s 109000000ns
[component_container_isolated-2] [ERROR] [1789770200.204741594] [tf_help]: Transform data too old when converting from map to odom
[component_container_isolated-2] [ERROR] [1789770200.204778069] [tf_help]: Data time: 35s 0ns, Transform time: 5s 109000000ns
[component_container_isolated-2] [ERROR] [1789770200.254361167] [tf_help]: Transform data too old when converting from map to odom
[component_container_isolated-2] [ERROR] [1789770200.254402637] [tf_help]: Data time: 35s 0ns, Transform time: 5s 109000000ns
[component_container_isolated-2] [ERROR] [1789770200.304191692] [tf_help]: Transform data too old when converting from map to odom
[component_container_isolated-2] [ERROR] [1789770200.304228850] [tf_help]: Data time: 35s 0ns, Transform time: 5s 109000000ns
[component_container_isolated-2] [ERROR] [1789770200.354467149] [tf_help]: Transform data too old when converting from map to odom
[component_container_isolated-2] [ERROR] [1789770200.354505423] [tf_help]: Data time: 35s 0ns, Transform time: 5s 109000000ns
[component_container_isolated-2] [ERROR] [1789770200.404596939] [tf_help]: Transform data too old when converting from map to odom
[component_container_isolated-2] [ERROR] [1789770200.404633744] [tf_help]: Data time: 35s 0ns, Transform time: 5s 109000000ns
[component_container_isolated-2] [ERROR] [1789770200.454218663] [tf_help]: Transform data too old when converting from map to odom
[component_container_isolated-2] [ERROR] [1789770200.454250984] [tf_help]: Data time: 35s 0ns, Transform time: 5s 109000000ns
[component_container_isolated-2] [ERROR] [1789770200.504498694] [tf_help]: Transform data too old when converting from map to odom
[component_container_isolated-2] [ERROR] [1789770200.504550248] [tf_help]: Data time: 35s 0ns, Transform time: 5s 109000000ns
[component_container_isolated-2] [ERROR] [1789770200.554985149] [tf_help]: Transform data too old when converting from map to odom
[component_container_isolated-2] [ERROR] [1789770200.555025674] [tf_help]: Data time: 35s 0ns, Transform time: 5s 109000000ns
[component_container_isolated-2] [ERROR] [1789770200.604740998] [tf_help]: Transform data too old when converting from map to odom
[component_container_isolated-2] [ERROR] [1789770200.604775431] [tf_help]: Data time: 35s 0ns, Transform time: 5s 109000000ns
[component_container_isolated-2] [ERROR] [1789770200.654578635] [tf_help]: Transform data too old when converting from map to odom
[component_container_isolated-2] [ERROR] [1789770200.654612234] [tf_help]: Data time: 35s 0ns, Transform time: 5s 109000000ns
[component_container_isolated-2] [ERROR] [1789770200.704707669] [tf_help]: Transform data too old when converting from map to odom
[component_container_isolated-2] [ERROR] [1789770200.704738863] [tf_help]: Data time: 35s 0ns, Transform time: 5s 109000000ns
[component_container_isolated-2] [INFO] [1789770200.749037903] [controller_server]: Passing new path to controller.
[component_container_isolated-2] [ERROR] [1789770200.754689916] [tf_help]: Transform data too old when converting from map to odom
[component_container_isolated-2] [ERROR] [1789770200.754715601] [tf_help]: Data time: 35s 900000000ns, Transform time: 5s 109000000ns
[component_container_isolated-2] [ERROR] [1789770200.805275771] [tf_help]: Transform data too old when converting from map to odom
[component_container_isolated-2] [ERROR] [1789770200.805309778] [tf_help]: Data time: 35s 900000000ns, Transform time: 5s 109000000ns
[component_container_isolated-2] [ERROR] [1789770200.861955599] [tf_help]: Transform data too old when converting from map to odom
[component_container_isolated-2] [ERROR] [1789770200.862033765] [tf_help]: Data time: 35s 900000000ns, Transform time: 5s 109000000ns
[component_container_isolated-2] [ERROR] [1789770200.907935596] [tf_help]: Transform data too old when converting from map to odom
[component_container_isolated-2] [ERROR] [1789770200.907968612] [tf_help]: Data time: 35s 900000000ns, Transform time: 5s 109000000ns
[component_container_isolated-2] [ERROR] [1789770200.954908081] [tf_help]: Transform data too old when converting from map to odom
[component_container_isolated-2] [ERROR] [1789770200.954943040] [tf_help]: Data time: 35s 900000000ns, Transform time: 5s 109000000ns
[component_container_isolated-2] [ERROR] [1789770201.004427708] [tf_help]: Transform data too old when converting from map to odom
[component_container_isolated-2] [ERROR] [1789770201.004466689] [tf_help]: Data time: 35s 900000000ns, Transform time: 5s 109000000ns
[component_container_isolated-2] [ERROR] [1789770201.054828573] [tf_help]: Transform data too old when converting from map to odom
[component_container_isolated-2] [ERROR] [1789770201.054865198] [tf_help]: Data time: 35s 900000000ns, Transform time: 5s 109000000ns
[component_container_isolated-2] [ERROR] [1789770201.104290724] [tf_help]: Transform data too old when converting from map to odom
[component_container_isolated-2] [ERROR] [1789770201.104327013] [tf_help]: Data time: 35s 900000000ns, Transform time: 5s 109000000ns
[component_container_isolated-2] [ERROR] [1789770201.155805690] [tf_help]: Transform data too old when converting from map to odom
[component_container_isolated-2] [ERROR] [1789770201.155870010] [tf_help]: Data time: 35s 900000000ns, Transform time: 5s 109000000ns
[component_container_isolated-2] [ERROR] [1789770201.204244569] [tf_help]: Transform data too old when converting from map to odom
[component_container_isolated-2] [ERROR] [1789770201.204279510] [tf_help]: Data time: 35s 900000000ns, Transform time: 5s 109000000ns
[component_container_isolated-2] [ERROR] [1789770201.254410478] [tf_help]: Transform data too old when converting from map to odom
[component_container_isolated-2] [ERROR] [1789770201.254444409] [tf_help]: Data time: 35s 900000000ns, Transform time: 5s 109000000ns
[component_container_isolated-2] [ERROR] [1789770201.304227803] [tf_help]: Transform data too old when converting from map to odom
[component_container_isolated-2] [ERROR] [1789770201.304259209] [tf_help]: Data time: 35s 900000000ns, Transform time: 5s 109000000ns
[component_container_isolated-2] [ERROR] [1789770201.358407399] [tf_help]: Transform data too old when converting from map to odom
[component_container_isolated-2] [ERROR] [1789770201.358444263] [tf_help]: Data time: 35s 900000000ns, Transform time: 5s 109000000ns
[component_container_isolated-2] [ERROR] [1789770201.404590511] [tf_help]: Transform data too old when converting from map to odom
[component_container_isolated-2] [ERROR] [1789770201.404626225] [tf_help]: Data time: 35s 900000000ns, Transform time: 5s 109000000ns
[component_container_isolated-2] [ERROR] [1789770201.454353024] [tf_help]: Transform data too old when converting from map to odom
[component_container_isolated-2] [ERROR] [1789770201.454387919] [tf_help]: Data time: 35s 900000000ns, Transform time: 5s 109000000ns
[component_container_isolated-2] [ERROR] [1789770201.504848626] [tf_help]: Transform data too old when converting from map to odom
[component_container_isolated-2] [ERROR] [1789770201.504878761] [tf_help]: Data time: 35s 900000000ns, Transform time: 5s 109000000ns
[component_container_isolated-2] [ERROR] [1789770201.554334520] [tf_help]: Transform data too old when converting from map to odom
[component_container_isolated-2] [ERROR] [1789770201.554365956] [tf_help]: Data time: 35s 900000000ns, Transform time: 5s 109000000ns
[component_container_isolated-2] [ERROR] [1789770201.608466938] [tf_help]: Transform data too old when converting from map to odom
[component_container_isolated-2] [ERROR] [1789770201.608499805] [tf_help]: Data time: 35s 900000000ns, Transform time: 5s 109000000ns
[component_container_isolated-2] [ERROR] [1789770201.654612043] [tf_help]: Transform data too old when converting from map to odom
[component_container_isolated-2] [ERROR] [1789770201.654643972] [tf_help]: Data time: 35s 900000000ns, Transform time: 5s 109000000ns
[component_container_isolated-2] [ERROR] [1789770201.705529688] [tf_help]: Transform data too old when converting from map to odom
[component_container_isolated-2] [ERROR] [1789770201.705561761] [tf_help]: Data time: 35s 900000000ns, Transform time: 5s 109000000ns
[component_container_isolated-2] [INFO] [1789770201.749040874] [controller_server]: Passing new path to controller.
[component_container_isolated-2] [INFO] [1789770201.755895212] [controller_server]: [TG-MPPI] cycle time (compute_backend=cpu): 5.938 ms/cycle avg over 50 cycles
[component_container_isolated-2] [ERROR] [1789770201.756057077] [tf_help]: Transform data too old when converting from map to odom
[component_container_isolated-2] [ERROR] [1789770201.756094598] [tf_help]: Data time: 36s 900000000ns, Transform time: 5s 109000000ns
[component_container_isolated-2] [ERROR] [1789770201.807918341] [tf_help]: Transform data too old when converting from map to odom
[component_container_isolated-2] [ERROR] [1789770201.807952399] [tf_help]: Data time: 36s 900000000ns, Transform time: 5s 109000000ns
[component_container_isolated-2] [ERROR] [1789770201.854758761] [tf_help]: Transform data too old when converting from map to odom
[component_container_isolated-2] [ERROR] [1789770201.854795127] [tf_help]: Data time: 36s 900000000ns, Transform time: 5s 109000000ns
[component_container_isolated-2] [ERROR] [1789770201.904791733] [tf_help]: Transform data too old when converting from map to odom
[component_container_isolated-2] [ERROR] [1789770201.904823427] [tf_help]: Data time: 36s 900000000ns, Transform time: 5s 109000000ns
[component_container_isolated-2] [ERROR] [1789770201.954515012] [tf_help]: Transform data too old when converting from map to odom
[component_container_isolated-2] [ERROR] [1789770201.954547266] [tf_help]: Data time: 36s 900000000ns, Transform time: 5s 109000000ns
[component_container_isolated-2] [ERROR] [1789770202.004960205] [tf_help]: Transform data too old when converting from map to odom
[component_container_isolated-2] [ERROR] [1789770202.005004502] [tf_help]: Data time: 36s 900000000ns, Transform time: 5s 109000000ns
[component_container_isolated-2] [ERROR] [1789770202.054927571] [tf_help]: Transform data too old when converting from map to odom
[component_container_isolated-2] [ERROR] [1789770202.054966830] [tf_help]: Data time: 36s 900000000ns, Transform time: 5s 109000000ns
[component_container_isolated-2] [ERROR] [1789770202.104700673] [tf_help]: Transform data too old when converting from map to odom
[component_container_isolated-2] [ERROR] [1789770202.104734861] [tf_help]: Data time: 36s 900000000ns, Transform time: 5s 109000000ns
[component_container_isolated-2] [ERROR] [1789770202.159746728] [tf_help]: Transform data too old when converting from map to odom
[component_container_isolated-2] [ERROR] [1789770202.159803789] [tf_help]: Data time: 36s 900000000ns, Transform time: 5s 109000000ns
[component_container_isolated-2] [ERROR] [1789770202.209184972] [tf_help]: Transform data too old when converting from map to odom
[component_container_isolated-2] [ERROR] [1789770202.209233300] [tf_help]: Data time: 36s 900000000ns, Transform time: 5s 109000000ns
[component_container_isolated-2] [ERROR] [1789770202.258853366] [tf_help]: Transform data too old when converting from map to odom
[component_container_isolated-2] [ERROR] [1789770202.258899924] [tf_help]: Data time: 36s 900000000ns, Transform time: 5s 109000000ns
[component_container_isolated-2] [ERROR] [1789770202.305199837] [tf_help]: Transform data too old when converting from map to odom
[component_container_isolated-2] [ERROR] [1789770202.305232814] [tf_help]: Data time: 36s 900000000ns, Transform time: 5s 109000000ns
[component_container_isolated-2] [ERROR] [1789770202.349116372] [controller_server]: Failed to make progress
[component_container_isolated-2] [WARN] [1789770202.349185893] [controller_server]: [follow_path] [ActionServer] Aborting handle.
[component_container_isolated-2] [INFO] [1789770202.368784392] [local_costmap.local_costmap]: Received request to clear entirely the local_costmap
[component_container_isolated-2] [INFO] [1789770202.369450028] [controller_server]: Received a goal, begin computing control effort.
[component_container_isolated-2] [ERROR] [1789770202.477031516] [tf_help]: Transform data too old when converting from map to odom
[component_container_isolated-2] [ERROR] [1789770202.477081087] [tf_help]: Data time: 36s 900000000ns, Transform time: 5s 109000000ns
[component_container_isolated-2] [WARN] [1789770202.477088031] [controller_server]: Control loop missed its desired rate of 20.0000Hz
[component_container_isolated-2] [ERROR] [1789770202.482296087] [tf_help]: Transform data too old when converting from map to odom
[component_container_isolated-2] [ERROR] [1789770202.482323700] [tf_help]: Data time: 36s 900000000ns, Transform time: 5s 109000000ns
[component_container_isolated-2] [ERROR] [1789770202.538560499] [tf_help]: Transform data too old when converting from map to odom
[component_container_isolated-2] [ERROR] [1789770202.538610523] [tf_help]: Data time: 36s 900000000ns, Transform time: 5s 109000000ns
[component_container_isolated-2] [ERROR] [1789770202.593993144] [tf_help]: Transform data too old when converting from map to odom
[component_container_isolated-2] [ERROR] [1789770202.594031149] [tf_help]: Data time: 36s 900000000ns, Transform time: 5s 109000000ns
[component_container_isolated-2] [ERROR] [1789770202.649400798] [tf_help]: Transform data too old when converting from map to odom
[component_container_isolated-2] [ERROR] [1789770202.649436237] [tf_help]: Data time: 36s 900000000ns, Transform time: 5s 109000000ns
[component_container_isolated-2] [ERROR] [1789770202.705334852] [tf_help]: Transform data too old when converting from map to odom
[component_container_isolated-2] [ERROR] [1789770202.705373027] [tf_help]: Data time: 36s 900000000ns, Transform time: 5s 109000000ns
[component_container_isolated-2] [ERROR] [1789770202.760864084] [tf_help]: Transform data too old when converting from map to odom
[component_container_isolated-2] [ERROR] [1789770202.760898361] [tf_help]: Data time: 36s 900000000ns, Transform time: 5s 109000000ns
[component_container_isolated-2] [INFO] [1789770202.811093131] [controller_server]: Passing new path to controller.
[component_container_isolated-2] [ERROR] [1789770202.816501846] [tf_help]: Transform data too old when converting from map to odom
[component_container_isolated-2] [ERROR] [1789770202.816525949] [tf_help]: Data time: 37s 800000000ns, Transform time: 5s 109000000ns
[component_container_isolated-2] [ERROR] [1789770202.874693587] [tf_help]: Transform data too old when converting from map to odom
[component_container_isolated-2] [ERROR] [1789770202.874734356] [tf_help]: Data time: 37s 800000000ns, Transform time: 5s 109000000ns
[component_container_isolated-2] [ERROR] [1789770202.930676843] [tf_help]: Transform data too old when converting from map to odom
[component_container_isolated-2] [ERROR] [1789770202.930710531] [tf_help]: Data time: 37s 800000000ns, Transform time: 5s 109000000ns
[component_container_isolated-2] [ERROR] [1789770202.983131004] [tf_help]: Transform data too old when converting from map to odom
[component_container_isolated-2] [ERROR] [1789770202.983162701] [tf_help]: Data time: 37s 800000000ns, Transform time: 5s 109000000ns
[component_container_isolated-2] [ERROR] [1789770203.033362378] [tf_help]: Transform data too old when converting from map to odom
[component_container_isolated-2] [ERROR] [1789770203.033411842] [tf_help]: Data time: 37s 800000000ns, Transform time: 5s 109000000ns
[component_container_isolated-2] [ERROR] [1789770203.082481299] [tf_help]: Transform data too old when converting from map to odom
[component_container_isolated-2] [ERROR] [1789770203.082511865] [tf_help]: Data time: 37s 800000000ns, Transform time: 5s 109000000ns
[component_container_isolated-2] [ERROR] [1789770203.132387318] [tf_help]: Transform data too old when converting from map to odom
[component_container_isolated-2] [ERROR] [1789770203.132417125] [tf_help]: Data time: 37s 800000000ns, Transform time: 5s 109000000ns
[component_container_isolated-2] [ERROR] [1789770203.182379760] [tf_help]: Transform data too old when converting from map to odom
[component_container_isolated-2] [ERROR] [1789770203.182413522] [tf_help]: Data time: 37s 800000000ns, Transform time: 5s 109000000ns
[component_container_isolated-2] [ERROR] [1789770203.232605989] [tf_help]: Transform data too old when converting from map to odom
[component_container_isolated-2] [ERROR] [1789770203.232638768] [tf_help]: Data time: 37s 800000000ns, Transform time: 5s 109000000ns
[component_container_isolated-2] [ERROR] [1789770203.282762439] [tf_help]: Transform data too old when converting from map to odom
[component_container_isolated-2] [ERROR] [1789770203.282794553] [tf_help]: Data time: 37s 800000000ns, Transform time: 5s 109000000ns
[component_container_isolated-2] [ERROR] [1789770203.332573784] [tf_help]: Transform data too old when converting from map to odom
[component_container_isolated-2] [ERROR] [1789770203.332609068] [tf_help]: Data time: 37s 800000000ns, Transform time: 5s 109000000ns
[component_container_isolated-2] [ERROR] [1789770203.382438882] [tf_help]: Transform data too old when converting from map to odom
[component_container_isolated-2] [ERROR] [1789770203.382469538] [tf_help]: Data time: 37s 800000000ns, Transform time: 5s 109000000ns
[component_container_isolated-2] [ERROR] [1789770203.432436528] [tf_help]: Transform data too old when converting from map to odom
[component_container_isolated-2] [ERROR] [1789770203.432471894] [tf_help]: Data time: 37s 800000000ns, Transform time: 5s 109000000ns
[component_container_isolated-2] [ERROR] [1789770203.483035203] [tf_help]: Transform data too old when converting from map to odom
[component_container_isolated-2] [ERROR] [1789770203.483078832] [tf_help]: Data time: 37s 800000000ns, Transform time: 5s 109000000ns
[component_container_isolated-2] [ERROR] [1789770203.533321332] [tf_help]: Transform data too old when converting from map to odom
[component_container_isolated-2] [ERROR] [1789770203.533369782] [tf_help]: Data time: 37s 800000000ns, Transform time: 5s 109000000ns
[component_container_isolated-2] [ERROR] [1789770203.583632981] [tf_help]: Transform data too old when converting from map to odom
[component_container_isolated-2] [ERROR] [1789770203.583674182] [tf_help]: Data time: 37s 800000000ns, Transform time: 5s 109000000ns
[component_container_isolated-2] [ERROR] [1789770203.632521134] [tf_help]: Transform data too old when converting from map to odom
[component_container_isolated-2] [ERROR] [1789770203.632552608] [tf_help]: Data time: 37s 800000000ns, Transform time: 5s 109000000ns
[component_container_isolated-2] [ERROR] [1789770203.683736208] [tf_help]: Transform data too old when converting from map to odom
[component_container_isolated-2] [ERROR] [1789770203.683790375] [tf_help]: Data time: 37s 800000000ns, Transform time: 5s 109000000ns
[component_container_isolated-2] [ERROR] [1789770203.732853156] [tf_help]: Transform data too old when converting from map to odom
[component_container_isolated-2] [ERROR] [1789770203.732885522] [tf_help]: Data time: 37s 800000000ns, Transform time: 5s 109000000ns
[component_container_isolated-2] [ERROR] [1789770203.782960663] [tf_help]: Transform data too old when converting from map to odom
[component_container_isolated-2] [ERROR] [1789770203.782996150] [tf_help]: Data time: 37s 800000000ns, Transform time: 5s 109000000ns
[component_container_isolated-2] [INFO] [1789770203.827154592] [controller_server]: Passing new path to controller.
[component_container_isolated-2] [ERROR] [1789770203.832788288] [tf_help]: Transform data too old when converting from map to odom
[component_container_isolated-2] [ERROR] [1789770203.832811050] [tf_help]: Data time: 38s 800000000ns, Transform time: 5s 109000000ns
[component_container_isolated-2] [ERROR] [1789770203.887238829] [tf_help]: Transform data too old when converting from map to odom
[component_container_isolated-2] [ERROR] [1789770203.887284639] [tf_help]: Data time: 38s 800000000ns, Transform time: 5s 109000000ns
[component_container_isolated-2] [ERROR] [1789770203.934077403] [tf_help]: Transform data too old when converting from map to odom
[component_container_isolated-2] [ERROR] [1789770203.934120519] [tf_help]: Data time: 38s 800000000ns, Transform time: 5s 109000000ns
[component_container_isolated-2] [ERROR] [1789770203.982626468] [tf_help]: Transform data too old when converting from map to odom
[component_container_isolated-2] [ERROR] [1789770203.982659736] [tf_help]: Data time: 38s 800000000ns, Transform time: 5s 109000000ns
[component_container_isolated-2] [ERROR] [1789770204.033758594] [tf_help]: Transform data too old when converting from map to odom
[component_container_isolated-2] [ERROR] [1789770204.033788478] [tf_help]: Data time: 38s 800000000ns, Transform time: 5s 109000000ns
[component_container_isolated-2] [ERROR] [1789770204.084624202] [tf_help]: Transform data too old when converting from map to odom
[component_container_isolated-2] [ERROR] [1789770204.084663839] [tf_help]: Data time: 38s 800000000ns, Transform time: 5s 109000000ns
[component_container_isolated-2] [ERROR] [1789770204.132215524] [tf_help]: Transform data too old when converting from map to odom
[component_container_isolated-2] [ERROR] [1789770204.132247487] [tf_help]: Data time: 38s 800000000ns, Transform time: 5s 109000000ns
[component_container_isolated-2] [ERROR] [1789770204.182847685] [tf_help]: Transform data too old when converting from map to odom
[component_container_isolated-2] [ERROR] [1789770204.182878805] [tf_help]: Data time: 38s 800000000ns, Transform time: 5s 109000000ns
[component_container_isolated-2] [ERROR] [1789770204.232677068] [tf_help]: Transform data too old when converting from map to odom
[component_container_isolated-2] [ERROR] [1789770204.232714267] [tf_help]: Data time: 38s 800000000ns, Transform time: 5s 109000000ns
[component_container_isolated-2] [ERROR] [1789770204.282901318] [tf_help]: Transform data too old when converting from map to odom
[component_container_isolated-2] [ERROR] [1789770204.282935529] [tf_help]: Data time: 38s 800000000ns, Transform time: 5s 109000000ns
[component_container_isolated-2] [ERROR] [1789770204.332888346] [tf_help]: Transform data too old when converting from map to odom
[component_container_isolated-2] [ERROR] [1789770204.332929690] [tf_help]: Data time: 38s 800000000ns, Transform time: 5s 109000000ns
[component_container_isolated-2] [INFO] [1789770204.382657604] [controller_server]: [TG-MPPI] cycle time (compute_backend=cpu): 5.973 ms/cycle avg over 50 cycles
[component_container_isolated-2] [ERROR] [1789770204.382785061] [tf_help]: Transform data too old when converting from map to odom
[component_container_isolated-2] [ERROR] [1789770204.382802456] [tf_help]: Data time: 38s 800000000ns, Transform time: 5s 109000000ns
[component_container_isolated-2] [ERROR] [1789770204.432899324] [tf_help]: Transform data too old when converting from map to odom
[component_container_isolated-2] [ERROR] [1789770204.432928811] [tf_help]: Data time: 38s 800000000ns, Transform time: 5s 109000000ns
[component_container_isolated-2] [ERROR] [1789770204.482278583] [tf_help]: Transform data too old when converting from map to odom
[component_container_isolated-2] [ERROR] [1789770204.482309391] [tf_help]: Data time: 38s 800000000ns, Transform time: 5s 109000000ns
[component_container_isolated-2] [ERROR] [1789770204.537254031] [tf_help]: Transform data too old when converting from map to odom
[component_container_isolated-2] [ERROR] [1789770204.537311834] [tf_help]: Data time: 38s 800000000ns, Transform time: 5s 109000000ns
[component_container_isolated-2] [ERROR] [1789770204.582582591] [tf_help]: Transform data too old when converting from map to odom
[component_container_isolated-2] [ERROR] [1789770204.582618187] [tf_help]: Data time: 38s 800000000ns, Transform time: 5s 109000000ns
[component_container_isolated-2] [ERROR] [1789770204.632619087] [tf_help]: Transform data too old when converting from map to odom
[component_container_isolated-2] [ERROR] [1789770204.632653015] [tf_help]: Data time: 38s 800000000ns, Transform time: 5s 109000000ns
[component_container_isolated-2] [ERROR] [1789770204.682946310] [tf_help]: Transform data too old when converting from map to odom
[component_container_isolated-2] [ERROR] [1789770204.682998782] [tf_help]: Data time: 38s 800000000ns, Transform time: 5s 109000000ns
[component_container_isolated-2] [ERROR] [1789770204.733044090] [tf_help]: Transform data too old when converting from map to odom
[component_container_isolated-2] [ERROR] [1789770204.733082955] [tf_help]: Data time: 38s 800000000ns, Transform time: 5s 109000000ns
[component_container_isolated-2] [ERROR] [1789770204.782323773] [tf_help]: Transform data too old when converting from map to odom
[component_container_isolated-2] [ERROR] [1789770204.782355520] [tf_help]: Data time: 38s 800000000ns, Transform time: 5s 109000000ns
[component_container_isolated-2] [ERROR] [1789770204.837012936] [tf_help]: Transform data too old when converting from map to odom
[component_container_isolated-2] [ERROR] [1789770204.837055423] [tf_help]: Data time: 38s 800000000ns, Transform time: 5s 109000000ns
[component_container_isolated-2] [INFO] [1789770204.877288271] [controller_server]: Passing new path to controller.
[component_container_isolated-2] [ERROR] [1789770204.884647040] [tf_help]: Transform data too old when converting from map to odom
[component_container_isolated-2] [ERROR] [1789770204.884674859] [tf_help]: Data time: 39s 800000000ns, Transform time: 5s 109000000ns
[component_container_isolated-2] [ERROR] [1789770204.932767573] [tf_help]: Transform data too old when converting from map to odom
[component_container_isolated-2] [ERROR] [1789770204.932800143] [tf_help]: Data time: 39s 800000000ns, Transform time: 5s 109000000ns
[component_container_isolated-2] [ERROR] [1789770204.982479147] [tf_help]: Transform data too old when converting from map to odom
[component_container_isolated-2] [ERROR] [1789770204.982511869] [tf_help]: Data time: 39s 800000000ns, Transform time: 5s 109000000ns
[ground_truth_localizer-1] [INFO] [1789770205.022414039] [ground_truth_localizer]: last 10 s: ground truth msgs 294, map->odom published 294 (284 via latest odom TF)
[component_container_isolated-2] [ERROR] [1789770205.033525907] [tf_help]: Transform data too old when converting from map to odom
[component_container_isolated-2] [ERROR] [1789770205.033593481] [tf_help]: Data time: 39s 800000000ns, Transform time: 5s 109000000ns
[component_container_isolated-2] [ERROR] [1789770205.082880943] [tf_help]: Transform data too old when converting from map to odom
[component_container_isolated-2] [ERROR] [1789770205.082917720] [tf_help]: Data time: 39s 800000000ns, Transform time: 5s 109000000ns
[component_container_isolated-2] [ERROR] [1789770205.133126290] [tf_help]: Transform data too old when converting from map to odom
[component_container_isolated-2] [ERROR] [1789770205.133163246] [tf_help]: Data time: 39s 800000000ns, Transform time: 5s 109000000ns
[component_container_isolated-2] [ERROR] [1789770205.182905480] [tf_help]: Transform data too old when converting from map to odom
[component_container_isolated-2] [ERROR] [1789770205.182937792] [tf_help]: Data time: 39s 800000000ns, Transform time: 5s 109000000ns
[component_container_isolated-2] [ERROR] [1789770205.233531885] [tf_help]: Transform data too old when converting from map to odom
[component_container_isolated-2] [ERROR] [1789770205.233565146] [tf_help]: Data time: 39s 800000000ns, Transform time: 5s 109000000ns
[component_container_isolated-2] [ERROR] [1789770205.282657454] [tf_help]: Transform data too old when converting from map to odom
[component_container_isolated-2] [ERROR] [1789770205.282686389] [tf_help]: Data time: 39s 800000000ns, Transform time: 5s 109000000ns
[component_container_isolated-2] [ERROR] [1789770205.332799479] [tf_help]: Transform data too old when converting from map to odom
[component_container_isolated-2] [ERROR] [1789770205.332838569] [tf_help]: Data time: 39s 800000000ns, Transform time: 5s 109000000ns
[component_container_isolated-2] [ERROR] [1789770205.383337257] [tf_help]: Transform data too old when converting from map to odom
[component_container_isolated-2] [ERROR] [1789770205.383368813] [tf_help]: Data time: 39s 800000000ns, Transform time: 5s 109000000ns
[component_container_isolated-2] [ERROR] [1789770205.432638083] [tf_help]: Transform data too old when converting from map to odom
[component_container_isolated-2] [ERROR] [1789770205.432671556] [tf_help]: Data time: 39s 800000000ns, Transform time: 5s 109000000ns
[component_container_isolated-2] [ERROR] [1789770205.483231028] [tf_help]: Transform data too old when converting from map to odom
[component_container_isolated-2] [ERROR] [1789770205.483276677] [tf_help]: Data time: 39s 800000000ns, Transform time: 5s 109000000ns
[component_container_isolated-2] [ERROR] [1789770205.537835261] [tf_help]: Transform data too old when converting from map to odom
[component_container_isolated-2] [ERROR] [1789770205.537892361] [tf_help]: Data time: 39s 800000000ns, Transform time: 5s 109000000ns
[component_container_isolated-2] [ERROR] [1789770205.587167668] [tf_help]: Transform data too old when converting from map to odom
[component_container_isolated-2] [ERROR] [1789770205.587198645] [tf_help]: Data time: 39s 800000000ns, Transform time: 5s 109000000ns
[component_container_isolated-2] [ERROR] [1789770205.633202810] [tf_help]: Transform data too old when converting from map to odom
[component_container_isolated-2] [ERROR] [1789770205.633239400] [tf_help]: Data time: 39s 800000000ns, Transform time: 5s 109000000ns
[component_container_isolated-2] [ERROR] [1789770205.682633432] [tf_help]: Transform data too old when converting from map to odom
[component_container_isolated-2] [ERROR] [1789770205.682664561] [tf_help]: Data time: 39s 800000000ns, Transform time: 5s 109000000ns
[component_container_isolated-2] [ERROR] [1789770205.733901924] [tf_help]: Transform data too old when converting from map to odom
[component_container_isolated-2] [ERROR] [1789770205.733938680] [tf_help]: Data time: 39s 800000000ns, Transform time: 5s 109000000ns
[component_container_isolated-2] [ERROR] [1789770205.783261501] [tf_help]: Transform data too old when converting from map to odom
[component_container_isolated-2] [ERROR] [1789770205.783294259] [tf_help]: Data time: 39s 800000000ns, Transform time: 5s 109000000ns
[component_container_isolated-2] [ERROR] [1789770205.833013579] [tf_help]: Transform data too old when converting from map to odom
[component_container_isolated-2] [ERROR] [1789770205.833048097] [tf_help]: Data time: 39s 800000000ns, Transform time: 5s 109000000ns
[component_container_isolated-2] [INFO] [1789770205.877197597] [controller_server]: Passing new path to controller.
[component_container_isolated-2] [ERROR] [1789770205.882947159] [tf_help]: Transform data too old when converting from map to odom
[component_container_isolated-2] [ERROR] [1789770205.882972507] [tf_help]: Data time: 40s 700000000ns, Transform time: 5s 109000000ns
[component_container_isolated-2] [ERROR] [1789770205.932858317] [tf_help]: Transform data too old when converting from map to odom
[component_container_isolated-2] [ERROR] [1789770205.932890415] [tf_help]: Data time: 40s 700000000ns, Transform time: 5s 109000000ns
[component_container_isolated-2] [ERROR] [1789770205.983163570] [tf_help]: Transform data too old when converting from map to odom
[component_container_isolated-2] [ERROR] [1789770205.983192458] [tf_help]: Data time: 40s 700000000ns, Transform time: 5s 109000000ns
[component_container_isolated-2] [ERROR] [1789770206.033973249] [tf_help]: Transform data too old when converting from map to odom
[component_container_isolated-2] [ERROR] [1789770206.034021550] [tf_help]: Data time: 40s 700000000ns, Transform time: 5s 109000000ns
[component_container_isolated-2] [ERROR] [1789770206.083474714] [tf_help]: Transform data too old when converting from map to odom
[component_container_isolated-2] [ERROR] [1789770206.083513213] [tf_help]: Data time: 40s 700000000ns, Transform time: 5s 109000000ns
[component_container_isolated-2] [ERROR] [1789770206.132932501] [tf_help]: Transform data too old when converting from map to odom
[component_container_isolated-2] [ERROR] [1789770206.132982295] [tf_help]: Data time: 40s 700000000ns, Transform time: 5s 109000000ns
[component_container_isolated-2] [ERROR] [1789770206.184078894] [tf_help]: Transform data too old when converting from map to odom
[component_container_isolated-2] [ERROR] [1789770206.184116198] [tf_help]: Data time: 40s 700000000ns, Transform time: 5s 109000000ns
[component_container_isolated-2] [ERROR] [1789770206.233040369] [tf_help]: Transform data too old when converting from map to odom
[component_container_isolated-2] [ERROR] [1789770206.233069646] [tf_help]: Data time: 40s 700000000ns, Transform time: 5s 109000000ns
[component_container_isolated-2] [ERROR] [1789770206.282489128] [tf_help]: Transform data too old when converting from map to odom
[component_container_isolated-2] [ERROR] [1789770206.282522829] [tf_help]: Data time: 40s 700000000ns, Transform time: 5s 109000000ns
[component_container_isolated-2] [ERROR] [1789770206.332944577] [tf_help]: Transform data too old when converting from map to odom
[component_container_isolated-2] [ERROR] [1789770206.332978404] [tf_help]: Data time: 40s 700000000ns, Transform time: 5s 109000000ns
[component_container_isolated-2] [ERROR] [1789770206.383000235] [tf_help]: Transform data too old when converting from map to odom
[component_container_isolated-2] [ERROR] [1789770206.383032084] [tf_help]: Data time: 40s 700000000ns, Transform time: 5s 109000000ns
[component_container_isolated-2] [ERROR] [1789770206.432611064] [tf_help]: Transform data too old when converting from map to odom
[component_container_isolated-2] [ERROR] [1789770206.432643507] [tf_help]: Data time: 40s 700000000ns, Transform time: 5s 109000000ns
[component_container_isolated-2] [ERROR] [1789770206.482484568] [tf_help]: Transform data too old when converting from map to odom
[component_container_isolated-2] [ERROR] [1789770206.482519968] [tf_help]: Data time: 40s 700000000ns, Transform time: 5s 109000000ns
[component_container_isolated-2] [ERROR] [1789770206.534235037] [tf_help]: Transform data too old when converting from map to odom
[component_container_isolated-2] [ERROR] [1789770206.534277807] [tf_help]: Data time: 40s 700000000ns, Transform time: 5s 109000000ns
[component_container_isolated-2] [ERROR] [1789770206.582894548] [tf_help]: Transform data too old when converting from map to odom
[component_container_isolated-2] [ERROR] [1789770206.582941909] [tf_help]: Data time: 40s 700000000ns, Transform time: 5s 109000000ns
[component_container_isolated-2] [ERROR] [1789770206.633258418] [tf_help]: Transform data too old when converting from map to odom
[component_container_isolated-2] [ERROR] [1789770206.633290045] [tf_help]: Data time: 40s 700000000ns, Transform time: 5s 109000000ns
[component_container_isolated-2] [ERROR] [1789770206.682675807] [tf_help]: Transform data too old when converting from map to odom
[component_container_isolated-2] [ERROR] [1789770206.682709284] [tf_help]: Data time: 40s 700000000ns, Transform time: 5s 109000000ns
[component_container_isolated-2] [ERROR] [1789770206.732533853] [tf_help]: Transform data too old when converting from map to odom
[component_container_isolated-2] [ERROR] [1789770206.732569515] [tf_help]: Data time: 40s 700000000ns, Transform time: 5s 109000000ns
[component_container_isolated-2] [ERROR] [1789770206.782312286] [tf_help]: Transform data too old when converting from map to odom
[component_container_isolated-2] [ERROR] [1789770206.782344754] [tf_help]: Data time: 40s 700000000ns, Transform time: 5s 109000000ns
[component_container_isolated-2] [ERROR] [1789770206.832382150] [tf_help]: Transform data too old when converting from map to odom
[component_container_isolated-2] [ERROR] [1789770206.832414506] [tf_help]: Data time: 40s 700000000ns, Transform time: 5s 109000000ns
[component_container_isolated-2] [INFO] [1789770206.882529833] [controller_server]: [TG-MPPI] cycle time (compute_backend=cpu): 5.922 ms/cycle avg over 50 cycles
[component_container_isolated-2] [ERROR] [1789770206.882661721] [tf_help]: Transform data too old when converting from map to odom
[component_container_isolated-2] [ERROR] [1789770206.882689440] [tf_help]: Data time: 40s 700000000ns, Transform time: 5s 109000000ns
[component_container_isolated-2] [INFO] [1789770206.927232263] [controller_server]: Passing new path to controller.
[component_container_isolated-2] [ERROR] [1789770206.932931996] [tf_help]: Transform data too old when converting from map to odom
[component_container_isolated-2] [ERROR] [1789770206.932963737] [tf_help]: Data time: 41s 600000000ns, Transform time: 5s 109000000ns
[component_container_isolated-2] [ERROR] [1789770206.983175846] [tf_help]: Transform data too old when converting from map to odom
[component_container_isolated-2] [ERROR] [1789770206.983211871] [tf_help]: Data time: 41s 600000000ns, Transform time: 5s 109000000ns
[component_container_isolated-2] [ERROR] [1789770207.032985469] [tf_help]: Transform data too old when converting from map to odom
[component_container_isolated-2] [ERROR] [1789770207.033025035] [tf_help]: Data time: 41s 600000000ns, Transform time: 5s 109000000ns
[component_container_isolated-2] [ERROR] [1789770207.083756999] [tf_help]: Transform data too old when converting from map to odom
[component_container_isolated-2] [ERROR] [1789770207.083788731] [tf_help]: Data time: 41s 600000000ns, Transform time: 5s 109000000ns
[component_container_isolated-2] [ERROR] [1789770207.132283500] [tf_help]: Transform data too old when converting from map to odom
[component_container_isolated-2] [ERROR] [1789770207.132316694] [tf_help]: Data time: 41s 600000000ns, Transform time: 5s 109000000ns
[component_container_isolated-2] [ERROR] [1789770207.182246636] [tf_help]: Transform data too old when converting from map to odom
[component_container_isolated-2] [ERROR] [1789770207.182276847] [tf_help]: Data time: 41s 600000000ns, Transform time: 5s 109000000ns
[component_container_isolated-2] [ERROR] [1789770207.232371912] [tf_help]: Transform data too old when converting from map to odom
[component_container_isolated-2] [ERROR] [1789770207.232414776] [tf_help]: Data time: 41s 600000000ns, Transform time: 5s 109000000ns
[component_container_isolated-2] [ERROR] [1789770207.282941310] [tf_help]: Transform data too old when converting from map to odom
[component_container_isolated-2] [ERROR] [1789770207.282976549] [tf_help]: Data time: 41s 600000000ns, Transform time: 5s 109000000ns
[component_container_isolated-2] [ERROR] [1789770207.332453102] [tf_help]: Transform data too old when converting from map to odom
[component_container_isolated-2] [ERROR] [1789770207.332492724] [tf_help]: Data time: 41s 600000000ns, Transform time: 5s 109000000ns
[component_container_isolated-2] [ERROR] [1789770207.382383200] [tf_help]: Transform data too old when converting from map to odom
[component_container_isolated-2] [ERROR] [1789770207.382428162] [tf_help]: Data time: 41s 600000000ns, Transform time: 5s 109000000ns
[component_container_isolated-2] [ERROR] [1789770207.432441079] [tf_help]: Transform data too old when converting from map to odom
[component_container_isolated-2] [ERROR] [1789770207.432475578] [tf_help]: Data time: 41s 600000000ns, Transform time: 5s 109000000ns
[component_container_isolated-2] [ERROR] [1789770207.482762831] [tf_help]: Transform data too old when converting from map to odom
[component_container_isolated-2] [ERROR] [1789770207.482796734] [tf_help]: Data time: 41s 600000000ns, Transform time: 5s 109000000ns
[component_container_isolated-2] [ERROR] [1789770207.532990050] [tf_help]: Transform data too old when converting from map to odom
[component_container_isolated-2] [ERROR] [1789770207.533043699] [tf_help]: Data time: 41s 600000000ns, Transform time: 5s 109000000ns
[component_container_isolated-2] [ERROR] [1789770207.582306756] [tf_help]: Transform data too old when converting from map to odom
[component_container_isolated-2] [ERROR] [1789770207.582338084] [tf_help]: Data time: 41s 600000000ns, Transform time: 5s 109000000ns
[component_container_isolated-2] [ERROR] [1789770207.632659838] [tf_help]: Transform data too old when converting from map to odom
[component_container_isolated-2] [ERROR] [1789770207.632693083] [tf_help]: Data time: 41s 600000000ns, Transform time: 5s 109000000ns
[component_container_isolated-2] [ERROR] [1789770207.682634368] [tf_help]: Transform data too old when converting from map to odom
[component_container_isolated-2] [ERROR] [1789770207.682674956] [tf_help]: Data time: 41s 600000000ns, Transform time: 5s 109000000ns
[component_container_isolated-2] [ERROR] [1789770207.732367365] [tf_help]: Transform data too old when converting from map to odom
[component_container_isolated-2] [ERROR] [1789770207.732399913] [tf_help]: Data time: 41s 600000000ns, Transform time: 5s 109000000ns
[component_container_isolated-2] [ERROR] [1789770207.782588981] [tf_help]: Transform data too old when converting from map to odom
[component_container_isolated-2] [ERROR] [1789770207.782619934] [tf_help]: Data time: 41s 600000000ns, Transform time: 5s 109000000ns
[component_container_isolated-2] [ERROR] [1789770207.832526467] [tf_help]: Transform data too old when converting from map to odom
[component_container_isolated-2] [ERROR] [1789770207.832568114] [tf_help]: Data time: 41s 600000000ns, Transform time: 5s 109000000ns
[component_container_isolated-2] [ERROR] [1789770207.882469462] [tf_help]: Transform data too old when converting from map to odom
[component_container_isolated-2] [ERROR] [1789770207.882504614] [tf_help]: Data time: 41s 600000000ns, Transform time: 5s 109000000ns
[component_container_isolated-2] [INFO] [1789770207.927181141] [controller_server]: Passing new path to controller.
[component_container_isolated-2] [ERROR] [1789770207.932603217] [tf_help]: Transform data too old when converting from map to odom
[component_container_isolated-2] [ERROR] [1789770207.932632632] [tf_help]: Data time: 42s 600000000ns, Transform time: 5s 109000000ns
[component_container_isolated-2] [ERROR] [1789770207.982546066] [tf_help]: Transform data too old when converting from map to odom
[component_container_isolated-2] [ERROR] [1789770207.982579295] [tf_help]: Data time: 42s 600000000ns, Transform time: 5s 109000000ns
[component_container_isolated-2] [ERROR] [1789770208.037795739] [tf_help]: Transform data too old when converting from map to odom
[component_container_isolated-2] [ERROR] [1789770208.037861373] [tf_help]: Data time: 42s 600000000ns, Transform time: 5s 109000000ns
[component_container_isolated-2] [ERROR] [1789770208.087046377] [tf_help]: Transform data too old when converting from map to odom
[component_container_isolated-2] [ERROR] [1789770208.087090397] [tf_help]: Data time: 42s 600000000ns, Transform time: 5s 109000000ns
[component_container_isolated-2] [ERROR] [1789770208.136898992] [tf_help]: Transform data too old when converting from map to odom
[component_container_isolated-2] [ERROR] [1789770208.136937002] [tf_help]: Data time: 42s 600000000ns, Transform time: 5s 109000000ns
[component_container_isolated-2] [ERROR] [1789770208.182393351] [tf_help]: Transform data too old when converting from map to odom
[component_container_isolated-2] [ERROR] [1789770208.182440013] [tf_help]: Data time: 42s 600000000ns, Transform time: 5s 109000000ns
[component_container_isolated-2] [ERROR] [1789770208.232452250] [tf_help]: Transform data too old when converting from map to odom
[component_container_isolated-2] [ERROR] [1789770208.232484669] [tf_help]: Data time: 42s 600000000ns, Transform time: 5s 109000000ns
[component_container_isolated-2] [ERROR] [1789770208.282394867] [tf_help]: Transform data too old when converting from map to odom
[component_container_isolated-2] [ERROR] [1789770208.282428057] [tf_help]: Data time: 42s 600000000ns, Transform time: 5s 109000000ns
[component_container_isolated-2] [ERROR] [1789770208.332619329] [tf_help]: Transform data too old when converting from map to odom
[component_container_isolated-2] [ERROR] [1789770208.332652656] [tf_help]: Data time: 42s 600000000ns, Transform time: 5s 109000000ns
[component_container_isolated-2] [ERROR] [1789770208.382508009] [tf_help]: Transform data too old when converting from map to odom
[component_container_isolated-2] [ERROR] [1789770208.382541606] [tf_help]: Data time: 42s 600000000ns, Transform time: 5s 109000000ns
[component_container_isolated-2] [ERROR] [1789770208.432582185] [tf_help]: Transform data too old when converting from map to odom
[component_container_isolated-2] [ERROR] [1789770208.432628642] [tf_help]: Data time: 42s 600000000ns, Transform time: 5s 109000000ns
[component_container_isolated-2] [ERROR] [1789770208.483380533] [tf_help]: Transform data too old when converting from map to odom
[component_container_isolated-2] [ERROR] [1789770208.483415269] [tf_help]: Data time: 42s 600000000ns, Transform time: 5s 109000000ns
[component_container_isolated-2] [ERROR] [1789770208.533420220] [tf_help]: Transform data too old when converting from map to odom
[component_container_isolated-2] [ERROR] [1789770208.533491045] [tf_help]: Data time: 42s 600000000ns, Transform time: 5s 109000000ns
[component_container_isolated-2] [ERROR] [1789770208.587021228] [tf_help]: Transform data too old when converting from map to odom
[component_container_isolated-2] [ERROR] [1789770208.587063928] [tf_help]: Data time: 42s 600000000ns, Transform time: 5s 109000000ns
[component_container_isolated-2] [ERROR] [1789770208.633410702] [tf_help]: Transform data too old when converting from map to odom
[component_container_isolated-2] [ERROR] [1789770208.633448614] [tf_help]: Data time: 42s 600000000ns, Transform time: 5s 109000000ns
[component_container_isolated-2] [ERROR] [1789770208.684521252] [tf_help]: Transform data too old when converting from map to odom
[component_container_isolated-2] [ERROR] [1789770208.684570997] [tf_help]: Data time: 42s 600000000ns, Transform time: 5s 109000000ns
[component_container_isolated-2] [ERROR] [1789770208.734053964] [tf_help]: Transform data too old when converting from map to odom
[component_container_isolated-2] [ERROR] [1789770208.734087403] [tf_help]: Data time: 42s 600000000ns, Transform time: 5s 109000000ns
[component_container_isolated-2] [ERROR] [1789770208.782674517] [tf_help]: Transform data too old when converting from map to odom
[component_container_isolated-2] [ERROR] [1789770208.782713788] [tf_help]: Data time: 42s 600000000ns, Transform time: 5s 109000000ns
[component_container_isolated-2] [ERROR] [1789770208.832794548] [tf_help]: Transform data too old when converting from map to odom
[component_container_isolated-2] [ERROR] [1789770208.832833380] [tf_help]: Data time: 42s 600000000ns, Transform time: 5s 109000000ns
[component_container_isolated-2] [ERROR] [1789770208.883307552] [tf_help]: Transform data too old when converting from map to odom
[component_container_isolated-2] [ERROR] [1789770208.883342295] [tf_help]: Data time: 42s 600000000ns, Transform time: 5s 109000000ns
[component_container_isolated-2] [ERROR] [1789770208.932794476] [tf_help]: Transform data too old when converting from map to odom
[component_container_isolated-2] [ERROR] [1789770208.932831166] [tf_help]: Data time: 42s 600000000ns, Transform time: 5s 109000000ns
[component_container_isolated-2] [INFO] [1789770208.977179698] [controller_server]: Passing new path to controller.
[component_container_isolated-2] [ERROR] [1789770208.982704732] [tf_help]: Transform data too old when converting from map to odom
[component_container_isolated-2] [ERROR] [1789770208.982740974] [tf_help]: Data time: 43s 600000000ns, Transform time: 5s 109000000ns
[component_container_isolated-2] [ERROR] [1789770209.033234693] [tf_help]: Transform data too old when converting from map to odom
[component_container_isolated-2] [ERROR] [1789770209.033274255] [tf_help]: Data time: 43s 600000000ns, Transform time: 5s 109000000ns
[component_container_isolated-2] [ERROR] [1789770209.082498393] [tf_help]: Transform data too old when converting from map to odom
[component_container_isolated-2] [ERROR] [1789770209.082532136] [tf_help]: Data time: 43s 600000000ns, Transform time: 5s 109000000ns
[component_container_isolated-2] [ERROR] [1789770209.132723443] [tf_help]: Transform data too old when converting from map to odom
[component_container_isolated-2] [ERROR] [1789770209.132756319] [tf_help]: Data time: 43s 600000000ns, Transform time: 5s 109000000ns
[component_container_isolated-2] [ERROR] [1789770209.182353904] [tf_help]: Transform data too old when converting from map to odom
[component_container_isolated-2] [ERROR] [1789770209.182387722] [tf_help]: Data time: 43s 600000000ns, Transform time: 5s 109000000ns
[component_container_isolated-2] [ERROR] [1789770209.232460788] [tf_help]: Transform data too old when converting from map to odom
[component_container_isolated-2] [ERROR] [1789770209.232492887] [tf_help]: Data time: 43s 600000000ns, Transform time: 5s 109000000ns
[component_container_isolated-2] [ERROR] [1789770209.282587398] [tf_help]: Transform data too old when converting from map to odom
[component_container_isolated-2] [ERROR] [1789770209.282620342] [tf_help]: Data time: 43s 600000000ns, Transform time: 5s 109000000ns
[component_container_isolated-2] [ERROR] [1789770209.332526330] [tf_help]: Transform data too old when converting from map to odom
[component_container_isolated-2] [ERROR] [1789770209.332558857] [tf_help]: Data time: 43s 600000000ns, Transform time: 5s 109000000ns
[component_container_isolated-2] [INFO] [1789770209.382649559] [controller_server]: [TG-MPPI] cycle time (compute_backend=cpu): 5.700 ms/cycle avg over 50 cycles
[component_container_isolated-2] [ERROR] [1789770209.382813793] [tf_help]: Transform data too old when converting from map to odom
[component_container_isolated-2] [ERROR] [1789770209.382830891] [tf_help]: Data time: 43s 600000000ns, Transform time: 5s 109000000ns
[component_container_isolated-2] [ERROR] [1789770209.432833015] [tf_help]: Transform data too old when converting from map to odom
[component_container_isolated-2] [ERROR] [1789770209.432867431] [tf_help]: Data time: 43s 600000000ns, Transform time: 5s 109000000ns
[component_container_isolated-2] [ERROR] [1789770209.484328097] [tf_help]: Transform data too old when converting from map to odom
[component_container_isolated-2] [ERROR] [1789770209.484372464] [tf_help]: Data time: 43s 600000000ns, Transform time: 5s 109000000ns
[component_container_isolated-2] [ERROR] [1789770209.536973723] [tf_help]: Transform data too old when converting from map to odom
[component_container_isolated-2] [ERROR] [1789770209.537032237] [tf_help]: Data time: 43s 600000000ns, Transform time: 5s 109000000ns
[component_container_isolated-2] [ERROR] [1789770209.582351846] [tf_help]: Transform data too old when converting from map to odom
[component_container_isolated-2] [ERROR] [1789770209.582391610] [tf_help]: Data time: 43s 600000000ns, Transform time: 5s 109000000ns
[component_container_isolated-2] [ERROR] [1789770209.632466401] [tf_help]: Transform data too old when converting from map to odom
[component_container_isolated-2] [ERROR] [1789770209.632498120] [tf_help]: Data time: 43s 600000000ns, Transform time: 5s 109000000ns
[component_container_isolated-2] [ERROR] [1789770209.683315785] [tf_help]: Transform data too old when converting from map to odom
[component_container_isolated-2] [ERROR] [1789770209.683348260] [tf_help]: Data time: 43s 600000000ns, Transform time: 5s 109000000ns
[component_container_isolated-2] [ERROR] [1789770209.735582593] [tf_help]: Transform data too old when converting from map to odom
[component_container_isolated-2] [ERROR] [1789770209.735619967] [tf_help]: Data time: 43s 600000000ns, Transform time: 5s 109000000ns
[component_container_isolated-2] [ERROR] [1789770209.782841253] [tf_help]: Transform data too old when converting from map to odom
[component_container_isolated-2] [ERROR] [1789770209.782873696] [tf_help]: Data time: 43s 600000000ns, Transform time: 5s 109000000ns
[component_container_isolated-2] [ERROR] [1789770209.832615974] [tf_help]: Transform data too old when converting from map to odom
[component_container_isolated-2] [ERROR] [1789770209.832663105] [tf_help]: Data time: 43s 600000000ns, Transform time: 5s 109000000ns
[component_container_isolated-2] [ERROR] [1789770209.882953910] [tf_help]: Transform data too old when converting from map to odom
[component_container_isolated-2] [ERROR] [1789770209.882989517] [tf_help]: Data time: 43s 600000000ns, Transform time: 5s 109000000ns
[component_container_isolated-2] [ERROR] [1789770209.932731314] [tf_help]: Transform data too old when converting from map to odom
[component_container_isolated-2] [ERROR] [1789770209.932762139] [tf_help]: Data time: 43s 600000000ns, Transform time: 5s 109000000ns
[component_container_isolated-2] [INFO] [1789770209.977265332] [controller_server]: Passing new path to controller.
[component_container_isolated-2] [ERROR] [1789770209.983021978] [tf_help]: Transform data too old when converting from map to odom
[component_container_isolated-2] [ERROR] [1789770209.983043292] [tf_help]: Data time: 44s 500000000ns, Transform time: 5s 109000000ns
[component_container_isolated-2] [ERROR] [1789770210.032880125] [tf_help]: Transform data too old when converting from map to odom
[component_container_isolated-2] [ERROR] [1789770210.032924553] [tf_help]: Data time: 44s 500000000ns, Transform time: 5s 109000000ns
[component_container_isolated-2] [ERROR] [1789770210.082644864] [tf_help]: Transform data too old when converting from map to odom
[component_container_isolated-2] [ERROR] [1789770210.082676563] [tf_help]: Data time: 44s 500000000ns, Transform time: 5s 109000000ns
[component_container_isolated-2] [ERROR] [1789770210.132428444] [tf_help]: Transform data too old when converting from map to odom
[component_container_isolated-2] [ERROR] [1789770210.132465246] [tf_help]: Data time: 44s 500000000ns, Transform time: 5s 109000000ns
[component_container_isolated-2] [ERROR] [1789770210.182996346] [tf_help]: Transform data too old when converting from map to odom
[component_container_isolated-2] [ERROR] [1789770210.183028124] [tf_help]: Data time: 44s 500000000ns, Transform time: 5s 109000000ns
[component_container_isolated-2] [ERROR] [1789770210.232515505] [tf_help]: Transform data too old when converting from map to odom
[component_container_isolated-2] [ERROR] [1789770210.232552811] [tf_help]: Data time: 44s 500000000ns, Transform time: 5s 109000000ns
[component_container_isolated-2] [ERROR] [1789770210.282826544] [tf_help]: Transform data too old when converting from map to odom
[component_container_isolated-2] [ERROR] [1789770210.282885196] [tf_help]: Data time: 44s 500000000ns, Transform time: 5s 109000000ns
[component_container_isolated-2] [ERROR] [1789770210.332748859] [tf_help]: Transform data too old when converting from map to odom
[component_container_isolated-2] [ERROR] [1789770210.332785112] [tf_help]: Data time: 44s 500000000ns, Transform time: 5s 109000000ns
[component_container_isolated-2] [ERROR] [1789770210.383732358] [tf_help]: Transform data too old when converting from map to odom
[component_container_isolated-2] [ERROR] [1789770210.383773544] [tf_help]: Data time: 44s 500000000ns, Transform time: 5s 109000000ns
[component_container_isolated-2] [ERROR] [1789770210.432630241] [tf_help]: Transform data too old when converting from map to odom
[component_container_isolated-2] [ERROR] [1789770210.432662449] [tf_help]: Data time: 44s 500000000ns, Transform time: 5s 109000000ns
[component_container_isolated-2] [ERROR] [1789770210.482330435] [tf_help]: Transform data too old when converting from map to odom
[component_container_isolated-2] [ERROR] [1789770210.482363934] [tf_help]: Data time: 44s 500000000ns, Transform time: 5s 109000000ns
[component_container_isolated-2] [ERROR] [1789770210.533367661] [tf_help]: Transform data too old when converting from map to odom
[component_container_isolated-2] [ERROR] [1789770210.533402266] [tf_help]: Data time: 44s 500000000ns, Transform time: 5s 109000000ns
[component_container_isolated-2] [ERROR] [1789770210.582367065] [tf_help]: Transform data too old when converting from map to odom
[component_container_isolated-2] [ERROR] [1789770210.582403032] [tf_help]: Data time: 44s 500000000ns, Transform time: 5s 109000000ns
[component_container_isolated-2] [ERROR] [1789770210.632494338] [tf_help]: Transform data too old when converting from map to odom
[component_container_isolated-2] [ERROR] [1789770210.632527492] [tf_help]: Data time: 44s 500000000ns, Transform time: 5s 109000000ns
[component_container_isolated-2] [ERROR] [1789770210.682899511] [tf_help]: Transform data too old when converting from map to odom
[component_container_isolated-2] [ERROR] [1789770210.682931072] [tf_help]: Data time: 44s 500000000ns, Transform time: 5s 109000000ns
[component_container_isolated-2] [ERROR] [1789770210.732414122] [tf_help]: Transform data too old when converting from map to odom
[component_container_isolated-2] [ERROR] [1789770210.732447556] [tf_help]: Data time: 44s 500000000ns, Transform time: 5s 109000000ns
[component_container_isolated-2] [ERROR] [1789770210.782671027] [tf_help]: Transform data too old when converting from map to odom
[component_container_isolated-2] [ERROR] [1789770210.782710763] [tf_help]: Data time: 44s 500000000ns, Transform time: 5s 109000000ns
[component_container_isolated-2] [ERROR] [1789770210.833097592] [tf_help]: Transform data too old when converting from map to odom
[component_container_isolated-2] [ERROR] [1789770210.833140840] [tf_help]: Data time: 44s 500000000ns, Transform time: 5s 109000000ns
[component_container_isolated-2] [ERROR] [1789770210.886126888] [tf_help]: Transform data too old when converting from map to odom
[component_container_isolated-2] [ERROR] [1789770210.886175242] [tf_help]: Data time: 44s 500000000ns, Transform time: 5s 109000000ns
[component_container_isolated-2] [ERROR] [1789770210.935929433] [tf_help]: Transform data too old when converting from map to odom
[component_container_isolated-2] [ERROR] [1789770210.935962773] [tf_help]: Data time: 44s 500000000ns, Transform time: 5s 109000000ns
[component_container_isolated-2] [ERROR] [1789770210.984578413] [tf_help]: Transform data too old when converting from map to odom
[component_container_isolated-2] [ERROR] [1789770210.984608749] [tf_help]: Data time: 44s 500000000ns, Transform time: 5s 109000000ns
[component_container_isolated-2] [INFO] [1789770211.027186314] [controller_server]: Passing new path to controller.
[component_container_isolated-2] [ERROR] [1789770211.033726943] [tf_help]: Transform data too old when converting from map to odom
[component_container_isolated-2] [ERROR] [1789770211.033786314] [tf_help]: Data time: 45s 500000000ns, Transform time: 5s 109000000ns
[component_container_isolated-2] [ERROR] [1789770211.085819448] [tf_help]: Transform data too old when converting from map to odom
[component_container_isolated-2] [ERROR] [1789770211.085852721] [tf_help]: Data time: 45s 500000000ns, Transform time: 5s 109000000ns
[component_container_isolated-2] [ERROR] [1789770211.134294296] [tf_help]: Transform data too old when converting from map to odom
[component_container_isolated-2] [ERROR] [1789770211.134328236] [tf_help]: Data time: 45s 500000000ns, Transform time: 5s 109000000ns
[component_container_isolated-2] [ERROR] [1789770211.182585960] [tf_help]: Transform data too old when converting from map to odom
[component_container_isolated-2] [ERROR] [1789770211.182628084] [tf_help]: Data time: 45s 500000000ns, Transform time: 5s 109000000ns
[component_container_isolated-2] [ERROR] [1789770211.232809644] [tf_help]: Transform data too old when converting from map to odom
[component_container_isolated-2] [ERROR] [1789770211.232842954] [tf_help]: Data time: 45s 500000000ns, Transform time: 5s 109000000ns
[component_container_isolated-2] [ERROR] [1789770211.282875158] [tf_help]: Transform data too old when converting from map to odom
[component_container_isolated-2] [ERROR] [1789770211.282917348] [tf_help]: Data time: 45s 500000000ns, Transform time: 5s 109000000ns
[component_container_isolated-2] [ERROR] [1789770211.333674414] [tf_help]: Transform data too old when converting from map to odom
[component_container_isolated-2] [ERROR] [1789770211.333711734] [tf_help]: Data time: 45s 500000000ns, Transform time: 5s 109000000ns
[component_container_isolated-2] [ERROR] [1789770211.383718118] [tf_help]: Transform data too old when converting from map to odom
[component_container_isolated-2] [ERROR] [1789770211.383760957] [tf_help]: Data time: 45s 500000000ns, Transform time: 5s 109000000ns
[component_container_isolated-2] [ERROR] [1789770211.433506155] [tf_help]: Transform data too old when converting from map to odom
[component_container_isolated-2] [ERROR] [1789770211.433550853] [tf_help]: Data time: 45s 500000000ns, Transform time: 5s 109000000ns
[component_container_isolated-2] [ERROR] [1789770211.482342242] [tf_help]: Transform data too old when converting from map to odom
[component_container_isolated-2] [ERROR] [1789770211.482374568] [tf_help]: Data time: 45s 500000000ns, Transform time: 5s 109000000ns
[component_container_isolated-2] [ERROR] [1789770211.532619632] [tf_help]: Transform data too old when converting from map to odom
[component_container_isolated-2] [ERROR] [1789770211.532676940] [tf_help]: Data time: 45s 500000000ns, Transform time: 5s 109000000ns
[component_container_isolated-2] [ERROR] [1789770211.583606203] [tf_help]: Transform data too old when converting from map to odom
[component_container_isolated-2] [ERROR] [1789770211.583641419] [tf_help]: Data time: 45s 500000000ns, Transform time: 5s 109000000ns
[component_container_isolated-2] [ERROR] [1789770211.633669425] [tf_help]: Transform data too old when converting from map to odom
[component_container_isolated-2] [ERROR] [1789770211.633709234] [tf_help]: Data time: 45s 500000000ns, Transform time: 5s 109000000ns
[component_container_isolated-2] [ERROR] [1789770211.682766850] [tf_help]: Transform data too old when converting from map to odom
[component_container_isolated-2] [ERROR] [1789770211.682812960] [tf_help]: Data time: 45s 500000000ns, Transform time: 5s 109000000ns
[component_container_isolated-2] [ERROR] [1789770211.732576598] [tf_help]: Transform data too old when converting from map to odom
[component_container_isolated-2] [ERROR] [1789770211.732610247] [tf_help]: Data time: 45s 500000000ns, Transform time: 5s 109000000ns
[component_container_isolated-2] [ERROR] [1789770211.782681304] [tf_help]: Transform data too old when converting from map to odom
[component_container_isolated-2] [ERROR] [1789770211.782714271] [tf_help]: Data time: 45s 500000000ns, Transform time: 5s 109000000ns
[component_container_isolated-2] [ERROR] [1789770211.832273335] [tf_help]: Transform data too old when converting from map to odom
[component_container_isolated-2] [ERROR] [1789770211.832304149] [tf_help]: Data time: 45s 500000000ns, Transform time: 5s 109000000ns
[component_container_isolated-2] [INFO] [1789770211.882632484] [controller_server]: [TG-MPPI] cycle time (compute_backend=cpu): 5.848 ms/cycle avg over 50 cycles
[component_container_isolated-2] [ERROR] [1789770211.882764552] [tf_help]: Transform data too old when converting from map to odom
[component_container_isolated-2] [ERROR] [1789770211.882782417] [tf_help]: Data time: 45s 500000000ns, Transform time: 5s 109000000ns
[component_container_isolated-2] [ERROR] [1789770211.932545305] [tf_help]: Transform data too old when converting from map to odom
[component_container_isolated-2] [ERROR] [1789770211.932574513] [tf_help]: Data time: 45s 500000000ns, Transform time: 5s 109000000ns
[component_container_isolated-2] [ERROR] [1789770211.982487975] [tf_help]: Transform data too old when converting from map to odom
[component_container_isolated-2] [ERROR] [1789770211.982520482] [tf_help]: Data time: 45s 500000000ns, Transform time: 5s 109000000ns
[component_container_isolated-2] [INFO] [1789770212.027147742] [controller_server]: Passing new path to controller.
[component_container_isolated-2] [ERROR] [1789770212.032508171] [tf_help]: Transform data too old when converting from map to odom
[component_container_isolated-2] [ERROR] [1789770212.032537086] [tf_help]: Data time: 46s 400000000ns, Transform time: 5s 109000000ns
[component_container_isolated-2] [ERROR] [1789770212.082561529] [tf_help]: Transform data too old when converting from map to odom
[component_container_isolated-2] [ERROR] [1789770212.082596636] [tf_help]: Data time: 46s 400000000ns, Transform time: 5s 109000000ns
[component_container_isolated-2] [ERROR] [1789770212.132254836] [tf_help]: Transform data too old when converting from map to odom
[component_container_isolated-2] [ERROR] [1789770212.132290340] [tf_help]: Data time: 46s 400000000ns, Transform time: 5s 109000000ns
[component_container_isolated-2] [ERROR] [1789770212.182534120] [tf_help]: Transform data too old when converting from map to odom
[component_container_isolated-2] [ERROR] [1789770212.182567736] [tf_help]: Data time: 46s 400000000ns, Transform time: 5s 109000000ns
[component_container_isolated-2] [ERROR] [1789770212.232644672] [tf_help]: Transform data too old when converting from map to odom
[component_container_isolated-2] [ERROR] [1789770212.232687927] [tf_help]: Data time: 46s 400000000ns, Transform time: 5s 109000000ns
[component_container_isolated-2] [ERROR] [1789770212.282303700] [tf_help]: Transform data too old when converting from map to odom
[component_container_isolated-2] [ERROR] [1789770212.282344326] [tf_help]: Data time: 46s 400000000ns, Transform time: 5s 109000000ns
[component_container_isolated-2] [ERROR] [1789770212.332632485] [tf_help]: Transform data too old when converting from map to odom
[component_container_isolated-2] [ERROR] [1789770212.332667255] [tf_help]: Data time: 46s 400000000ns, Transform time: 5s 109000000ns
[component_container_isolated-2] [ERROR] [1789770212.383024598] [tf_help]: Transform data too old when converting from map to odom
[component_container_isolated-2] [ERROR] [1789770212.383069619] [tf_help]: Data time: 46s 400000000ns, Transform time: 5s 109000000ns
[component_container_isolated-2] [ERROR] [1789770212.433055771] [tf_help]: Transform data too old when converting from map to odom
[component_container_isolated-2] [ERROR] [1789770212.433085859] [tf_help]: Data time: 46s 400000000ns, Transform time: 5s 109000000ns
[component_container_isolated-2] [ERROR] [1789770212.482463321] [tf_help]: Transform data too old when converting from map to odom
[component_container_isolated-2] [ERROR] [1789770212.482500602] [tf_help]: Data time: 46s 400000000ns, Transform time: 5s 109000000ns
[component_container_isolated-2] [ERROR] [1789770212.533169216] [tf_help]: Transform data too old when converting from map to odom
[component_container_isolated-2] [ERROR] [1789770212.533219895] [tf_help]: Data time: 46s 400000000ns, Transform time: 5s 109000000ns
[component_container_isolated-2] [ERROR] [1789770212.582478899] [tf_help]: Transform data too old when converting from map to odom
[component_container_isolated-2] [ERROR] [1789770212.582515436] [tf_help]: Data time: 46s 400000000ns, Transform time: 5s 109000000ns
[component_container_isolated-2] [ERROR] [1789770212.632719210] [tf_help]: Transform data too old when converting from map to odom
[component_container_isolated-2] [ERROR] [1789770212.632760365] [tf_help]: Data time: 46s 400000000ns, Transform time: 5s 109000000ns
[component_container_isolated-2] [ERROR] [1789770212.682605912] [tf_help]: Transform data too old when converting from map to odom
[component_container_isolated-2] [ERROR] [1789770212.682641360] [tf_help]: Data time: 46s 400000000ns, Transform time: 5s 109000000ns
[component_container_isolated-2] [ERROR] [1789770212.732386573] [tf_help]: Transform data too old when converting from map to odom
[component_container_isolated-2] [ERROR] [1789770212.732429957] [tf_help]: Data time: 46s 400000000ns, Transform time: 5s 109000000ns
[component_container_isolated-2] [ERROR] [1789770212.782411715] [tf_help]: Transform data too old when converting from map to odom
[component_container_isolated-2] [ERROR] [1789770212.782450118] [tf_help]: Data time: 46s 400000000ns, Transform time: 5s 109000000ns
[component_container_isolated-2] [ERROR] [1789770212.832477566] [tf_help]: Transform data too old when converting from map to odom
[component_container_isolated-2] [ERROR] [1789770212.832529564] [tf_help]: Data time: 46s 400000000ns, Transform time: 5s 109000000ns
[component_container_isolated-2] [ERROR] [1789770212.882775837] [tf_help]: Transform data too old when converting from map to odom
[component_container_isolated-2] [ERROR] [1789770212.882807799] [tf_help]: Data time: 46s 400000000ns, Transform time: 5s 109000000ns
[component_container_isolated-2] [ERROR] [1789770212.932263022] [tf_help]: Transform data too old when converting from map to odom
[component_container_isolated-2] [ERROR] [1789770212.932305447] [tf_help]: Data time: 46s 400000000ns, Transform time: 5s 109000000ns
[component_container_isolated-2] [ERROR] [1789770212.982632777] [tf_help]: Transform data too old when converting from map to odom
[component_container_isolated-2] [ERROR] [1789770212.982675672] [tf_help]: Data time: 46s 400000000ns, Transform time: 5s 109000000ns
[component_container_isolated-2] [ERROR] [1789770213.032933846] [tf_help]: Transform data too old when converting from map to odom
[component_container_isolated-2] [ERROR] [1789770213.033000478] [tf_help]: Data time: 46s 400000000ns, Transform time: 5s 109000000ns
[component_container_isolated-2] [INFO] [1789770213.077185369] [controller_server]: Passing new path to controller.
[component_container_isolated-2] [ERROR] [1789770213.082870077] [tf_help]: Transform data too old when converting from map to odom
[component_container_isolated-2] [ERROR] [1789770213.082921166] [tf_help]: Data time: 47s 400000000ns, Transform time: 5s 109000000ns
[component_container_isolated-2] [ERROR] [1789770213.132308651] [tf_help]: Transform data too old when converting from map to odom
[component_container_isolated-2] [ERROR] [1789770213.132340129] [tf_help]: Data time: 47s 400000000ns, Transform time: 5s 109000000ns
[component_container_isolated-2] [ERROR] [1789770213.185674815] [tf_help]: Transform data too old when converting from map to odom
[component_container_isolated-2] [ERROR] [1789770213.185713993] [tf_help]: Data time: 47s 400000000ns, Transform time: 5s 109000000ns
[component_container_isolated-2] [ERROR] [1789770213.235880471] [tf_help]: Transform data too old when converting from map to odom
[component_container_isolated-2] [ERROR] [1789770213.235921501] [tf_help]: Data time: 47s 400000000ns, Transform time: 5s 109000000ns
[component_container_isolated-2] [ERROR] [1789770213.282691102] [tf_help]: Transform data too old when converting from map to odom
[component_container_isolated-2] [ERROR] [1789770213.282724123] [tf_help]: Data time: 47s 400000000ns, Transform time: 5s 109000000ns
[component_container_isolated-2] [ERROR] [1789770213.332612618] [tf_help]: Transform data too old when converting from map to odom
[component_container_isolated-2] [ERROR] [1789770213.332645577] [tf_help]: Data time: 47s 400000000ns, Transform time: 5s 109000000ns
[component_container_isolated-2] [ERROR] [1789770213.377187471] [controller_server]: Failed to make progress
[component_container_isolated-2] [WARN] [1789770213.377258058] [controller_server]: [follow_path] [ActionServer] Aborting handle.
[component_container_isolated-2] [INFO] [1789770213.388859257] [behavior_server]: Running spin
[component_container_isolated-2] [INFO] [1789770213.388946537] [behavior_server]: Turning 1.57 for spin behavior.
[component_container_isolated-2] [ERROR] [1789770213.590259535] [transformPoseInTargetFrame]: Extrapolation Error looking up target frame: Lookup would require extrapolation into the past.  Requested time 4.099000 but the earliest data is at time 38.895000, when looking up transform from frame [base_link] to frame [odom]
[component_container_isolated-2] 
[component_container_isolated-2] [ERROR] [1789770213.590351879] [behavior_server]: Current footprint not available.
[component_container_isolated-2] [WARN] [1789770213.590406373] [behavior_server]: Collision Ahead - Exiting Spin
[component_container_isolated-2] [WARN] [1789770213.590419563] [behavior_server]: spin failed
[component_container_isolated-2] [WARN] [1789770213.590441754] [behavior_server]: [spin] [ActionServer] Aborting handle.
[component_container_isolated-2] [INFO] [1789770213.608925781] [behavior_server]: Running wait
[ground_truth_localizer-1] [INFO] [1789770215.851685798] [ground_truth_localizer]: last 10 s: ground truth msgs 295, map->odom published 295 (283 via latest odom TF)
[component_container_isolated-2] [INFO] [1789770218.609134868] [behavior_server]: wait completed successfully
[component_container_isolated-2] [INFO] [1789770218.658948306] [controller_server]: Received a goal, begin computing control effort.
[component_container_isolated-2] [INFO] [1789770218.662814067] [controller_server]: Optimizer reset (compute_backend=cpu)
[component_container_isolated-2] [ERROR] [1789770218.670627581] [tf_help]: Transform data too old when converting from map to odom
[component_container_isolated-2] [ERROR] [1789770218.670668726] [tf_help]: Data time: 52s 500000000ns, Transform time: 5s 109000000ns
[component_container_isolated-2] [ERROR] [1789770218.715412387] [tf_help]: Transform data too old when converting from map to odom
[component_container_isolated-2] [ERROR] [1789770218.715448796] [tf_help]: Data time: 52s 500000000ns, Transform time: 5s 109000000ns
[component_container_isolated-2] [ERROR] [1789770218.764689972] [tf_help]: Transform data too old when converting from map to odom
[component_container_isolated-2] [ERROR] [1789770218.764721651] [tf_help]: Data time: 52s 500000000ns, Transform time: 5s 109000000ns
[component_container_isolated-2] [ERROR] [1789770218.814938546] [tf_help]: Transform data too old when converting from map to odom
[component_container_isolated-2] [ERROR] [1789770218.814981251] [tf_help]: Data time: 52s 500000000ns, Transform time: 5s 109000000ns
[component_container_isolated-2] [ERROR] [1789770218.864693045] [tf_help]: Transform data too old when converting from map to odom
[component_container_isolated-2] [ERROR] [1789770218.864731203] [tf_help]: Data time: 52s 500000000ns, Transform time: 5s 109000000ns
[component_container_isolated-2] [ERROR] [1789770218.917752343] [tf_help]: Transform data too old when converting from map to odom
[component_container_isolated-2] [ERROR] [1789770218.917793991] [tf_help]: Data time: 52s 500000000ns, Transform time: 5s 109000000ns
[component_container_isolated-2] [ERROR] [1789770218.965918317] [tf_help]: Transform data too old when converting from map to odom
[component_container_isolated-2] [ERROR] [1789770218.966038019] [tf_help]: Data time: 52s 500000000ns, Transform time: 5s 109000000ns
[component_container_isolated-2] [ERROR] [1789770219.017656307] [tf_help]: Transform data too old when converting from map to odom
[component_container_isolated-2] [ERROR] [1789770219.017697154] [tf_help]: Data time: 52s 500000000ns, Transform time: 5s 109000000ns
[component_container_isolated-2] [ERROR] [1789770219.067940212] [tf_help]: Transform data too old when converting from map to odom
[component_container_isolated-2] [ERROR] [1789770219.067987230] [tf_help]: Data time: 52s 500000000ns, Transform time: 5s 109000000ns
[component_container_isolated-2] [ERROR] [1789770219.114968297] [tf_help]: Transform data too old when converting from map to odom
[component_container_isolated-2] [ERROR] [1789770219.115007755] [tf_help]: Data time: 52s 500000000ns, Transform time: 5s 109000000ns
[component_container_isolated-2] [ERROR] [1789770219.164798187] [tf_help]: Transform data too old when converting from map to odom
[component_container_isolated-2] [ERROR] [1789770219.164832985] [tf_help]: Data time: 52s 500000000ns, Transform time: 5s 109000000ns
[component_container_isolated-2] [ERROR] [1789770219.214374564] [tf_help]: Transform data too old when converting from map to odom
[component_container_isolated-2] [ERROR] [1789770219.214408968] [tf_help]: Data time: 52s 500000000ns, Transform time: 5s 109000000ns
[component_container_isolated-2] [ERROR] [1789770219.264447452] [tf_help]: Transform data too old when converting from map to odom
[component_container_isolated-2] [ERROR] [1789770219.264500352] [tf_help]: Data time: 52s 500000000ns, Transform time: 5s 109000000ns
[component_container_isolated-2] [ERROR] [1789770219.314456193] [tf_help]: Transform data too old when converting from map to odom
[component_container_isolated-2] [ERROR] [1789770219.314487926] [tf_help]: Data time: 52s 500000000ns, Transform time: 5s 109000000ns
[component_container_isolated-2] [ERROR] [1789770219.364386668] [tf_help]: Transform data too old when converting from map to odom
[component_container_isolated-2] [ERROR] [1789770219.364422159] [tf_help]: Data time: 52s 500000000ns, Transform time: 5s 109000000ns
[component_container_isolated-2] [ERROR] [1789770219.415035912] [tf_help]: Transform data too old when converting from map to odom
[component_container_isolated-2] [ERROR] [1789770219.415066043] [tf_help]: Data time: 52s 500000000ns, Transform time: 5s 109000000ns
[component_container_isolated-2] [ERROR] [1789770219.464167685] [tf_help]: Transform data too old when converting from map to odom
[component_container_isolated-2] [ERROR] [1789770219.464198544] [tf_help]: Data time: 52s 500000000ns, Transform time: 5s 109000000ns
[component_container_isolated-2] [ERROR] [1789770219.514459314] [tf_help]: Transform data too old when converting from map to odom
[component_container_isolated-2] [ERROR] [1789770219.514494545] [tf_help]: Data time: 52s 500000000ns, Transform time: 5s 109000000ns
[component_container_isolated-2] [ERROR] [1789770219.567085329] [tf_help]: Transform data too old when converting from map to odom
[component_container_isolated-2] [ERROR] [1789770219.567136763] [tf_help]: Data time: 52s 500000000ns, Transform time: 5s 109000000ns
[component_container_isolated-2] [ERROR] [1789770219.614925318] [tf_help]: Transform data too old when converting from map to odom
[component_container_isolated-2] [ERROR] [1789770219.614957346] [tf_help]: Data time: 52s 500000000ns, Transform time: 5s 109000000ns
[component_container_isolated-2] [INFO] [1789770219.664440589] [controller_server]: [TG-MPPI] cycle time (compute_backend=cpu): 5.680 ms/cycle avg over 50 cycles
[component_container_isolated-2] [ERROR] [1789770219.664624451] [tf_help]: Transform data too old when converting from map to odom
[component_container_isolated-2] [ERROR] [1789770219.664647260] [tf_help]: Data time: 52s 500000000ns, Transform time: 5s 109000000ns
[component_container_isolated-2] [INFO] [1789770219.709182382] [controller_server]: Passing new path to controller.
[component_container_isolated-2] [ERROR] [1789770219.714728550] [tf_help]: Transform data too old when converting from map to odom
[component_container_isolated-2] [ERROR] [1789770219.714770352] [tf_help]: Data time: 53s 400000000ns, Transform time: 5s 109000000ns
[component_container_isolated-2] [ERROR] [1789770219.764354660] [tf_help]: Transform data too old when converting from map to odom
[component_container_isolated-2] [ERROR] [1789770219.764388843] [tf_help]: Data time: 53s 400000000ns, Transform time: 5s 109000000ns
[component_container_isolated-2] [ERROR] [1789770219.815960926] [tf_help]: Transform data too old when converting from map to odom
[component_container_isolated-2] [ERROR] [1789770219.815996742] [tf_help]: Data time: 53s 400000000ns, Transform time: 5s 109000000ns
[component_container_isolated-2] [ERROR] [1789770219.864551124] [tf_help]: Transform data too old when converting from map to odom
[component_container_isolated-2] [ERROR] [1789770219.864582370] [tf_help]: Data time: 53s 400000000ns, Transform time: 5s 109000000ns
[component_container_isolated-2] [ERROR] [1789770219.914618413] [tf_help]: Transform data too old when converting from map to odom
[component_container_isolated-2] [ERROR] [1789770219.914648847] [tf_help]: Data time: 53s 400000000ns, Transform time: 5s 109000000ns
[component_container_isolated-2] [ERROR] [1789770219.964377451] [tf_help]: Transform data too old when converting from map to odom
[component_container_isolated-2] [ERROR] [1789770219.964411132] [tf_help]: Data time: 53s 400000000ns, Transform time: 5s 109000000ns
[component_container_isolated-2] [ERROR] [1789770220.014414585] [tf_help]: Transform data too old when converting from map to odom
[component_container_isolated-2] [ERROR] [1789770220.014450190] [tf_help]: Data time: 53s 400000000ns, Transform time: 5s 109000000ns
[component_container_isolated-2] [ERROR] [1789770220.064473425] [tf_help]: Transform data too old when converting from map to odom
[component_container_isolated-2] [ERROR] [1789770220.064508279] [tf_help]: Data time: 53s 400000000ns, Transform time: 5s 109000000ns
[component_container_isolated-2] [ERROR] [1789770220.114391174] [tf_help]: Transform data too old when converting from map to odom
[component_container_isolated-2] [ERROR] [1789770220.114425009] [tf_help]: Data time: 53s 400000000ns, Transform time: 5s 109000000ns
[component_container_isolated-2] [ERROR] [1789770220.169654221] [tf_help]: Transform data too old when converting from map to odom
[component_container_isolated-2] [ERROR] [1789770220.169715279] [tf_help]: Data time: 53s 400000000ns, Transform time: 5s 109000000ns
[component_container_isolated-2] [ERROR] [1789770220.215773595] [tf_help]: Transform data too old when converting from map to odom
[component_container_isolated-2] [ERROR] [1789770220.215814861] [tf_help]: Data time: 53s 400000000ns, Transform time: 5s 109000000ns
[component_container_isolated-2] [ERROR] [1789770220.264638078] [tf_help]: Transform data too old when converting from map to odom
[component_container_isolated-2] [ERROR] [1789770220.264679316] [tf_help]: Data time: 53s 400000000ns, Transform time: 5s 109000000ns
[component_container_isolated-2] [ERROR] [1789770220.314746143] [tf_help]: Transform data too old when converting from map to odom
[component_container_isolated-2] [ERROR] [1789770220.314780185] [tf_help]: Data time: 53s 400000000ns, Transform time: 5s 109000000ns
[component_container_isolated-2] [ERROR] [1789770220.364355117] [tf_help]: Transform data too old when converting from map to odom
[component_container_isolated-2] [ERROR] [1789770220.364404490] [tf_help]: Data time: 53s 400000000ns, Transform time: 5s 109000000ns
[component_container_isolated-2] [ERROR] [1789770220.414832311] [tf_help]: Transform data too old when converting from map to odom
[component_container_isolated-2] [ERROR] [1789770220.414868892] [tf_help]: Data time: 53s 400000000ns, Transform time: 5s 109000000ns
[component_container_isolated-2] [ERROR] [1789770220.464509904] [tf_help]: Transform data too old when converting from map to odom
[component_container_isolated-2] [ERROR] [1789770220.464548278] [tf_help]: Data time: 53s 400000000ns, Transform time: 5s 109000000ns
[component_container_isolated-2] [ERROR] [1789770220.514404265] [tf_help]: Transform data too old when converting from map to odom
[component_container_isolated-2] [ERROR] [1789770220.514439215] [tf_help]: Data time: 53s 400000000ns, Transform time: 5s 109000000ns
[component_container_isolated-2] [ERROR] [1789770220.564742530] [tf_help]: Transform data too old when converting from map to odom
[component_container_isolated-2] [ERROR] [1789770220.564778929] [tf_help]: Data time: 53s 400000000ns, Transform time: 5s 109000000ns
[component_container_isolated-2] [ERROR] [1789770220.617181701] [tf_help]: Transform data too old when converting from map to odom
[component_container_isolated-2] [ERROR] [1789770220.617214123] [tf_help]: Data time: 53s 400000000ns, Transform time: 5s 109000000ns
[component_container_isolated-2] [ERROR] [1789770220.664529077] [tf_help]: Transform data too old when converting from map to odom
[component_container_isolated-2] [ERROR] [1789770220.664562932] [tf_help]: Data time: 53s 400000000ns, Transform time: 5s 109000000ns
[component_container_isolated-2] [ERROR] [1789770220.714346498] [tf_help]: Transform data too old when converting from map to odom
[component_container_isolated-2] [ERROR] [1789770220.714384691] [tf_help]: Data time: 53s 400000000ns, Transform time: 5s 109000000ns
[component_container_isolated-2] [INFO] [1789770220.759192344] [controller_server]: Passing new path to controller.
[component_container_isolated-2] [ERROR] [1789770220.764697840] [tf_help]: Transform data too old when converting from map to odom
[component_container_isolated-2] [ERROR] [1789770220.764722609] [tf_help]: Data time: 54s 300000000ns, Transform time: 5s 109000000ns
[component_container_isolated-2] [ERROR] [1789770220.815028460] [tf_help]: Transform data too old when converting from map to odom
[component_container_isolated-2] [ERROR] [1789770220.815073918] [tf_help]: Data time: 54s 300000000ns, Transform time: 5s 109000000ns
[component_container_isolated-2] [ERROR] [1789770220.864233534] [tf_help]: Transform data too old when converting from map to odom
[component_container_isolated-2] [ERROR] [1789770220.864263893] [tf_help]: Data time: 54s 300000000ns, Transform time: 5s 109000000ns
[component_container_isolated-2] [ERROR] [1789770220.918907235] [tf_help]: Transform data too old when converting from map to odom
[component_container_isolated-2] [ERROR] [1789770220.918952552] [tf_help]: Data time: 54s 300000000ns, Transform time: 5s 109000000ns
[component_container_isolated-2] [ERROR] [1789770220.968942140] [tf_help]: Transform data too old when converting from map to odom
[component_container_isolated-2] [ERROR] [1789770220.968995684] [tf_help]: Data time: 54s 300000000ns, Transform time: 5s 109000000ns
[component_container_isolated-2] [ERROR] [1789770221.019038128] [tf_help]: Transform data too old when converting from map to odom
[component_container_isolated-2] [ERROR] [1789770221.019083825] [tf_help]: Data time: 54s 300000000ns, Transform time: 5s 109000000ns
[component_container_isolated-2] [ERROR] [1789770221.066486860] [tf_help]: Transform data too old when converting from map to odom
[component_container_isolated-2] [ERROR] [1789770221.066519698] [tf_help]: Data time: 54s 300000000ns, Transform time: 5s 109000000ns
[component_container_isolated-2] [ERROR] [1789770221.114580448] [tf_help]: Transform data too old when converting from map to odom
[component_container_isolated-2] [ERROR] [1789770221.114626716] [tf_help]: Data time: 54s 300000000ns, Transform time: 5s 109000000ns
[component_container_isolated-2] [ERROR] [1789770221.164648347] [tf_help]: Transform data too old when converting from map to odom
[component_container_isolated-2] [ERROR] [1789770221.164682014] [tf_help]: Data time: 54s 300000000ns, Transform time: 5s 109000000ns
[component_container_isolated-2] [ERROR] [1789770221.214212859] [tf_help]: Transform data too old when converting from map to odom
[component_container_isolated-2] [ERROR] [1789770221.214243365] [tf_help]: Data time: 54s 300000000ns, Transform time: 5s 109000000ns
[component_container_isolated-2] [ERROR] [1789770221.264264162] [tf_help]: Transform data too old when converting from map to odom
[component_container_isolated-2] [ERROR] [1789770221.264300291] [tf_help]: Data time: 54s 300000000ns, Transform time: 5s 109000000ns
[component_container_isolated-2] [ERROR] [1789770221.316365934] [tf_help]: Transform data too old when converting from map to odom
[component_container_isolated-2] [ERROR] [1789770221.316398081] [tf_help]: Data time: 54s 300000000ns, Transform time: 5s 109000000ns
[component_container_isolated-2] [ERROR] [1789770221.364449701] [tf_help]: Transform data too old when converting from map to odom
[component_container_isolated-2] [ERROR] [1789770221.364483458] [tf_help]: Data time: 54s 300000000ns, Transform time: 5s 109000000ns
[component_container_isolated-2] [ERROR] [1789770221.414466092] [tf_help]: Transform data too old when converting from map to odom
[component_container_isolated-2] [ERROR] [1789770221.414510558] [tf_help]: Data time: 54s 300000000ns, Transform time: 5s 109000000ns
[component_container_isolated-2] [ERROR] [1789770221.464270823] [tf_help]: Transform data too old when converting from map to odom
[component_container_isolated-2] [ERROR] [1789770221.464304861] [tf_help]: Data time: 54s 300000000ns, Transform time: 5s 109000000ns
[component_container_isolated-2] [ERROR] [1789770221.514576376] [tf_help]: Transform data too old when converting from map to odom
[component_container_isolated-2] [ERROR] [1789770221.514610106] [tf_help]: Data time: 54s 300000000ns, Transform time: 5s 109000000ns
[component_container_isolated-2] [ERROR] [1789770221.565133065] [tf_help]: Transform data too old when converting from map to odom
[component_container_isolated-2] [ERROR] [1789770221.565171451] [tf_help]: Data time: 54s 300000000ns, Transform time: 5s 109000000ns
[component_container_isolated-2] [ERROR] [1789770221.614393651] [tf_help]: Transform data too old when converting from map to odom
[component_container_isolated-2] [ERROR] [1789770221.614428231] [tf_help]: Data time: 54s 300000000ns, Transform time: 5s 109000000ns
[component_container_isolated-2] [ERROR] [1789770221.664634803] [tf_help]: Transform data too old when converting from map to odom
[component_container_isolated-2] [ERROR] [1789770221.664671880] [tf_help]: Data time: 54s 300000000ns, Transform time: 5s 109000000ns
[component_container_isolated-2] [ERROR] [1789770221.714240727] [tf_help]: Transform data too old when converting from map to odom
[component_container_isolated-2] [ERROR] [1789770221.714276231] [tf_help]: Data time: 54s 300000000ns, Transform time: 5s 109000000ns
[component_container_isolated-2] [INFO] [1789770221.759092430] [controller_server]: Passing new path to controller.
[component_container_isolated-2] [ERROR] [1789770221.764311410] [tf_help]: Transform data too old when converting from map to odom
[component_container_isolated-2] [ERROR] [1789770221.764352797] [tf_help]: Data time: 55s 300000000ns, Transform time: 5s 109000000ns
[component_container_isolated-2] [ERROR] [1789770221.817217844] [tf_help]: Transform data too old when converting from map to odom
[component_container_isolated-2] [ERROR] [1789770221.817255638] [tf_help]: Data time: 55s 300000000ns, Transform time: 5s 109000000ns
[component_container_isolated-2] [ERROR] [1789770221.867148212] [tf_help]: Transform data too old when converting from map to odom
[component_container_isolated-2] [ERROR] [1789770221.867186472] [tf_help]: Data time: 55s 300000000ns, Transform time: 5s 109000000ns
[component_container_isolated-2] [ERROR] [1789770221.914414405] [tf_help]: Transform data too old when converting from map to odom
[component_container_isolated-2] [ERROR] [1789770221.914455739] [tf_help]: Data time: 55s 300000000ns, Transform time: 5s 109000000ns
[component_container_isolated-2] [ERROR] [1789770221.964426601] [tf_help]: Transform data too old when converting from map to odom
[component_container_isolated-2] [ERROR] [1789770221.964468144] [tf_help]: Data time: 55s 300000000ns, Transform time: 5s 109000000ns
[component_container_isolated-2] [ERROR] [1789770222.014236045] [tf_help]: Transform data too old when converting from map to odom
[component_container_isolated-2] [ERROR] [1789770222.014269539] [tf_help]: Data time: 55s 300000000ns, Transform time: 5s 109000000ns
[component_container_isolated-2] [ERROR] [1789770222.064318373] [tf_help]: Transform data too old when converting from map to odom
[component_container_isolated-2] [ERROR] [1789770222.064351864] [tf_help]: Data time: 55s 300000000ns, Transform time: 5s 109000000ns
[component_container_isolated-2] [ERROR] [1789770222.114371458] [tf_help]: Transform data too old when converting from map to odom
[component_container_isolated-2] [ERROR] [1789770222.114402118] [tf_help]: Data time: 55s 300000000ns, Transform time: 5s 109000000ns
[component_container_isolated-2] [INFO] [1789770222.164289364] [controller_server]: [TG-MPPI] cycle time (compute_backend=cpu): 5.806 ms/cycle avg over 50 cycles
[component_container_isolated-2] [ERROR] [1789770222.164485492] [tf_help]: Transform data too old when converting from map to odom
[component_container_isolated-2] [ERROR] [1789770222.164519345] [tf_help]: Data time: 55s 300000000ns, Transform time: 5s 109000000ns
[component_container_isolated-2] [ERROR] [1789770222.214671817] [tf_help]: Transform data too old when converting from map to odom
[component_container_isolated-2] [ERROR] [1789770222.214706212] [tf_help]: Data time: 55s 300000000ns, Transform time: 5s 109000000ns
[component_container_isolated-2] [ERROR] [1789770222.268503004] [tf_help]: Transform data too old when converting from map to odom
[component_container_isolated-2] [ERROR] [1789770222.268540851] [tf_help]: Data time: 55s 300000000ns, Transform time: 5s 109000000ns
[component_container_isolated-2] [ERROR] [1789770222.315079074] [tf_help]: Transform data too old when converting from map to odom
[component_container_isolated-2] [ERROR] [1789770222.315115326] [tf_help]: Data time: 55s 300000000ns, Transform time: 5s 109000000ns
[component_container_isolated-2] [ERROR] [1789770222.364869277] [tf_help]: Transform data too old when converting from map to odom
[component_container_isolated-2] [ERROR] [1789770222.364908768] [tf_help]: Data time: 55s 300000000ns, Transform time: 5s 109000000ns
[component_container_isolated-2] [ERROR] [1789770222.415637784] [tf_help]: Transform data too old when converting from map to odom
[component_container_isolated-2] [ERROR] [1789770222.415673356] [tf_help]: Data time: 55s 300000000ns, Transform time: 5s 109000000ns
[component_container_isolated-2] [ERROR] [1789770222.464534795] [tf_help]: Transform data too old when converting from map to odom
[component_container_isolated-2] [ERROR] [1789770222.464581816] [tf_help]: Data time: 55s 300000000ns, Transform time: 5s 109000000ns
[component_container_isolated-2] [ERROR] [1789770222.514652518] [tf_help]: Transform data too old when converting from map to odom
[component_container_isolated-2] [ERROR] [1789770222.514688905] [tf_help]: Data time: 55s 300000000ns, Transform time: 5s 109000000ns
[component_container_isolated-2] [ERROR] [1789770222.564481280] [tf_help]: Transform data too old when converting from map to odom
[component_container_isolated-2] [ERROR] [1789770222.564516089] [tf_help]: Data time: 55s 300000000ns, Transform time: 5s 109000000ns
[component_container_isolated-2] [ERROR] [1789770222.614888606] [tf_help]: Transform data too old when converting from map to odom
[component_container_isolated-2] [ERROR] [1789770222.614922526] [tf_help]: Data time: 55s 300000000ns, Transform time: 5s 109000000ns
[component_container_isolated-2] [ERROR] [1789770222.665085088] [tf_help]: Transform data too old when converting from map to odom
[component_container_isolated-2] [ERROR] [1789770222.665122307] [tf_help]: Data time: 55s 300000000ns, Transform time: 5s 109000000ns
[component_container_isolated-2] [ERROR] [1789770222.714745431] [tf_help]: Transform data too old when converting from map to odom
[component_container_isolated-2] [ERROR] [1789770222.714781280] [tf_help]: Data time: 55s 300000000ns, Transform time: 5s 109000000ns
[component_container_isolated-2] [ERROR] [1789770222.764984192] [tf_help]: Transform data too old when converting from map to odom
[component_container_isolated-2] [ERROR] [1789770222.765046566] [tf_help]: Data time: 55s 300000000ns, Transform time: 5s 109000000ns
[component_container_isolated-2] [INFO] [1789770222.809136159] [controller_server]: Passing new path to controller.
[component_container_isolated-2] [ERROR] [1789770222.814846798] [tf_help]: Transform data too old when converting from map to odom
[component_container_isolated-2] [ERROR] [1789770222.814876812] [tf_help]: Data time: 56s 300000000ns, Transform time: 5s 109000000ns
[component_container_isolated-2] [ERROR] [1789770222.864559867] [tf_help]: Transform data too old when converting from map to odom
[component_container_isolated-2] [ERROR] [1789770222.864595100] [tf_help]: Data time: 56s 300000000ns, Transform time: 5s 109000000ns
[component_container_isolated-2] [ERROR] [1789770222.914256204] [tf_help]: Transform data too old when converting from map to odom
[component_container_isolated-2] [ERROR] [1789770222.914291497] [tf_help]: Data time: 56s 300000000ns, Transform time: 5s 109000000ns
[component_container_isolated-2] [ERROR] [1789770222.964527244] [tf_help]: Transform data too old when converting from map to odom
[component_container_isolated-2] [ERROR] [1789770222.964562028] [tf_help]: Data time: 56s 300000000ns, Transform time: 5s 109000000ns
[component_container_isolated-2] [ERROR] [1789770223.014360612] [tf_help]: Transform data too old when converting from map to odom
[component_container_isolated-2] [ERROR] [1789770223.014398154] [tf_help]: Data time: 56s 300000000ns, Transform time: 5s 109000000ns
[component_container_isolated-2] [ERROR] [1789770223.064717519] [tf_help]: Transform data too old when converting from map to odom
[component_container_isolated-2] [ERROR] [1789770223.064753675] [tf_help]: Data time: 56s 300000000ns, Transform time: 5s 109000000ns
[component_container_isolated-2] [ERROR] [1789770223.114539313] [tf_help]: Transform data too old when converting from map to odom
[component_container_isolated-2] [ERROR] [1789770223.114573908] [tf_help]: Data time: 56s 300000000ns, Transform time: 5s 109000000ns
[component_container_isolated-2] [ERROR] [1789770223.164868020] [tf_help]: Transform data too old when converting from map to odom
[component_container_isolated-2] [ERROR] [1789770223.164906313] [tf_help]: Data time: 56s 300000000ns, Transform time: 5s 109000000ns
[component_container_isolated-2] [ERROR] [1789770223.215621566] [tf_help]: Transform data too old when converting from map to odom
[component_container_isolated-2] [ERROR] [1789770223.215661658] [tf_help]: Data time: 56s 300000000ns, Transform time: 5s 109000000ns
[component_container_isolated-2] [ERROR] [1789770223.264366120] [tf_help]: Transform data too old when converting from map to odom
[component_container_isolated-2] [ERROR] [1789770223.264403282] [tf_help]: Data time: 56s 300000000ns, Transform time: 5s 109000000ns
[component_container_isolated-2] [ERROR] [1789770223.314959544] [tf_help]: Transform data too old when converting from map to odom
[component_container_isolated-2] [ERROR] [1789770223.314997694] [tf_help]: Data time: 56s 300000000ns, Transform time: 5s 109000000ns
[component_container_isolated-2] [ERROR] [1789770223.364165106] [tf_help]: Transform data too old when converting from map to odom
[component_container_isolated-2] [ERROR] [1789770223.364200819] [tf_help]: Data time: 56s 300000000ns, Transform time: 5s 109000000ns
[component_container_isolated-2] [ERROR] [1789770223.414578071] [tf_help]: Transform data too old when converting from map to odom
[component_container_isolated-2] [ERROR] [1789770223.414613766] [tf_help]: Data time: 56s 300000000ns, Transform time: 5s 109000000ns
[component_container_isolated-2] [ERROR] [1789770223.464411297] [tf_help]: Transform data too old when converting from map to odom
[component_container_isolated-2] [ERROR] [1789770223.464451042] [tf_help]: Data time: 56s 300000000ns, Transform time: 5s 109000000ns
[component_container_isolated-2] [ERROR] [1789770223.514353148] [tf_help]: Transform data too old when converting from map to odom
[component_container_isolated-2] [ERROR] [1789770223.514392255] [tf_help]: Data time: 56s 300000000ns, Transform time: 5s 109000000ns
[component_container_isolated-2] [ERROR] [1789770223.564391618] [tf_help]: Transform data too old when converting from map to odom
[component_container_isolated-2] [ERROR] [1789770223.564426812] [tf_help]: Data time: 56s 300000000ns, Transform time: 5s 109000000ns
[component_container_isolated-2] [ERROR] [1789770223.614462300] [tf_help]: Transform data too old when converting from map to odom
[component_container_isolated-2] [ERROR] [1789770223.614503968] [tf_help]: Data time: 56s 300000000ns, Transform time: 5s 109000000ns
[component_container_isolated-2] [ERROR] [1789770223.664536473] [tf_help]: Transform data too old when converting from map to odom
[component_container_isolated-2] [ERROR] [1789770223.664576330] [tf_help]: Data time: 56s 300000000ns, Transform time: 5s 109000000ns
[component_container_isolated-2] [ERROR] [1789770223.714627043] [tf_help]: Transform data too old when converting from map to odom
[component_container_isolated-2] [ERROR] [1789770223.714668028] [tf_help]: Data time: 56s 300000000ns, Transform time: 5s 109000000ns
[component_container_isolated-2] [ERROR] [1789770223.764923620] [tf_help]: Transform data too old when converting from map to odom
[component_container_isolated-2] [ERROR] [1789770223.764962938] [tf_help]: Data time: 56s 300000000ns, Transform time: 5s 109000000ns
[component_container_isolated-2] [INFO] [1789770223.809092398] [controller_server]: Passing new path to controller.
[component_container_isolated-2] [ERROR] [1789770223.815241596] [tf_help]: Transform data too old when converting from map to odom
[component_container_isolated-2] [ERROR] [1789770223.815277208] [tf_help]: Data time: 57s 300000000ns, Transform time: 5s 109000000ns
[component_container_isolated-2] [ERROR] [1789770223.864643670] [tf_help]: Transform data too old when converting from map to odom
[component_container_isolated-2] [ERROR] [1789770223.864679068] [tf_help]: Data time: 57s 300000000ns, Transform time: 5s 109000000ns
[component_container_isolated-2] [ERROR] [1789770223.914406938] [tf_help]: Transform data too old when converting from map to odom
[component_container_isolated-2] [ERROR] [1789770223.914441024] [tf_help]: Data time: 57s 300000000ns, Transform time: 5s 109000000ns
[component_container_isolated-2] [ERROR] [1789770223.967253146] [tf_help]: Transform data too old when converting from map to odom
[component_container_isolated-2] [ERROR] [1789770223.967290426] [tf_help]: Data time: 57s 300000000ns, Transform time: 5s 109000000ns
[component_container_isolated-2] [ERROR] [1789770224.014643085] [tf_help]: Transform data too old when converting from map to odom
[component_container_isolated-2] [ERROR] [1789770224.014679864] [tf_help]: Data time: 57s 300000000ns, Transform time: 5s 109000000ns
[component_container_isolated-2] [ERROR] [1789770224.064699385] [tf_help]: Transform data too old when converting from map to odom
[component_container_isolated-2] [ERROR] [1789770224.064746058] [tf_help]: Data time: 57s 300000000ns, Transform time: 5s 109000000ns
[component_container_isolated-2] [ERROR] [1789770224.116024369] [tf_help]: Transform data too old when converting from map to odom
[component_container_isolated-2] [ERROR] [1789770224.116061386] [tf_help]: Data time: 57s 300000000ns, Transform time: 5s 109000000ns
[component_container_isolated-2] [ERROR] [1789770224.164476738] [tf_help]: Transform data too old when converting from map to odom
[component_container_isolated-2] [ERROR] [1789770224.164515912] [tf_help]: Data time: 57s 300000000ns, Transform time: 5s 109000000ns
[component_container_isolated-2] [ERROR] [1789770224.214819223] [tf_help]: Transform data too old when converting from map to odom
[component_container_isolated-2] [ERROR] [1789770224.214856972] [tf_help]: Data time: 57s 300000000ns, Transform time: 5s 109000000ns
[component_container_isolated-2] [ERROR] [1789770224.264375983] [tf_help]: Transform data too old when converting from map to odom
[component_container_isolated-2] [ERROR] [1789770224.264429986] [tf_help]: Data time: 57s 300000000ns, Transform time: 5s 109000000ns
[component_container_isolated-2] [ERROR] [1789770224.314941894] [tf_help]: Transform data too old when converting from map to odom
[component_container_isolated-2] [ERROR] [1789770224.314980177] [tf_help]: Data time: 57s 300000000ns, Transform time: 5s 109000000ns
[component_container_isolated-2] [ERROR] [1789770224.364400012] [tf_help]: Transform data too old when converting from map to odom
[component_container_isolated-2] [ERROR] [1789770224.364440347] [tf_help]: Data time: 57s 300000000ns, Transform time: 5s 109000000ns
[component_container_isolated-2] [ERROR] [1789770224.414410971] [tf_help]: Transform data too old when converting from map to odom
[component_container_isolated-2] [ERROR] [1789770224.414451563] [tf_help]: Data time: 57s 300000000ns, Transform time: 5s 109000000ns
[component_container_isolated-2] [ERROR] [1789770224.464372902] [tf_help]: Transform data too old when converting from map to odom
[component_container_isolated-2] [ERROR] [1789770224.464410114] [tf_help]: Data time: 57s 300000000ns, Transform time: 5s 109000000ns
[component_container_isolated-2] [ERROR] [1789770224.515716541] [tf_help]: Transform data too old when converting from map to odom
[component_container_isolated-2] [ERROR] [1789770224.515748302] [tf_help]: Data time: 57s 300000000ns, Transform time: 5s 109000000ns
[component_container_isolated-2] [ERROR] [1789770224.566380554] [tf_help]: Transform data too old when converting from map to odom
[component_container_isolated-2] [ERROR] [1789770224.566423808] [tf_help]: Data time: 57s 300000000ns, Transform time: 5s 109000000ns
[component_container_isolated-2] [ERROR] [1789770224.617492026] [tf_help]: Transform data too old when converting from map to odom
[component_container_isolated-2] [ERROR] [1789770224.617547779] [tf_help]: Data time: 57s 300000000ns, Transform time: 5s 109000000ns
[component_container_isolated-2] [INFO] [1789770224.665630373] [controller_server]: [TG-MPPI] cycle time (compute_backend=cpu): 5.605 ms/cycle avg over 50 cycles
[component_container_isolated-2] [ERROR] [1789770224.665763806] [tf_help]: Transform data too old when converting from map to odom
[component_container_isolated-2] [ERROR] [1789770224.665781339] [tf_help]: Data time: 57s 300000000ns, Transform time: 5s 109000000ns
[component_container_isolated-2] [ERROR] [1789770224.714581048] [tf_help]: Transform data too old when converting from map to odom
[component_container_isolated-2] [ERROR] [1789770224.714613105] [tf_help]: Data time: 57s 300000000ns, Transform time: 5s 109000000ns
[component_container_isolated-2] [ERROR] [1789770224.764988024] [tf_help]: Transform data too old when converting from map to odom
[component_container_isolated-2] [ERROR] [1789770224.765021191] [tf_help]: Data time: 57s 300000000ns, Transform time: 5s 109000000ns
[component_container_isolated-2] [ERROR] [1789770224.814667344] [tf_help]: Transform data too old when converting from map to odom
[component_container_isolated-2] [ERROR] [1789770224.814699347] [tf_help]: Data time: 57s 300000000ns, Transform time: 5s 109000000ns
[component_container_isolated-2] [INFO] [1789770224.859086069] [controller_server]: Passing new path to controller.
[component_container_isolated-2] [ERROR] [1789770224.864495058] [tf_help]: Transform data too old when converting from map to odom
[component_container_isolated-2] [ERROR] [1789770224.864527299] [tf_help]: Data time: 58s 200000000ns, Transform time: 5s 109000000ns
[component_container_isolated-2] [ERROR] [1789770224.915289773] [tf_help]: Transform data too old when converting from map to odom
[component_container_isolated-2] [ERROR] [1789770224.915328517] [tf_help]: Data time: 58s 200000000ns, Transform time: 5s 109000000ns
[component_container_isolated-2] [ERROR] [1789770224.964166244] [tf_help]: Transform data too old when converting from map to odom
[component_container_isolated-2] [ERROR] [1789770224.964202222] [tf_help]: Data time: 58s 200000000ns, Transform time: 5s 109000000ns
[component_container_isolated-2] [ERROR] [1789770225.014855848] [tf_help]: Transform data too old when converting from map to odom
[component_container_isolated-2] [ERROR] [1789770225.014888388] [tf_help]: Data time: 58s 200000000ns, Transform time: 5s 109000000ns
[component_container_isolated-2] [ERROR] [1789770225.064783165] [tf_help]: Transform data too old when converting from map to odom
[component_container_isolated-2] [ERROR] [1789770225.064817056] [tf_help]: Data time: 58s 200000000ns, Transform time: 5s 109000000ns
[component_container_isolated-2] [ERROR] [1789770225.114340176] [tf_help]: Transform data too old when converting from map to odom
[component_container_isolated-2] [ERROR] [1789770225.114371488] [tf_help]: Data time: 58s 200000000ns, Transform time: 5s 109000000ns
[component_container_isolated-2] [ERROR] [1789770225.165160371] [tf_help]: Transform data too old when converting from map to odom
[component_container_isolated-2] [ERROR] [1789770225.165192869] [tf_help]: Data time: 58s 200000000ns, Transform time: 5s 109000000ns
[component_container_isolated-2] [ERROR] [1789770225.214611567] [tf_help]: Transform data too old when converting from map to odom
[component_container_isolated-2] [ERROR] [1789770225.214643660] [tf_help]: Data time: 58s 200000000ns, Transform time: 5s 109000000ns
[component_container_isolated-2] [ERROR] [1789770225.264175825] [tf_help]: Transform data too old when converting from map to odom
[component_container_isolated-2] [ERROR] [1789770225.264227245] [tf_help]: Data time: 58s 200000000ns, Transform time: 5s 109000000ns
[component_container_isolated-2] [ERROR] [1789770225.315033565] [tf_help]: Transform data too old when converting from map to odom
[component_container_isolated-2] [ERROR] [1789770225.315067365] [tf_help]: Data time: 58s 200000000ns, Transform time: 5s 109000000ns
[component_container_isolated-2] [ERROR] [1789770225.364454621] [tf_help]: Transform data too old when converting from map to odom
[component_container_isolated-2] [ERROR] [1789770225.364495381] [tf_help]: Data time: 58s 200000000ns, Transform time: 5s 109000000ns
[component_container_isolated-2] [ERROR] [1789770225.414717773] [tf_help]: Transform data too old when converting from map to odom
[component_container_isolated-2] [ERROR] [1789770225.414756393] [tf_help]: Data time: 58s 200000000ns, Transform time: 5s 109000000ns
[component_container_isolated-2] [ERROR] [1789770225.464977330] [tf_help]: Transform data too old when converting from map to odom
[component_container_isolated-2] [ERROR] [1789770225.465015713] [tf_help]: Data time: 58s 200000000ns, Transform time: 5s 109000000ns
[component_container_isolated-2] [ERROR] [1789770225.514250934] [tf_help]: Transform data too old when converting from map to odom
[component_container_isolated-2] [ERROR] [1789770225.514288486] [tf_help]: Data time: 58s 200000000ns, Transform time: 5s 109000000ns
[component_container_isolated-2] [ERROR] [1789770225.564766270] [tf_help]: Transform data too old when converting from map to odom
[component_container_isolated-2] [ERROR] [1789770225.564801159] [tf_help]: Data time: 58s 200000000ns, Transform time: 5s 109000000ns
[component_container_isolated-2] [ERROR] [1789770225.614533976] [tf_help]: Transform data too old when converting from map to odom
[component_container_isolated-2] [ERROR] [1789770225.614564880] [tf_help]: Data time: 58s 200000000ns, Transform time: 5s 109000000ns
[component_container_isolated-2] [ERROR] [1789770225.664777269] [tf_help]: Transform data too old when converting from map to odom
[component_container_isolated-2] [ERROR] [1789770225.664813233] [tf_help]: Data time: 58s 200000000ns, Transform time: 5s 109000000ns
[component_container_isolated-2] [ERROR] [1789770225.715987414] [tf_help]: Transform data too old when converting from map to odom
[component_container_isolated-2] [ERROR] [1789770225.716033941] [tf_help]: Data time: 58s 200000000ns, Transform time: 5s 109000000ns
[component_container_isolated-2] [ERROR] [1789770225.764576457] [tf_help]: Transform data too old when converting from map to odom
[component_container_isolated-2] [ERROR] [1789770225.764620545] [tf_help]: Data time: 58s 200000000ns, Transform time: 5s 109000000ns
[component_container_isolated-2] [ERROR] [1789770225.815158724] [tf_help]: Transform data too old when converting from map to odom
[component_container_isolated-2] [ERROR] [1789770225.815192934] [tf_help]: Data time: 58s 200000000ns, Transform time: 5s 109000000ns
[component_container_isolated-2] [ERROR] [1789770225.864396704] [tf_help]: Transform data too old when converting from map to odom
[component_container_isolated-2] [ERROR] [1789770225.864434250] [tf_help]: Data time: 58s 200000000ns, Transform time: 5s 109000000ns
[component_container_isolated-2] [INFO] [1789770225.909238162] [controller_server]: Passing new path to controller.
[component_container_isolated-2] [ERROR] [1789770225.915886423] [tf_help]: Transform data too old when converting from map to odom
[component_container_isolated-2] [ERROR] [1789770225.915913729] [tf_help]: Data time: 59s 200000000ns, Transform time: 5s 109000000ns
[component_container_isolated-2] [ERROR] [1789770225.964356240] [tf_help]: Transform data too old when converting from map to odom
[component_container_isolated-2] [ERROR] [1789770225.964387402] [tf_help]: Data time: 59s 200000000ns, Transform time: 5s 109000000ns
[component_container_isolated-2] [ERROR] [1789770226.014485071] [tf_help]: Transform data too old when converting from map to odom
[component_container_isolated-2] [ERROR] [1789770226.014517154] [tf_help]: Data time: 59s 200000000ns, Transform time: 5s 109000000ns
[component_container_isolated-2] [ERROR] [1789770226.064748507] [tf_help]: Transform data too old when converting from map to odom
[component_container_isolated-2] [ERROR] [1789770226.064781690] [tf_help]: Data time: 59s 200000000ns, Transform time: 5s 109000000ns
[component_container_isolated-2] [ERROR] [1789770226.114950700] [tf_help]: Transform data too old when converting from map to odom
[component_container_isolated-2] [ERROR] [1789770226.114983765] [tf_help]: Data time: 59s 200000000ns, Transform time: 5s 109000000ns
[component_container_isolated-2] [ERROR] [1789770226.167912215] [tf_help]: Transform data too old when converting from map to odom
[component_container_isolated-2] [ERROR] [1789770226.167958873] [tf_help]: Data time: 59s 200000000ns, Transform time: 5s 109000000ns
[component_container_isolated-2] [ERROR] [1789770226.215528971] [tf_help]: Transform data too old when converting from map to odom
[component_container_isolated-2] [ERROR] [1789770226.215564327] [tf_help]: Data time: 59s 200000000ns, Transform time: 5s 109000000ns
[component_container_isolated-2] [ERROR] [1789770226.268903275] [tf_help]: Transform data too old when converting from map to odom
[component_container_isolated-2] [ERROR] [1789770226.268948237] [tf_help]: Data time: 59s 200000000ns, Transform time: 5s 109000000ns
[component_container_isolated-2] [ERROR] [1789770226.318988778] [tf_help]: Transform data too old when converting from map to odom
[component_container_isolated-2] [ERROR] [1789770226.319033049] [tf_help]: Data time: 59s 200000000ns, Transform time: 5s 109000000ns
[component_container_isolated-2] [ERROR] [1789770226.368504232] [tf_help]: Transform data too old when converting from map to odom
[component_container_isolated-2] [ERROR] [1789770226.368555085] [tf_help]: Data time: 59s 200000000ns, Transform time: 5s 109000000ns
[component_container_isolated-2] [ERROR] [1789770226.415582950] [tf_help]: Transform data too old when converting from map to odom
[component_container_isolated-2] [ERROR] [1789770226.415617132] [tf_help]: Data time: 59s 200000000ns, Transform time: 5s 109000000ns
[component_container_isolated-2] [ERROR] [1789770226.464768217] [tf_help]: Transform data too old when converting from map to odom
[component_container_isolated-2] [ERROR] [1789770226.464808265] [tf_help]: Data time: 59s 200000000ns, Transform time: 5s 109000000ns
[component_container_isolated-2] [ERROR] [1789770226.514542787] [tf_help]: Transform data too old when converting from map to odom
[component_container_isolated-2] [ERROR] [1789770226.514577077] [tf_help]: Data time: 59s 200000000ns, Transform time: 5s 109000000ns
[component_container_isolated-2] [ERROR] [1789770226.565310837] [tf_help]: Transform data too old when converting from map to odom
[component_container_isolated-2] [ERROR] [1789770226.565350867] [tf_help]: Data time: 59s 200000000ns, Transform time: 5s 109000000ns
[component_container_isolated-2] [ERROR] [1789770226.615394666] [tf_help]: Transform data too old when converting from map to odom
[component_container_isolated-2] [ERROR] [1789770226.615441871] [tf_help]: Data time: 59s 200000000ns, Transform time: 5s 109000000ns
[component_container_isolated-2] [ERROR] [1789770226.664670816] [tf_help]: Transform data too old when converting from map to odom
[component_container_isolated-2] [ERROR] [1789770226.664705352] [tf_help]: Data time: 59s 200000000ns, Transform time: 5s 109000000ns
[ground_truth_localizer-1] [INFO] [1789770226.716768849] [ground_truth_localizer]: last 10 s: ground truth msgs 294, map->odom published 294 (283 via latest odom TF)
[component_container_isolated-2] [ERROR] [1789770226.719472238] [tf_help]: Transform data too old when converting from map to odom
[component_container_isolated-2] [ERROR] [1789770226.719505563] [tf_help]: Data time: 59s 200000000ns, Transform time: 5s 109000000ns
[component_container_isolated-2] [ERROR] [1789770226.765163674] [tf_help]: Transform data too old when converting from map to odom
[component_container_isolated-2] [ERROR] [1789770226.765197126] [tf_help]: Data time: 59s 200000000ns, Transform time: 5s 109000000ns
[component_container_isolated-2] [ERROR] [1789770226.816721666] [tf_help]: Transform data too old when converting from map to odom
[component_container_isolated-2] [ERROR] [1789770226.816754665] [tf_help]: Data time: 59s 200000000ns, Transform time: 5s 109000000ns
[component_container_isolated-2] [ERROR] [1789770226.865326577] [tf_help]: Transform data too old when converting from map to odom
[component_container_isolated-2] [ERROR] [1789770226.865370843] [tf_help]: Data time: 59s 200000000ns, Transform time: 5s 109000000ns
[component_container_isolated-2] [INFO] [1789770226.909127508] [controller_server]: Passing new path to controller.
[component_container_isolated-2] [ERROR] [1789770226.916830057] [tf_help]: Transform data too old when converting from map to odom
[component_container_isolated-2] [ERROR] [1789770226.916860932] [tf_help]: Data time: 60s 0ns, Transform time: 5s 109000000ns
[component_container_isolated-2] [ERROR] [1789770226.964538233] [tf_help]: Transform data too old when converting from map to odom
[component_container_isolated-2] [ERROR] [1789770226.964572754] [tf_help]: Data time: 60s 0ns, Transform time: 5s 109000000ns
[component_container_isolated-2] [ERROR] [1789770227.014840915] [tf_help]: Transform data too old when converting from map to odom
[component_container_isolated-2] [ERROR] [1789770227.014884939] [tf_help]: Data time: 60s 0ns, Transform time: 5s 109000000ns
[component_container_isolated-2] [ERROR] [1789770227.066888280] [tf_help]: Transform data too old when converting from map to odom
[component_container_isolated-2] [ERROR] [1789770227.066924143] [tf_help]: Data time: 60s 0ns, Transform time: 5s 109000000ns
[component_container_isolated-2] [ERROR] [1789770227.114453577] [tf_help]: Transform data too old when converting from map to odom
[component_container_isolated-2] [ERROR] [1789770227.114487540] [tf_help]: Data time: 60s 0ns, Transform time: 5s 109000000ns
[component_container_isolated-2] [INFO] [1789770227.164379311] [controller_server]: [TG-MPPI] cycle time (compute_backend=cpu): 5.959 ms/cycle avg over 50 cycles
[component_container_isolated-2] [ERROR] [1789770227.164538854] [tf_help]: Transform data too old when converting from map to odom
[component_container_isolated-2] [ERROR] [1789770227.164559301] [tf_help]: Data time: 60s 0ns, Transform time: 5s 109000000ns
[component_container_isolated-2] [ERROR] [1789770227.214610497] [tf_help]: Transform data too old when converting from map to odom
[component_container_isolated-2] [ERROR] [1789770227.214645532] [tf_help]: Data time: 60s 0ns, Transform time: 5s 109000000ns
[component_container_isolated-2] [ERROR] [1789770227.264714154] [tf_help]: Transform data too old when converting from map to odom
[component_container_isolated-2] [ERROR] [1789770227.264750425] [tf_help]: Data time: 60s 0ns, Transform time: 5s 109000000ns
[component_container_isolated-2] [ERROR] [1789770227.314496443] [tf_help]: Transform data too old when converting from map to odom
[component_container_isolated-2] [ERROR] [1789770227.314527764] [tf_help]: Data time: 60s 0ns, Transform time: 5s 109000000ns
[component_container_isolated-2] [ERROR] [1789770227.364328823] [tf_help]: Transform data too old when converting from map to odom
[component_container_isolated-2] [ERROR] [1789770227.364362139] [tf_help]: Data time: 60s 0ns, Transform time: 5s 109000000ns
[component_container_isolated-2] [ERROR] [1789770227.414502440] [tf_help]: Transform data too old when converting from map to odom
[component_container_isolated-2] [ERROR] [1789770227.414533682] [tf_help]: Data time: 60s 0ns, Transform time: 5s 109000000ns
[component_container_isolated-2] [ERROR] [1789770227.464482009] [tf_help]: Transform data too old when converting from map to odom
[component_container_isolated-2] [ERROR] [1789770227.464513919] [tf_help]: Data time: 60s 0ns, Transform time: 5s 109000000ns
[component_container_isolated-2] [ERROR] [1789770227.514629530] [tf_help]: Transform data too old when converting from map to odom
[component_container_isolated-2] [ERROR] [1789770227.514662962] [tf_help]: Data time: 60s 0ns, Transform time: 5s 109000000ns
[component_container_isolated-2] [ERROR] [1789770227.565147532] [tf_help]: Transform data too old when converting from map to odom
[component_container_isolated-2] [ERROR] [1789770227.565187168] [tf_help]: Data time: 60s 0ns, Transform time: 5s 109000000ns
[component_container_isolated-2] [ERROR] [1789770227.615044952] [tf_help]: Transform data too old when converting from map to odom
[component_container_isolated-2] [ERROR] [1789770227.615077819] [tf_help]: Data time: 60s 0ns, Transform time: 5s 109000000ns
[component_container_isolated-2] [ERROR] [1789770227.664804535] [tf_help]: Transform data too old when converting from map to odom
[component_container_isolated-2] [ERROR] [1789770227.664839272] [tf_help]: Data time: 60s 0ns, Transform time: 5s 109000000ns
[component_container_isolated-2] [ERROR] [1789770227.718784569] [tf_help]: Transform data too old when converting from map to odom
[component_container_isolated-2] [ERROR] [1789770227.718823703] [tf_help]: Data time: 60s 0ns, Transform time: 5s 109000000ns
[component_container_isolated-2] [ERROR] [1789770227.765704157] [tf_help]: Transform data too old when converting from map to odom
[component_container_isolated-2] [ERROR] [1789770227.765743598] [tf_help]: Data time: 60s 0ns, Transform time: 5s 109000000ns
[component_container_isolated-2] [ERROR] [1789770227.818718698] [tf_help]: Transform data too old when converting from map to odom
[component_container_isolated-2] [ERROR] [1789770227.818795062] [tf_help]: Data time: 60s 0ns, Transform time: 5s 109000000ns
[component_container_isolated-2] [ERROR] [1789770227.869170838] [tf_help]: Transform data too old when converting from map to odom
[component_container_isolated-2] [ERROR] [1789770227.869210662] [tf_help]: Data time: 60s 0ns, Transform time: 5s 109000000ns
[component_container_isolated-2] [ERROR] [1789770227.915527070] [tf_help]: Transform data too old when converting from map to odom
[component_container_isolated-2] [ERROR] [1789770227.915576582] [tf_help]: Data time: 60s 0ns, Transform time: 5s 109000000ns
[component_container_isolated-2] [INFO] [1789770227.959227943] [controller_server]: Passing new path to controller.
[component_container_isolated-2] [ERROR] [1789770227.964958982] [tf_help]: Transform data too old when converting from map to odom
[component_container_isolated-2] [ERROR] [1789770227.965003085] [tf_help]: Data time: 61s 0ns, Transform time: 5s 109000000ns
[component_container_isolated-2] [ERROR] [1789770228.014530037] [tf_help]: Transform data too old when converting from map to odom
[component_container_isolated-2] [ERROR] [1789770228.014569184] [tf_help]: Data time: 61s 0ns, Transform time: 5s 109000000ns
[component_container_isolated-2] [ERROR] [1789770228.065295992] [tf_help]: Transform data too old when converting from map to odom
[component_container_isolated-2] [ERROR] [1789770228.065337214] [tf_help]: Data time: 61s 0ns, Transform time: 5s 109000000ns
[component_container_isolated-2] [ERROR] [1789770228.114652189] [tf_help]: Transform data too old when converting from map to odom
[component_container_isolated-2] [ERROR] [1789770228.114701962] [tf_help]: Data time: 61s 0ns, Transform time: 5s 109000000ns
[component_container_isolated-2] [ERROR] [1789770228.165150308] [tf_help]: Transform data too old when converting from map to odom
[component_container_isolated-2] [ERROR] [1789770228.165188461] [tf_help]: Data time: 61s 0ns, Transform time: 5s 109000000ns
[component_container_isolated-2] [ERROR] [1789770228.214226330] [tf_help]: Transform data too old when converting from map to odom
[component_container_isolated-2] [ERROR] [1789770228.214261505] [tf_help]: Data time: 61s 0ns, Transform time: 5s 109000000ns
[component_container_isolated-2] [ERROR] [1789770228.264704681] [tf_help]: Transform data too old when converting from map to odom
[component_container_isolated-2] [ERROR] [1789770228.264742945] [tf_help]: Data time: 61s 0ns, Transform time: 5s 109000000ns
[component_container_isolated-2] [ERROR] [1789770228.315289501] [tf_help]: Transform data too old when converting from map to odom
[component_container_isolated-2] [ERROR] [1789770228.315322520] [tf_help]: Data time: 61s 0ns, Transform time: 5s 109000000ns
[component_container_isolated-2] [ERROR] [1789770228.364339150] [tf_help]: Transform data too old when converting from map to odom
[component_container_isolated-2] [ERROR] [1789770228.364370552] [tf_help]: Data time: 61s 0ns, Transform time: 5s 109000000ns
[component_container_isolated-2] [ERROR] [1789770228.414361402] [tf_help]: Transform data too old when converting from map to odom
[component_container_isolated-2] [ERROR] [1789770228.414396477] [tf_help]: Data time: 61s 0ns, Transform time: 5s 109000000ns
[component_container_isolated-2] [ERROR] [1789770228.464546950] [tf_help]: Transform data too old when converting from map to odom
[component_container_isolated-2] [ERROR] [1789770228.464583604] [tf_help]: Data time: 61s 0ns, Transform time: 5s 109000000ns
[component_container_isolated-2] [ERROR] [1789770228.514831160] [tf_help]: Transform data too old when converting from map to odom
[component_container_isolated-2] [ERROR] [1789770228.514869070] [tf_help]: Data time: 61s 0ns, Transform time: 5s 109000000ns
[component_container_isolated-2] [ERROR] [1789770228.564586831] [tf_help]: Transform data too old when converting from map to odom
[component_container_isolated-2] [ERROR] [1789770228.564624381] [tf_help]: Data time: 61s 0ns, Transform time: 5s 109000000ns
[component_container_isolated-2] [ERROR] [1789770228.617331180] [tf_help]: Transform data too old when converting from map to odom
[component_container_isolated-2] [ERROR] [1789770228.617372494] [tf_help]: Data time: 61s 0ns, Transform time: 5s 109000000ns
[component_container_isolated-2] [ERROR] [1789770228.666092946] [tf_help]: Transform data too old when converting from map to odom
[component_container_isolated-2] [ERROR] [1789770228.666138919] [tf_help]: Data time: 61s 0ns, Transform time: 5s 109000000ns
[component_container_isolated-2] [ERROR] [1789770228.717286496] [tf_help]: Transform data too old when converting from map to odom
[component_container_isolated-2] [ERROR] [1789770228.717328395] [tf_help]: Data time: 61s 0ns, Transform time: 5s 109000000ns
[component_container_isolated-2] [ERROR] [1789770228.766148107] [tf_help]: Transform data too old when converting from map to odom
[component_container_isolated-2] [ERROR] [1789770228.766189134] [tf_help]: Data time: 61s 0ns, Transform time: 5s 109000000ns
[component_container_isolated-2] [ERROR] [1789770228.815854184] [tf_help]: Transform data too old when converting from map to odom
[component_container_isolated-2] [ERROR] [1789770228.815893452] [tf_help]: Data time: 61s 0ns, Transform time: 5s 109000000ns
[component_container_isolated-2] [ERROR] [1789770228.865262859] [tf_help]: Transform data too old when converting from map to odom
[component_container_isolated-2] [ERROR] [1789770228.865312173] [tf_help]: Data time: 61s 0ns, Transform time: 5s 109000000ns
[component_container_isolated-2] [ERROR] [1789770228.914874306] [tf_help]: Transform data too old when converting from map to odom
[component_container_isolated-2] [ERROR] [1789770228.914909113] [tf_help]: Data time: 61s 0ns, Transform time: 5s 109000000ns
[component_container_isolated-2] [INFO] [1789770228.959224926] [controller_server]: Passing new path to controller.
[component_container_isolated-2] [ERROR] [1789770228.969469063] [tf_help]: Transform data too old when converting from map to odom
[component_container_isolated-2] [ERROR] [1789770228.969520218] [tf_help]: Data time: 62s 0ns, Transform time: 5s 109000000ns
[component_container_isolated-2] [ERROR] [1789770229.014865616] [tf_help]: Transform data too old when converting from map to odom
[component_container_isolated-2] [ERROR] [1789770229.014900660] [tf_help]: Data time: 62s 0ns, Transform time: 5s 109000000ns
[component_container_isolated-2] [ERROR] [1789770229.064379803] [tf_help]: Transform data too old when converting from map to odom
[component_container_isolated-2] [ERROR] [1789770229.064415082] [tf_help]: Data time: 62s 0ns, Transform time: 5s 109000000ns
[component_container_isolated-2] [ERROR] [1789770229.114555459] [tf_help]: Transform data too old when converting from map to odom
[component_container_isolated-2] [ERROR] [1789770229.114587431] [tf_help]: Data time: 62s 0ns, Transform time: 5s 109000000ns
[component_container_isolated-2] [ERROR] [1789770229.165714517] [tf_help]: Transform data too old when converting from map to odom
[component_container_isolated-2] [ERROR] [1789770229.165746858] [tf_help]: Data time: 62s 0ns, Transform time: 5s 109000000ns
[component_container_isolated-2] [ERROR] [1789770229.214498411] [tf_help]: Transform data too old when converting from map to odom
[component_container_isolated-2] [ERROR] [1789770229.214535041] [tf_help]: Data time: 62s 0ns, Transform time: 5s 109000000ns
[component_container_isolated-2] [ERROR] [1789770229.264374380] [tf_help]: Transform data too old when converting from map to odom
[component_container_isolated-2] [ERROR] [1789770229.264407584] [tf_help]: Data time: 62s 0ns, Transform time: 5s 109000000ns
[component_container_isolated-2] [ERROR] [1789770229.317015129] [tf_help]: Transform data too old when converting from map to odom
[component_container_isolated-2] [ERROR] [1789770229.317050969] [tf_help]: Data time: 62s 0ns, Transform time: 5s 109000000ns
[component_container_isolated-2] [ERROR] [1789770229.364490190] [tf_help]: Transform data too old when converting from map to odom
[component_container_isolated-2] [ERROR] [1789770229.364523500] [tf_help]: Data time: 62s 0ns, Transform time: 5s 109000000ns
[component_container_isolated-2] [ERROR] [1789770229.415122678] [tf_help]: Transform data too old when converting from map to odom
[component_container_isolated-2] [ERROR] [1789770229.415158123] [tf_help]: Data time: 62s 0ns, Transform time: 5s 109000000ns
[component_container_isolated-2] [ERROR] [1789770229.464485562] [tf_help]: Transform data too old when converting from map to odom
[component_container_isolated-2] [ERROR] [1789770229.464532167] [tf_help]: Data time: 62s 0ns, Transform time: 5s 109000000ns
[component_container_isolated-2] [ERROR] [1789770229.514725315] [tf_help]: Transform data too old when converting from map to odom
[component_container_isolated-2] [ERROR] [1789770229.514758020] [tf_help]: Data time: 62s 0ns, Transform time: 5s 109000000ns
[component_container_isolated-2] [ERROR] [1789770229.559169834] [controller_server]: Failed to make progress
[component_container_isolated-2] [WARN] [1789770229.559233040] [controller_server]: [follow_path] [ActionServer] Aborting handle.
[component_container_isolated-2] [INFO] [1789770229.578656804] [local_costmap.local_costmap]: Received request to clear entirely the local_costmap
[component_container_isolated-2] [INFO] [1789770229.579050311] [controller_server]: Received a goal, begin computing control effort.
[component_container_isolated-2] [ERROR] [1789770229.679311441] [tf_help]: Transform data too old when converting from map to odom
[component_container_isolated-2] [ERROR] [1789770229.679360561] [tf_help]: Data time: 62s 0ns, Transform time: 5s 109000000ns
[component_container_isolated-2] [WARN] [1789770229.679369716] [controller_server]: Control loop missed its desired rate of 20.0000Hz
[component_container_isolated-2] [ERROR] [1789770229.685095254] [tf_help]: Transform data too old when converting from map to odom
[component_container_isolated-2] [ERROR] [1789770229.685137779] [tf_help]: Data time: 62s 0ns, Transform time: 5s 109000000ns
[component_container_isolated-2] [INFO] [1789770229.740594341] [controller_server]: [TG-MPPI] cycle time (compute_backend=cpu): 6.032 ms/cycle avg over 50 cycles
[component_container_isolated-2] [ERROR] [1789770229.740770533] [tf_help]: Transform data too old when converting from map to odom
[component_container_isolated-2] [ERROR] [1789770229.740793585] [tf_help]: Data time: 62s 0ns, Transform time: 5s 109000000ns
[component_container_isolated-2] [ERROR] [1789770229.796165461] [tf_help]: Transform data too old when converting from map to odom
[component_container_isolated-2] [ERROR] [1789770229.796197181] [tf_help]: Data time: 62s 0ns, Transform time: 5s 109000000ns
[component_container_isolated-2] [ERROR] [1789770229.851832119] [tf_help]: Transform data too old when converting from map to odom
[component_container_isolated-2] [ERROR] [1789770229.851861849] [tf_help]: Data time: 62s 0ns, Transform time: 5s 109000000ns
[component_container_isolated-2] [ERROR] [1789770229.907121899] [tf_help]: Transform data too old when converting from map to odom
[component_container_isolated-2] [ERROR] [1789770229.907156058] [tf_help]: Data time: 62s 0ns, Transform time: 5s 109000000ns
[component_container_isolated-2] [ERROR] [1789770229.963019841] [tf_help]: Transform data too old when converting from map to odom
[component_container_isolated-2] [ERROR] [1789770229.963051445] [tf_help]: Data time: 62s 0ns, Transform time: 5s 109000000ns
[component_container_isolated-2] [INFO] [1789770230.013147432] [controller_server]: Passing new path to controller.
[component_container_isolated-2] [ERROR] [1789770230.018777573] [tf_help]: Transform data too old when converting from map to odom
[component_container_isolated-2] [ERROR] [1789770230.018800444] [tf_help]: Data time: 62s 900000000ns, Transform time: 5s 109000000ns
[component_container_isolated-2] [ERROR] [1789770230.074244352] [tf_help]: Transform data too old when converting from map to odom
[component_container_isolated-2] [ERROR] [1789770230.074277877] [tf_help]: Data time: 62s 900000000ns, Transform time: 5s 109000000ns
[component_container_isolated-2] [ERROR] [1789770230.130075579] [tf_help]: Transform data too old when converting from map to odom
[component_container_isolated-2] [ERROR] [1789770230.130118023] [tf_help]: Data time: 62s 900000000ns, Transform time: 5s 109000000ns
[component_container_isolated-2] [ERROR] [1789770230.184649048] [tf_help]: Transform data too old when converting from map to odom
[component_container_isolated-2] [ERROR] [1789770230.184683511] [tf_help]: Data time: 62s 900000000ns, Transform time: 5s 109000000ns
[component_container_isolated-2] [ERROR] [1789770230.235160186] [tf_help]: Transform data too old when converting from map to odom
[component_container_isolated-2] [ERROR] [1789770230.235191059] [tf_help]: Data time: 62s 900000000ns, Transform time: 5s 109000000ns
[component_container_isolated-2] [ERROR] [1789770230.284965855] [tf_help]: Transform data too old when converting from map to odom
[component_container_isolated-2] [ERROR] [1789770230.285000352] [tf_help]: Data time: 62s 900000000ns, Transform time: 5s 109000000ns
[component_container_isolated-2] [ERROR] [1789770230.335138690] [tf_help]: Transform data too old when converting from map to odom
[component_container_isolated-2] [ERROR] [1789770230.335171910] [tf_help]: Data time: 62s 900000000ns, Transform time: 5s 109000000ns
[component_container_isolated-2] [ERROR] [1789770230.384766265] [tf_help]: Transform data too old when converting from map to odom
[component_container_isolated-2] [ERROR] [1789770230.384797307] [tf_help]: Data time: 62s 900000000ns, Transform time: 5s 109000000ns
[component_container_isolated-2] [ERROR] [1789770230.434735281] [tf_help]: Transform data too old when converting from map to odom
[component_container_isolated-2] [ERROR] [1789770230.434776010] [tf_help]: Data time: 62s 900000000ns, Transform time: 5s 109000000ns
[component_container_isolated-2] [ERROR] [1789770230.484789973] [tf_help]: Transform data too old when converting from map to odom
[component_container_isolated-2] [ERROR] [1789770230.484823699] [tf_help]: Data time: 62s 900000000ns, Transform time: 5s 109000000ns
[component_container_isolated-2] [ERROR] [1789770230.535382509] [tf_help]: Transform data too old when converting from map to odom
[component_container_isolated-2] [ERROR] [1789770230.535415975] [tf_help]: Data time: 62s 900000000ns, Transform time: 5s 109000000ns
[component_container_isolated-2] [ERROR] [1789770230.584986782] [tf_help]: Transform data too old when converting from map to odom
[component_container_isolated-2] [ERROR] [1789770230.585018151] [tf_help]: Data time: 62s 900000000ns, Transform time: 5s 109000000ns
[component_container_isolated-2] [ERROR] [1789770230.638379609] [tf_help]: Transform data too old when converting from map to odom
[component_container_isolated-2] [ERROR] [1789770230.638429118] [tf_help]: Data time: 62s 900000000ns, Transform time: 5s 109000000ns
[component_container_isolated-2] [ERROR] [1789770230.684861604] [tf_help]: Transform data too old when converting from map to odom
[component_container_isolated-2] [ERROR] [1789770230.684897929] [tf_help]: Data time: 62s 900000000ns, Transform time: 5s 109000000ns
[component_container_isolated-2] [ERROR] [1789770230.734711469] [tf_help]: Transform data too old when converting from map to odom
[component_container_isolated-2] [ERROR] [1789770230.734755663] [tf_help]: Data time: 62s 900000000ns, Transform time: 5s 109000000ns
[component_container_isolated-2] [ERROR] [1789770230.784818088] [tf_help]: Transform data too old when converting from map to odom
[component_container_isolated-2] [ERROR] [1789770230.784856446] [tf_help]: Data time: 62s 900000000ns, Transform time: 5s 109000000ns
[component_container_isolated-2] [ERROR] [1789770230.837204143] [tf_help]: Transform data too old when converting from map to odom
[component_container_isolated-2] [ERROR] [1789770230.837239094] [tf_help]: Data time: 62s 900000000ns, Transform time: 5s 109000000ns
[component_container_isolated-2] [ERROR] [1789770230.884816398] [tf_help]: Transform data too old when converting from map to odom
[component_container_isolated-2] [ERROR] [1789770230.884863345] [tf_help]: Data time: 62s 900000000ns, Transform time: 5s 109000000ns
[component_container_isolated-2] [ERROR] [1789770230.934675809] [tf_help]: Transform data too old when converting from map to odom
[component_container_isolated-2] [ERROR] [1789770230.934707642] [tf_help]: Data time: 62s 900000000ns, Transform time: 5s 109000000ns
[component_container_isolated-2] [ERROR] [1789770230.984573123] [tf_help]: Transform data too old when converting from map to odom
[component_container_isolated-2] [ERROR] [1789770230.984604710] [tf_help]: Data time: 62s 900000000ns, Transform time: 5s 109000000ns
[component_container_isolated-2] [INFO] [1789770231.029551374] [controller_server]: Passing new path to controller.
[component_container_isolated-2] [ERROR] [1789770231.034792959] [tf_help]: Transform data too old when converting from map to odom
[component_container_isolated-2] [ERROR] [1789770231.034812486] [tf_help]: Data time: 63s 900000000ns, Transform time: 5s 109000000ns
[component_container_isolated-2] [ERROR] [1789770231.084651348] [tf_help]: Transform data too old when converting from map to odom
[component_container_isolated-2] [ERROR] [1789770231.084685341] [tf_help]: Data time: 63s 900000000ns, Transform time: 5s 109000000ns
[component_container_isolated-2] [ERROR] [1789770231.135211923] [tf_help]: Transform data too old when converting from map to odom
[component_container_isolated-2] [ERROR] [1789770231.135250081] [tf_help]: Data time: 63s 900000000ns, Transform time: 5s 109000000ns
[component_container_isolated-2] [ERROR] [1789770231.184893586] [tf_help]: Transform data too old when converting from map to odom
[component_container_isolated-2] [ERROR] [1789770231.184927218] [tf_help]: Data time: 63s 900000000ns, Transform time: 5s 109000000ns
[component_container_isolated-2] [ERROR] [1789770231.234858146] [tf_help]: Transform data too old when converting from map to odom
[component_container_isolated-2] [ERROR] [1789770231.234894673] [tf_help]: Data time: 63s 900000000ns, Transform time: 5s 109000000ns
[component_container_isolated-2] [ERROR] [1789770231.285271963] [tf_help]: Transform data too old when converting from map to odom
[component_container_isolated-2] [ERROR] [1789770231.285311601] [tf_help]: Data time: 63s 900000000ns, Transform time: 5s 109000000ns
[component_container_isolated-2] [ERROR] [1789770231.335211979] [tf_help]: Transform data too old when converting from map to odom
[component_container_isolated-2] [ERROR] [1789770231.335248487] [tf_help]: Data time: 63s 900000000ns, Transform time: 5s 109000000ns
[component_container_isolated-2] [ERROR] [1789770231.384696768] [tf_help]: Transform data too old when converting from map to odom
[component_container_isolated-2] [ERROR] [1789770231.384730874] [tf_help]: Data time: 63s 900000000ns, Transform time: 5s 109000000ns
[component_container_isolated-2] [ERROR] [1789770231.434632660] [tf_help]: Transform data too old when converting from map to odom
[component_container_isolated-2] [ERROR] [1789770231.434667586] [tf_help]: Data time: 63s 900000000ns, Transform time: 5s 109000000ns
[component_container_isolated-2] [ERROR] [1789770231.484654436] [tf_help]: Transform data too old when converting from map to odom
[component_container_isolated-2] [ERROR] [1789770231.484688665] [tf_help]: Data time: 63s 900000000ns, Transform time: 5s 109000000ns
[component_container_isolated-2] [ERROR] [1789770231.534691355] [tf_help]: Transform data too old when converting from map to odom
[component_container_isolated-2] [ERROR] [1789770231.534727486] [tf_help]: Data time: 63s 900000000ns, Transform time: 5s 109000000ns
[component_container_isolated-2] [ERROR] [1789770231.584704077] [tf_help]: Transform data too old when converting from map to odom
[component_container_isolated-2] [ERROR] [1789770231.584735708] [tf_help]: Data time: 63s 900000000ns, Transform time: 5s 109000000ns
[component_container_isolated-2] [ERROR] [1789770231.635045963] [tf_help]: Transform data too old when converting from map to odom
[component_container_isolated-2] [ERROR] [1789770231.635092306] [tf_help]: Data time: 63s 900000000ns, Transform time: 5s 109000000ns
[component_container_isolated-2] [ERROR] [1789770231.684768440] [tf_help]: Transform data too old when converting from map to odom
[component_container_isolated-2] [ERROR] [1789770231.684799295] [tf_help]: Data time: 63s 900000000ns, Transform time: 5s 109000000ns
[component_container_isolated-2] [ERROR] [1789770231.734680667] [tf_help]: Transform data too old when converting from map to odom
[component_container_isolated-2] [ERROR] [1789770231.734711814] [tf_help]: Data time: 63s 900000000ns, Transform time: 5s 109000000ns
[component_container_isolated-2] [ERROR] [1789770231.784654965] [tf_help]: Transform data too old when converting from map to odom
[component_container_isolated-2] [ERROR] [1789770231.784686929] [tf_help]: Data time: 63s 900000000ns, Transform time: 5s 109000000ns
[component_container_isolated-2] [ERROR] [1789770231.835014747] [tf_help]: Transform data too old when converting from map to odom
[component_container_isolated-2] [ERROR] [1789770231.835047511] [tf_help]: Data time: 63s 900000000ns, Transform time: 5s 109000000ns
[component_container_isolated-2] [ERROR] [1789770231.884907489] [tf_help]: Transform data too old when converting from map to odom
[component_container_isolated-2] [ERROR] [1789770231.884963530] [tf_help]: Data time: 63s 900000000ns, Transform time: 5s 109000000ns
[component_container_isolated-2] [ERROR] [1789770231.934734419] [tf_help]: Transform data too old when converting from map to odom
[component_container_isolated-2] [ERROR] [1789770231.934763924] [tf_help]: Data time: 63s 900000000ns, Transform time: 5s 109000000ns
[component_container_isolated-2] [ERROR] [1789770231.984582044] [tf_help]: Transform data too old when converting from map to odom
[component_container_isolated-2] [ERROR] [1789770231.984621603] [tf_help]: Data time: 63s 900000000ns, Transform time: 5s 109000000ns
[component_container_isolated-2] [ERROR] [1789770232.034569386] [tf_help]: Transform data too old when converting from map to odom
[component_container_isolated-2] [ERROR] [1789770232.034601165] [tf_help]: Data time: 63s 900000000ns, Transform time: 5s 109000000ns
[component_container_isolated-2] [INFO] [1789770232.079480121] [controller_server]: Passing new path to controller.
[component_container_isolated-2] [ERROR] [1789770232.084658608] [tf_help]: Transform data too old when converting from map to odom
[component_container_isolated-2] [ERROR] [1789770232.084680079] [tf_help]: Data time: 64s 800000000ns, Transform time: 5s 109000000ns
[component_container_isolated-2] [ERROR] [1789770232.135016713] [tf_help]: Transform data too old when converting from map to odom
[component_container_isolated-2] [ERROR] [1789770232.135064977] [tf_help]: Data time: 64s 800000000ns, Transform time: 5s 109000000ns
[component_container_isolated-2] [ERROR] [1789770232.184647262] [tf_help]: Transform data too old when converting from map to odom
[component_container_isolated-2] [ERROR] [1789770232.184690707] [tf_help]: Data time: 64s 800000000ns, Transform time: 5s 109000000ns
[component_container_isolated-2] [ERROR] [1789770232.234645649] [tf_help]: Transform data too old when converting from map to odom
[component_container_isolated-2] [ERROR] [1789770232.234677862] [tf_help]: Data time: 64s 800000000ns, Transform time: 5s 109000000ns
[component_container_isolated-2] [INFO] [1789770232.284650020] [controller_server]: [TG-MPPI] cycle time (compute_backend=cpu): 5.275 ms/cycle avg over 50 cycles
[component_container_isolated-2] [ERROR] [1789770232.284813300] [tf_help]: Transform data too old when converting from map to odom
[component_container_isolated-2] [ERROR] [1789770232.284837922] [tf_help]: Data time: 64s 800000000ns, Transform time: 5s 109000000ns
[component_container_isolated-2] [ERROR] [1789770232.334996486] [tf_help]: Transform data too old when converting from map to odom
[component_container_isolated-2] [ERROR] [1789770232.335032781] [tf_help]: Data time: 64s 800000000ns, Transform time: 5s 109000000ns
[component_container_isolated-2] [ERROR] [1789770232.384666344] [tf_help]: Transform data too old when converting from map to odom
[component_container_isolated-2] [ERROR] [1789770232.384699584] [tf_help]: Data time: 64s 800000000ns, Transform time: 5s 109000000ns
[component_container_isolated-2] [ERROR] [1789770232.434545205] [tf_help]: Transform data too old when converting from map to odom
[component_container_isolated-2] [ERROR] [1789770232.434580455] [tf_help]: Data time: 64s 800000000ns, Transform time: 5s 109000000ns
[component_container_isolated-2] [ERROR] [1789770232.485023784] [tf_help]: Transform data too old when converting from map to odom
[component_container_isolated-2] [ERROR] [1789770232.485055583] [tf_help]: Data time: 64s 800000000ns, Transform time: 5s 109000000ns
[component_container_isolated-2] [ERROR] [1789770232.534634918] [tf_help]: Transform data too old when converting from map to odom
[component_container_isolated-2] [ERROR] [1789770232.534668814] [tf_help]: Data time: 64s 800000000ns, Transform time: 5s 109000000ns
[component_container_isolated-2] [ERROR] [1789770232.585027106] [tf_help]: Transform data too old when converting from map to odom
[component_container_isolated-2] [ERROR] [1789770232.585061866] [tf_help]: Data time: 64s 800000000ns, Transform time: 5s 109000000ns
[component_container_isolated-2] [ERROR] [1789770232.635011400] [tf_help]: Transform data too old when converting from map to odom
[component_container_isolated-2] [ERROR] [1789770232.635046115] [tf_help]: Data time: 64s 800000000ns, Transform time: 5s 109000000ns
[component_container_isolated-2] [ERROR] [1789770232.684819550] [tf_help]: Transform data too old when converting from map to odom
[component_container_isolated-2] [ERROR] [1789770232.684853356] [tf_help]: Data time: 64s 800000000ns, Transform time: 5s 109000000ns
[component_container_isolated-2] [ERROR] [1789770232.734655286] [tf_help]: Transform data too old when converting from map to odom
[component_container_isolated-2] [ERROR] [1789770232.734687250] [tf_help]: Data time: 64s 800000000ns, Transform time: 5s 109000000ns
[component_container_isolated-2] [ERROR] [1789770232.784830369] [tf_help]: Transform data too old when converting from map to odom
[component_container_isolated-2] [ERROR] [1789770232.784864651] [tf_help]: Data time: 64s 800000000ns, Transform time: 5s 109000000ns
[component_container_isolated-2] [ERROR] [1789770232.835014546] [tf_help]: Transform data too old when converting from map to odom
[component_container_isolated-2] [ERROR] [1789770232.835047148] [tf_help]: Data time: 64s 800000000ns, Transform time: 5s 109000000ns
[component_container_isolated-2] [ERROR] [1789770232.885280631] [tf_help]: Transform data too old when converting from map to odom
[component_container_isolated-2] [ERROR] [1789770232.885314584] [tf_help]: Data time: 64s 800000000ns, Transform time: 5s 109000000ns
[component_container_isolated-2] [ERROR] [1789770232.934607967] [tf_help]: Transform data too old when converting from map to odom
[component_container_isolated-2] [ERROR] [1789770232.934645382] [tf_help]: Data time: 64s 800000000ns, Transform time: 5s 109000000ns
[component_container_isolated-2] [ERROR] [1789770232.984952960] [tf_help]: Transform data too old when converting from map to odom
[component_container_isolated-2] [ERROR] [1789770232.984988750] [tf_help]: Data time: 64s 800000000ns, Transform time: 5s 109000000ns
[component_container_isolated-2] [ERROR] [1789770233.034598414] [tf_help]: Transform data too old when converting from map to odom
[component_container_isolated-2] [ERROR] [1789770233.034637459] [tf_help]: Data time: 64s 800000000ns, Transform time: 5s 109000000ns
[component_container_isolated-2] [INFO] [1789770233.079437648] [controller_server]: Passing new path to controller.
[component_container_isolated-2] [ERROR] [1789770233.084631052] [tf_help]: Transform data too old when converting from map to odom
[component_container_isolated-2] [ERROR] [1789770233.084652051] [tf_help]: Data time: 65s 800000000ns, Transform time: 5s 109000000ns
[component_container_isolated-2] [ERROR] [1789770233.134956516] [tf_help]: Transform data too old when converting from map to odom
[component_container_isolated-2] [ERROR] [1789770233.134996867] [tf_help]: Data time: 65s 800000000ns, Transform time: 5s 109000000ns
[component_container_isolated-2] [ERROR] [1789770233.184792184] [tf_help]: Transform data too old when converting from map to odom
[component_container_isolated-2] [ERROR] [1789770233.184824463] [tf_help]: Data time: 65s 800000000ns, Transform time: 5s 109000000ns
[component_container_isolated-2] [ERROR] [1789770233.235448439] [tf_help]: Transform data too old when converting from map to odom
[component_container_isolated-2] [ERROR] [1789770233.235480370] [tf_help]: Data time: 65s 800000000ns, Transform time: 5s 109000000ns
[component_container_isolated-2] [ERROR] [1789770233.285014486] [tf_help]: Transform data too old when converting from map to odom
[component_container_isolated-2] [ERROR] [1789770233.285047116] [tf_help]: Data time: 65s 800000000ns, Transform time: 5s 109000000ns
[component_container_isolated-2] [ERROR] [1789770233.334834182] [tf_help]: Transform data too old when converting from map to odom
[component_container_isolated-2] [ERROR] [1789770233.334878104] [tf_help]: Data time: 65s 800000000ns, Transform time: 5s 109000000ns
[component_container_isolated-2] [ERROR] [1789770233.385004484] [tf_help]: Transform data too old when converting from map to odom
[component_container_isolated-2] [ERROR] [1789770233.385039774] [tf_help]: Data time: 65s 800000000ns, Transform time: 5s 109000000ns
[component_container_isolated-2] [ERROR] [1789770233.435312309] [tf_help]: Transform data too old when converting from map to odom
[component_container_isolated-2] [ERROR] [1789770233.435345066] [tf_help]: Data time: 65s 800000000ns, Transform time: 5s 109000000ns
[component_container_isolated-2] [ERROR] [1789770233.485055642] [tf_help]: Transform data too old when converting from map to odom
[component_container_isolated-2] [ERROR] [1789770233.485088854] [tf_help]: Data time: 65s 800000000ns, Transform time: 5s 109000000ns
[component_container_isolated-2] [ERROR] [1789770233.534730104] [tf_help]: Transform data too old when converting from map to odom
[component_container_isolated-2] [ERROR] [1789770233.534768751] [tf_help]: Data time: 65s 800000000ns, Transform time: 5s 109000000ns
[component_container_isolated-2] [ERROR] [1789770233.584651275] [tf_help]: Transform data too old when converting from map to odom
[component_container_isolated-2] [ERROR] [1789770233.584692856] [tf_help]: Data time: 65s 800000000ns, Transform time: 5s 109000000ns
[component_container_isolated-2] [ERROR] [1789770233.635035464] [tf_help]: Transform data too old when converting from map to odom
[component_container_isolated-2] [ERROR] [1789770233.635070571] [tf_help]: Data time: 65s 800000000ns, Transform time: 5s 109000000ns
[component_container_isolated-2] [ERROR] [1789770233.684827464] [tf_help]: Transform data too old when converting from map to odom
[component_container_isolated-2] [ERROR] [1789770233.684860953] [tf_help]: Data time: 65s 800000000ns, Transform time: 5s 109000000ns
[component_container_isolated-2] [ERROR] [1789770233.734920970] [tf_help]: Transform data too old when converting from map to odom
[component_container_isolated-2] [ERROR] [1789770233.734956130] [tf_help]: Data time: 65s 800000000ns, Transform time: 5s 109000000ns
[component_container_isolated-2] [ERROR] [1789770233.784536880] [tf_help]: Transform data too old when converting from map to odom
[component_container_isolated-2] [ERROR] [1789770233.784573074] [tf_help]: Data time: 65s 800000000ns, Transform time: 5s 109000000ns
[component_container_isolated-2] [ERROR] [1789770233.836094915] [tf_help]: Transform data too old when converting from map to odom
[component_container_isolated-2] [ERROR] [1789770233.836127520] [tf_help]: Data time: 65s 800000000ns, Transform time: 5s 109000000ns
[component_container_isolated-2] [ERROR] [1789770233.884819276] [tf_help]: Transform data too old when converting from map to odom
[component_container_isolated-2] [ERROR] [1789770233.884863237] [tf_help]: Data time: 65s 800000000ns, Transform time: 5s 109000000ns
[component_container_isolated-2] [ERROR] [1789770233.934601496] [tf_help]: Transform data too old when converting from map to odom
[component_container_isolated-2] [ERROR] [1789770233.934633839] [tf_help]: Data time: 65s 800000000ns, Transform time: 5s 109000000ns
[component_container_isolated-2] [ERROR] [1789770233.985253353] [tf_help]: Transform data too old when converting from map to odom
[component_container_isolated-2] [ERROR] [1789770233.985307166] [tf_help]: Data time: 65s 800000000ns, Transform time: 5s 109000000ns
[component_container_isolated-2] [ERROR] [1789770234.034703339] [tf_help]: Transform data too old when converting from map to odom
[component_container_isolated-2] [ERROR] [1789770234.034749712] [tf_help]: Data time: 65s 800000000ns, Transform time: 5s 109000000ns
[component_container_isolated-2] [ERROR] [1789770234.084644387] [tf_help]: Transform data too old when converting from map to odom
[component_container_isolated-2] [ERROR] [1789770234.084675705] [tf_help]: Data time: 65s 800000000ns, Transform time: 5s 109000000ns
[component_container_isolated-2] [INFO] [1789770234.129433183] [controller_server]: Passing new path to controller.
[component_container_isolated-2] [ERROR] [1789770234.134761488] [tf_help]: Transform data too old when converting from map to odom
[component_container_isolated-2] [ERROR] [1789770234.134804200] [tf_help]: Data time: 66s 700000000ns, Transform time: 5s 109000000ns
[component_container_isolated-2] [ERROR] [1789770234.184457445] [tf_help]: Transform data too old when converting from map to odom
[component_container_isolated-2] [ERROR] [1789770234.184494809] [tf_help]: Data time: 66s 700000000ns, Transform time: 5s 109000000ns
[component_container_isolated-2] [ERROR] [1789770234.234902958] [tf_help]: Transform data too old when converting from map to odom
[component_container_isolated-2] [ERROR] [1789770234.234935238] [tf_help]: Data time: 66s 700000000ns, Transform time: 5s 109000000ns
[component_container_isolated-2] [ERROR] [1789770234.284671113] [tf_help]: Transform data too old when converting from map to odom
[component_container_isolated-2] [ERROR] [1789770234.284707278] [tf_help]: Data time: 66s 700000000ns, Transform time: 5s 109000000ns
[component_container_isolated-2] [ERROR] [1789770234.335695535] [tf_help]: Transform data too old when converting from map to odom
[component_container_isolated-2] [ERROR] [1789770234.335732250] [tf_help]: Data time: 66s 700000000ns, Transform time: 5s 109000000ns
[component_container_isolated-2] [ERROR] [1789770234.384846984] [tf_help]: Transform data too old when converting from map to odom
[component_container_isolated-2] [ERROR] [1789770234.384888500] [tf_help]: Data time: 66s 700000000ns, Transform time: 5s 109000000ns
[component_container_isolated-2] [ERROR] [1789770234.434923352] [tf_help]: Transform data too old when converting from map to odom
[component_container_isolated-2] [ERROR] [1789770234.434956684] [tf_help]: Data time: 66s 700000000ns, Transform time: 5s 109000000ns
[component_container_isolated-2] [ERROR] [1789770234.485217283] [tf_help]: Transform data too old when converting from map to odom
[component_container_isolated-2] [ERROR] [1789770234.485260729] [tf_help]: Data time: 66s 700000000ns, Transform time: 5s 109000000ns
[component_container_isolated-2] [ERROR] [1789770234.534771360] [tf_help]: Transform data too old when converting from map to odom
[component_container_isolated-2] [ERROR] [1789770234.534807300] [tf_help]: Data time: 66s 700000000ns, Transform time: 5s 109000000ns
[component_container_isolated-2] [ERROR] [1789770234.584655932] [tf_help]: Transform data too old when converting from map to odom
[component_container_isolated-2] [ERROR] [1789770234.584689637] [tf_help]: Data time: 66s 700000000ns, Transform time: 5s 109000000ns
[component_container_isolated-2] [ERROR] [1789770234.634896225] [tf_help]: Transform data too old when converting from map to odom
[component_container_isolated-2] [ERROR] [1789770234.634932564] [tf_help]: Data time: 66s 700000000ns, Transform time: 5s 109000000ns
[component_container_isolated-2] [ERROR] [1789770234.684828266] [tf_help]: Transform data too old when converting from map to odom
[component_container_isolated-2] [ERROR] [1789770234.684873907] [tf_help]: Data time: 66s 700000000ns, Transform time: 5s 109000000ns
[component_container_isolated-2] [ERROR] [1789770234.734886354] [tf_help]: Transform data too old when converting from map to odom
[component_container_isolated-2] [ERROR] [1789770234.734921116] [tf_help]: Data time: 66s 700000000ns, Transform time: 5s 109000000ns
[component_container_isolated-2] [INFO] [1789770234.785115241] [controller_server]: [TG-MPPI] cycle time (compute_backend=cpu): 5.204 ms/cycle avg over 50 cycles
[component_container_isolated-2] [ERROR] [1789770234.785259498] [tf_help]: Transform data too old when converting from map to odom
[component_container_isolated-2] [ERROR] [1789770234.785278491] [tf_help]: Data time: 66s 700000000ns, Transform time: 5s 109000000ns
[component_container_isolated-2] [ERROR] [1789770234.834829248] [tf_help]: Transform data too old when converting from map to odom
[component_container_isolated-2] [ERROR] [1789770234.834863064] [tf_help]: Data time: 66s 700000000ns, Transform time: 5s 109000000ns
[component_container_isolated-2] [ERROR] [1789770234.884958819] [tf_help]: Transform data too old when converting from map to odom
[component_container_isolated-2] [ERROR] [1789770234.884994308] [tf_help]: Data time: 66s 700000000ns, Transform time: 5s 109000000ns
[component_container_isolated-2] [ERROR] [1789770234.934690912] [tf_help]: Transform data too old when converting from map to odom
[component_container_isolated-2] [ERROR] [1789770234.934725285] [tf_help]: Data time: 66s 700000000ns, Transform time: 5s 109000000ns
[component_container_isolated-2] [ERROR] [1789770234.984706094] [tf_help]: Transform data too old when converting from map to odom
[component_container_isolated-2] [ERROR] [1789770234.984737474] [tf_help]: Data time: 66s 700000000ns, Transform time: 5s 109000000ns
[component_container_isolated-2] [ERROR] [1789770235.034792534] [tf_help]: Transform data too old when converting from map to odom
[component_container_isolated-2] [ERROR] [1789770235.034827221] [tf_help]: Data time: 66s 700000000ns, Transform time: 5s 109000000ns
[component_container_isolated-2] [ERROR] [1789770235.085177012] [tf_help]: Transform data too old when converting from map to odom
[component_container_isolated-2] [ERROR] [1789770235.085214826] [tf_help]: Data time: 66s 700000000ns, Transform time: 5s 109000000ns
[component_container_isolated-2] [INFO] [1789770235.129567452] [controller_server]: Passing new path to controller.
[component_container_isolated-2] [ERROR] [1789770235.135351869] [tf_help]: Transform data too old when converting from map to odom
[component_container_isolated-2] [ERROR] [1789770235.135382882] [tf_help]: Data time: 67s 600000000ns, Transform time: 5s 109000000ns
[component_container_isolated-2] [ERROR] [1789770235.184719392] [tf_help]: Transform data too old when converting from map to odom
[component_container_isolated-2] [ERROR] [1789770235.184753102] [tf_help]: Data time: 67s 600000000ns, Transform time: 5s 109000000ns
[component_container_isolated-2] [ERROR] [1789770235.234826632] [tf_help]: Transform data too old when converting from map to odom
[component_container_isolated-2] [ERROR] [1789770235.234860668] [tf_help]: Data time: 67s 600000000ns, Transform time: 5s 109000000ns
[component_container_isolated-2] [ERROR] [1789770235.284603444] [tf_help]: Transform data too old when converting from map to odom
[component_container_isolated-2] [ERROR] [1789770235.284634384] [tf_help]: Data time: 67s 600000000ns, Transform time: 5s 109000000ns
[component_container_isolated-2] [ERROR] [1789770235.335317844] [tf_help]: Transform data too old when converting from map to odom
[component_container_isolated-2] [ERROR] [1789770235.335348284] [tf_help]: Data time: 67s 600000000ns, Transform time: 5s 109000000ns
[component_container_isolated-2] [ERROR] [1789770235.385178203] [tf_help]: Transform data too old when converting from map to odom
[component_container_isolated-2] [ERROR] [1789770235.385221527] [tf_help]: Data time: 67s 600000000ns, Transform time: 5s 109000000ns
[component_container_isolated-2] [ERROR] [1789770235.434678212] [tf_help]: Transform data too old when converting from map to odom
[component_container_isolated-2] [ERROR] [1789770235.434715107] [tf_help]: Data time: 67s 600000000ns, Transform time: 5s 109000000ns
[component_container_isolated-2] [ERROR] [1789770235.485774905] [tf_help]: Transform data too old when converting from map to odom
[component_container_isolated-2] [ERROR] [1789770235.485813029] [tf_help]: Data time: 67s 600000000ns, Transform time: 5s 109000000ns
[component_container_isolated-2] [ERROR] [1789770235.534956946] [tf_help]: Transform data too old when converting from map to odom
[component_container_isolated-2] [ERROR] [1789770235.534991388] [tf_help]: Data time: 67s 600000000ns, Transform time: 5s 109000000ns
[component_container_isolated-2] [ERROR] [1789770235.585306255] [tf_help]: Transform data too old when converting from map to odom
[component_container_isolated-2] [ERROR] [1789770235.585341419] [tf_help]: Data time: 67s 600000000ns, Transform time: 5s 109000000ns
[component_container_isolated-2] [ERROR] [1789770235.634691500] [tf_help]: Transform data too old when converting from map to odom
[component_container_isolated-2] [ERROR] [1789770235.634743197] [tf_help]: Data time: 67s 600000000ns, Transform time: 5s 109000000ns
[component_container_isolated-2] [ERROR] [1789770235.687273182] [tf_help]: Transform data too old when converting from map to odom
[component_container_isolated-2] [ERROR] [1789770235.687304681] [tf_help]: Data time: 67s 600000000ns, Transform time: 5s 109000000ns
[component_container_isolated-2] [ERROR] [1789770235.734775848] [tf_help]: Transform data too old when converting from map to odom
[component_container_isolated-2] [ERROR] [1789770235.734807469] [tf_help]: Data time: 67s 600000000ns, Transform time: 5s 109000000ns
[component_container_isolated-2] [ERROR] [1789770235.784769610] [tf_help]: Transform data too old when converting from map to odom
[component_container_isolated-2] [ERROR] [1789770235.784799568] [tf_help]: Data time: 67s 600000000ns, Transform time: 5s 109000000ns
[component_container_isolated-2] [ERROR] [1789770235.839349297] [tf_help]: Transform data too old when converting from map to odom
[component_container_isolated-2] [ERROR] [1789770235.839395178] [tf_help]: Data time: 67s 600000000ns, Transform time: 5s 109000000ns
[component_container_isolated-2] [ERROR] [1789770235.886342471] [tf_help]: Transform data too old when converting from map to odom
[component_container_isolated-2] [ERROR] [1789770235.886381484] [tf_help]: Data time: 67s 600000000ns, Transform time: 5s 109000000ns
[component_container_isolated-2] [ERROR] [1789770235.934789029] [tf_help]: Transform data too old when converting from map to odom
[component_container_isolated-2] [ERROR] [1789770235.934837991] [tf_help]: Data time: 67s 600000000ns, Transform time: 5s 109000000ns
[component_container_isolated-2] [ERROR] [1789770235.985786977] [tf_help]: Transform data too old when converting from map to odom
[component_container_isolated-2] [ERROR] [1789770235.985830590] [tf_help]: Data time: 67s 600000000ns, Transform time: 5s 109000000ns
[component_container_isolated-2] [ERROR] [1789770236.034575781] [tf_help]: Transform data too old when converting from map to odom
[component_container_isolated-2] [ERROR] [1789770236.034612191] [tf_help]: Data time: 67s 600000000ns, Transform time: 5s 109000000ns
[component_container_isolated-2] [ERROR] [1789770236.084870841] [tf_help]: Transform data too old when converting from map to odom
[component_container_isolated-2] [ERROR] [1789770236.084903886] [tf_help]: Data time: 67s 600000000ns, Transform time: 5s 109000000ns
[component_container_isolated-2] [ERROR] [1789770236.134821136] [tf_help]: Transform data too old when converting from map to odom
[component_container_isolated-2] [ERROR] [1789770236.134855916] [tf_help]: Data time: 67s 600000000ns, Transform time: 5s 109000000ns
[component_container_isolated-2] [INFO] [1789770236.179476959] [controller_server]: Passing new path to controller.
[component_container_isolated-2] [ERROR] [1789770236.185447115] [tf_help]: Transform data too old when converting from map to odom
[component_container_isolated-2] [ERROR] [1789770236.185472487] [tf_help]: Data time: 68s 600000000ns, Transform time: 5s 109000000ns
[component_container_isolated-2] [ERROR] [1789770236.238501507] [tf_help]: Transform data too old when converting from map to odom
[component_container_isolated-2] [ERROR] [1789770236.238545970] [tf_help]: Data time: 68s 600000000ns, Transform time: 5s 109000000ns
[component_container_isolated-2] [ERROR] [1789770236.287754755] [tf_help]: Transform data too old when converting from map to odom
[component_container_isolated-2] [ERROR] [1789770236.287788449] [tf_help]: Data time: 68s 600000000ns, Transform time: 5s 109000000ns
[component_container_isolated-2] [ERROR] [1789770236.334956156] [tf_help]: Transform data too old when converting from map to odom
[component_container_isolated-2] [ERROR] [1789770236.334989203] [tf_help]: Data time: 68s 600000000ns, Transform time: 5s 109000000ns
[component_container_isolated-2] [ERROR] [1789770236.387740495] [tf_help]: Transform data too old when converting from map to odom
[component_container_isolated-2] [ERROR] [1789770236.387771655] [tf_help]: Data time: 68s 600000000ns, Transform time: 5s 109000000ns
[component_container_isolated-2] [ERROR] [1789770236.435369659] [tf_help]: Transform data too old when converting from map to odom
[component_container_isolated-2] [ERROR] [1789770236.435404395] [tf_help]: Data time: 68s 600000000ns, Transform time: 5s 109000000ns
[component_container_isolated-2] [ERROR] [1789770236.485050451] [tf_help]: Transform data too old when converting from map to odom
[component_container_isolated-2] [ERROR] [1789770236.485082143] [tf_help]: Data time: 68s 600000000ns, Transform time: 5s 109000000ns
[component_container_isolated-2] [ERROR] [1789770236.535287206] [tf_help]: Transform data too old when converting from map to odom
[component_container_isolated-2] [ERROR] [1789770236.535320474] [tf_help]: Data time: 68s 600000000ns, Transform time: 5s 109000000ns
[component_container_isolated-2] [ERROR] [1789770236.584526311] [tf_help]: Transform data too old when converting from map to odom
[component_container_isolated-2] [ERROR] [1789770236.584557756] [tf_help]: Data time: 68s 600000000ns, Transform time: 5s 109000000ns
[component_container_isolated-2] [ERROR] [1789770236.639297250] [tf_help]: Transform data too old when converting from map to odom
[component_container_isolated-2] [ERROR] [1789770236.639340525] [tf_help]: Data time: 68s 600000000ns, Transform time: 5s 109000000ns
[component_container_isolated-2] [ERROR] [1789770236.686211911] [tf_help]: Transform data too old when converting from map to odom
[component_container_isolated-2] [ERROR] [1789770236.686246368] [tf_help]: Data time: 68s 600000000ns, Transform time: 5s 109000000ns
[component_container_isolated-2] [ERROR] [1789770236.734645687] [tf_help]: Transform data too old when converting from map to odom
[component_container_isolated-2] [ERROR] [1789770236.734682388] [tf_help]: Data time: 68s 600000000ns, Transform time: 5s 109000000ns
[component_container_isolated-2] [ERROR] [1789770236.784507169] [tf_help]: Transform data too old when converting from map to odom
[component_container_isolated-2] [ERROR] [1789770236.784537219] [tf_help]: Data time: 68s 600000000ns, Transform time: 5s 109000000ns
[component_container_isolated-2] [ERROR] [1789770236.835027192] [tf_help]: Transform data too old when converting from map to odom
[component_container_isolated-2] [ERROR] [1789770236.835063583] [tf_help]: Data time: 68s 600000000ns, Transform time: 5s 109000000ns
[component_container_isolated-2] [ERROR] [1789770236.884858035] [tf_help]: Transform data too old when converting from map to odom
[component_container_isolated-2] [ERROR] [1789770236.884904928] [tf_help]: Data time: 68s 600000000ns, Transform time: 5s 109000000ns
[component_container_isolated-2] [ERROR] [1789770236.934972821] [tf_help]: Transform data too old when converting from map to odom
[component_container_isolated-2] [ERROR] [1789770236.935012460] [tf_help]: Data time: 68s 600000000ns, Transform time: 5s 109000000ns
[component_container_isolated-2] [ERROR] [1789770236.985100346] [tf_help]: Transform data too old when converting from map to odom
[component_container_isolated-2] [ERROR] [1789770236.985139730] [tf_help]: Data time: 68s 600000000ns, Transform time: 5s 109000000ns
[component_container_isolated-2] [ERROR] [1789770237.034833212] [tf_help]: Transform data too old when converting from map to odom
[component_container_isolated-2] [ERROR] [1789770237.034866352] [tf_help]: Data time: 68s 600000000ns, Transform time: 5s 109000000ns
[component_container_isolated-2] [ERROR] [1789770237.084566523] [tf_help]: Transform data too old when converting from map to odom
[component_container_isolated-2] [ERROR] [1789770237.084601109] [tf_help]: Data time: 68s 600000000ns, Transform time: 5s 109000000ns
[component_container_isolated-2] [ERROR] [1789770237.135865803] [tf_help]: Transform data too old when converting from map to odom
[component_container_isolated-2] [ERROR] [1789770237.135897059] [tf_help]: Data time: 68s 600000000ns, Transform time: 5s 109000000ns
[component_container_isolated-2] [ERROR] [1789770237.184622341] [tf_help]: Transform data too old when converting from map to odom
[component_container_isolated-2] [ERROR] [1789770237.184655864] [tf_help]: Data time: 68s 600000000ns, Transform time: 5s 109000000ns
[component_container_isolated-2] [INFO] [1789770237.229549361] [controller_server]: Passing new path to controller.
[component_container_isolated-2] [ERROR] [1789770237.234828518] [tf_help]: Transform data too old when converting from map to odom
[component_container_isolated-2] [ERROR] [1789770237.234848671] [tf_help]: Data time: 69s 500000000ns, Transform time: 5s 109000000ns
[component_container_isolated-2] [INFO] [1789770237.284500088] [controller_server]: [TG-MPPI] cycle time (compute_backend=cpu): 5.690 ms/cycle avg over 50 cycles
[component_container_isolated-2] [ERROR] [1789770237.284625059] [tf_help]: Transform data too old when converting from map to odom
[component_container_isolated-2] [ERROR] [1789770237.284643287] [tf_help]: Data time: 69s 500000000ns, Transform time: 5s 109000000ns
[component_container_isolated-2] [ERROR] [1789770237.334543272] [tf_help]: Transform data too old when converting from map to odom
[component_container_isolated-2] [ERROR] [1789770237.334575605] [tf_help]: Data time: 69s 500000000ns, Transform time: 5s 109000000ns
[component_container_isolated-2] [ERROR] [1789770237.384974679] [tf_help]: Transform data too old when converting from map to odom
[component_container_isolated-2] [ERROR] [1789770237.385012622] [tf_help]: Data time: 69s 500000000ns, Transform time: 5s 109000000ns
[component_container_isolated-2] [ERROR] [1789770237.434668094] [tf_help]: Transform data too old when converting from map to odom
[component_container_isolated-2] [ERROR] [1789770237.434699407] [tf_help]: Data time: 69s 500000000ns, Transform time: 5s 109000000ns
[component_container_isolated-2] [ERROR] [1789770237.484786678] [tf_help]: Transform data too old when converting from map to odom
[component_container_isolated-2] [ERROR] [1789770237.484823822] [tf_help]: Data time: 69s 500000000ns, Transform time: 5s 109000000ns
[component_container_isolated-2] [ERROR] [1789770237.538894000] [tf_help]: Transform data too old when converting from map to odom
[component_container_isolated-2] [ERROR] [1789770237.538945148] [tf_help]: Data time: 69s 500000000ns, Transform time: 5s 109000000ns
[component_container_isolated-2] [ERROR] [1789770237.585966945] [tf_help]: Transform data too old when converting from map to odom
[component_container_isolated-2] [ERROR] [1789770237.586015832] [tf_help]: Data time: 69s 500000000ns, Transform time: 5s 109000000ns
[ground_truth_localizer-1] [INFO] [1789770237.622689508] [ground_truth_localizer]: last 10 s: ground truth msgs 294, map->odom published 294 (280 via latest odom TF)
[component_container_isolated-2] [ERROR] [1789770237.636769570] [tf_help]: Transform data too old when converting from map to odom
[component_container_isolated-2] [ERROR] [1789770237.636809065] [tf_help]: Data time: 69s 500000000ns, Transform time: 5s 109000000ns
[component_container_isolated-2] [ERROR] [1789770237.684578598] [tf_help]: Transform data too old when converting from map to odom
[component_container_isolated-2] [ERROR] [1789770237.684619108] [tf_help]: Data time: 69s 500000000ns, Transform time: 5s 109000000ns
[component_container_isolated-2] [ERROR] [1789770237.734866647] [tf_help]: Transform data too old when converting from map to odom
[component_container_isolated-2] [ERROR] [1789770237.734904454] [tf_help]: Data time: 69s 500000000ns, Transform time: 5s 109000000ns
[component_container_isolated-2] [ERROR] [1789770237.786174952] [tf_help]: Transform data too old when converting from map to odom
[component_container_isolated-2] [ERROR] [1789770237.786220215] [tf_help]: Data time: 69s 500000000ns, Transform time: 5s 109000000ns
[component_container_isolated-2] [ERROR] [1789770237.835108573] [tf_help]: Transform data too old when converting from map to odom
[component_container_isolated-2] [ERROR] [1789770237.835155201] [tf_help]: Data time: 69s 500000000ns, Transform time: 5s 109000000ns
[component_container_isolated-2] [ERROR] [1789770237.884591073] [tf_help]: Transform data too old when converting from map to odom
[component_container_isolated-2] [ERROR] [1789770237.884626186] [tf_help]: Data time: 69s 500000000ns, Transform time: 5s 109000000ns
[component_container_isolated-2] [ERROR] [1789770237.935116934] [tf_help]: Transform data too old when converting from map to odom
[component_container_isolated-2] [ERROR] [1789770237.935153054] [tf_help]: Data time: 69s 500000000ns, Transform time: 5s 109000000ns
[component_container_isolated-2] [ERROR] [1789770237.985058495] [tf_help]: Transform data too old when converting from map to odom
[component_container_isolated-2] [ERROR] [1789770237.985094077] [tf_help]: Data time: 69s 500000000ns, Transform time: 5s 109000000ns
[component_container_isolated-2] [ERROR] [1789770238.034705317] [tf_help]: Transform data too old when converting from map to odom
[component_container_isolated-2] [ERROR] [1789770238.034737222] [tf_help]: Data time: 69s 500000000ns, Transform time: 5s 109000000ns
[component_container_isolated-2] [ERROR] [1789770238.084689090] [tf_help]: Transform data too old when converting from map to odom
[component_container_isolated-2] [ERROR] [1789770238.084732247] [tf_help]: Data time: 69s 500000000ns, Transform time: 5s 109000000ns
[component_container_isolated-2] [ERROR] [1789770238.134719192] [tf_help]: Transform data too old when converting from map to odom
[component_container_isolated-2] [ERROR] [1789770238.134752094] [tf_help]: Data time: 69s 500000000ns, Transform time: 5s 109000000ns
[component_container_isolated-2] [ERROR] [1789770238.184656605] [tf_help]: Transform data too old when converting from map to odom
[component_container_isolated-2] [ERROR] [1789770238.184696192] [tf_help]: Data time: 69s 500000000ns, Transform time: 5s 109000000ns
[component_container_isolated-2] [INFO] [1789770238.229481633] [controller_server]: Passing new path to controller.
[component_container_isolated-2] [ERROR] [1789770238.235413938] [tf_help]: Transform data too old when converting from map to odom
[component_container_isolated-2] [ERROR] [1789770238.235449405] [tf_help]: Data time: 70s 500000000ns, Transform time: 5s 109000000ns
[component_container_isolated-2] [ERROR] [1789770238.284918504] [tf_help]: Transform data too old when converting from map to odom
[component_container_isolated-2] [ERROR] [1789770238.284956789] [tf_help]: Data time: 70s 500000000ns, Transform time: 5s 109000000ns
[component_container_isolated-2] [ERROR] [1789770238.335046004] [tf_help]: Transform data too old when converting from map to odom
[component_container_isolated-2] [ERROR] [1789770238.335079752] [tf_help]: Data time: 70s 500000000ns, Transform time: 5s 109000000ns
[component_container_isolated-2] [ERROR] [1789770238.385493607] [tf_help]: Transform data too old when converting from map to odom
[component_container_isolated-2] [ERROR] [1789770238.385534806] [tf_help]: Data time: 70s 500000000ns, Transform time: 5s 109000000ns
[component_container_isolated-2] [ERROR] [1789770238.434682431] [tf_help]: Transform data too old when converting from map to odom
[component_container_isolated-2] [ERROR] [1789770238.434713792] [tf_help]: Data time: 70s 500000000ns, Transform time: 5s 109000000ns
[component_container_isolated-2] [ERROR] [1789770238.484768478] [tf_help]: Transform data too old when converting from map to odom
[component_container_isolated-2] [ERROR] [1789770238.484803129] [tf_help]: Data time: 70s 500000000ns, Transform time: 5s 109000000ns
[component_container_isolated-2] [ERROR] [1789770238.535064792] [tf_help]: Transform data too old when converting from map to odom
[component_container_isolated-2] [ERROR] [1789770238.535106015] [tf_help]: Data time: 70s 500000000ns, Transform time: 5s 109000000ns
[component_container_isolated-2] [ERROR] [1789770238.584780423] [tf_help]: Transform data too old when converting from map to odom
[component_container_isolated-2] [ERROR] [1789770238.584812646] [tf_help]: Data time: 70s 500000000ns, Transform time: 5s 109000000ns
[component_container_isolated-2] [ERROR] [1789770238.634726892] [tf_help]: Transform data too old when converting from map to odom
[component_container_isolated-2] [ERROR] [1789770238.634759111] [tf_help]: Data time: 70s 500000000ns, Transform time: 5s 109000000ns
[component_container_isolated-2] [ERROR] [1789770238.685408230] [tf_help]: Transform data too old when converting from map to odom
[component_container_isolated-2] [ERROR] [1789770238.685445129] [tf_help]: Data time: 70s 500000000ns, Transform time: 5s 109000000ns
[component_container_isolated-2] [ERROR] [1789770238.735397247] [tf_help]: Transform data too old when converting from map to odom
[component_container_isolated-2] [ERROR] [1789770238.735437323] [tf_help]: Data time: 70s 500000000ns, Transform time: 5s 109000000ns
[component_container_isolated-2] [ERROR] [1789770238.784947398] [tf_help]: Transform data too old when converting from map to odom
[component_container_isolated-2] [ERROR] [1789770238.784987700] [tf_help]: Data time: 70s 500000000ns, Transform time: 5s 109000000ns
[component_container_isolated-2] [ERROR] [1789770238.836174790] [tf_help]: Transform data too old when converting from map to odom
[component_container_isolated-2] [ERROR] [1789770238.836214857] [tf_help]: Data time: 70s 500000000ns, Transform time: 5s 109000000ns
[component_container_isolated-2] [ERROR] [1789770238.884660490] [tf_help]: Transform data too old when converting from map to odom
[component_container_isolated-2] [ERROR] [1789770238.884703381] [tf_help]: Data time: 70s 500000000ns, Transform time: 5s 109000000ns
[component_container_isolated-2] [ERROR] [1789770238.935309900] [tf_help]: Transform data too old when converting from map to odom
[component_container_isolated-2] [ERROR] [1789770238.935348492] [tf_help]: Data time: 70s 500000000ns, Transform time: 5s 109000000ns
[component_container_isolated-2] [ERROR] [1789770238.985111697] [tf_help]: Transform data too old when converting from map to odom
[component_container_isolated-2] [ERROR] [1789770238.985148354] [tf_help]: Data time: 70s 500000000ns, Transform time: 5s 109000000ns
[component_container_isolated-2] [ERROR] [1789770239.038531692] [tf_help]: Transform data too old when converting from map to odom
[component_container_isolated-2] [ERROR] [1789770239.038562746] [tf_help]: Data time: 70s 500000000ns, Transform time: 5s 109000000ns
[component_container_isolated-2] [ERROR] [1789770239.085544062] [tf_help]: Transform data too old when converting from map to odom
[component_container_isolated-2] [ERROR] [1789770239.085573929] [tf_help]: Data time: 70s 500000000ns, Transform time: 5s 109000000ns
[component_container_isolated-2] [ERROR] [1789770239.134641628] [tf_help]: Transform data too old when converting from map to odom
[component_container_isolated-2] [ERROR] [1789770239.134685349] [tf_help]: Data time: 70s 500000000ns, Transform time: 5s 109000000ns
[component_container_isolated-2] [ERROR] [1789770239.184586078] [tf_help]: Transform data too old when converting from map to odom
[component_container_isolated-2] [ERROR] [1789770239.184629294] [tf_help]: Data time: 70s 500000000ns, Transform time: 5s 109000000ns
[component_container_isolated-2] [ERROR] [1789770239.234817468] [tf_help]: Transform data too old when converting from map to odom
[component_container_isolated-2] [ERROR] [1789770239.234850803] [tf_help]: Data time: 70s 500000000ns, Transform time: 5s 109000000ns
[component_container_isolated-2] [INFO] [1789770239.279436472] [controller_server]: Passing new path to controller.
[component_container_isolated-2] [ERROR] [1789770239.285164859] [tf_help]: Transform data too old when converting from map to odom
[component_container_isolated-2] [ERROR] [1789770239.285194237] [tf_help]: Data time: 71s 400000000ns, Transform time: 5s 109000000ns
[component_container_isolated-2] [ERROR] [1789770239.334875200] [tf_help]: Transform data too old when converting from map to odom
[component_container_isolated-2] [ERROR] [1789770239.334914309] [tf_help]: Data time: 71s 400000000ns, Transform time: 5s 109000000ns
[component_container_isolated-2] [ERROR] [1789770239.388105826] [tf_help]: Transform data too old when converting from map to odom
[component_container_isolated-2] [ERROR] [1789770239.388136024] [tf_help]: Data time: 71s 400000000ns, Transform time: 5s 109000000ns
[component_container_isolated-2] [ERROR] [1789770239.434627928] [tf_help]: Transform data too old when converting from map to odom
[component_container_isolated-2] [ERROR] [1789770239.434660567] [tf_help]: Data time: 71s 400000000ns, Transform time: 5s 109000000ns
[component_container_isolated-2] [ERROR] [1789770239.484665329] [tf_help]: Transform data too old when converting from map to odom
[component_container_isolated-2] [ERROR] [1789770239.484698753] [tf_help]: Data time: 71s 400000000ns, Transform time: 5s 109000000ns
[component_container_isolated-2] [ERROR] [1789770239.534633009] [tf_help]: Transform data too old when converting from map to odom
[component_container_isolated-2] [ERROR] [1789770239.534676461] [tf_help]: Data time: 71s 400000000ns, Transform time: 5s 109000000ns
[component_container_isolated-2] [ERROR] [1789770239.584643178] [tf_help]: Transform data too old when converting from map to odom
[component_container_isolated-2] [ERROR] [1789770239.584684574] [tf_help]: Data time: 71s 400000000ns, Transform time: 5s 109000000ns
[component_container_isolated-2] [ERROR] [1789770239.635283472] [tf_help]: Transform data too old when converting from map to odom
[component_container_isolated-2] [ERROR] [1789770239.635319118] [tf_help]: Data time: 71s 400000000ns, Transform time: 5s 109000000ns
[component_container_isolated-2] [ERROR] [1789770239.684756686] [tf_help]: Transform data too old when converting from map to odom
[component_container_isolated-2] [ERROR] [1789770239.684788213] [tf_help]: Data time: 71s 400000000ns, Transform time: 5s 109000000ns
[component_container_isolated-2] [ERROR] [1789770239.735296795] [tf_help]: Transform data too old when converting from map to odom
[component_container_isolated-2] [ERROR] [1789770239.735333581] [tf_help]: Data time: 71s 400000000ns, Transform time: 5s 109000000ns
[component_container_isolated-2] [INFO] [1789770239.789129133] [controller_server]: [TG-MPPI] cycle time (compute_backend=cpu): 5.630 ms/cycle avg over 50 cycles
[component_container_isolated-2] [ERROR] [1789770239.789347975] [tf_help]: Transform data too old when converting from map to odom
[component_container_isolated-2] [ERROR] [1789770239.789381243] [tf_help]: Data time: 71s 400000000ns, Transform time: 5s 109000000ns
[component_container_isolated-2] [ERROR] [1789770239.835697810] [tf_help]: Transform data too old when converting from map to odom
[component_container_isolated-2] [ERROR] [1789770239.835746806] [tf_help]: Data time: 71s 400000000ns, Transform time: 5s 109000000ns
[component_container_isolated-2] [ERROR] [1789770239.884507696] [tf_help]: Transform data too old when converting from map to odom
[component_container_isolated-2] [ERROR] [1789770239.884540102] [tf_help]: Data time: 71s 400000000ns, Transform time: 5s 109000000ns
[component_container_isolated-2] [ERROR] [1789770239.934694353] [tf_help]: Transform data too old when converting from map to odom
[component_container_isolated-2] [ERROR] [1789770239.934728859] [tf_help]: Data time: 71s 400000000ns, Transform time: 5s 109000000ns
[component_container_isolated-2] [ERROR] [1789770239.984735156] [tf_help]: Transform data too old when converting from map to odom
[component_container_isolated-2] [ERROR] [1789770239.984782705] [tf_help]: Data time: 71s 400000000ns, Transform time: 5s 109000000ns
[component_container_isolated-2] [ERROR] [1789770240.035082998] [tf_help]: Transform data too old when converting from map to odom
[component_container_isolated-2] [ERROR] [1789770240.035119281] [tf_help]: Data time: 71s 400000000ns, Transform time: 5s 109000000ns
[component_container_isolated-2] [ERROR] [1789770240.085154367] [tf_help]: Transform data too old when converting from map to odom
[component_container_isolated-2] [ERROR] [1789770240.085184770] [tf_help]: Data time: 71s 400000000ns, Transform time: 5s 109000000ns
[component_container_isolated-2] [ERROR] [1789770240.135623655] [tf_help]: Transform data too old when converting from map to odom
[component_container_isolated-2] [ERROR] [1789770240.135663053] [tf_help]: Data time: 71s 400000000ns, Transform time: 5s 109000000ns
[component_container_isolated-2] [ERROR] [1789770240.184677846] [tf_help]: Transform data too old when converting from map to odom
[component_container_isolated-2] [ERROR] [1789770240.184712519] [tf_help]: Data time: 71s 400000000ns, Transform time: 5s 109000000ns
[component_container_isolated-2] [ERROR] [1789770240.234959536] [tf_help]: Transform data too old when converting from map to odom
[component_container_isolated-2] [ERROR] [1789770240.234992899] [tf_help]: Data time: 71s 400000000ns, Transform time: 5s 109000000ns
[component_container_isolated-2] [INFO] [1789770240.279426884] [controller_server]: Passing new path to controller.
[component_container_isolated-2] [ERROR] [1789770240.285099315] [tf_help]: Transform data too old when converting from map to odom
[component_container_isolated-2] [ERROR] [1789770240.285124186] [tf_help]: Data time: 72s 400000000ns, Transform time: 5s 109000000ns
[component_container_isolated-2] [ERROR] [1789770240.335212845] [tf_help]: Transform data too old when converting from map to odom
[component_container_isolated-2] [ERROR] [1789770240.335243802] [tf_help]: Data time: 72s 400000000ns, Transform time: 5s 109000000ns
[component_container_isolated-2] [ERROR] [1789770240.384536493] [tf_help]: Transform data too old when converting from map to odom
[component_container_isolated-2] [ERROR] [1789770240.384569328] [tf_help]: Data time: 72s 400000000ns, Transform time: 5s 109000000ns
[component_container_isolated-2] [ERROR] [1789770240.434768980] [tf_help]: Transform data too old when converting from map to odom
[component_container_isolated-2] [ERROR] [1789770240.434809907] [tf_help]: Data time: 72s 400000000ns, Transform time: 5s 109000000ns
[component_container_isolated-2] [ERROR] [1789770240.484704470] [tf_help]: Transform data too old when converting from map to odom
[component_container_isolated-2] [ERROR] [1789770240.484736056] [tf_help]: Data time: 72s 400000000ns, Transform time: 5s 109000000ns
[component_container_isolated-2] [ERROR] [1789770240.534636182] [tf_help]: Transform data too old when converting from map to odom
[component_container_isolated-2] [ERROR] [1789770240.534669961] [tf_help]: Data time: 72s 400000000ns, Transform time: 5s 109000000ns
[component_container_isolated-2] [ERROR] [1789770240.584621956] [tf_help]: Transform data too old when converting from map to odom
[component_container_isolated-2] [ERROR] [1789770240.584656535] [tf_help]: Data time: 72s 400000000ns, Transform time: 5s 109000000ns
[component_container_isolated-2] [ERROR] [1789770240.634931883] [tf_help]: Transform data too old when converting from map to odom
[component_container_isolated-2] [ERROR] [1789770240.634963495] [tf_help]: Data time: 72s 400000000ns, Transform time: 5s 109000000ns
[component_container_isolated-2] [ERROR] [1789770240.679502364] [controller_server]: Failed to make progress
[component_container_isolated-2] [WARN] [1789770240.679559895] [controller_server]: [follow_path] [ActionServer] Aborting handle.
[component_container_isolated-2] [INFO] [1789770240.698958382] [behavior_server]: Running backup
[component_container_isolated-2] [INFO] [1789770240.699118381] [behavior_server]: DriveOnHeading: no acceleration or deceleration limits set
[component_container_isolated-2] [ERROR] [1789770240.699195571] [behavior_server]: Pose Goes Off Grid.
[component_container_isolated-2] [WARN] [1789770240.699254373] [behavior_server]: Collision Ahead - Exiting DriveOnHeading
[component_container_isolated-2] [WARN] [1789770240.699266846] [behavior_server]: backup failed
[component_container_isolated-2] [WARN] [1789770240.699279594] [behavior_server]: [backup] [ActionServer] Aborting handle.
[component_container_isolated-2] [INFO] [1789770240.728739129] [local_costmap.local_costmap]: Received request to clear entirely the local_costmap
[component_container_isolated-2] [INFO] [1789770240.728947008] [global_costmap.global_costmap]: Received request to clear entirely the global_costmap
[component_container_isolated-2] [WARN] [1789770241.429675818] [planner_server]: Planner loop missed its desired rate of 20.0000 Hz. Current loop rate is 1.6667 Hz
[component_container_isolated-2] [INFO] [1789770241.448983995] [controller_server]: Received a goal, begin computing control effort.
[component_container_isolated-2] [ERROR] [1789770241.455159385] [tf_help]: Transform data too old when converting from map to odom
[component_container_isolated-2] [ERROR] [1789770241.455207532] [tf_help]: Data time: 73s 400000000ns, Transform time: 5s 109000000ns
[component_container_isolated-2] [ERROR] [1789770241.504613488] [tf_help]: Transform data too old when converting from map to odom
[component_container_isolated-2] [ERROR] [1789770241.504645875] [tf_help]: Data time: 73s 400000000ns, Transform time: 5s 109000000ns
[component_container_isolated-2] [ERROR] [1789770241.557872722] [tf_help]: Transform data too old when converting from map to odom
[component_container_isolated-2] [ERROR] [1789770241.557916978] [tf_help]: Data time: 73s 400000000ns, Transform time: 5s 109000000ns
[component_container_isolated-2] [ERROR] [1789770241.608846964] [tf_help]: Transform data too old when converting from map to odom
[component_container_isolated-2] [ERROR] [1789770241.608900938] [tf_help]: Data time: 73s 400000000ns, Transform time: 5s 109000000ns
[component_container_isolated-2] [ERROR] [1789770241.657587479] [tf_help]: Transform data too old when converting from map to odom
[component_container_isolated-2] [ERROR] [1789770241.657621820] [tf_help]: Data time: 73s 400000000ns, Transform time: 5s 109000000ns
[component_container_isolated-2] [ERROR] [1789770241.704549007] [tf_help]: Transform data too old when converting from map to odom
[component_container_isolated-2] [ERROR] [1789770241.704584333] [tf_help]: Data time: 73s 400000000ns, Transform time: 5s 109000000ns
[component_container_isolated-2] [ERROR] [1789770241.754790953] [tf_help]: Transform data too old when converting from map to odom
[component_container_isolated-2] [ERROR] [1789770241.754829233] [tf_help]: Data time: 73s 400000000ns, Transform time: 5s 109000000ns
[component_container_isolated-2] [ERROR] [1789770241.804656579] [tf_help]: Transform data too old when converting from map to odom
[component_container_isolated-2] [ERROR] [1789770241.804692650] [tf_help]: Data time: 73s 400000000ns, Transform time: 5s 109000000ns
[component_container_isolated-2] [ERROR] [1789770241.858318251] [tf_help]: Transform data too old when converting from map to odom
[component_container_isolated-2] [ERROR] [1789770241.858347523] [tf_help]: Data time: 73s 400000000ns, Transform time: 5s 109000000ns
[component_container_isolated-2] [ERROR] [1789770241.905437966] [tf_help]: Transform data too old when converting from map to odom
[component_container_isolated-2] [ERROR] [1789770241.905471025] [tf_help]: Data time: 73s 400000000ns, Transform time: 5s 109000000ns
[component_container_isolated-2] [ERROR] [1789770241.954801811] [tf_help]: Transform data too old when converting from map to odom
[component_container_isolated-2] [ERROR] [1789770241.954837463] [tf_help]: Data time: 73s 400000000ns, Transform time: 5s 109000000ns
[component_container_isolated-2] [ERROR] [1789770242.005909234] [tf_help]: Transform data too old when converting from map to odom
[component_container_isolated-2] [ERROR] [1789770242.005943675] [tf_help]: Data time: 73s 400000000ns, Transform time: 5s 109000000ns
[component_container_isolated-2] [ERROR] [1789770242.054513661] [tf_help]: Transform data too old when converting from map to odom
[component_container_isolated-2] [ERROR] [1789770242.054550897] [tf_help]: Data time: 73s 400000000ns, Transform time: 5s 109000000ns
[component_container_isolated-2] [ERROR] [1789770242.104616054] [tf_help]: Transform data too old when converting from map to odom
[component_container_isolated-2] [ERROR] [1789770242.104652752] [tf_help]: Data time: 73s 400000000ns, Transform time: 5s 109000000ns
[component_container_isolated-2] [ERROR] [1789770242.154584708] [tf_help]: Transform data too old when converting from map to odom
[component_container_isolated-2] [ERROR] [1789770242.154619948] [tf_help]: Data time: 73s 400000000ns, Transform time: 5s 109000000ns
[component_container_isolated-2] [ERROR] [1789770242.204663229] [tf_help]: Transform data too old when converting from map to odom
[component_container_isolated-2] [ERROR] [1789770242.204698822] [tf_help]: Data time: 73s 400000000ns, Transform time: 5s 109000000ns
[component_container_isolated-2] [ERROR] [1789770242.254746593] [tf_help]: Transform data too old when converting from map to odom
[component_container_isolated-2] [ERROR] [1789770242.254784257] [tf_help]: Data time: 73s 400000000ns, Transform time: 5s 109000000ns
[component_container_isolated-2] [ERROR] [1789770242.304623013] [tf_help]: Transform data too old when converting from map to odom
[component_container_isolated-2] [ERROR] [1789770242.304658301] [tf_help]: Data time: 73s 400000000ns, Transform time: 5s 109000000ns
[component_container_isolated-2] [ERROR] [1789770242.354344735] [tf_help]: Transform data too old when converting from map to odom
[component_container_isolated-2] [ERROR] [1789770242.354395643] [tf_help]: Data time: 73s 400000000ns, Transform time: 5s 109000000ns
[component_container_isolated-2] [ERROR] [1789770242.404617819] [tf_help]: Transform data too old when converting from map to odom
[component_container_isolated-2] [ERROR] [1789770242.404657913] [tf_help]: Data time: 73s 400000000ns, Transform time: 5s 109000000ns
[component_container_isolated-2] [ERROR] [1789770242.454410034] [tf_help]: Transform data too old when converting from map to odom
[component_container_isolated-2] [ERROR] [1789770242.454449139] [tf_help]: Data time: 73s 400000000ns, Transform time: 5s 109000000ns
[component_container_isolated-2] [INFO] [1789770242.499156070] [controller_server]: Passing new path to controller.
[component_container_isolated-2] [ERROR] [1789770242.505035305] [tf_help]: Transform data too old when converting from map to odom
[component_container_isolated-2] [ERROR] [1789770242.505059641] [tf_help]: Data time: 74s 300000000ns, Transform time: 5s 109000000ns
[component_container_isolated-2] [ERROR] [1789770242.554923331] [tf_help]: Transform data too old when converting from map to odom
[component_container_isolated-2] [ERROR] [1789770242.554956500] [tf_help]: Data time: 74s 300000000ns, Transform time: 5s 109000000ns
[component_container_isolated-2] [ERROR] [1789770242.604358364] [tf_help]: Transform data too old when converting from map to odom
[component_container_isolated-2] [ERROR] [1789770242.604401609] [tf_help]: Data time: 74s 300000000ns, Transform time: 5s 109000000ns
[component_container_isolated-2] [ERROR] [1789770242.654527127] [tf_help]: Transform data too old when converting from map to odom
[component_container_isolated-2] [ERROR] [1789770242.654567913] [tf_help]: Data time: 74s 300000000ns, Transform time: 5s 109000000ns
[component_container_isolated-2] [ERROR] [1789770242.704411253] [tf_help]: Transform data too old when converting from map to odom
[component_container_isolated-2] [ERROR] [1789770242.704453430] [tf_help]: Data time: 74s 300000000ns, Transform time: 5s 109000000ns
[component_container_isolated-2] [ERROR] [1789770242.754752155] [tf_help]: Transform data too old when converting from map to odom
[component_container_isolated-2] [ERROR] [1789770242.754788311] [tf_help]: Data time: 74s 300000000ns, Transform time: 5s 109000000ns
[component_container_isolated-2] [ERROR] [1789770242.804552312] [tf_help]: Transform data too old when converting from map to odom
[component_container_isolated-2] [ERROR] [1789770242.804582608] [tf_help]: Data time: 74s 300000000ns, Transform time: 5s 109000000ns
[component_container_isolated-2] [ERROR] [1789770242.855313212] [tf_help]: Transform data too old when converting from map to odom
[component_container_isolated-2] [ERROR] [1789770242.855349944] [tf_help]: Data time: 74s 300000000ns, Transform time: 5s 109000000ns
[component_container_isolated-2] [ERROR] [1789770242.904588661] [tf_help]: Transform data too old when converting from map to odom
[component_container_isolated-2] [ERROR] [1789770242.904624400] [tf_help]: Data time: 74s 300000000ns, Transform time: 5s 109000000ns
[component_container_isolated-2] [ERROR] [1789770242.954583056] [tf_help]: Transform data too old when converting from map to odom
[component_container_isolated-2] [ERROR] [1789770242.954615833] [tf_help]: Data time: 74s 300000000ns, Transform time: 5s 109000000ns
[component_container_isolated-2] [ERROR] [1789770243.004476315] [tf_help]: Transform data too old when converting from map to odom
[component_container_isolated-2] [ERROR] [1789770243.004509379] [tf_help]: Data time: 74s 300000000ns, Transform time: 5s 109000000ns
[component_container_isolated-2] [INFO] [1789770243.054513825] [controller_server]: [TG-MPPI] cycle time (compute_backend=cpu): 5.580 ms/cycle avg over 50 cycles
[component_container_isolated-2] [ERROR] [1789770243.054654415] [tf_help]: Transform data too old when converting from map to odom
[component_container_isolated-2] [ERROR] [1789770243.054672676] [tf_help]: Data time: 74s 300000000ns, Transform time: 5s 109000000ns
[component_container_isolated-2] [ERROR] [1789770243.104654480] [tf_help]: Transform data too old when converting from map to odom
[component_container_isolated-2] [ERROR] [1789770243.104687270] [tf_help]: Data time: 74s 300000000ns, Transform time: 5s 109000000ns
[component_container_isolated-2] [ERROR] [1789770243.154642256] [tf_help]: Transform data too old when converting from map to odom
[component_container_isolated-2] [ERROR] [1789770243.154682957] [tf_help]: Data time: 74s 300000000ns, Transform time: 5s 109000000ns
[component_container_isolated-2] [ERROR] [1789770243.205723185] [tf_help]: Transform data too old when converting from map to odom
[component_container_isolated-2] [ERROR] [1789770243.205757174] [tf_help]: Data time: 74s 300000000ns, Transform time: 5s 109000000ns
[component_container_isolated-2] [ERROR] [1789770243.254404557] [tf_help]: Transform data too old when converting from map to odom
[component_container_isolated-2] [ERROR] [1789770243.254442129] [tf_help]: Data time: 74s 300000000ns, Transform time: 5s 109000000ns
[component_container_isolated-2] [ERROR] [1789770243.304455412] [tf_help]: Transform data too old when converting from map to odom
[component_container_isolated-2] [ERROR] [1789770243.304487763] [tf_help]: Data time: 74s 300000000ns, Transform time: 5s 109000000ns
[component_container_isolated-2] [ERROR] [1789770243.354426472] [tf_help]: Transform data too old when converting from map to odom
[component_container_isolated-2] [ERROR] [1789770243.354462101] [tf_help]: Data time: 74s 300000000ns, Transform time: 5s 109000000ns
[component_container_isolated-2] [ERROR] [1789770243.404247399] [tf_help]: Transform data too old when converting from map to odom
[component_container_isolated-2] [ERROR] [1789770243.404288896] [tf_help]: Data time: 74s 300000000ns, Transform time: 5s 109000000ns
[component_container_isolated-2] [ERROR] [1789770243.454258753] [tf_help]: Transform data too old when converting from map to odom
[component_container_isolated-2] [ERROR] [1789770243.454306936] [tf_help]: Data time: 74s 300000000ns, Transform time: 5s 109000000ns
[component_container_isolated-2] [ERROR] [1789770243.504371643] [tf_help]: Transform data too old when converting from map to odom
[component_container_isolated-2] [ERROR] [1789770243.504401435] [tf_help]: Data time: 74s 300000000ns, Transform time: 5s 109000000ns
[component_container_isolated-2] [INFO] [1789770243.549113019] [controller_server]: Passing new path to controller.
[component_container_isolated-2] [ERROR] [1789770243.554556889] [tf_help]: Transform data too old when converting from map to odom
[component_container_isolated-2] [ERROR] [1789770243.554593689] [tf_help]: Data time: 75s 300000000ns, Transform time: 5s 109000000ns
[component_container_isolated-2] [ERROR] [1789770243.604541048] [tf_help]: Transform data too old when converting from map to odom
[component_container_isolated-2] [ERROR] [1789770243.604578050] [tf_help]: Data time: 75s 300000000ns, Transform time: 5s 109000000ns
[component_container_isolated-2] [ERROR] [1789770243.654684790] [tf_help]: Transform data too old when converting from map to odom
[component_container_isolated-2] [ERROR] [1789770243.654719744] [tf_help]: Data time: 75s 300000000ns, Transform time: 5s 109000000ns
[component_container_isolated-2] [ERROR] [1789770243.704876009] [tf_help]: Transform data too old when converting from map to odom
[component_container_isolated-2] [ERROR] [1789770243.704906757] [tf_help]: Data time: 75s 300000000ns, Transform time: 5s 109000000ns
[component_container_isolated-2] [ERROR] [1789770243.756709708] [tf_help]: Transform data too old when converting from map to odom
[component_container_isolated-2] [ERROR] [1789770243.756743864] [tf_help]: Data time: 75s 300000000ns, Transform time: 5s 109000000ns
[component_container_isolated-2] [ERROR] [1789770243.805626385] [tf_help]: Transform data too old when converting from map to odom
[component_container_isolated-2] [ERROR] [1789770243.805662251] [tf_help]: Data time: 75s 300000000ns, Transform time: 5s 109000000ns
[component_container_isolated-2] [ERROR] [1789770243.855155946] [tf_help]: Transform data too old when converting from map to odom
[component_container_isolated-2] [ERROR] [1789770243.855192083] [tf_help]: Data time: 75s 300000000ns, Transform time: 5s 109000000ns
[component_container_isolated-2] [ERROR] [1789770243.905735633] [tf_help]: Transform data too old when converting from map to odom
[component_container_isolated-2] [ERROR] [1789770243.905784023] [tf_help]: Data time: 75s 300000000ns, Transform time: 5s 109000000ns
[component_container_isolated-2] [ERROR] [1789770243.954355691] [tf_help]: Transform data too old when converting from map to odom
[component_container_isolated-2] [ERROR] [1789770243.954393826] [tf_help]: Data time: 75s 300000000ns, Transform time: 5s 109000000ns
[component_container_isolated-2] [ERROR] [1789770244.004502127] [tf_help]: Transform data too old when converting from map to odom
[component_container_isolated-2] [ERROR] [1789770244.004565672] [tf_help]: Data time: 75s 300000000ns, Transform time: 5s 109000000ns
[component_container_isolated-2] [ERROR] [1789770244.054468311] [tf_help]: Transform data too old when converting from map to odom
[component_container_isolated-2] [ERROR] [1789770244.054502698] [tf_help]: Data time: 75s 300000000ns, Transform time: 5s 109000000ns
[component_container_isolated-2] [ERROR] [1789770244.105416670] [tf_help]: Transform data too old when converting from map to odom
[component_container_isolated-2] [ERROR] [1789770244.105457623] [tf_help]: Data time: 75s 300000000ns, Transform time: 5s 109000000ns
[component_container_isolated-2] [ERROR] [1789770244.155721596] [tf_help]: Transform data too old when converting from map to odom
[component_container_isolated-2] [ERROR] [1789770244.155766190] [tf_help]: Data time: 75s 300000000ns, Transform time: 5s 109000000ns
[component_container_isolated-2] [ERROR] [1789770244.204948198] [tf_help]: Transform data too old when converting from map to odom
[component_container_isolated-2] [ERROR] [1789770244.204980375] [tf_help]: Data time: 75s 300000000ns, Transform time: 5s 109000000ns
[component_container_isolated-2] [ERROR] [1789770244.254443222] [tf_help]: Transform data too old when converting from map to odom
[component_container_isolated-2] [ERROR] [1789770244.254480368] [tf_help]: Data time: 75s 300000000ns, Transform time: 5s 109000000ns
[component_container_isolated-2] [ERROR] [1789770244.304572666] [tf_help]: Transform data too old when converting from map to odom
[component_container_isolated-2] [ERROR] [1789770244.304606772] [tf_help]: Data time: 75s 300000000ns, Transform time: 5s 109000000ns
[component_container_isolated-2] [ERROR] [1789770244.354780228] [tf_help]: Transform data too old when converting from map to odom
[component_container_isolated-2] [ERROR] [1789770244.354815981] [tf_help]: Data time: 75s 300000000ns, Transform time: 5s 109000000ns
[component_container_isolated-2] [ERROR] [1789770244.407564156] [tf_help]: Transform data too old when converting from map to odom
[component_container_isolated-2] [ERROR] [1789770244.407610078] [tf_help]: Data time: 75s 300000000ns, Transform time: 5s 109000000ns
[component_container_isolated-2] [ERROR] [1789770244.457895501] [tf_help]: Transform data too old when converting from map to odom
[component_container_isolated-2] [ERROR] [1789770244.457933662] [tf_help]: Data time: 75s 300000000ns, Transform time: 5s 109000000ns
[component_container_isolated-2] [ERROR] [1789770244.504368665] [tf_help]: Transform data too old when converting from map to odom
[component_container_isolated-2] [ERROR] [1789770244.504398087] [tf_help]: Data time: 75s 300000000ns, Transform time: 5s 109000000ns
[component_container_isolated-2] [INFO] [1789770244.549111093] [controller_server]: Passing new path to controller.
[component_container_isolated-2] [ERROR] [1789770244.554667715] [tf_help]: Transform data too old when converting from map to odom
[component_container_isolated-2] [ERROR] [1789770244.554692007] [tf_help]: Data time: 76s 300000000ns, Transform time: 5s 109000000ns
[component_container_isolated-2] [ERROR] [1789770244.604234431] [tf_help]: Transform data too old when converting from map to odom
[component_container_isolated-2] [ERROR] [1789770244.604268473] [tf_help]: Data time: 76s 300000000ns, Transform time: 5s 109000000ns
[component_container_isolated-2] [ERROR] [1789770244.654544311] [tf_help]: Transform data too old when converting from map to odom
[component_container_isolated-2] [ERROR] [1789770244.654579920] [tf_help]: Data time: 76s 300000000ns, Transform time: 5s 109000000ns
[component_container_isolated-2] [ERROR] [1789770244.704477828] [tf_help]: Transform data too old when converting from map to odom
[component_container_isolated-2] [ERROR] [1789770244.704508373] [tf_help]: Data time: 76s 300000000ns, Transform time: 5s 109000000ns
[component_container_isolated-2] [ERROR] [1789770244.754792985] [tf_help]: Transform data too old when converting from map to odom
[component_container_isolated-2] [ERROR] [1789770244.754844890] [tf_help]: Data time: 76s 300000000ns, Transform time: 5s 109000000ns
[component_container_isolated-2] [ERROR] [1789770244.806046257] [tf_help]: Transform data too old when converting from map to odom
[component_container_isolated-2] [ERROR] [1789770244.806085229] [tf_help]: Data time: 76s 300000000ns, Transform time: 5s 109000000ns
[component_container_isolated-2] [ERROR] [1789770244.858303449] [tf_help]: Transform data too old when converting from map to odom
[component_container_isolated-2] [ERROR] [1789770244.858340204] [tf_help]: Data time: 76s 300000000ns, Transform time: 5s 109000000ns
[component_container_isolated-2] [ERROR] [1789770244.904404338] [tf_help]: Transform data too old when converting from map to odom
[component_container_isolated-2] [ERROR] [1789770244.904443008] [tf_help]: Data time: 76s 300000000ns, Transform time: 5s 109000000ns
[component_container_isolated-2] [ERROR] [1789770244.954278072] [tf_help]: Transform data too old when converting from map to odom
[component_container_isolated-2] [ERROR] [1789770244.954312697] [tf_help]: Data time: 76s 300000000ns, Transform time: 5s 109000000ns
[component_container_isolated-2] [ERROR] [1789770245.004390688] [tf_help]: Transform data too old when converting from map to odom
[component_container_isolated-2] [ERROR] [1789770245.004425195] [tf_help]: Data time: 76s 300000000ns, Transform time: 5s 109000000ns
[component_container_isolated-2] [ERROR] [1789770245.054281131] [tf_help]: Transform data too old when converting from map to odom
[component_container_isolated-2] [ERROR] [1789770245.054314835] [tf_help]: Data time: 76s 300000000ns, Transform time: 5s 109000000ns
[component_container_isolated-2] [ERROR] [1789770245.105630109] [tf_help]: Transform data too old when converting from map to odom
[component_container_isolated-2] [ERROR] [1789770245.105666995] [tf_help]: Data time: 76s 300000000ns, Transform time: 5s 109000000ns
[component_container_isolated-2] [ERROR] [1789770245.154376486] [tf_help]: Transform data too old when converting from map to odom
[component_container_isolated-2] [ERROR] [1789770245.154412128] [tf_help]: Data time: 76s 300000000ns, Transform time: 5s 109000000ns
[component_container_isolated-2] [ERROR] [1789770245.204613806] [tf_help]: Transform data too old when converting from map to odom
[component_container_isolated-2] [ERROR] [1789770245.204647823] [tf_help]: Data time: 76s 300000000ns, Transform time: 5s 109000000ns
[component_container_isolated-2] [ERROR] [1789770245.254423303] [tf_help]: Transform data too old when converting from map to odom
[component_container_isolated-2] [ERROR] [1789770245.254479031] [tf_help]: Data time: 76s 300000000ns, Transform time: 5s 109000000ns
[component_container_isolated-2] [ERROR] [1789770245.304806915] [tf_help]: Transform data too old when converting from map to odom
[component_container_isolated-2] [ERROR] [1789770245.304838742] [tf_help]: Data time: 76s 300000000ns, Transform time: 5s 109000000ns
[component_container_isolated-2] [ERROR] [1789770245.354619569] [tf_help]: Transform data too old when converting from map to odom
[component_container_isolated-2] [ERROR] [1789770245.354667300] [tf_help]: Data time: 76s 300000000ns, Transform time: 5s 109000000ns
[component_container_isolated-2] [ERROR] [1789770245.404321636] [tf_help]: Transform data too old when converting from map to odom
[component_container_isolated-2] [ERROR] [1789770245.404359139] [tf_help]: Data time: 76s 300000000ns, Transform time: 5s 109000000ns
[component_container_isolated-2] [ERROR] [1789770245.454591106] [tf_help]: Transform data too old when converting from map to odom
[component_container_isolated-2] [ERROR] [1789770245.454625415] [tf_help]: Data time: 76s 300000000ns, Transform time: 5s 109000000ns
[component_container_isolated-2] [ERROR] [1789770245.504391783] [tf_help]: Transform data too old when converting from map to odom
[component_container_isolated-2] [ERROR] [1789770245.504425148] [tf_help]: Data time: 76s 300000000ns, Transform time: 5s 109000000ns
[component_container_isolated-2] [INFO] [1789770245.554493284] [controller_server]: [TG-MPPI] cycle time (compute_backend=cpu): 5.558 ms/cycle avg over 50 cycles
[component_container_isolated-2] [ERROR] [1789770245.554662001] [tf_help]: Transform data too old when converting from map to odom
[component_container_isolated-2] [ERROR] [1789770245.554683207] [tf_help]: Data time: 76s 300000000ns, Transform time: 5s 109000000ns
[component_container_isolated-2] [INFO] [1789770245.599108279] [controller_server]: Passing new path to controller.
[component_container_isolated-2] [ERROR] [1789770245.604806026] [tf_help]: Transform data too old when converting from map to odom
[component_container_isolated-2] [ERROR] [1789770245.604830836] [tf_help]: Data time: 77s 100000000ns, Transform time: 5s 109000000ns
[component_container_isolated-2] [ERROR] [1789770245.654680610] [tf_help]: Transform data too old when converting from map to odom
[component_container_isolated-2] [ERROR] [1789770245.654713260] [tf_help]: Data time: 77s 100000000ns, Transform time: 5s 109000000ns
[component_container_isolated-2] [ERROR] [1789770245.704436350] [tf_help]: Transform data too old when converting from map to odom
[component_container_isolated-2] [ERROR] [1789770245.704463694] [tf_help]: Data time: 77s 100000000ns, Transform time: 5s 109000000ns
[component_container_isolated-2] [ERROR] [1789770245.754556765] [tf_help]: Transform data too old when converting from map to odom
[component_container_isolated-2] [ERROR] [1789770245.754588871] [tf_help]: Data time: 77s 100000000ns, Transform time: 5s 109000000ns
[component_container_isolated-2] [ERROR] [1789770245.807326201] [tf_help]: Transform data too old when converting from map to odom
[component_container_isolated-2] [ERROR] [1789770245.807371168] [tf_help]: Data time: 77s 100000000ns, Transform time: 5s 109000000ns
[component_container_isolated-2] [ERROR] [1789770245.854630195] [tf_help]: Transform data too old when converting from map to odom
[component_container_isolated-2] [ERROR] [1789770245.854665022] [tf_help]: Data time: 77s 100000000ns, Transform time: 5s 109000000ns
[component_container_isolated-2] [ERROR] [1789770245.907231906] [tf_help]: Transform data too old when converting from map to odom
[component_container_isolated-2] [ERROR] [1789770245.907280867] [tf_help]: Data time: 77s 100000000ns, Transform time: 5s 109000000ns
[component_container_isolated-2] [ERROR] [1789770245.958471841] [tf_help]: Transform data too old when converting from map to odom
[component_container_isolated-2] [ERROR] [1789770245.958667562] [tf_help]: Data time: 77s 100000000ns, Transform time: 5s 109000000ns
[component_container_isolated-2] [ERROR] [1789770246.004630982] [tf_help]: Transform data too old when converting from map to odom
[component_container_isolated-2] [ERROR] [1789770246.004665806] [tf_help]: Data time: 77s 100000000ns, Transform time: 5s 109000000ns
[component_container_isolated-2] [ERROR] [1789770246.054558204] [tf_help]: Transform data too old when converting from map to odom
[component_container_isolated-2] [ERROR] [1789770246.054594412] [tf_help]: Data time: 77s 100000000ns, Transform time: 5s 109000000ns
[component_container_isolated-2] [ERROR] [1789770246.104646762] [tf_help]: Transform data too old when converting from map to odom
[component_container_isolated-2] [ERROR] [1789770246.104679823] [tf_help]: Data time: 77s 100000000ns, Transform time: 5s 109000000ns
[component_container_isolated-2] [ERROR] [1789770246.158123707] [tf_help]: Transform data too old when converting from map to odom
[component_container_isolated-2] [ERROR] [1789770246.158167032] [tf_help]: Data time: 77s 100000000ns, Transform time: 5s 109000000ns
[component_container_isolated-2] [ERROR] [1789770246.206333148] [tf_help]: Transform data too old when converting from map to odom
[component_container_isolated-2] [ERROR] [1789770246.206369602] [tf_help]: Data time: 77s 100000000ns, Transform time: 5s 109000000ns
[component_container_isolated-2] [ERROR] [1789770246.254557085] [tf_help]: Transform data too old when converting from map to odom
[component_container_isolated-2] [ERROR] [1789770246.254591682] [tf_help]: Data time: 77s 100000000ns, Transform time: 5s 109000000ns
[component_container_isolated-2] [ERROR] [1789770246.308553876] [tf_help]: Transform data too old when converting from map to odom
[component_container_isolated-2] [ERROR] [1789770246.308604578] [tf_help]: Data time: 77s 100000000ns, Transform time: 5s 109000000ns
[component_container_isolated-2] [ERROR] [1789770246.357818086] [tf_help]: Transform data too old when converting from map to odom
[component_container_isolated-2] [ERROR] [1789770246.357852301] [tf_help]: Data time: 77s 100000000ns, Transform time: 5s 109000000ns
[component_container_isolated-2] [ERROR] [1789770246.407514802] [tf_help]: Transform data too old when converting from map to odom
[component_container_isolated-2] [ERROR] [1789770246.407549178] [tf_help]: Data time: 77s 100000000ns, Transform time: 5s 109000000ns
[component_container_isolated-2] [ERROR] [1789770246.455424025] [tf_help]: Transform data too old when converting from map to odom
[component_container_isolated-2] [ERROR] [1789770246.455464391] [tf_help]: Data time: 77s 100000000ns, Transform time: 5s 109000000ns
[component_container_isolated-2] [ERROR] [1789770246.504336766] [tf_help]: Transform data too old when converting from map to odom
[component_container_isolated-2] [ERROR] [1789770246.504367611] [tf_help]: Data time: 77s 100000000ns, Transform time: 5s 109000000ns
[component_container_isolated-2] [ERROR] [1789770246.554488516] [tf_help]: Transform data too old when converting from map to odom
[component_container_isolated-2] [ERROR] [1789770246.554522962] [tf_help]: Data time: 77s 100000000ns, Transform time: 5s 109000000ns
[component_container_isolated-2] [INFO] [1789770246.599148555] [controller_server]: Passing new path to controller.
[component_container_isolated-2] [ERROR] [1789770246.604418494] [tf_help]: Transform data too old when converting from map to odom
[component_container_isolated-2] [ERROR] [1789770246.604453245] [tf_help]: Data time: 78s 100000000ns, Transform time: 5s 109000000ns
[component_container_isolated-2] [ERROR] [1789770246.654568801] [tf_help]: Transform data too old when converting from map to odom
[component_container_isolated-2] [ERROR] [1789770246.654604225] [tf_help]: Data time: 78s 100000000ns, Transform time: 5s 109000000ns
[component_container_isolated-2] [ERROR] [1789770246.704632357] [tf_help]: Transform data too old when converting from map to odom
[component_container_isolated-2] [ERROR] [1789770246.704668145] [tf_help]: Data time: 78s 100000000ns, Transform time: 5s 109000000ns
[component_container_isolated-2] [ERROR] [1789770246.754570233] [tf_help]: Transform data too old when converting from map to odom
[component_container_isolated-2] [ERROR] [1789770246.754603724] [tf_help]: Data time: 78s 100000000ns, Transform time: 5s 109000000ns
[component_container_isolated-2] [ERROR] [1789770246.805710095] [tf_help]: Transform data too old when converting from map to odom
[component_container_isolated-2] [ERROR] [1789770246.805759211] [tf_help]: Data time: 78s 100000000ns, Transform time: 5s 109000000ns
[component_container_isolated-2] [ERROR] [1789770246.857587584] [tf_help]: Transform data too old when converting from map to odom
[component_container_isolated-2] [ERROR] [1789770246.857629201] [tf_help]: Data time: 78s 100000000ns, Transform time: 5s 109000000ns
[component_container_isolated-2] [ERROR] [1789770246.904289050] [tf_help]: Transform data too old when converting from map to odom
[component_container_isolated-2] [ERROR] [1789770246.904324313] [tf_help]: Data time: 78s 100000000ns, Transform time: 5s 109000000ns
[component_container_isolated-2] [ERROR] [1789770246.954522734] [tf_help]: Transform data too old when converting from map to odom
[component_container_isolated-2] [ERROR] [1789770246.954557880] [tf_help]: Data time: 78s 100000000ns, Transform time: 5s 109000000ns
[component_container_isolated-2] [ERROR] [1789770247.004484304] [tf_help]: Transform data too old when converting from map to odom
[component_container_isolated-2] [ERROR] [1789770247.004516920] [tf_help]: Data time: 78s 100000000ns, Transform time: 5s 109000000ns
[component_container_isolated-2] [ERROR] [1789770247.054241819] [tf_help]: Transform data too old when converting from map to odom
[component_container_isolated-2] [ERROR] [1789770247.054275209] [tf_help]: Data time: 78s 100000000ns, Transform time: 5s 109000000ns
[component_container_isolated-2] [ERROR] [1789770247.104335033] [tf_help]: Transform data too old when converting from map to odom
[component_container_isolated-2] [ERROR] [1789770247.104380842] [tf_help]: Data time: 78s 100000000ns, Transform time: 5s 109000000ns
[component_container_isolated-2] [ERROR] [1789770247.154341740] [tf_help]: Transform data too old when converting from map to odom
[component_container_isolated-2] [ERROR] [1789770247.154379462] [tf_help]: Data time: 78s 100000000ns, Transform time: 5s 109000000ns
[component_container_isolated-2] [ERROR] [1789770247.204826499] [tf_help]: Transform data too old when converting from map to odom
[component_container_isolated-2] [ERROR] [1789770247.204860224] [tf_help]: Data time: 78s 100000000ns, Transform time: 5s 109000000ns
[component_container_isolated-2] [ERROR] [1789770247.254381268] [tf_help]: Transform data too old when converting from map to odom
[component_container_isolated-2] [ERROR] [1789770247.254413466] [tf_help]: Data time: 78s 100000000ns, Transform time: 5s 109000000ns
[component_container_isolated-2] [ERROR] [1789770247.307377148] [tf_help]: Transform data too old when converting from map to odom
[component_container_isolated-2] [ERROR] [1789770247.307411392] [tf_help]: Data time: 78s 100000000ns, Transform time: 5s 109000000ns
[component_container_isolated-2] [ERROR] [1789770247.354395772] [tf_help]: Transform data too old when converting from map to odom
[component_container_isolated-2] [ERROR] [1789770247.354442570] [tf_help]: Data time: 78s 100000000ns, Transform time: 5s 109000000ns
[component_container_isolated-2] [ERROR] [1789770247.404295218] [tf_help]: Transform data too old when converting from map to odom
[component_container_isolated-2] [ERROR] [1789770247.404325360] [tf_help]: Data time: 78s 100000000ns, Transform time: 5s 109000000ns
[component_container_isolated-2] [ERROR] [1789770247.454497588] [tf_help]: Transform data too old when converting from map to odom
[component_container_isolated-2] [ERROR] [1789770247.454532338] [tf_help]: Data time: 78s 100000000ns, Transform time: 5s 109000000ns
[component_container_isolated-2] [ERROR] [1789770247.504529780] [tf_help]: Transform data too old when converting from map to odom
[component_container_isolated-2] [ERROR] [1789770247.504563665] [tf_help]: Data time: 78s 100000000ns, Transform time: 5s 109000000ns
[component_container_isolated-2] [ERROR] [1789770247.554257526] [tf_help]: Transform data too old when converting from map to odom
[component_container_isolated-2] [ERROR] [1789770247.554294369] [tf_help]: Data time: 78s 100000000ns, Transform time: 5s 109000000ns
[component_container_isolated-2] [ERROR] [1789770247.604436396] [tf_help]: Transform data too old when converting from map to odom
[component_container_isolated-2] [ERROR] [1789770247.604474592] [tf_help]: Data time: 78s 100000000ns, Transform time: 5s 109000000ns
[component_container_isolated-2] [INFO] [1789770247.649108831] [controller_server]: Passing new path to controller.
[component_container_isolated-2] [ERROR] [1789770247.654428452] [tf_help]: Transform data too old when converting from map to odom
[component_container_isolated-2] [ERROR] [1789770247.654463620] [tf_help]: Data time: 79s 100000000ns, Transform time: 5s 109000000ns
[component_container_isolated-2] [ERROR] [1789770247.704542952] [tf_help]: Transform data too old when converting from map to odom
[component_container_isolated-2] [ERROR] [1789770247.704575625] [tf_help]: Data time: 79s 100000000ns, Transform time: 5s 109000000ns
[component_container_isolated-2] [ERROR] [1789770247.754225106] [tf_help]: Transform data too old when converting from map to odom
[component_container_isolated-2] [ERROR] [1789770247.754261095] [tf_help]: Data time: 79s 100000000ns, Transform time: 5s 109000000ns
[component_container_isolated-2] [ERROR] [1789770247.804414778] [tf_help]: Transform data too old when converting from map to odom
[component_container_isolated-2] [ERROR] [1789770247.804460489] [tf_help]: Data time: 79s 100000000ns, Transform time: 5s 109000000ns
[component_container_isolated-2] [ERROR] [1789770247.858396171] [tf_help]: Transform data too old when converting from map to odom
[component_container_isolated-2] [ERROR] [1789770247.858452022] [tf_help]: Data time: 79s 100000000ns, Transform time: 5s 109000000ns
[component_container_isolated-2] [ERROR] [1789770247.906781819] [tf_help]: Transform data too old when converting from map to odom
[component_container_isolated-2] [ERROR] [1789770247.906814637] [tf_help]: Data time: 79s 100000000ns, Transform time: 5s 109000000ns
[component_container_isolated-2] [ERROR] [1789770247.954712473] [tf_help]: Transform data too old when converting from map to odom
[component_container_isolated-2] [ERROR] [1789770247.954744015] [tf_help]: Data time: 79s 100000000ns, Transform time: 5s 109000000ns
[component_container_isolated-2] [ERROR] [1789770248.008128961] [tf_help]: Transform data too old when converting from map to odom
[component_container_isolated-2] [ERROR] [1789770248.008176984] [tf_help]: Data time: 79s 100000000ns, Transform time: 5s 109000000ns
[component_container_isolated-2] [INFO] [1789770248.058161304] [controller_server]: [TG-MPPI] cycle time (compute_backend=cpu): 6.053 ms/cycle avg over 50 cycles
[component_container_isolated-2] [ERROR] [1789770248.058331132] [tf_help]: Transform data too old when converting from map to odom
[component_container_isolated-2] [ERROR] [1789770248.058351378] [tf_help]: Data time: 79s 100000000ns, Transform time: 5s 109000000ns
[component_container_isolated-2] [ERROR] [1789770248.104553374] [tf_help]: Transform data too old when converting from map to odom
[component_container_isolated-2] [ERROR] [1789770248.104587361] [tf_help]: Data time: 79s 100000000ns, Transform time: 5s 109000000ns
[component_container_isolated-2] [ERROR] [1789770248.154411409] [tf_help]: Transform data too old when converting from map to odom
[component_container_isolated-2] [ERROR] [1789770248.154451020] [tf_help]: Data time: 79s 100000000ns, Transform time: 5s 109000000ns
[component_container_isolated-2] [ERROR] [1789770248.204428921] [tf_help]: Transform data too old when converting from map to odom
[component_container_isolated-2] [ERROR] [1789770248.204467451] [tf_help]: Data time: 79s 100000000ns, Transform time: 5s 109000000ns
[component_container_isolated-2] [ERROR] [1789770248.254352629] [tf_help]: Transform data too old when converting from map to odom
[component_container_isolated-2] [ERROR] [1789770248.254385035] [tf_help]: Data time: 79s 100000000ns, Transform time: 5s 109000000ns
[component_container_isolated-2] [ERROR] [1789770248.304357105] [tf_help]: Transform data too old when converting from map to odom
[component_container_isolated-2] [ERROR] [1789770248.304402906] [tf_help]: Data time: 79s 100000000ns, Transform time: 5s 109000000ns
[component_container_isolated-2] [ERROR] [1789770248.354342672] [tf_help]: Transform data too old when converting from map to odom
[component_container_isolated-2] [ERROR] [1789770248.354376663] [tf_help]: Data time: 79s 100000000ns, Transform time: 5s 109000000ns
[component_container_isolated-2] [ERROR] [1789770248.405041406] [tf_help]: Transform data too old when converting from map to odom
[component_container_isolated-2] [ERROR] [1789770248.405080510] [tf_help]: Data time: 79s 100000000ns, Transform time: 5s 109000000ns
[component_container_isolated-2] [ERROR] [1789770248.454321889] [tf_help]: Transform data too old when converting from map to odom
[component_container_isolated-2] [ERROR] [1789770248.454357410] [tf_help]: Data time: 79s 100000000ns, Transform time: 5s 109000000ns
[component_container_isolated-2] [ERROR] [1789770248.504335922] [tf_help]: Transform data too old when converting from map to odom
[component_container_isolated-2] [ERROR] [1789770248.504372629] [tf_help]: Data time: 79s 100000000ns, Transform time: 5s 109000000ns
[ground_truth_localizer-1] [INFO] [1789770248.540308998] [ground_truth_localizer]: last 10 s: ground truth msgs 294, map->odom published 294 (282 via latest odom TF)
[component_container_isolated-2] [ERROR] [1789770248.554351626] [tf_help]: Transform data too old when converting from map to odom
[component_container_isolated-2] [ERROR] [1789770248.554384542] [tf_help]: Data time: 79s 100000000ns, Transform time: 5s 109000000ns
[component_container_isolated-2] [ERROR] [1789770248.604356494] [tf_help]: Transform data too old when converting from map to odom
[component_container_isolated-2] [ERROR] [1789770248.604395915] [tf_help]: Data time: 79s 100000000ns, Transform time: 5s 109000000ns
[component_container_isolated-2] [ERROR] [1789770248.654250288] [tf_help]: Transform data too old when converting from map to odom
[component_container_isolated-2] [ERROR] [1789770248.654283242] [tf_help]: Data time: 79s 100000000ns, Transform time: 5s 109000000ns
[component_container_isolated-2] [INFO] [1789770248.699111223] [controller_server]: Passing new path to controller.
[component_container_isolated-2] [ERROR] [1789770248.704408631] [tf_help]: Transform data too old when converting from map to odom
[component_container_isolated-2] [ERROR] [1789770248.704429471] [tf_help]: Data time: 80s 0ns, Transform time: 5s 109000000ns
[component_container_isolated-2] [ERROR] [1789770248.754169307] [tf_help]: Transform data too old when converting from map to odom
[component_container_isolated-2] [ERROR] [1789770248.754203039] [tf_help]: Data time: 80s 0ns, Transform time: 5s 109000000ns
[component_container_isolated-2] [ERROR] [1789770248.804290860] [tf_help]: Transform data too old when converting from map to odom
[component_container_isolated-2] [ERROR] [1789770248.804322259] [tf_help]: Data time: 80s 0ns, Transform time: 5s 109000000ns
[component_container_isolated-2] [ERROR] [1789770248.855141672] [tf_help]: Transform data too old when converting from map to odom
[component_container_isolated-2] [ERROR] [1789770248.855172909] [tf_help]: Data time: 80s 0ns, Transform time: 5s 109000000ns
[component_container_isolated-2] [ERROR] [1789770248.904216082] [tf_help]: Transform data too old when converting from map to odom
[component_container_isolated-2] [ERROR] [1789770248.904250992] [tf_help]: Data time: 80s 0ns, Transform time: 5s 109000000ns
[component_container_isolated-2] [ERROR] [1789770248.954563031] [tf_help]: Transform data too old when converting from map to odom
[component_container_isolated-2] [ERROR] [1789770248.954605280] [tf_help]: Data time: 80s 0ns, Transform time: 5s 109000000ns
[component_container_isolated-2] [ERROR] [1789770249.004829373] [tf_help]: Transform data too old when converting from map to odom
[component_container_isolated-2] [ERROR] [1789770249.004862568] [tf_help]: Data time: 80s 0ns, Transform time: 5s 109000000ns
[component_container_isolated-2] [ERROR] [1789770249.054175124] [tf_help]: Transform data too old when converting from map to odom
[component_container_isolated-2] [ERROR] [1789770249.054207398] [tf_help]: Data time: 80s 0ns, Transform time: 5s 109000000ns
[component_container_isolated-2] [ERROR] [1789770249.104428512] [tf_help]: Transform data too old when converting from map to odom
[component_container_isolated-2] [ERROR] [1789770249.104470764] [tf_help]: Data time: 80s 0ns, Transform time: 5s 109000000ns
[component_container_isolated-2] [ERROR] [1789770249.154268327] [tf_help]: Transform data too old when converting from map to odom
[component_container_isolated-2] [ERROR] [1789770249.154302036] [tf_help]: Data time: 80s 0ns, Transform time: 5s 109000000ns
[component_container_isolated-2] [ERROR] [1789770249.204453778] [tf_help]: Transform data too old when converting from map to odom
[component_container_isolated-2] [ERROR] [1789770249.204484695] [tf_help]: Data time: 80s 0ns, Transform time: 5s 109000000ns
[component_container_isolated-2] [ERROR] [1789770249.255118112] [tf_help]: Transform data too old when converting from map to odom
[component_container_isolated-2] [ERROR] [1789770249.255161169] [tf_help]: Data time: 80s 0ns, Transform time: 5s 109000000ns
[component_container_isolated-2] [ERROR] [1789770249.304243072] [tf_help]: Transform data too old when converting from map to odom
[component_container_isolated-2] [ERROR] [1789770249.304280271] [tf_help]: Data time: 80s 0ns, Transform time: 5s 109000000ns
[component_container_isolated-2] [ERROR] [1789770249.355191269] [tf_help]: Transform data too old when converting from map to odom
[component_container_isolated-2] [ERROR] [1789770249.355225777] [tf_help]: Data time: 80s 0ns, Transform time: 5s 109000000ns
[component_container_isolated-2] [ERROR] [1789770249.404755871] [tf_help]: Transform data too old when converting from map to odom
[component_container_isolated-2] [ERROR] [1789770249.404828294] [tf_help]: Data time: 80s 0ns, Transform time: 5s 109000000ns
[component_container_isolated-2] [ERROR] [1789770249.454634382] [tf_help]: Transform data too old when converting from map to odom
[component_container_isolated-2] [ERROR] [1789770249.454664003] [tf_help]: Data time: 80s 0ns, Transform time: 5s 109000000ns
[component_container_isolated-2] [ERROR] [1789770249.506188628] [tf_help]: Transform data too old when converting from map to odom
[component_container_isolated-2] [ERROR] [1789770249.506221349] [tf_help]: Data time: 80s 0ns, Transform time: 5s 109000000ns
[component_container_isolated-2] [ERROR] [1789770249.554414511] [tf_help]: Transform data too old when converting from map to odom
[component_container_isolated-2] [ERROR] [1789770249.554466211] [tf_help]: Data time: 80s 0ns, Transform time: 5s 109000000ns
[component_container_isolated-2] [ERROR] [1789770249.604704256] [tf_help]: Transform data too old when converting from map to odom
[component_container_isolated-2] [ERROR] [1789770249.604733788] [tf_help]: Data time: 80s 0ns, Transform time: 5s 109000000ns
[component_container_isolated-2] [ERROR] [1789770249.654228011] [tf_help]: Transform data too old when converting from map to odom
[component_container_isolated-2] [ERROR] [1789770249.654261488] [tf_help]: Data time: 80s 0ns, Transform time: 5s 109000000ns
[component_container_isolated-2] [INFO] [1789770249.699149373] [controller_server]: Passing new path to controller.
[component_container_isolated-2] [ERROR] [1789770249.704647789] [tf_help]: Transform data too old when converting from map to odom
[component_container_isolated-2] [ERROR] [1789770249.704668251] [tf_help]: Data time: 81s 0ns, Transform time: 5s 109000000ns
[component_container_isolated-2] [ERROR] [1789770249.754692348] [tf_help]: Transform data too old when converting from map to odom
[component_container_isolated-2] [ERROR] [1789770249.754727475] [tf_help]: Data time: 81s 0ns, Transform time: 5s 109000000ns
[component_container_isolated-2] [ERROR] [1789770249.804718806] [tf_help]: Transform data too old when converting from map to odom
[component_container_isolated-2] [ERROR] [1789770249.804769134] [tf_help]: Data time: 81s 0ns, Transform time: 5s 109000000ns
[component_container_isolated-2] [ERROR] [1789770249.854596380] [tf_help]: Transform data too old when converting from map to odom
[component_container_isolated-2] [ERROR] [1789770249.854635473] [tf_help]: Data time: 81s 0ns, Transform time: 5s 109000000ns
[component_container_isolated-2] [ERROR] [1789770249.904342886] [tf_help]: Transform data too old when converting from map to odom
[component_container_isolated-2] [ERROR] [1789770249.904380939] [tf_help]: Data time: 81s 0ns, Transform time: 5s 109000000ns
[component_container_isolated-2] [ERROR] [1789770249.955741715] [tf_help]: Transform data too old when converting from map to odom
[component_container_isolated-2] [ERROR] [1789770249.955782362] [tf_help]: Data time: 81s 0ns, Transform time: 5s 109000000ns
[component_container_isolated-2] [ERROR] [1789770250.008670347] [tf_help]: Transform data too old when converting from map to odom
[component_container_isolated-2] [ERROR] [1789770250.008750759] [tf_help]: Data time: 81s 0ns, Transform time: 5s 109000000ns
[component_container_isolated-2] [ERROR] [1789770250.055712611] [tf_help]: Transform data too old when converting from map to odom
[component_container_isolated-2] [ERROR] [1789770250.055749322] [tf_help]: Data time: 81s 0ns, Transform time: 5s 109000000ns
[component_container_isolated-2] [ERROR] [1789770250.104312341] [tf_help]: Transform data too old when converting from map to odom
[component_container_isolated-2] [ERROR] [1789770250.104347733] [tf_help]: Data time: 81s 0ns, Transform time: 5s 109000000ns
[component_container_isolated-2] [ERROR] [1789770250.156449061] [tf_help]: Transform data too old when converting from map to odom
[component_container_isolated-2] [ERROR] [1789770250.156493162] [tf_help]: Data time: 81s 0ns, Transform time: 5s 109000000ns
[component_container_isolated-2] [ERROR] [1789770250.205271792] [tf_help]: Transform data too old when converting from map to odom
[component_container_isolated-2] [ERROR] [1789770250.205304688] [tf_help]: Data time: 81s 0ns, Transform time: 5s 109000000ns
[component_container_isolated-2] [ERROR] [1789770250.258264145] [tf_help]: Transform data too old when converting from map to odom
[component_container_isolated-2] [ERROR] [1789770250.258312429] [tf_help]: Data time: 81s 0ns, Transform time: 5s 109000000ns
[component_container_isolated-2] [ERROR] [1789770250.305016335] [tf_help]: Transform data too old when converting from map to odom
[component_container_isolated-2] [ERROR] [1789770250.305050149] [tf_help]: Data time: 81s 0ns, Transform time: 5s 109000000ns
[component_container_isolated-2] [ERROR] [1789770250.354471598] [tf_help]: Transform data too old when converting from map to odom
[component_container_isolated-2] [ERROR] [1789770250.354516757] [tf_help]: Data time: 81s 0ns, Transform time: 5s 109000000ns
[component_container_isolated-2] [ERROR] [1789770250.404735185] [tf_help]: Transform data too old when converting from map to odom
[component_container_isolated-2] [ERROR] [1789770250.404766553] [tf_help]: Data time: 81s 0ns, Transform time: 5s 109000000ns
[component_container_isolated-2] [ERROR] [1789770250.455362679] [tf_help]: Transform data too old when converting from map to odom
[component_container_isolated-2] [ERROR] [1789770250.455416225] [tf_help]: Data time: 81s 0ns, Transform time: 5s 109000000ns
[component_container_isolated-2] [ERROR] [1789770250.504688494] [tf_help]: Transform data too old when converting from map to odom
[component_container_isolated-2] [ERROR] [1789770250.504732207] [tf_help]: Data time: 81s 0ns, Transform time: 5s 109000000ns
[component_container_isolated-2] [INFO] [1789770250.554365161] [controller_server]: [TG-MPPI] cycle time (compute_backend=cpu): 5.451 ms/cycle avg over 50 cycles
[component_container_isolated-2] [ERROR] [1789770250.554516912] [tf_help]: Transform data too old when converting from map to odom
[component_container_isolated-2] [ERROR] [1789770250.554534700] [tf_help]: Data time: 81s 0ns, Transform time: 5s 109000000ns
[component_container_isolated-2] [ERROR] [1789770250.605007253] [tf_help]: Transform data too old when converting from map to odom
[component_container_isolated-2] [ERROR] [1789770250.605046290] [tf_help]: Data time: 81s 0ns, Transform time: 5s 109000000ns
[component_container_isolated-2] [ERROR] [1789770250.655345848] [tf_help]: Transform data too old when converting from map to odom
[component_container_isolated-2] [ERROR] [1789770250.655419558] [tf_help]: Data time: 81s 0ns, Transform time: 5s 109000000ns
[component_container_isolated-2] [ERROR] [1789770250.704531610] [tf_help]: Transform data too old when converting from map to odom
[component_container_isolated-2] [ERROR] [1789770250.704563863] [tf_help]: Data time: 81s 0ns, Transform time: 5s 109000000ns
[component_container_isolated-2] [INFO] [1789770250.749137079] [controller_server]: Passing new path to controller.
[component_container_isolated-2] [ERROR] [1789770250.754440678] [tf_help]: Transform data too old when converting from map to odom
[component_container_isolated-2] [ERROR] [1789770250.754472153] [tf_help]: Data time: 81s 900000000ns, Transform time: 5s 109000000ns
[component_container_isolated-2] [ERROR] [1789770250.804248263] [tf_help]: Transform data too old when converting from map to odom
[component_container_isolated-2] [ERROR] [1789770250.804285068] [tf_help]: Data time: 81s 900000000ns, Transform time: 5s 109000000ns
[component_container_isolated-2] [ERROR] [1789770250.857566077] [tf_help]: Transform data too old when converting from map to odom
[component_container_isolated-2] [ERROR] [1789770250.857599865] [tf_help]: Data time: 81s 900000000ns, Transform time: 5s 109000000ns
[component_container_isolated-2] [ERROR] [1789770250.904352830] [tf_help]: Transform data too old when converting from map to odom
[component_container_isolated-2] [ERROR] [1789770250.904397169] [tf_help]: Data time: 81s 900000000ns, Transform time: 5s 109000000ns
[component_container_isolated-2] [ERROR] [1789770250.954363749] [tf_help]: Transform data too old when converting from map to odom
[component_container_isolated-2] [ERROR] [1789770250.954397198] [tf_help]: Data time: 81s 900000000ns, Transform time: 5s 109000000ns
[component_container_isolated-2] [ERROR] [1789770251.004793335] [tf_help]: Transform data too old when converting from map to odom
[component_container_isolated-2] [ERROR] [1789770251.004850321] [tf_help]: Data time: 81s 900000000ns, Transform time: 5s 109000000ns
[component_container_isolated-2] [ERROR] [1789770251.058371471] [tf_help]: Transform data too old when converting from map to odom
[component_container_isolated-2] [ERROR] [1789770251.058416034] [tf_help]: Data time: 81s 900000000ns, Transform time: 5s 109000000ns
[component_container_isolated-2] [ERROR] [1789770251.105867387] [tf_help]: Transform data too old when converting from map to odom
[component_container_isolated-2] [ERROR] [1789770251.105899788] [tf_help]: Data time: 81s 900000000ns, Transform time: 5s 109000000ns
[component_container_isolated-2] [ERROR] [1789770251.155906652] [tf_help]: Transform data too old when converting from map to odom
[component_container_isolated-2] [ERROR] [1789770251.155971501] [tf_help]: Data time: 81s 900000000ns, Transform time: 5s 109000000ns
[component_container_isolated-2] [ERROR] [1789770251.205023426] [tf_help]: Transform data too old when converting from map to odom
[component_container_isolated-2] [ERROR] [1789770251.205053857] [tf_help]: Data time: 81s 900000000ns, Transform time: 5s 109000000ns
[component_container_isolated-2] [ERROR] [1789770251.254622305] [tf_help]: Transform data too old when converting from map to odom
[component_container_isolated-2] [ERROR] [1789770251.254657168] [tf_help]: Data time: 81s 900000000ns, Transform time: 5s 109000000ns
[component_container_isolated-2] [ERROR] [1789770251.304943400] [tf_help]: Transform data too old when converting from map to odom
[component_container_isolated-2] [ERROR] [1789770251.304979616] [tf_help]: Data time: 81s 900000000ns, Transform time: 5s 109000000ns
[component_container_isolated-2] [ERROR] [1789770251.354606860] [tf_help]: Transform data too old when converting from map to odom
[component_container_isolated-2] [ERROR] [1789770251.354644679] [tf_help]: Data time: 81s 900000000ns, Transform time: 5s 109000000ns
[component_container_isolated-2] [ERROR] [1789770251.404467890] [tf_help]: Transform data too old when converting from map to odom
[component_container_isolated-2] [ERROR] [1789770251.404504699] [tf_help]: Data time: 81s 900000000ns, Transform time: 5s 109000000ns
[component_container_isolated-2] [ERROR] [1789770251.454339065] [tf_help]: Transform data too old when converting from map to odom
[component_container_isolated-2] [ERROR] [1789770251.454376501] [tf_help]: Data time: 81s 900000000ns, Transform time: 5s 109000000ns
[component_container_isolated-2] [ERROR] [1789770251.505441337] [tf_help]: Transform data too old when converting from map to odom
[component_container_isolated-2] [ERROR] [1789770251.505476607] [tf_help]: Data time: 81s 900000000ns, Transform time: 5s 109000000ns
[component_container_isolated-2] [ERROR] [1789770251.554304352] [tf_help]: Transform data too old when converting from map to odom
[component_container_isolated-2] [ERROR] [1789770251.554337548] [tf_help]: Data time: 81s 900000000ns, Transform time: 5s 109000000ns
[component_container_isolated-2] [ERROR] [1789770251.605399184] [tf_help]: Transform data too old when converting from map to odom
[component_container_isolated-2] [ERROR] [1789770251.605435691] [tf_help]: Data time: 81s 900000000ns, Transform time: 5s 109000000ns
[component_container_isolated-2] [ERROR] [1789770251.656303887] [tf_help]: Transform data too old when converting from map to odom
[component_container_isolated-2] [ERROR] [1789770251.656370171] [tf_help]: Data time: 81s 900000000ns, Transform time: 5s 109000000ns
[component_container_isolated-2] [ERROR] [1789770251.705915481] [tf_help]: Transform data too old when converting from map to odom
[component_container_isolated-2] [ERROR] [1789770251.705954564] [tf_help]: Data time: 81s 900000000ns, Transform time: 5s 109000000ns
[component_container_isolated-2] [INFO] [1789770251.749112500] [controller_server]: Passing new path to controller.
[component_container_isolated-2] [ERROR] [1789770251.756301123] [tf_help]: Transform data too old when converting from map to odom
[component_container_isolated-2] [ERROR] [1789770251.756334143] [tf_help]: Data time: 82s 900000000ns, Transform time: 5s 109000000ns
[component_container_isolated-2] [ERROR] [1789770251.805122170] [tf_help]: Transform data too old when converting from map to odom
[component_container_isolated-2] [ERROR] [1789770251.805160059] [tf_help]: Data time: 82s 900000000ns, Transform time: 5s 109000000ns
[component_container_isolated-2] [ERROR] [1789770251.856148424] [tf_help]: Transform data too old when converting from map to odom
[component_container_isolated-2] [ERROR] [1789770251.856178631] [tf_help]: Data time: 82s 900000000ns, Transform time: 5s 109000000ns
[component_container_isolated-2] [ERROR] [1789770251.904728221] [tf_help]: Transform data too old when converting from map to odom
[component_container_isolated-2] [ERROR] [1789770251.904761845] [tf_help]: Data time: 82s 900000000ns, Transform time: 5s 109000000ns
[component_container_isolated-2] [ERROR] [1789770251.954764406] [tf_help]: Transform data too old when converting from map to odom
[component_container_isolated-2] [ERROR] [1789770251.954816498] [tf_help]: Data time: 82s 900000000ns, Transform time: 5s 109000000ns
[component_container_isolated-2] [ERROR] [1789770252.004753712] [tf_help]: Transform data too old when converting from map to odom
[component_container_isolated-2] [ERROR] [1789770252.004790926] [tf_help]: Data time: 82s 900000000ns, Transform time: 5s 109000000ns
[component_container_isolated-2] [ERROR] [1789770252.054783358] [tf_help]: Transform data too old when converting from map to odom
[component_container_isolated-2] [ERROR] [1789770252.054816702] [tf_help]: Data time: 82s 900000000ns, Transform time: 5s 109000000ns
[component_container_isolated-2] [ERROR] [1789770252.104912520] [tf_help]: Transform data too old when converting from map to odom
[component_container_isolated-2] [ERROR] [1789770252.104945917] [tf_help]: Data time: 82s 900000000ns, Transform time: 5s 109000000ns
[component_container_isolated-2] [ERROR] [1789770252.154787426] [tf_help]: Transform data too old when converting from map to odom
[component_container_isolated-2] [ERROR] [1789770252.154827493] [tf_help]: Data time: 82s 900000000ns, Transform time: 5s 109000000ns
[component_container_isolated-2] [ERROR] [1789770252.205421891] [tf_help]: Transform data too old when converting from map to odom
[component_container_isolated-2] [ERROR] [1789770252.205462027] [tf_help]: Data time: 82s 900000000ns, Transform time: 5s 109000000ns
[component_container_isolated-2] [ERROR] [1789770252.254564334] [tf_help]: Transform data too old when converting from map to odom
[component_container_isolated-2] [ERROR] [1789770252.254604094] [tf_help]: Data time: 82s 900000000ns, Transform time: 5s 109000000ns
[component_container_isolated-2] [ERROR] [1789770252.308230070] [tf_help]: Transform data too old when converting from map to odom
[component_container_isolated-2] [ERROR] [1789770252.308274929] [tf_help]: Data time: 82s 900000000ns, Transform time: 5s 109000000ns
[component_container_isolated-2] [ERROR] [1789770252.355978981] [tf_help]: Transform data too old when converting from map to odom
[component_container_isolated-2] [ERROR] [1789770252.356031102] [tf_help]: Data time: 82s 900000000ns, Transform time: 5s 109000000ns
[component_container_isolated-2] [ERROR] [1789770252.404493796] [tf_help]: Transform data too old when converting from map to odom
[component_container_isolated-2] [ERROR] [1789770252.404527711] [tf_help]: Data time: 82s 900000000ns, Transform time: 5s 109000000ns
[component_container_isolated-2] [ERROR] [1789770252.454429287] [tf_help]: Transform data too old when converting from map to odom
[component_container_isolated-2] [ERROR] [1789770252.454464963] [tf_help]: Data time: 82s 900000000ns, Transform time: 5s 109000000ns
[component_container_isolated-2] [ERROR] [1789770252.499184143] [controller_server]: Failed to make progress
[component_container_isolated-2] [WARN] [1789770252.499261368] [controller_server]: [follow_path] [ActionServer] Aborting handle.
[component_container_isolated-2] [INFO] [1789770252.518783945] [local_costmap.local_costmap]: Received request to clear entirely the local_costmap
[component_container_isolated-2] [INFO] [1789770252.519282532] [controller_server]: Received a goal, begin computing control effort.
[component_container_isolated-2] [ERROR] [1789770252.679231576] [tf_help]: Transform data too old when converting from map to odom
[component_container_isolated-2] [ERROR] [1789770252.679293963] [tf_help]: Data time: 82s 900000000ns, Transform time: 5s 109000000ns
[component_container_isolated-2] [WARN] [1789770252.679306619] [controller_server]: Control loop missed its desired rate of 20.0000Hz
[component_container_isolated-2] [ERROR] [1789770252.688762288] [tf_help]: Transform data too old when converting from map to odom
[component_container_isolated-2] [ERROR] [1789770252.688797254] [tf_help]: Data time: 82s 900000000ns, Transform time: 5s 109000000ns
[component_container_isolated-2] [ERROR] [1789770252.749769635] [tf_help]: Transform data too old when converting from map to odom
[component_container_isolated-2] [ERROR] [1789770252.749816583] [tf_help]: Data time: 82s 900000000ns, Transform time: 5s 109000000ns
[component_container_isolated-2] [INFO] [1789770252.799902923] [controller_server]: Passing new path to controller.
[component_container_isolated-2] [ERROR] [1789770252.808175976] [tf_help]: Transform data too old when converting from map to odom
[component_container_isolated-2] [ERROR] [1789770252.808227977] [tf_help]: Data time: 83s 800000000ns, Transform time: 5s 109000000ns
[component_container_isolated-2] [ERROR] [1789770252.863643749] [tf_help]: Transform data too old when converting from map to odom
[component_container_isolated-2] [ERROR] [1789770252.863694562] [tf_help]: Data time: 83s 800000000ns, Transform time: 5s 109000000ns
[component_container_isolated-2] [ERROR] [1789770252.919250133] [tf_help]: Transform data too old when converting from map to odom
[component_container_isolated-2] [ERROR] [1789770252.919294292] [tf_help]: Data time: 83s 800000000ns, Transform time: 5s 109000000ns
[component_container_isolated-2] [ERROR] [1789770252.975194966] [tf_help]: Transform data too old when converting from map to odom
[component_container_isolated-2] [ERROR] [1789770252.975229202] [tf_help]: Data time: 83s 800000000ns, Transform time: 5s 109000000ns
[component_container_isolated-2] [ERROR] [1789770253.030945986] [tf_help]: Transform data too old when converting from map to odom
[component_container_isolated-2] [ERROR] [1789770253.030983970] [tf_help]: Data time: 83s 800000000ns, Transform time: 5s 109000000ns
[component_container_isolated-2] [ERROR] [1789770253.084799934] [tf_help]: Transform data too old when converting from map to odom
[component_container_isolated-2] [ERROR] [1789770253.084832909] [tf_help]: Data time: 83s 800000000ns, Transform time: 5s 109000000ns
[component_container_isolated-2] [ERROR] [1789770253.135121747] [tf_help]: Transform data too old when converting from map to odom
[component_container_isolated-2] [ERROR] [1789770253.135169287] [tf_help]: Data time: 83s 800000000ns, Transform time: 5s 109000000ns
[component_container_isolated-2] [ERROR] [1789770253.184746455] [tf_help]: Transform data too old when converting from map to odom
[component_container_isolated-2] [ERROR] [1789770253.184780170] [tf_help]: Data time: 83s 800000000ns, Transform time: 5s 109000000ns
[component_container_isolated-2] [INFO] [1789770253.234732229] [controller_server]: [TG-MPPI] cycle time (compute_backend=cpu): 6.029 ms/cycle avg over 50 cycles
[component_container_isolated-2] [ERROR] [1789770253.234866907] [tf_help]: Transform data too old when converting from map to odom
[component_container_isolated-2] [ERROR] [1789770253.234884567] [tf_help]: Data time: 83s 800000000ns, Transform time: 5s 109000000ns
[component_container_isolated-2] [ERROR] [1789770253.289116357] [tf_help]: Transform data too old when converting from map to odom
[component_container_isolated-2] [ERROR] [1789770253.289163463] [tf_help]: Data time: 83s 800000000ns, Transform time: 5s 109000000ns
[component_container_isolated-2] [ERROR] [1789770253.335021210] [tf_help]: Transform data too old when converting from map to odom
[component_container_isolated-2] [ERROR] [1789770253.335064428] [tf_help]: Data time: 83s 800000000ns, Transform time: 5s 109000000ns
[component_container_isolated-2] [ERROR] [1789770253.385452076] [tf_help]: Transform data too old when converting from map to odom
[component_container_isolated-2] [ERROR] [1789770253.385489124] [tf_help]: Data time: 83s 800000000ns, Transform time: 5s 109000000ns
[component_container_isolated-2] [ERROR] [1789770253.434716397] [tf_help]: Transform data too old when converting from map to odom
[component_container_isolated-2] [ERROR] [1789770253.434771856] [tf_help]: Data time: 83s 800000000ns, Transform time: 5s 109000000ns
[component_container_isolated-2] [ERROR] [1789770253.487389822] [tf_help]: Transform data too old when converting from map to odom
[component_container_isolated-2] [ERROR] [1789770253.487427062] [tf_help]: Data time: 83s 800000000ns, Transform time: 5s 109000000ns
[component_container_isolated-2] [ERROR] [1789770253.535121545] [tf_help]: Transform data too old when converting from map to odom
[component_container_isolated-2] [ERROR] [1789770253.535155647] [tf_help]: Data time: 83s 800000000ns, Transform time: 5s 109000000ns
[component_container_isolated-2] [ERROR] [1789770253.584721700] [tf_help]: Transform data too old when converting from map to odom
[component_container_isolated-2] [ERROR] [1789770253.584758443] [tf_help]: Data time: 83s 800000000ns, Transform time: 5s 109000000ns
[component_container_isolated-2] [ERROR] [1789770253.634719101] [tf_help]: Transform data too old when converting from map to odom
[component_container_isolated-2] [ERROR] [1789770253.634751625] [tf_help]: Data time: 83s 800000000ns, Transform time: 5s 109000000ns
[component_container_isolated-2] [ERROR] [1789770253.685098437] [tf_help]: Transform data too old when converting from map to odom
[component_container_isolated-2] [ERROR] [1789770253.685156463] [tf_help]: Data time: 83s 800000000ns, Transform time: 5s 109000000ns
[component_container_isolated-2] [ERROR] [1789770253.734617555] [tf_help]: Transform data too old when converting from map to odom
[component_container_isolated-2] [ERROR] [1789770253.734648972] [tf_help]: Data time: 83s 800000000ns, Transform time: 5s 109000000ns
[component_container_isolated-2] [ERROR] [1789770253.784462315] [tf_help]: Transform data too old when converting from map to odom
[component_container_isolated-2] [ERROR] [1789770253.784497499] [tf_help]: Data time: 83s 800000000ns, Transform time: 5s 109000000ns
[component_container_isolated-2] [INFO] [1789770253.829365234] [controller_server]: Passing new path to controller.
[component_container_isolated-2] [ERROR] [1789770253.834621232] [tf_help]: Transform data too old when converting from map to odom
[component_container_isolated-2] [ERROR] [1789770253.834640562] [tf_help]: Data time: 84s 700000000ns, Transform time: 5s 109000000ns
[component_container_isolated-2] [ERROR] [1789770253.884778326] [tf_help]: Transform data too old when converting from map to odom
[component_container_isolated-2] [ERROR] [1789770253.884811210] [tf_help]: Data time: 84s 700000000ns, Transform time: 5s 109000000ns
[component_container_isolated-2] [ERROR] [1789770253.934736811] [tf_help]: Transform data too old when converting from map to odom
[component_container_isolated-2] [ERROR] [1789770253.934774968] [tf_help]: Data time: 84s 700000000ns, Transform time: 5s 109000000ns
[component_container_isolated-2] [ERROR] [1789770253.984975006] [tf_help]: Transform data too old when converting from map to odom
[component_container_isolated-2] [ERROR] [1789770253.985018225] [tf_help]: Data time: 84s 700000000ns, Transform time: 5s 109000000ns
[component_container_isolated-2] [ERROR] [1789770254.034879336] [tf_help]: Transform data too old when converting from map to odom
[component_container_isolated-2] [ERROR] [1789770254.034915357] [tf_help]: Data time: 84s 700000000ns, Transform time: 5s 109000000ns
[component_container_isolated-2] [ERROR] [1789770254.084752997] [tf_help]: Transform data too old when converting from map to odom
[component_container_isolated-2] [ERROR] [1789770254.084791859] [tf_help]: Data time: 84s 700000000ns, Transform time: 5s 109000000ns
[component_container_isolated-2] [ERROR] [1789770254.134679231] [tf_help]: Transform data too old when converting from map to odom
[component_container_isolated-2] [ERROR] [1789770254.134712717] [tf_help]: Data time: 84s 700000000ns, Transform time: 5s 109000000ns
[component_container_isolated-2] [ERROR] [1789770254.184908564] [tf_help]: Transform data too old when converting from map to odom
[component_container_isolated-2] [ERROR] [1789770254.184947363] [tf_help]: Data time: 84s 700000000ns, Transform time: 5s 109000000ns
[component_container_isolated-2] [ERROR] [1789770254.234853685] [tf_help]: Transform data too old when converting from map to odom
[component_container_isolated-2] [ERROR] [1789770254.234894727] [tf_help]: Data time: 84s 700000000ns, Transform time: 5s 109000000ns
[component_container_isolated-2] [ERROR] [1789770254.284795415] [tf_help]: Transform data too old when converting from map to odom
[component_container_isolated-2] [ERROR] [1789770254.284828898] [tf_help]: Data time: 84s 700000000ns, Transform time: 5s 109000000ns
[component_container_isolated-2] [ERROR] [1789770254.334524510] [tf_help]: Transform data too old when converting from map to odom
[component_container_isolated-2] [ERROR] [1789770254.334556799] [tf_help]: Data time: 84s 700000000ns, Transform time: 5s 109000000ns
[component_container_isolated-2] [ERROR] [1789770254.384654303] [tf_help]: Transform data too old when converting from map to odom
[component_container_isolated-2] [ERROR] [1789770254.384696696] [tf_help]: Data time: 84s 700000000ns, Transform time: 5s 109000000ns
[component_container_isolated-2] [ERROR] [1789770254.434975316] [tf_help]: Transform data too old when converting from map to odom
[component_container_isolated-2] [ERROR] [1789770254.435024864] [tf_help]: Data time: 84s 700000000ns, Transform time: 5s 109000000ns
[component_container_isolated-2] [ERROR] [1789770254.484918096] [tf_help]: Transform data too old when converting from map to odom
[component_container_isolated-2] [ERROR] [1789770254.484954540] [tf_help]: Data time: 84s 700000000ns, Transform time: 5s 109000000ns
[component_container_isolated-2] [ERROR] [1789770254.535057479] [tf_help]: Transform data too old when converting from map to odom
[component_container_isolated-2] [ERROR] [1789770254.535100616] [tf_help]: Data time: 84s 700000000ns, Transform time: 5s 109000000ns
[component_container_isolated-2] [ERROR] [1789770254.585001594] [tf_help]: Transform data too old when converting from map to odom
[component_container_isolated-2] [ERROR] [1789770254.585037812] [tf_help]: Data time: 84s 700000000ns, Transform time: 5s 109000000ns
[component_container_isolated-2] [ERROR] [1789770254.636823989] [tf_help]: Transform data too old when converting from map to odom
[component_container_isolated-2] [ERROR] [1789770254.636858061] [tf_help]: Data time: 84s 700000000ns, Transform time: 5s 109000000ns
[component_container_isolated-2] [ERROR] [1789770254.684883940] [tf_help]: Transform data too old when converting from map to odom
[component_container_isolated-2] [ERROR] [1789770254.684916941] [tf_help]: Data time: 84s 700000000ns, Transform time: 5s 109000000ns
[component_container_isolated-2] [ERROR] [1789770254.734882286] [tf_help]: Transform data too old when converting from map to odom
[component_container_isolated-2] [ERROR] [1789770254.734927738] [tf_help]: Data time: 84s 700000000ns, Transform time: 5s 109000000ns
[component_container_isolated-2] [ERROR] [1789770254.784669404] [tf_help]: Transform data too old when converting from map to odom
[component_container_isolated-2] [ERROR] [1789770254.784699594] [tf_help]: Data time: 84s 700000000ns, Transform time: 5s 109000000ns
[component_container_isolated-2] [ERROR] [1789770254.834770704] [tf_help]: Transform data too old when converting from map to odom
[component_container_isolated-2] [ERROR] [1789770254.834802799] [tf_help]: Data time: 84s 700000000ns, Transform time: 5s 109000000ns
[component_container_isolated-2] [INFO] [1789770254.879400003] [controller_server]: Passing new path to controller.
[component_container_isolated-2] [ERROR] [1789770254.884704172] [tf_help]: Transform data too old when converting from map to odom
[component_container_isolated-2] [ERROR] [1789770254.884730710] [tf_help]: Data time: 85s 700000000ns, Transform time: 5s 109000000ns
[component_container_isolated-2] [ERROR] [1789770254.934937309] [tf_help]: Transform data too old when converting from map to odom
[component_container_isolated-2] [ERROR] [1789770254.934973522] [tf_help]: Data time: 85s 700000000ns, Transform time: 5s 109000000ns
[component_container_isolated-2] [ERROR] [1789770254.985049997] [tf_help]: Transform data too old when converting from map to odom
[component_container_isolated-2] [ERROR] [1789770254.985088858] [tf_help]: Data time: 85s 700000000ns, Transform time: 5s 109000000ns
[component_container_isolated-2] [ERROR] [1789770255.034810750] [tf_help]: Transform data too old when converting from map to odom
[component_container_isolated-2] [ERROR] [1789770255.034846860] [tf_help]: Data time: 85s 700000000ns, Transform time: 5s 109000000ns
[component_container_isolated-2] [ERROR] [1789770255.084868454] [tf_help]: Transform data too old when converting from map to odom
[component_container_isolated-2] [ERROR] [1789770255.084901274] [tf_help]: Data time: 85s 700000000ns, Transform time: 5s 109000000ns
[component_container_isolated-2] [ERROR] [1789770255.134477970] [tf_help]: Transform data too old when converting from map to odom
[component_container_isolated-2] [ERROR] [1789770255.134510376] [tf_help]: Data time: 85s 700000000ns, Transform time: 5s 109000000ns
[component_container_isolated-2] [ERROR] [1789770255.184592097] [tf_help]: Transform data too old when converting from map to odom
[component_container_isolated-2] [ERROR] [1789770255.184631147] [tf_help]: Data time: 85s 700000000ns, Transform time: 5s 109000000ns
[component_container_isolated-2] [ERROR] [1789770255.234844156] [tf_help]: Transform data too old when converting from map to odom
[component_container_isolated-2] [ERROR] [1789770255.234889345] [tf_help]: Data time: 85s 700000000ns, Transform time: 5s 109000000ns
[component_container_isolated-2] [ERROR] [1789770255.286475133] [tf_help]: Transform data too old when converting from map to odom
[component_container_isolated-2] [ERROR] [1789770255.286511599] [tf_help]: Data time: 85s 700000000ns, Transform time: 5s 109000000ns
[component_container_isolated-2] [ERROR] [1789770255.339133989] [tf_help]: Transform data too old when converting from map to odom
[component_container_isolated-2] [ERROR] [1789770255.339182734] [tf_help]: Data time: 85s 700000000ns, Transform time: 5s 109000000ns
[component_container_isolated-2] [ERROR] [1789770255.385631898] [tf_help]: Transform data too old when converting from map to odom
[component_container_isolated-2] [ERROR] [1789770255.385668703] [tf_help]: Data time: 85s 700000000ns, Transform time: 5s 109000000ns
[component_container_isolated-2] [ERROR] [1789770255.435113980] [tf_help]: Transform data too old when converting from map to odom
[component_container_isolated-2] [ERROR] [1789770255.435160933] [tf_help]: Data time: 85s 700000000ns, Transform time: 5s 109000000ns
[component_container_isolated-2] [ERROR] [1789770255.484778250] [tf_help]: Transform data too old when converting from map to odom
[component_container_isolated-2] [ERROR] [1789770255.484810685] [tf_help]: Data time: 85s 700000000ns, Transform time: 5s 109000000ns
[component_container_isolated-2] [ERROR] [1789770255.534979407] [tf_help]: Transform data too old when converting from map to odom
[component_container_isolated-2] [ERROR] [1789770255.535012382] [tf_help]: Data time: 85s 700000000ns, Transform time: 5s 109000000ns
[component_container_isolated-2] [ERROR] [1789770255.585407186] [tf_help]: Transform data too old when converting from map to odom
[component_container_isolated-2] [ERROR] [1789770255.585449354] [tf_help]: Data time: 85s 700000000ns, Transform time: 5s 109000000ns
[component_container_isolated-2] [ERROR] [1789770255.635254204] [tf_help]: Transform data too old when converting from map to odom
[component_container_isolated-2] [ERROR] [1789770255.635286338] [tf_help]: Data time: 85s 700000000ns, Transform time: 5s 109000000ns
[component_container_isolated-2] [ERROR] [1789770255.684667694] [tf_help]: Transform data too old when converting from map to odom
[component_container_isolated-2] [ERROR] [1789770255.684715154] [tf_help]: Data time: 85s 700000000ns, Transform time: 5s 109000000ns
[component_container_isolated-2] [INFO] [1789770255.734922695] [controller_server]: [TG-MPPI] cycle time (compute_backend=cpu): 5.534 ms/cycle avg over 50 cycles
[component_container_isolated-2] [ERROR] [1789770255.735095215] [tf_help]: Transform data too old when converting from map to odom
[component_container_isolated-2] [ERROR] [1789770255.735115166] [tf_help]: Data time: 85s 700000000ns, Transform time: 5s 109000000ns
[component_container_isolated-2] [ERROR] [1789770255.784531150] [tf_help]: Transform data too old when converting from map to odom
[component_container_isolated-2] [ERROR] [1789770255.784562470] [tf_help]: Data time: 85s 700000000ns, Transform time: 5s 109000000ns
[component_container_isolated-2] [ERROR] [1789770255.835412718] [tf_help]: Transform data too old when converting from map to odom
[component_container_isolated-2] [ERROR] [1789770255.835448359] [tf_help]: Data time: 85s 700000000ns, Transform time: 5s 109000000ns
[component_container_isolated-2] [INFO] [1789770255.879365115] [controller_server]: Passing new path to controller.
[component_container_isolated-2] [ERROR] [1789770255.884536762] [tf_help]: Transform data too old when converting from map to odom
[component_container_isolated-2] [ERROR] [1789770255.884563596] [tf_help]: Data time: 86s 600000000ns, Transform time: 5s 109000000ns
[component_container_isolated-2] [ERROR] [1789770255.935726679] [tf_help]: Transform data too old when converting from map to odom
[component_container_isolated-2] [ERROR] [1789770255.935763661] [tf_help]: Data time: 86s 600000000ns, Transform time: 5s 109000000ns
[component_container_isolated-2] [ERROR] [1789770255.984777404] [tf_help]: Transform data too old when converting from map to odom
[component_container_isolated-2] [ERROR] [1789770255.984820376] [tf_help]: Data time: 86s 600000000ns, Transform time: 5s 109000000ns
[component_container_isolated-2] [ERROR] [1789770256.034891143] [tf_help]: Transform data too old when converting from map to odom
[component_container_isolated-2] [ERROR] [1789770256.034929823] [tf_help]: Data time: 86s 600000000ns, Transform time: 5s 109000000ns
[component_container_isolated-2] [ERROR] [1789770256.084852539] [tf_help]: Transform data too old when converting from map to odom
[component_container_isolated-2] [ERROR] [1789770256.084892833] [tf_help]: Data time: 86s 600000000ns, Transform time: 5s 109000000ns
[component_container_isolated-2] [ERROR] [1789770256.135840094] [tf_help]: Transform data too old when converting from map to odom
[component_container_isolated-2] [ERROR] [1789770256.135875408] [tf_help]: Data time: 86s 600000000ns, Transform time: 5s 109000000ns
[component_container_isolated-2] [ERROR] [1789770256.185415121] [tf_help]: Transform data too old when converting from map to odom
[component_container_isolated-2] [ERROR] [1789770256.185456278] [tf_help]: Data time: 86s 600000000ns, Transform time: 5s 109000000ns
[component_container_isolated-2] [ERROR] [1789770256.234712966] [tf_help]: Transform data too old when converting from map to odom
[component_container_isolated-2] [ERROR] [1789770256.234759481] [tf_help]: Data time: 86s 600000000ns, Transform time: 5s 109000000ns
[component_container_isolated-2] [ERROR] [1789770256.284513156] [tf_help]: Transform data too old when converting from map to odom
[component_container_isolated-2] [ERROR] [1789770256.284547695] [tf_help]: Data time: 86s 600000000ns, Transform time: 5s 109000000ns
[component_container_isolated-2] [ERROR] [1789770256.334756807] [tf_help]: Transform data too old when converting from map to odom
[component_container_isolated-2] [ERROR] [1789770256.334793861] [tf_help]: Data time: 86s 600000000ns, Transform time: 5s 109000000ns
[component_container_isolated-2] [ERROR] [1789770256.384419473] [tf_help]: Transform data too old when converting from map to odom
[component_container_isolated-2] [ERROR] [1789770256.384453897] [tf_help]: Data time: 86s 600000000ns, Transform time: 5s 109000000ns
[component_container_isolated-2] [ERROR] [1789770256.434682714] [tf_help]: Transform data too old when converting from map to odom
[component_container_isolated-2] [ERROR] [1789770256.434715362] [tf_help]: Data time: 86s 600000000ns, Transform time: 5s 109000000ns
[component_container_isolated-2] [ERROR] [1789770256.484628213] [tf_help]: Transform data too old when converting from map to odom
[component_container_isolated-2] [ERROR] [1789770256.484669475] [tf_help]: Data time: 86s 600000000ns, Transform time: 5s 109000000ns
[component_container_isolated-2] [ERROR] [1789770256.534618328] [tf_help]: Transform data too old when converting from map to odom
[component_container_isolated-2] [ERROR] [1789770256.534651935] [tf_help]: Data time: 86s 600000000ns, Transform time: 5s 109000000ns
[component_container_isolated-2] [ERROR] [1789770256.584596241] [tf_help]: Transform data too old when converting from map to odom
[component_container_isolated-2] [ERROR] [1789770256.584632358] [tf_help]: Data time: 86s 600000000ns, Transform time: 5s 109000000ns
[component_container_isolated-2] [ERROR] [1789770256.635032502] [tf_help]: Transform data too old when converting from map to odom
[component_container_isolated-2] [ERROR] [1789770256.635070169] [tf_help]: Data time: 86s 600000000ns, Transform time: 5s 109000000ns
[component_container_isolated-2] [ERROR] [1789770256.684613514] [tf_help]: Transform data too old when converting from map to odom
[component_container_isolated-2] [ERROR] [1789770256.684646993] [tf_help]: Data time: 86s 600000000ns, Transform time: 5s 109000000ns
[component_container_isolated-2] [ERROR] [1789770256.734715164] [tf_help]: Transform data too old when converting from map to odom
[component_container_isolated-2] [ERROR] [1789770256.734747925] [tf_help]: Data time: 86s 600000000ns, Transform time: 5s 109000000ns
[component_container_isolated-2] [ERROR] [1789770256.784604148] [tf_help]: Transform data too old when converting from map to odom
[component_container_isolated-2] [ERROR] [1789770256.784637834] [tf_help]: Data time: 86s 600000000ns, Transform time: 5s 109000000ns
[component_container_isolated-2] [ERROR] [1789770256.834785529] [tf_help]: Transform data too old when converting from map to odom
[component_container_isolated-2] [ERROR] [1789770256.834821159] [tf_help]: Data time: 86s 600000000ns, Transform time: 5s 109000000ns
[component_container_isolated-2] [ERROR] [1789770256.884884777] [tf_help]: Transform data too old when converting from map to odom
[component_container_isolated-2] [ERROR] [1789770256.884918841] [tf_help]: Data time: 86s 600000000ns, Transform time: 5s 109000000ns
[component_container_isolated-2] [INFO] [1789770256.929404225] [controller_server]: Passing new path to controller.
[component_container_isolated-2] [ERROR] [1789770256.934654165] [tf_help]: Transform data too old when converting from map to odom
[component_container_isolated-2] [ERROR] [1789770256.934674917] [tf_help]: Data time: 87s 500000000ns, Transform time: 5s 109000000ns
[component_container_isolated-2] [ERROR] [1789770256.984827900] [tf_help]: Transform data too old when converting from map to odom
[component_container_isolated-2] [ERROR] [1789770256.984863733] [tf_help]: Data time: 87s 500000000ns, Transform time: 5s 109000000ns
[component_container_isolated-2] [ERROR] [1789770257.034786182] [tf_help]: Transform data too old when converting from map to odom
[component_container_isolated-2] [ERROR] [1789770257.034825280] [tf_help]: Data time: 87s 500000000ns, Transform time: 5s 109000000ns
[component_container_isolated-2] [ERROR] [1789770257.084626033] [tf_help]: Transform data too old when converting from map to odom
[component_container_isolated-2] [ERROR] [1789770257.084684236] [tf_help]: Data time: 87s 500000000ns, Transform time: 5s 109000000ns
[component_container_isolated-2] [ERROR] [1789770257.134771333] [tf_help]: Transform data too old when converting from map to odom
[component_container_isolated-2] [ERROR] [1789770257.134805297] [tf_help]: Data time: 87s 500000000ns, Transform time: 5s 109000000ns
[component_container_isolated-2] [ERROR] [1789770257.185005147] [tf_help]: Transform data too old when converting from map to odom
[component_container_isolated-2] [ERROR] [1789770257.185042327] [tf_help]: Data time: 87s 500000000ns, Transform time: 5s 109000000ns
[component_container_isolated-2] [ERROR] [1789770257.235027748] [tf_help]: Transform data too old when converting from map to odom
[component_container_isolated-2] [ERROR] [1789770257.235064573] [tf_help]: Data time: 87s 500000000ns, Transform time: 5s 109000000ns
[component_container_isolated-2] [ERROR] [1789770257.284920614] [tf_help]: Transform data too old when converting from map to odom
[component_container_isolated-2] [ERROR] [1789770257.284959858] [tf_help]: Data time: 87s 500000000ns, Transform time: 5s 109000000ns
[component_container_isolated-2] [ERROR] [1789770257.334590555] [tf_help]: Transform data too old when converting from map to odom
[component_container_isolated-2] [ERROR] [1789770257.334623541] [tf_help]: Data time: 87s 500000000ns, Transform time: 5s 109000000ns
[component_container_isolated-2] [ERROR] [1789770257.384671342] [tf_help]: Transform data too old when converting from map to odom
[component_container_isolated-2] [ERROR] [1789770257.384710086] [tf_help]: Data time: 87s 500000000ns, Transform time: 5s 109000000ns
[component_container_isolated-2] [ERROR] [1789770257.434524777] [tf_help]: Transform data too old when converting from map to odom
[component_container_isolated-2] [ERROR] [1789770257.434573240] [tf_help]: Data time: 87s 500000000ns, Transform time: 5s 109000000ns
[component_container_isolated-2] [ERROR] [1789770257.486441382] [tf_help]: Transform data too old when converting from map to odom
[component_container_isolated-2] [ERROR] [1789770257.486474507] [tf_help]: Data time: 87s 500000000ns, Transform time: 5s 109000000ns
[component_container_isolated-2] [ERROR] [1789770257.535010337] [tf_help]: Transform data too old when converting from map to odom
[component_container_isolated-2] [ERROR] [1789770257.535044524] [tf_help]: Data time: 87s 500000000ns, Transform time: 5s 109000000ns
[component_container_isolated-2] [ERROR] [1789770257.584750373] [tf_help]: Transform data too old when converting from map to odom
[component_container_isolated-2] [ERROR] [1789770257.584787672] [tf_help]: Data time: 87s 500000000ns, Transform time: 5s 109000000ns
[component_container_isolated-2] [ERROR] [1789770257.634607054] [tf_help]: Transform data too old when converting from map to odom
[component_container_isolated-2] [ERROR] [1789770257.634645717] [tf_help]: Data time: 87s 500000000ns, Transform time: 5s 109000000ns
[component_container_isolated-2] [ERROR] [1789770257.684891888] [tf_help]: Transform data too old when converting from map to odom
[component_container_isolated-2] [ERROR] [1789770257.684926366] [tf_help]: Data time: 87s 500000000ns, Transform time: 5s 109000000ns
[component_container_isolated-2] [ERROR] [1789770257.734896881] [tf_help]: Transform data too old when converting from map to odom
[component_container_isolated-2] [ERROR] [1789770257.734931198] [tf_help]: Data time: 87s 500000000ns, Transform time: 5s 109000000ns
[component_container_isolated-2] [ERROR] [1789770257.785389388] [tf_help]: Transform data too old when converting from map to odom
[component_container_isolated-2] [ERROR] [1789770257.785421616] [tf_help]: Data time: 87s 500000000ns, Transform time: 5s 109000000ns
[component_container_isolated-2] [ERROR] [1789770257.834921872] [tf_help]: Transform data too old when converting from map to odom
[component_container_isolated-2] [ERROR] [1789770257.834956349] [tf_help]: Data time: 87s 500000000ns, Transform time: 5s 109000000ns
[component_container_isolated-2] [ERROR] [1789770257.884796586] [tf_help]: Transform data too old when converting from map to odom
[component_container_isolated-2] [ERROR] [1789770257.884830413] [tf_help]: Data time: 87s 500000000ns, Transform time: 5s 109000000ns
[component_container_isolated-2] [INFO] [1789770257.929501505] [controller_server]: Passing new path to controller.
[component_container_isolated-2] [ERROR] [1789770257.934960868] [tf_help]: Transform data too old when converting from map to odom
[component_container_isolated-2] [ERROR] [1789770257.934982691] [tf_help]: Data time: 88s 500000000ns, Transform time: 5s 109000000ns
[component_container_isolated-2] [ERROR] [1789770257.984629820] [tf_help]: Transform data too old when converting from map to odom
[component_container_isolated-2] [ERROR] [1789770257.984667403] [tf_help]: Data time: 88s 500000000ns, Transform time: 5s 109000000ns
[component_container_isolated-2] [ERROR] [1789770258.034575824] [tf_help]: Transform data too old when converting from map to odom
[component_container_isolated-2] [ERROR] [1789770258.034611868] [tf_help]: Data time: 88s 500000000ns, Transform time: 5s 109000000ns
[component_container_isolated-2] [ERROR] [1789770258.085026723] [tf_help]: Transform data too old when converting from map to odom
[component_container_isolated-2] [ERROR] [1789770258.085063643] [tf_help]: Data time: 88s 500000000ns, Transform time: 5s 109000000ns
[component_container_isolated-2] [ERROR] [1789770258.134597999] [tf_help]: Transform data too old when converting from map to odom
[component_container_isolated-2] [ERROR] [1789770258.134636517] [tf_help]: Data time: 88s 500000000ns, Transform time: 5s 109000000ns
[component_container_isolated-2] [ERROR] [1789770258.185128525] [tf_help]: Transform data too old when converting from map to odom
[component_container_isolated-2] [ERROR] [1789770258.185166364] [tf_help]: Data time: 88s 500000000ns, Transform time: 5s 109000000ns
[component_container_isolated-2] [INFO] [1789770258.234701627] [controller_server]: [TG-MPPI] cycle time (compute_backend=cpu): 5.245 ms/cycle avg over 50 cycles
[component_container_isolated-2] [ERROR] [1789770258.234839581] [tf_help]: Transform data too old when converting from map to odom
[component_container_isolated-2] [ERROR] [1789770258.234858657] [tf_help]: Data time: 88s 500000000ns, Transform time: 5s 109000000ns
[component_container_isolated-2] [ERROR] [1789770258.284788680] [tf_help]: Transform data too old when converting from map to odom
[component_container_isolated-2] [ERROR] [1789770258.284833032] [tf_help]: Data time: 88s 500000000ns, Transform time: 5s 109000000ns
[component_container_isolated-2] [ERROR] [1789770258.334917005] [tf_help]: Transform data too old when converting from map to odom
[component_container_isolated-2] [ERROR] [1789770258.334953055] [tf_help]: Data time: 88s 500000000ns, Transform time: 5s 109000000ns
[component_container_isolated-2] [ERROR] [1789770258.384745539] [tf_help]: Transform data too old when converting from map to odom
[component_container_isolated-2] [ERROR] [1789770258.384783144] [tf_help]: Data time: 88s 500000000ns, Transform time: 5s 109000000ns
[component_container_isolated-2] [ERROR] [1789770258.434844474] [tf_help]: Transform data too old when converting from map to odom
[component_container_isolated-2] [ERROR] [1789770258.434882149] [tf_help]: Data time: 88s 500000000ns, Transform time: 5s 109000000ns
[component_container_isolated-2] [ERROR] [1789770258.485173611] [tf_help]: Transform data too old when converting from map to odom
[component_container_isolated-2] [ERROR] [1789770258.485213799] [tf_help]: Data time: 88s 500000000ns, Transform time: 5s 109000000ns
[component_container_isolated-2] [ERROR] [1789770258.534815106] [tf_help]: Transform data too old when converting from map to odom
[component_container_isolated-2] [ERROR] [1789770258.534853951] [tf_help]: Data time: 88s 500000000ns, Transform time: 5s 109000000ns
[component_container_isolated-2] [ERROR] [1789770258.585079038] [tf_help]: Transform data too old when converting from map to odom
[component_container_isolated-2] [ERROR] [1789770258.585120249] [tf_help]: Data time: 88s 500000000ns, Transform time: 5s 109000000ns
[component_container_isolated-2] [ERROR] [1789770258.635309384] [tf_help]: Transform data too old when converting from map to odom
[component_container_isolated-2] [ERROR] [1789770258.635365099] [tf_help]: Data time: 88s 500000000ns, Transform time: 5s 109000000ns
[component_container_isolated-2] [ERROR] [1789770258.685715812] [tf_help]: Transform data too old when converting from map to odom
[component_container_isolated-2] [ERROR] [1789770258.685766111] [tf_help]: Data time: 88s 500000000ns, Transform time: 5s 109000000ns
[component_container_isolated-2] [ERROR] [1789770258.735186268] [tf_help]: Transform data too old when converting from map to odom
[component_container_isolated-2] [ERROR] [1789770258.735220102] [tf_help]: Data time: 88s 500000000ns, Transform time: 5s 109000000ns
[component_container_isolated-2] [ERROR] [1789770258.784580275] [tf_help]: Transform data too old when converting from map to odom
[component_container_isolated-2] [ERROR] [1789770258.784616735] [tf_help]: Data time: 88s 500000000ns, Transform time: 5s 109000000ns
[component_container_isolated-2] [ERROR] [1789770258.834890227] [tf_help]: Transform data too old when converting from map to odom
[component_container_isolated-2] [ERROR] [1789770258.834925805] [tf_help]: Data time: 88s 500000000ns, Transform time: 5s 109000000ns
[component_container_isolated-2] [ERROR] [1789770258.884681768] [tf_help]: Transform data too old when converting from map to odom
[component_container_isolated-2] [ERROR] [1789770258.884719305] [tf_help]: Data time: 88s 500000000ns, Transform time: 5s 109000000ns
[component_container_isolated-2] [ERROR] [1789770258.934589279] [tf_help]: Transform data too old when converting from map to odom
[component_container_isolated-2] [ERROR] [1789770258.934624031] [tf_help]: Data time: 88s 500000000ns, Transform time: 5s 109000000ns
[component_container_isolated-2] [INFO] [1789770258.979392247] [controller_server]: Passing new path to controller.
[component_container_isolated-2] [ERROR] [1789770258.984659547] [tf_help]: Transform data too old when converting from map to odom
[component_container_isolated-2] [ERROR] [1789770258.984683234] [tf_help]: Data time: 89s 400000000ns, Transform time: 5s 109000000ns
[component_container_isolated-2] [ERROR] [1789770259.035105310] [tf_help]: Transform data too old when converting from map to odom
[component_container_isolated-2] [ERROR] [1789770259.035141135] [tf_help]: Data time: 89s 400000000ns, Transform time: 5s 109000000ns
[component_container_isolated-2] [ERROR] [1789770259.085208015] [tf_help]: Transform data too old when converting from map to odom
[component_container_isolated-2] [ERROR] [1789770259.085242250] [tf_help]: Data time: 89s 400000000ns, Transform time: 5s 109000000ns
[component_container_isolated-2] [ERROR] [1789770259.134607738] [tf_help]: Transform data too old when converting from map to odom
[component_container_isolated-2] [ERROR] [1789770259.134643793] [tf_help]: Data time: 89s 400000000ns, Transform time: 5s 109000000ns
[component_container_isolated-2] [ERROR] [1789770259.184890131] [tf_help]: Transform data too old when converting from map to odom
[component_container_isolated-2] [ERROR] [1789770259.184924728] [tf_help]: Data time: 89s 400000000ns, Transform time: 5s 109000000ns
[component_container_isolated-2] [ERROR] [1789770259.235316785] [tf_help]: Transform data too old when converting from map to odom
[component_container_isolated-2] [ERROR] [1789770259.235356631] [tf_help]: Data time: 89s 400000000ns, Transform time: 5s 109000000ns
[component_container_isolated-2] [ERROR] [1789770259.285160943] [tf_help]: Transform data too old when converting from map to odom
[component_container_isolated-2] [ERROR] [1789770259.285199797] [tf_help]: Data time: 89s 400000000ns, Transform time: 5s 109000000ns
[component_container_isolated-2] [ERROR] [1789770259.335393224] [tf_help]: Transform data too old when converting from map to odom
[component_container_isolated-2] [ERROR] [1789770259.335436581] [tf_help]: Data time: 89s 400000000ns, Transform time: 5s 109000000ns
[component_container_isolated-2] [ERROR] [1789770259.385461687] [tf_help]: Transform data too old when converting from map to odom
[component_container_isolated-2] [ERROR] [1789770259.385504474] [tf_help]: Data time: 89s 400000000ns, Transform time: 5s 109000000ns
[component_container_isolated-2] [ERROR] [1789770259.435031558] [tf_help]: Transform data too old when converting from map to odom
[component_container_isolated-2] [ERROR] [1789770259.435068388] [tf_help]: Data time: 89s 400000000ns, Transform time: 5s 109000000ns
[component_container_isolated-2] [ERROR] [1789770259.484784668] [tf_help]: Transform data too old when converting from map to odom
[component_container_isolated-2] [ERROR] [1789770259.484819296] [tf_help]: Data time: 89s 400000000ns, Transform time: 5s 109000000ns
[ground_truth_localizer-1] [INFO] [1789770259.519979546] [ground_truth_localizer]: last 10 s: ground truth msgs 294, map->odom published 294 (284 via latest odom TF)
[component_container_isolated-2] [ERROR] [1789770259.535172726] [tf_help]: Transform data too old when converting from map to odom
[component_container_isolated-2] [ERROR] [1789770259.535222952] [tf_help]: Data time: 89s 400000000ns, Transform time: 5s 109000000ns
[component_container_isolated-2] [ERROR] [1789770259.584864623] [tf_help]: Transform data too old when converting from map to odom
[component_container_isolated-2] [ERROR] [1789770259.584909225] [tf_help]: Data time: 89s 400000000ns, Transform time: 5s 109000000ns
[component_container_isolated-2] [ERROR] [1789770259.634881924] [tf_help]: Transform data too old when converting from map to odom
[component_container_isolated-2] [ERROR] [1789770259.634924359] [tf_help]: Data time: 89s 400000000ns, Transform time: 5s 109000000ns
[component_container_isolated-2] [ERROR] [1789770259.687144560] [tf_help]: Transform data too old when converting from map to odom
[component_container_isolated-2] [ERROR] [1789770259.687189097] [tf_help]: Data time: 89s 400000000ns, Transform time: 5s 109000000ns
[component_container_isolated-2] [ERROR] [1789770259.734561121] [tf_help]: Transform data too old when converting from map to odom
[component_container_isolated-2] [ERROR] [1789770259.734594907] [tf_help]: Data time: 89s 400000000ns, Transform time: 5s 109000000ns
[component_container_isolated-2] [ERROR] [1789770259.785839160] [tf_help]: Transform data too old when converting from map to odom
[component_container_isolated-2] [ERROR] [1789770259.785873560] [tf_help]: Data time: 89s 400000000ns, Transform time: 5s 109000000ns
[component_container_isolated-2] [ERROR] [1789770259.835462194] [tf_help]: Transform data too old when converting from map to odom
[component_container_isolated-2] [ERROR] [1789770259.835494415] [tf_help]: Data time: 89s 400000000ns, Transform time: 5s 109000000ns
[component_container_isolated-2] [ERROR] [1789770259.885300761] [tf_help]: Transform data too old when converting from map to odom
[component_container_isolated-2] [ERROR] [1789770259.885336221] [tf_help]: Data time: 89s 400000000ns, Transform time: 5s 109000000ns
[component_container_isolated-2] [ERROR] [1789770259.934752973] [tf_help]: Transform data too old when converting from map to odom
[component_container_isolated-2] [ERROR] [1789770259.934788168] [tf_help]: Data time: 89s 400000000ns, Transform time: 5s 109000000ns
[component_container_isolated-2] [ERROR] [1789770259.989043011] [tf_help]: Transform data too old when converting from map to odom
[component_container_isolated-2] [ERROR] [1789770259.989089461] [tf_help]: Data time: 89s 400000000ns, Transform time: 5s 109000000ns
[component_container_isolated-2] [INFO] [1789770260.029407232] [controller_server]: Passing new path to controller.
[component_container_isolated-2] [ERROR] [1789770260.036690781] [tf_help]: Transform data too old when converting from map to odom
[component_container_isolated-2] [ERROR] [1789770260.036722887] [tf_help]: Data time: 90s 400000000ns, Transform time: 5s 109000000ns
[component_container_isolated-2] [ERROR] [1789770260.084600905] [tf_help]: Transform data too old when converting from map to odom
[component_container_isolated-2] [ERROR] [1789770260.084635301] [tf_help]: Data time: 90s 400000000ns, Transform time: 5s 109000000ns
[component_container_isolated-2] [ERROR] [1789770260.134828713] [tf_help]: Transform data too old when converting from map to odom
[component_container_isolated-2] [ERROR] [1789770260.134862677] [tf_help]: Data time: 90s 400000000ns, Transform time: 5s 109000000ns
[component_container_isolated-2] [ERROR] [1789770260.184718357] [tf_help]: Transform data too old when converting from map to odom
[component_container_isolated-2] [ERROR] [1789770260.184751105] [tf_help]: Data time: 90s 400000000ns, Transform time: 5s 109000000ns
[component_container_isolated-2] [ERROR] [1789770260.234666301] [tf_help]: Transform data too old when converting from map to odom
[component_container_isolated-2] [ERROR] [1789770260.234716875] [tf_help]: Data time: 90s 400000000ns, Transform time: 5s 109000000ns
[component_container_isolated-2] [ERROR] [1789770260.284596435] [tf_help]: Transform data too old when converting from map to odom
[component_container_isolated-2] [ERROR] [1789770260.284636093] [tf_help]: Data time: 90s 400000000ns, Transform time: 5s 109000000ns
[component_container_isolated-2] [ERROR] [1789770260.335630242] [tf_help]: Transform data too old when converting from map to odom
[component_container_isolated-2] [ERROR] [1789770260.335673459] [tf_help]: Data time: 90s 400000000ns, Transform time: 5s 109000000ns
[component_container_isolated-2] [ERROR] [1789770260.386402472] [tf_help]: Transform data too old when converting from map to odom
[component_container_isolated-2] [ERROR] [1789770260.386444205] [tf_help]: Data time: 90s 400000000ns, Transform time: 5s 109000000ns
[component_container_isolated-2] [ERROR] [1789770260.434869456] [tf_help]: Transform data too old when converting from map to odom
[component_container_isolated-2] [ERROR] [1789770260.434907461] [tf_help]: Data time: 90s 400000000ns, Transform time: 5s 109000000ns
[component_container_isolated-2] [ERROR] [1789770260.484654694] [tf_help]: Transform data too old when converting from map to odom
[component_container_isolated-2] [ERROR] [1789770260.484692703] [tf_help]: Data time: 90s 400000000ns, Transform time: 5s 109000000ns
[component_container_isolated-2] [ERROR] [1789770260.534931997] [tf_help]: Transform data too old when converting from map to odom
[component_container_isolated-2] [ERROR] [1789770260.534982969] [tf_help]: Data time: 90s 400000000ns, Transform time: 5s 109000000ns
[component_container_isolated-2] [ERROR] [1789770260.587475676] [tf_help]: Transform data too old when converting from map to odom
[component_container_isolated-2] [ERROR] [1789770260.587515086] [tf_help]: Data time: 90s 400000000ns, Transform time: 5s 109000000ns
[component_container_isolated-2] [ERROR] [1789770260.634947814] [tf_help]: Transform data too old when converting from map to odom
[component_container_isolated-2] [ERROR] [1789770260.634999122] [tf_help]: Data time: 90s 400000000ns, Transform time: 5s 109000000ns
[component_container_isolated-2] [ERROR] [1789770260.685596657] [tf_help]: Transform data too old when converting from map to odom
[component_container_isolated-2] [ERROR] [1789770260.685634228] [tf_help]: Data time: 90s 400000000ns, Transform time: 5s 109000000ns
[component_container_isolated-2] [INFO] [1789770260.734788217] [controller_server]: [TG-MPPI] cycle time (compute_backend=cpu): 5.577 ms/cycle avg over 50 cycles
[component_container_isolated-2] [ERROR] [1789770260.734930524] [tf_help]: Transform data too old when converting from map to odom
[component_container_isolated-2] [ERROR] [1789770260.734949234] [tf_help]: Data time: 90s 400000000ns, Transform time: 5s 109000000ns
[component_container_isolated-2] [ERROR] [1789770260.784572142] [tf_help]: Transform data too old when converting from map to odom
[component_container_isolated-2] [ERROR] [1789770260.784606229] [tf_help]: Data time: 90s 400000000ns, Transform time: 5s 109000000ns
[component_container_isolated-2] [ERROR] [1789770260.834625009] [tf_help]: Transform data too old when converting from map to odom
[component_container_isolated-2] [ERROR] [1789770260.834658953] [tf_help]: Data time: 90s 400000000ns, Transform time: 5s 109000000ns
[component_container_isolated-2] [ERROR] [1789770260.884444820] [tf_help]: Transform data too old when converting from map to odom
[component_container_isolated-2] [ERROR] [1789770260.884479560] [tf_help]: Data time: 90s 400000000ns, Transform time: 5s 109000000ns
[component_container_isolated-2] [ERROR] [1789770260.934586111] [tf_help]: Transform data too old when converting from map to odom
[component_container_isolated-2] [ERROR] [1789770260.934638612] [tf_help]: Data time: 90s 400000000ns, Transform time: 5s 109000000ns
[component_container_isolated-2] [ERROR] [1789770260.988504267] [tf_help]: Transform data too old when converting from map to odom
[component_container_isolated-2] [ERROR] [1789770260.988543417] [tf_help]: Data time: 90s 400000000ns, Transform time: 5s 109000000ns
[component_container_isolated-2] [INFO] [1789770261.029405298] [controller_server]: Passing new path to controller.
[component_container_isolated-2] [ERROR] [1789770261.034850705] [tf_help]: Transform data too old when converting from map to odom
[component_container_isolated-2] [ERROR] [1789770261.034882570] [tf_help]: Data time: 91s 300000000ns, Transform time: 5s 109000000ns
[component_container_isolated-2] [ERROR] [1789770261.084993301] [tf_help]: Transform data too old when converting from map to odom
[component_container_isolated-2] [ERROR] [1789770261.085035021] [tf_help]: Data time: 91s 300000000ns, Transform time: 5s 109000000ns
[component_container_isolated-2] [ERROR] [1789770261.134456845] [tf_help]: Transform data too old when converting from map to odom
[component_container_isolated-2] [ERROR] [1789770261.134490057] [tf_help]: Data time: 91s 300000000ns, Transform time: 5s 109000000ns
[component_container_isolated-2] [ERROR] [1789770261.184708542] [tf_help]: Transform data too old when converting from map to odom
[component_container_isolated-2] [ERROR] [1789770261.184741011] [tf_help]: Data time: 91s 300000000ns, Transform time: 5s 109000000ns
[component_container_isolated-2] [ERROR] [1789770261.235315640] [tf_help]: Transform data too old when converting from map to odom
[component_container_isolated-2] [ERROR] [1789770261.235348081] [tf_help]: Data time: 91s 300000000ns, Transform time: 5s 109000000ns
[component_container_isolated-2] [ERROR] [1789770261.284530434] [tf_help]: Transform data too old when converting from map to odom
[component_container_isolated-2] [ERROR] [1789770261.284565060] [tf_help]: Data time: 91s 300000000ns, Transform time: 5s 109000000ns
[component_container_isolated-2] [ERROR] [1789770261.334751074] [tf_help]: Transform data too old when converting from map to odom
[component_container_isolated-2] [ERROR] [1789770261.334784286] [tf_help]: Data time: 91s 300000000ns, Transform time: 5s 109000000ns
[component_container_isolated-2] [ERROR] [1789770261.384508625] [tf_help]: Transform data too old when converting from map to odom
[component_container_isolated-2] [ERROR] [1789770261.384555516] [tf_help]: Data time: 91s 300000000ns, Transform time: 5s 109000000ns
[component_container_isolated-2] [ERROR] [1789770261.435173114] [tf_help]: Transform data too old when converting from map to odom
[component_container_isolated-2] [ERROR] [1789770261.435212774] [tf_help]: Data time: 91s 300000000ns, Transform time: 5s 109000000ns
[component_container_isolated-2] [ERROR] [1789770261.484818079] [tf_help]: Transform data too old when converting from map to odom
[component_container_isolated-2] [ERROR] [1789770261.484854070] [tf_help]: Data time: 91s 300000000ns, Transform time: 5s 109000000ns
[component_container_isolated-2] [ERROR] [1789770261.534842005] [tf_help]: Transform data too old when converting from map to odom
[component_container_isolated-2] [ERROR] [1789770261.534875574] [tf_help]: Data time: 91s 300000000ns, Transform time: 5s 109000000ns
[component_container_isolated-2] [ERROR] [1789770261.585352993] [tf_help]: Transform data too old when converting from map to odom
[component_container_isolated-2] [ERROR] [1789770261.585387188] [tf_help]: Data time: 91s 300000000ns, Transform time: 5s 109000000ns
[component_container_isolated-2] [ERROR] [1789770261.634560047] [tf_help]: Transform data too old when converting from map to odom
[component_container_isolated-2] [ERROR] [1789770261.634587173] [tf_help]: Data time: 91s 300000000ns, Transform time: 5s 109000000ns
[component_container_isolated-2] [ERROR] [1789770261.685166067] [tf_help]: Transform data too old when converting from map to odom
[component_container_isolated-2] [ERROR] [1789770261.685199015] [tf_help]: Data time: 91s 300000000ns, Transform time: 5s 109000000ns
[component_container_isolated-2] [ERROR] [1789770261.735062887] [tf_help]: Transform data too old when converting from map to odom
[component_container_isolated-2] [ERROR] [1789770261.735116843] [tf_help]: Data time: 91s 300000000ns, Transform time: 5s 109000000ns
[component_container_isolated-2] [ERROR] [1789770261.784496382] [tf_help]: Transform data too old when converting from map to odom
[component_container_isolated-2] [ERROR] [1789770261.784528678] [tf_help]: Data time: 91s 300000000ns, Transform time: 5s 109000000ns
[component_container_isolated-2] [ERROR] [1789770261.835091077] [tf_help]: Transform data too old when converting from map to odom
[component_container_isolated-2] [ERROR] [1789770261.835139065] [tf_help]: Data time: 91s 300000000ns, Transform time: 5s 109000000ns
[component_container_isolated-2] [ERROR] [1789770261.884686933] [tf_help]: Transform data too old when converting from map to odom
[component_container_isolated-2] [ERROR] [1789770261.884720652] [tf_help]: Data time: 91s 300000000ns, Transform time: 5s 109000000ns
[component_container_isolated-2] [ERROR] [1789770261.934785952] [tf_help]: Transform data too old when converting from map to odom
[component_container_isolated-2] [ERROR] [1789770261.934821128] [tf_help]: Data time: 91s 300000000ns, Transform time: 5s 109000000ns
[component_container_isolated-2] [ERROR] [1789770261.984677796] [tf_help]: Transform data too old when converting from map to odom
[component_container_isolated-2] [ERROR] [1789770261.984709402] [tf_help]: Data time: 91s 300000000ns, Transform time: 5s 109000000ns
[component_container_isolated-2] [ERROR] [1789770262.034910802] [tf_help]: Transform data too old when converting from map to odom
[component_container_isolated-2] [ERROR] [1789770262.034943756] [tf_help]: Data time: 91s 300000000ns, Transform time: 5s 109000000ns
[component_container_isolated-2] [INFO] [1789770262.079399533] [controller_server]: Passing new path to controller.
[component_container_isolated-2] [ERROR] [1789770262.084990085] [tf_help]: Transform data too old when converting from map to odom
[component_container_isolated-2] [ERROR] [1789770262.085017782] [tf_help]: Data time: 92s 300000000ns, Transform time: 5s 109000000ns
[component_container_isolated-2] [ERROR] [1789770262.134738427] [tf_help]: Transform data too old when converting from map to odom
[component_container_isolated-2] [ERROR] [1789770262.134773020] [tf_help]: Data time: 92s 300000000ns, Transform time: 5s 109000000ns
[component_container_isolated-2] [ERROR] [1789770262.184820822] [tf_help]: Transform data too old when converting from map to odom
[component_container_isolated-2] [ERROR] [1789770262.184863531] [tf_help]: Data time: 92s 300000000ns, Transform time: 5s 109000000ns
[component_container_isolated-2] [ERROR] [1789770262.234502847] [tf_help]: Transform data too old when converting from map to odom
[component_container_isolated-2] [ERROR] [1789770262.234541375] [tf_help]: Data time: 92s 300000000ns, Transform time: 5s 109000000ns
[component_container_isolated-2] [ERROR] [1789770262.284687968] [tf_help]: Transform data too old when converting from map to odom
[component_container_isolated-2] [ERROR] [1789770262.284722984] [tf_help]: Data time: 92s 300000000ns, Transform time: 5s 109000000ns
[component_container_isolated-2] [ERROR] [1789770262.334985892] [tf_help]: Transform data too old when converting from map to odom
[component_container_isolated-2] [ERROR] [1789770262.335018109] [tf_help]: Data time: 92s 300000000ns, Transform time: 5s 109000000ns
[component_container_isolated-2] [ERROR] [1789770262.384683868] [tf_help]: Transform data too old when converting from map to odom
[component_container_isolated-2] [ERROR] [1789770262.384716168] [tf_help]: Data time: 92s 300000000ns, Transform time: 5s 109000000ns
[component_container_isolated-2] [ERROR] [1789770262.435267893] [tf_help]: Transform data too old when converting from map to odom
[component_container_isolated-2] [ERROR] [1789770262.435304270] [tf_help]: Data time: 92s 300000000ns, Transform time: 5s 109000000ns
[component_container_isolated-2] [ERROR] [1789770262.484673615] [tf_help]: Transform data too old when converting from map to odom
[component_container_isolated-2] [ERROR] [1789770262.484707663] [tf_help]: Data time: 92s 300000000ns, Transform time: 5s 109000000ns
[component_container_isolated-2] [ERROR] [1789770262.535161832] [tf_help]: Transform data too old when converting from map to odom
[component_container_isolated-2] [ERROR] [1789770262.535196096] [tf_help]: Data time: 92s 300000000ns, Transform time: 5s 109000000ns
[component_container_isolated-2] [ERROR] [1789770262.584923586] [tf_help]: Transform data too old when converting from map to odom
[component_container_isolated-2] [ERROR] [1789770262.584955496] [tf_help]: Data time: 92s 300000000ns, Transform time: 5s 109000000ns
[component_container_isolated-2] [ERROR] [1789770262.634824208] [tf_help]: Transform data too old when converting from map to odom
[component_container_isolated-2] [ERROR] [1789770262.634857052] [tf_help]: Data time: 92s 300000000ns, Transform time: 5s 109000000ns
[component_container_isolated-2] [ERROR] [1789770262.685167367] [tf_help]: Transform data too old when converting from map to odom
[component_container_isolated-2] [ERROR] [1789770262.685202766] [tf_help]: Data time: 92s 300000000ns, Transform time: 5s 109000000ns
[component_container_isolated-2] [ERROR] [1789770262.735019756] [tf_help]: Transform data too old when converting from map to odom
[component_container_isolated-2] [ERROR] [1789770262.735052467] [tf_help]: Data time: 92s 300000000ns, Transform time: 5s 109000000ns
[component_container_isolated-2] [ERROR] [1789770262.784799515] [tf_help]: Transform data too old when converting from map to odom
[component_container_isolated-2] [ERROR] [1789770262.784840065] [tf_help]: Data time: 92s 300000000ns, Transform time: 5s 109000000ns
[component_container_isolated-2] [ERROR] [1789770262.834880679] [tf_help]: Transform data too old when converting from map to odom
[component_container_isolated-2] [ERROR] [1789770262.834915394] [tf_help]: Data time: 92s 300000000ns, Transform time: 5s 109000000ns
[component_container_isolated-2] [ERROR] [1789770262.884953867] [tf_help]: Transform data too old when converting from map to odom
[component_container_isolated-2] [ERROR] [1789770262.884994906] [tf_help]: Data time: 92s 300000000ns, Transform time: 5s 109000000ns
[component_container_isolated-2] [ERROR] [1789770262.934925149] [tf_help]: Transform data too old when converting from map to odom
[component_container_isolated-2] [ERROR] [1789770262.934964798] [tf_help]: Data time: 92s 300000000ns, Transform time: 5s 109000000ns
[component_container_isolated-2] [ERROR] [1789770262.984769441] [tf_help]: Transform data too old when converting from map to odom
[component_container_isolated-2] [ERROR] [1789770262.984802947] [tf_help]: Data time: 92s 300000000ns, Transform time: 5s 109000000ns
[component_container_isolated-2] [ERROR] [1789770263.034826277] [tf_help]: Transform data too old when converting from map to odom
[component_container_isolated-2] [ERROR] [1789770263.034858630] [tf_help]: Data time: 92s 300000000ns, Transform time: 5s 109000000ns
[component_container_isolated-2] [INFO] [1789770263.079400479] [controller_server]: Passing new path to controller.
[component_container_isolated-2] [ERROR] [1789770263.085811830] [tf_help]: Transform data too old when converting from map to odom
[component_container_isolated-2] [ERROR] [1789770263.085856329] [tf_help]: Data time: 93s 200000000ns, Transform time: 5s 109000000ns
[component_container_isolated-2] [ERROR] [1789770263.134748060] [tf_help]: Transform data too old when converting from map to odom
[component_container_isolated-2] [ERROR] [1789770263.134782687] [tf_help]: Data time: 93s 200000000ns, Transform time: 5s 109000000ns
[component_container_isolated-2] [ERROR] [1789770263.185114224] [tf_help]: Transform data too old when converting from map to odom
[component_container_isolated-2] [ERROR] [1789770263.185150256] [tf_help]: Data time: 93s 200000000ns, Transform time: 5s 109000000ns
[component_container_isolated-2] [INFO] [1789770263.234560399] [controller_server]: [TG-MPPI] cycle time (compute_backend=cpu): 5.301 ms/cycle avg over 50 cycles
[component_container_isolated-2] [ERROR] [1789770263.234701031] [tf_help]: Transform data too old when converting from map to odom
[component_container_isolated-2] [ERROR] [1789770263.234721042] [tf_help]: Data time: 93s 200000000ns, Transform time: 5s 109000000ns
[component_container_isolated-2] [ERROR] [1789770263.284511189] [tf_help]: Transform data too old when converting from map to odom
[component_container_isolated-2] [ERROR] [1789770263.284566739] [tf_help]: Data time: 93s 200000000ns, Transform time: 5s 109000000ns
[component_container_isolated-2] [ERROR] [1789770263.334715951] [tf_help]: Transform data too old when converting from map to odom
[component_container_isolated-2] [ERROR] [1789770263.334747877] [tf_help]: Data time: 93s 200000000ns, Transform time: 5s 109000000ns
[component_container_isolated-2] [ERROR] [1789770263.384728641] [tf_help]: Transform data too old when converting from map to odom
[component_container_isolated-2] [ERROR] [1789770263.384781699] [tf_help]: Data time: 93s 200000000ns, Transform time: 5s 109000000ns
[component_container_isolated-2] [ERROR] [1789770263.434852915] [tf_help]: Transform data too old when converting from map to odom
[component_container_isolated-2] [ERROR] [1789770263.434896813] [tf_help]: Data time: 93s 200000000ns, Transform time: 5s 109000000ns
[component_container_isolated-2] [ERROR] [1789770263.484733153] [tf_help]: Transform data too old when converting from map to odom
[component_container_isolated-2] [ERROR] [1789770263.484766761] [tf_help]: Data time: 93s 200000000ns, Transform time: 5s 109000000ns
[component_container_isolated-2] [ERROR] [1789770263.534718097] [tf_help]: Transform data too old when converting from map to odom
[component_container_isolated-2] [ERROR] [1789770263.534751517] [tf_help]: Data time: 93s 200000000ns, Transform time: 5s 109000000ns
[component_container_isolated-2] [ERROR] [1789770263.584634339] [tf_help]: Transform data too old when converting from map to odom
[component_container_isolated-2] [ERROR] [1789770263.584668326] [tf_help]: Data time: 93s 200000000ns, Transform time: 5s 109000000ns
[component_container_isolated-2] [ERROR] [1789770263.634630205] [tf_help]: Transform data too old when converting from map to odom
[component_container_isolated-2] [ERROR] [1789770263.634665148] [tf_help]: Data time: 93s 200000000ns, Transform time: 5s 109000000ns
[component_container_isolated-2] [ERROR] [1789770263.679421528] [controller_server]: Failed to make progress
[component_container_isolated-2] [WARN] [1789770263.679505510] [controller_server]: [follow_path] [ActionServer] Aborting handle.
[component_container_isolated-2] [INFO] [1789770263.698909363] [behavior_server]: Running spin
[component_container_isolated-2] [INFO] [1789770263.699017182] [behavior_server]: Turning 1.57 for spin behavior.
[component_container_isolated-2] [ERROR] [1789770263.799146139] [behavior_server]: Pose Goes Off Grid.
[component_container_isolated-2] [WARN] [1789770263.799200933] [behavior_server]: Collision Ahead - Exiting Spin
[component_container_isolated-2] [WARN] [1789770263.799205627] [behavior_server]: spin failed
[component_container_isolated-2] [WARN] [1789770263.799211136] [behavior_server]: [spin] [ActionServer] Aborting handle.
[component_container_isolated-2] [INFO] [1789770263.828746673] [behavior_server]: Running wait
[component_container_isolated-2] [INFO] [1789770268.828894477] [behavior_server]: wait completed successfully
[component_container_isolated-2] [INFO] [1789770268.878911962] [controller_server]: Received a goal, begin computing control effort.
[component_container_isolated-2] [INFO] [1789770268.882963334] [controller_server]: Optimizer reset (compute_backend=cpu)
[component_container_isolated-2] [ERROR] [1789770268.892119318] [tf_help]: Transform data too old when converting from map to odom
[component_container_isolated-2] [ERROR] [1789770268.892149100] [tf_help]: Data time: 98s 500000000ns, Transform time: 5s 109000000ns
[component_container_isolated-2] [ERROR] [1789770268.935246309] [tf_help]: Transform data too old when converting from map to odom
[component_container_isolated-2] [ERROR] [1789770268.935277862] [tf_help]: Data time: 98s 500000000ns, Transform time: 5s 109000000ns
[component_container_isolated-2] [ERROR] [1789770268.985050967] [tf_help]: Transform data too old when converting from map to odom
[component_container_isolated-2] [ERROR] [1789770268.985086429] [tf_help]: Data time: 98s 500000000ns, Transform time: 5s 109000000ns
[component_container_isolated-2] [ERROR] [1789770269.034802562] [tf_help]: Transform data too old when converting from map to odom
[component_container_isolated-2] [ERROR] [1789770269.034855182] [tf_help]: Data time: 98s 500000000ns, Transform time: 5s 109000000ns
[component_container_isolated-2] [ERROR] [1789770269.085253149] [tf_help]: Transform data too old when converting from map to odom
[component_container_isolated-2] [ERROR] [1789770269.085285509] [tf_help]: Data time: 98s 500000000ns, Transform time: 5s 109000000ns
[component_container_isolated-2] [ERROR] [1789770269.134766291] [tf_help]: Transform data too old when converting from map to odom
[component_container_isolated-2] [ERROR] [1789770269.134800465] [tf_help]: Data time: 98s 500000000ns, Transform time: 5s 109000000ns
[component_container_isolated-2] [ERROR] [1789770269.184720921] [tf_help]: Transform data too old when converting from map to odom
[component_container_isolated-2] [ERROR] [1789770269.184756749] [tf_help]: Data time: 98s 500000000ns, Transform time: 5s 109000000ns
[component_container_isolated-2] [ERROR] [1789770269.234501695] [tf_help]: Transform data too old when converting from map to odom
[component_container_isolated-2] [ERROR] [1789770269.234543218] [tf_help]: Data time: 98s 500000000ns, Transform time: 5s 109000000ns
[component_container_isolated-2] [ERROR] [1789770269.284491102] [tf_help]: Transform data too old when converting from map to odom
[component_container_isolated-2] [ERROR] [1789770269.284524613] [tf_help]: Data time: 98s 500000000ns, Transform time: 5s 109000000ns
[component_container_isolated-2] [ERROR] [1789770269.334646849] [tf_help]: Transform data too old when converting from map to odom
[component_container_isolated-2] [ERROR] [1789770269.334678338] [tf_help]: Data time: 98s 500000000ns, Transform time: 5s 109000000ns
[component_container_isolated-2] [ERROR] [1789770269.384551971] [tf_help]: Transform data too old when converting from map to odom
[component_container_isolated-2] [ERROR] [1789770269.384589410] [tf_help]: Data time: 98s 500000000ns, Transform time: 5s 109000000ns
[component_container_isolated-2] [ERROR] [1789770269.434646485] [tf_help]: Transform data too old when converting from map to odom
[component_container_isolated-2] [ERROR] [1789770269.434676698] [tf_help]: Data time: 98s 500000000ns, Transform time: 5s 109000000ns
[component_container_isolated-2] [ERROR] [1789770269.484829375] [tf_help]: Transform data too old when converting from map to odom
[component_container_isolated-2] [ERROR] [1789770269.484869073] [tf_help]: Data time: 98s 500000000ns, Transform time: 5s 109000000ns
[component_container_isolated-2] [ERROR] [1789770269.534482779] [tf_help]: Transform data too old when converting from map to odom
[component_container_isolated-2] [ERROR] [1789770269.534519262] [tf_help]: Data time: 98s 500000000ns, Transform time: 5s 109000000ns
[component_container_isolated-2] [ERROR] [1789770269.584236113] [tf_help]: Transform data too old when converting from map to odom
[component_container_isolated-2] [ERROR] [1789770269.584268812] [tf_help]: Data time: 98s 500000000ns, Transform time: 5s 109000000ns
[component_container_isolated-2] [ERROR] [1789770269.634552218] [tf_help]: Transform data too old when converting from map to odom
[component_container_isolated-2] [ERROR] [1789770269.634582421] [tf_help]: Data time: 98s 500000000ns, Transform time: 5s 109000000ns
[component_container_isolated-2] [ERROR] [1789770269.684451062] [tf_help]: Transform data too old when converting from map to odom
[component_container_isolated-2] [ERROR] [1789770269.684478864] [tf_help]: Data time: 98s 500000000ns, Transform time: 5s 109000000ns
[component_container_isolated-2] [ERROR] [1789770269.734417303] [tf_help]: Transform data too old when converting from map to odom
[component_container_isolated-2] [ERROR] [1789770269.734451662] [tf_help]: Data time: 98s 500000000ns, Transform time: 5s 109000000ns
[component_container_isolated-2] [ERROR] [1789770269.784744285] [tf_help]: Transform data too old when converting from map to odom
[component_container_isolated-2] [ERROR] [1789770269.784775649] [tf_help]: Data time: 98s 500000000ns, Transform time: 5s 109000000ns
[component_container_isolated-2] [ERROR] [1789770269.834412170] [tf_help]: Transform data too old when converting from map to odom
[component_container_isolated-2] [ERROR] [1789770269.834450411] [tf_help]: Data time: 98s 500000000ns, Transform time: 5s 109000000ns
[component_container_isolated-2] [ERROR] [1789770269.884703495] [tf_help]: Transform data too old when converting from map to odom
[component_container_isolated-2] [ERROR] [1789770269.884752241] [tf_help]: Data time: 98s 500000000ns, Transform time: 5s 109000000ns
[component_container_isolated-2] [INFO] [1789770269.929052988] [controller_server]: Passing new path to controller.
[component_container_isolated-2] [ERROR] [1789770269.934458285] [tf_help]: Transform data too old when converting from map to odom
[component_container_isolated-2] [ERROR] [1789770269.934485410] [tf_help]: Data time: 99s 300000000ns, Transform time: 5s 109000000ns
[component_container_isolated-2] [ERROR] [1789770269.985167701] [tf_help]: Transform data too old when converting from map to odom
[component_container_isolated-2] [ERROR] [1789770269.985202577] [tf_help]: Data time: 99s 300000000ns, Transform time: 5s 109000000ns
[component_container_isolated-2] [ERROR] [1789770270.034689819] [tf_help]: Transform data too old when converting from map to odom
[component_container_isolated-2] [ERROR] [1789770270.034725656] [tf_help]: Data time: 99s 300000000ns, Transform time: 5s 109000000ns
[component_container_isolated-2] [ERROR] [1789770270.084127566] [tf_help]: Transform data too old when converting from map to odom
[component_container_isolated-2] [ERROR] [1789770270.084162454] [tf_help]: Data time: 99s 300000000ns, Transform time: 5s 109000000ns
[component_container_isolated-2] [ERROR] [1789770270.134345273] [tf_help]: Transform data too old when converting from map to odom
[component_container_isolated-2] [ERROR] [1789770270.134388051] [tf_help]: Data time: 99s 300000000ns, Transform time: 5s 109000000ns
[component_container_isolated-2] [ERROR] [1789770270.184409960] [tf_help]: Transform data too old when converting from map to odom
[component_container_isolated-2] [ERROR] [1789770270.184447060] [tf_help]: Data time: 99s 300000000ns, Transform time: 5s 109000000ns
[component_container_isolated-2] [ERROR] [1789770270.234892403] [tf_help]: Transform data too old when converting from map to odom
[component_container_isolated-2] [ERROR] [1789770270.234936189] [tf_help]: Data time: 99s 300000000ns, Transform time: 5s 109000000ns
[component_container_isolated-2] [ERROR] [1789770270.284203101] [tf_help]: Transform data too old when converting from map to odom
[component_container_isolated-2] [ERROR] [1789770270.284237306] [tf_help]: Data time: 99s 300000000ns, Transform time: 5s 109000000ns
[component_container_isolated-2] [ERROR] [1789770270.334697723] [tf_help]: Transform data too old when converting from map to odom
[component_container_isolated-2] [ERROR] [1789770270.334733414] [tf_help]: Data time: 99s 300000000ns, Transform time: 5s 109000000ns
[component_container_isolated-2] [ERROR] [1789770270.384569061] [tf_help]: Transform data too old when converting from map to odom
[component_container_isolated-2] [ERROR] [1789770270.384614056] [tf_help]: Data time: 99s 300000000ns, Transform time: 5s 109000000ns
[component_container_isolated-2] [ERROR] [1789770270.434375377] [tf_help]: Transform data too old when converting from map to odom
[component_container_isolated-2] [ERROR] [1789770270.434407874] [tf_help]: Data time: 99s 300000000ns, Transform time: 5s 109000000ns
[ground_truth_localizer-1] [INFO] [1789770270.440218250] [ground_truth_localizer]: last 10 s: ground truth msgs 294, map->odom published 294 (285 via latest odom TF)
[component_container_isolated-2] [ERROR] [1789770270.484319036] [tf_help]: Transform data too old when converting from map to odom
[component_container_isolated-2] [ERROR] [1789770270.484351518] [tf_help]: Data time: 99s 300000000ns, Transform time: 5s 109000000ns
[component_container_isolated-2] [ERROR] [1789770270.534292223] [tf_help]: Transform data too old when converting from map to odom
[component_container_isolated-2] [ERROR] [1789770270.534327049] [tf_help]: Data time: 99s 300000000ns, Transform time: 5s 109000000ns
[component_container_isolated-2] [ERROR] [1789770270.585802000] [tf_help]: Transform data too old when converting from map to odom
[component_container_isolated-2] [ERROR] [1789770270.585853675] [tf_help]: Data time: 99s 300000000ns, Transform time: 5s 109000000ns
[component_container_isolated-2] [ERROR] [1789770270.638117549] [tf_help]: Transform data too old when converting from map to odom
[component_container_isolated-2] [ERROR] [1789770270.638160992] [tf_help]: Data time: 99s 300000000ns, Transform time: 5s 109000000ns
[component_container_isolated-2] [ERROR] [1789770270.685127397] [tf_help]: Transform data too old when converting from map to odom
[component_container_isolated-2] [ERROR] [1789770270.685163444] [tf_help]: Data time: 99s 300000000ns, Transform time: 5s 109000000ns
[component_container_isolated-2] [ERROR] [1789770270.734553385] [tf_help]: Transform data too old when converting from map to odom
[component_container_isolated-2] [ERROR] [1789770270.734597375] [tf_help]: Data time: 99s 300000000ns, Transform time: 5s 109000000ns
[component_container_isolated-2] [ERROR] [1789770270.789175953] [tf_help]: Transform data too old when converting from map to odom
[component_container_isolated-2] [ERROR] [1789770270.789215399] [tf_help]: Data time: 99s 300000000ns, Transform time: 5s 109000000ns
[component_container_isolated-2] [ERROR] [1789770270.835376835] [tf_help]: Transform data too old when converting from map to odom
[component_container_isolated-2] [ERROR] [1789770270.835407381] [tf_help]: Data time: 99s 300000000ns, Transform time: 5s 109000000ns
[component_container_isolated-2] [ERROR] [1789770270.885521601] [tf_help]: Transform data too old when converting from map to odom
[component_container_isolated-2] [ERROR] [1789770270.885559677] [tf_help]: Data time: 99s 300000000ns, Transform time: 5s 109000000ns
[component_container_isolated-2] [INFO] [1789770270.934940085] [controller_server]: [TG-MPPI] cycle time (compute_backend=cpu): 5.583 ms/cycle avg over 50 cycles
[component_container_isolated-2] [ERROR] [1789770270.935084351] [tf_help]: Transform data too old when converting from map to odom
[component_container_isolated-2] [ERROR] [1789770270.935102547] [tf_help]: Data time: 99s 300000000ns, Transform time: 5s 109000000ns
[component_container_isolated-2] [INFO] [1789770270.979047790] [controller_server]: Passing new path to controller.
[component_container_isolated-2] [ERROR] [1789770270.985595762] [tf_help]: Transform data too old when converting from map to odom
[component_container_isolated-2] [ERROR] [1789770270.985629310] [tf_help]: Data time: 100s 400000000ns, Transform time: 5s 109000000ns
[component_container_isolated-2] [ERROR] [1789770271.038667839] [tf_help]: Transform data too old when converting from map to odom
[component_container_isolated-2] [ERROR] [1789770271.038722291] [tf_help]: Data time: 100s 400000000ns, Transform time: 5s 109000000ns
[component_container_isolated-2] [ERROR] [1789770271.085351648] [tf_help]: Transform data too old when converting from map to odom
[component_container_isolated-2] [ERROR] [1789770271.085393602] [tf_help]: Data time: 100s 400000000ns, Transform time: 5s 109000000ns
[component_container_isolated-2] [ERROR] [1789770271.134250961] [tf_help]: Transform data too old when converting from map to odom
[component_container_isolated-2] [ERROR] [1789770271.134284011] [tf_help]: Data time: 100s 400000000ns, Transform time: 5s 109000000ns
[component_container_isolated-2] [ERROR] [1789770271.184372544] [tf_help]: Transform data too old when converting from map to odom
[component_container_isolated-2] [ERROR] [1789770271.184408293] [tf_help]: Data time: 100s 400000000ns, Transform time: 5s 109000000ns
[component_container_isolated-2] [ERROR] [1789770271.238626995] [tf_help]: Transform data too old when converting from map to odom
[component_container_isolated-2] [ERROR] [1789770271.238669286] [tf_help]: Data time: 100s 400000000ns, Transform time: 5s 109000000ns
[component_container_isolated-2] [ERROR] [1789770271.288554680] [tf_help]: Transform data too old when converting from map to odom
[component_container_isolated-2] [ERROR] [1789770271.288592794] [tf_help]: Data time: 100s 400000000ns, Transform time: 5s 109000000ns
[component_container_isolated-2] [ERROR] [1789770271.334522017] [tf_help]: Transform data too old when converting from map to odom
[component_container_isolated-2] [ERROR] [1789770271.334555494] [tf_help]: Data time: 100s 400000000ns, Transform time: 5s 109000000ns
[component_container_isolated-2] [ERROR] [1789770271.384489975] [tf_help]: Transform data too old when converting from map to odom
[component_container_isolated-2] [ERROR] [1789770271.384523093] [tf_help]: Data time: 100s 400000000ns, Transform time: 5s 109000000ns
[component_container_isolated-2] [ERROR] [1789770271.434496343] [tf_help]: Transform data too old when converting from map to odom
[component_container_isolated-2] [ERROR] [1789770271.434530017] [tf_help]: Data time: 100s 400000000ns, Transform time: 5s 109000000ns
[component_container_isolated-2] [ERROR] [1789770271.485493721] [tf_help]: Transform data too old when converting from map to odom
[component_container_isolated-2] [ERROR] [1789770271.485549494] [tf_help]: Data time: 100s 400000000ns, Transform time: 5s 109000000ns
[component_container_isolated-2] [ERROR] [1789770271.534637337] [tf_help]: Transform data too old when converting from map to odom
[component_container_isolated-2] [ERROR] [1789770271.534672936] [tf_help]: Data time: 100s 400000000ns, Transform time: 5s 109000000ns
[component_container_isolated-2] [ERROR] [1789770271.584429021] [tf_help]: Transform data too old when converting from map to odom
[component_container_isolated-2] [ERROR] [1789770271.584471606] [tf_help]: Data time: 100s 400000000ns, Transform time: 5s 109000000ns
[component_container_isolated-2] [ERROR] [1789770271.634492488] [tf_help]: Transform data too old when converting from map to odom
[component_container_isolated-2] [ERROR] [1789770271.634536626] [tf_help]: Data time: 100s 400000000ns, Transform time: 5s 109000000ns
[component_container_isolated-2] [ERROR] [1789770271.684516905] [tf_help]: Transform data too old when converting from map to odom
[component_container_isolated-2] [ERROR] [1789770271.684545258] [tf_help]: Data time: 100s 400000000ns, Transform time: 5s 109000000ns
[component_container_isolated-2] [ERROR] [1789770271.734294820] [tf_help]: Transform data too old when converting from map to odom
[component_container_isolated-2] [ERROR] [1789770271.734326375] [tf_help]: Data time: 100s 400000000ns, Transform time: 5s 109000000ns
[component_container_isolated-2] [ERROR] [1789770271.784299817] [tf_help]: Transform data too old when converting from map to odom
[component_container_isolated-2] [ERROR] [1789770271.784326105] [tf_help]: Data time: 100s 400000000ns, Transform time: 5s 109000000ns
[component_container_isolated-2] [ERROR] [1789770271.834663970] [tf_help]: Transform data too old when converting from map to odom
[component_container_isolated-2] [ERROR] [1789770271.834704011] [tf_help]: Data time: 100s 400000000ns, Transform time: 5s 109000000ns
[component_container_isolated-2] [ERROR] [1789770271.885319338] [tf_help]: Transform data too old when converting from map to odom
[component_container_isolated-2] [ERROR] [1789770271.885355957] [tf_help]: Data time: 100s 400000000ns, Transform time: 5s 109000000ns
[component_container_isolated-2] [ERROR] [1789770271.934437997] [tf_help]: Transform data too old when converting from map to odom
[component_container_isolated-2] [ERROR] [1789770271.934470841] [tf_help]: Data time: 100s 400000000ns, Transform time: 5s 109000000ns
[component_container_isolated-2] [INFO] [1789770271.979075766] [controller_server]: Passing new path to controller.
[component_container_isolated-2] [ERROR] [1789770271.985005069] [tf_help]: Transform data too old when converting from map to odom
[component_container_isolated-2] [ERROR] [1789770271.985054216] [tf_help]: Data time: 101s 400000000ns, Transform time: 5s 109000000ns
[component_container_isolated-2] [ERROR] [1789770272.036426391] [tf_help]: Transform data too old when converting from map to odom
[component_container_isolated-2] [ERROR] [1789770272.036468105] [tf_help]: Data time: 101s 400000000ns, Transform time: 5s 109000000ns
[component_container_isolated-2] [ERROR] [1789770272.084974873] [tf_help]: Transform data too old when converting from map to odom
[component_container_isolated-2] [ERROR] [1789770272.085005993] [tf_help]: Data time: 101s 400000000ns, Transform time: 5s 109000000ns
[component_container_isolated-2] [ERROR] [1789770272.138116823] [tf_help]: Transform data too old when converting from map to odom
[component_container_isolated-2] [ERROR] [1789770272.138158778] [tf_help]: Data time: 101s 400000000ns, Transform time: 5s 109000000ns
[component_container_isolated-2] [ERROR] [1789770272.185416396] [tf_help]: Transform data too old when converting from map to odom
[component_container_isolated-2] [ERROR] [1789770272.185452024] [tf_help]: Data time: 101s 400000000ns, Transform time: 5s 109000000ns
[component_container_isolated-2] [ERROR] [1789770272.234372932] [tf_help]: Transform data too old when converting from map to odom
[component_container_isolated-2] [ERROR] [1789770272.234405196] [tf_help]: Data time: 101s 400000000ns, Transform time: 5s 109000000ns
[component_container_isolated-2] [ERROR] [1789770272.284239591] [tf_help]: Transform data too old when converting from map to odom
[component_container_isolated-2] [ERROR] [1789770272.284271628] [tf_help]: Data time: 101s 400000000ns, Transform time: 5s 109000000ns
[component_container_isolated-2] [ERROR] [1789770272.337061538] [tf_help]: Transform data too old when converting from map to odom
[component_container_isolated-2] [ERROR] [1789770272.337103589] [tf_help]: Data time: 101s 400000000ns, Transform time: 5s 109000000ns
[component_container_isolated-2] [ERROR] [1789770272.384620360] [tf_help]: Transform data too old when converting from map to odom
[component_container_isolated-2] [ERROR] [1789770272.384657244] [tf_help]: Data time: 101s 400000000ns, Transform time: 5s 109000000ns
[component_container_isolated-2] [ERROR] [1789770272.434385317] [tf_help]: Transform data too old when converting from map to odom
[component_container_isolated-2] [ERROR] [1789770272.434414735] [tf_help]: Data time: 101s 400000000ns, Transform time: 5s 109000000ns
[component_container_isolated-2] [ERROR] [1789770272.484542522] [tf_help]: Transform data too old when converting from map to odom
[component_container_isolated-2] [ERROR] [1789770272.484579032] [tf_help]: Data time: 101s 400000000ns, Transform time: 5s 109000000ns
[component_container_isolated-2] [ERROR] [1789770272.534429743] [tf_help]: Transform data too old when converting from map to odom
[component_container_isolated-2] [ERROR] [1789770272.534472239] [tf_help]: Data time: 101s 400000000ns, Transform time: 5s 109000000ns
[component_container_isolated-2] [ERROR] [1789770272.584777381] [tf_help]: Transform data too old when converting from map to odom
[component_container_isolated-2] [ERROR] [1789770272.584810730] [tf_help]: Data time: 101s 400000000ns, Transform time: 5s 109000000ns
[component_container_isolated-2] [ERROR] [1789770272.634523661] [tf_help]: Transform data too old when converting from map to odom
[component_container_isolated-2] [ERROR] [1789770272.634560898] [tf_help]: Data time: 101s 400000000ns, Transform time: 5s 109000000ns
[component_container_isolated-2] [ERROR] [1789770272.684354447] [tf_help]: Transform data too old when converting from map to odom
[component_container_isolated-2] [ERROR] [1789770272.684384850] [tf_help]: Data time: 101s 400000000ns, Transform time: 5s 109000000ns
[component_container_isolated-2] [ERROR] [1789770272.734542033] [tf_help]: Transform data too old when converting from map to odom
[component_container_isolated-2] [ERROR] [1789770272.734573641] [tf_help]: Data time: 101s 400000000ns, Transform time: 5s 109000000ns
[component_container_isolated-2] [ERROR] [1789770272.784392178] [tf_help]: Transform data too old when converting from map to odom
[component_container_isolated-2] [ERROR] [1789770272.784423625] [tf_help]: Data time: 101s 400000000ns, Transform time: 5s 109000000ns
[component_container_isolated-2] [ERROR] [1789770272.834635906] [tf_help]: Transform data too old when converting from map to odom
[component_container_isolated-2] [ERROR] [1789770272.834679773] [tf_help]: Data time: 101s 400000000ns, Transform time: 5s 109000000ns
[component_container_isolated-2] [ERROR] [1789770272.884652428] [tf_help]: Transform data too old when converting from map to odom
[component_container_isolated-2] [ERROR] [1789770272.884686700] [tf_help]: Data time: 101s 400000000ns, Transform time: 5s 109000000ns
[component_container_isolated-2] [ERROR] [1789770272.934664538] [tf_help]: Transform data too old when converting from map to odom
[component_container_isolated-2] [ERROR] [1789770272.934706834] [tf_help]: Data time: 101s 400000000ns, Transform time: 5s 109000000ns
[component_container_isolated-2] [ERROR] [1789770272.984464674] [tf_help]: Transform data too old when converting from map to odom
[component_container_isolated-2] [ERROR] [1789770272.984499559] [tf_help]: Data time: 101s 400000000ns, Transform time: 5s 109000000ns
[component_container_isolated-2] [INFO] [1789770273.029050758] [controller_server]: Passing new path to controller.
[component_container_isolated-2] [ERROR] [1789770273.034740246] [tf_help]: Transform data too old when converting from map to odom
[component_container_isolated-2] [ERROR] [1789770273.034768073] [tf_help]: Data time: 102s 300000000ns, Transform time: 5s 109000000ns
[component_container_isolated-2] [ERROR] [1789770273.084626032] [tf_help]: Transform data too old when converting from map to odom
[component_container_isolated-2] [ERROR] [1789770273.084657573] [tf_help]: Data time: 102s 300000000ns, Transform time: 5s 109000000ns
[component_container_isolated-2] [ERROR] [1789770273.134322625] [tf_help]: Transform data too old when converting from map to odom
[component_container_isolated-2] [ERROR] [1789770273.134366616] [tf_help]: Data time: 102s 300000000ns, Transform time: 5s 109000000ns
[component_container_isolated-2] [ERROR] [1789770273.184331407] [tf_help]: Transform data too old when converting from map to odom
[component_container_isolated-2] [ERROR] [1789770273.184367284] [tf_help]: Data time: 102s 300000000ns, Transform time: 5s 109000000ns
[component_container_isolated-2] [ERROR] [1789770273.234400028] [tf_help]: Transform data too old when converting from map to odom
[component_container_isolated-2] [ERROR] [1789770273.234435735] [tf_help]: Data time: 102s 300000000ns, Transform time: 5s 109000000ns
[component_container_isolated-2] [ERROR] [1789770273.284229083] [tf_help]: Transform data too old when converting from map to odom
[component_container_isolated-2] [ERROR] [1789770273.284262701] [tf_help]: Data time: 102s 300000000ns, Transform time: 5s 109000000ns
[component_container_isolated-2] [ERROR] [1789770273.334366700] [tf_help]: Transform data too old when converting from map to odom
[component_container_isolated-2] [ERROR] [1789770273.334400836] [tf_help]: Data time: 102s 300000000ns, Transform time: 5s 109000000ns
[component_container_isolated-2] [ERROR] [1789770273.384745225] [tf_help]: Transform data too old when converting from map to odom
[component_container_isolated-2] [ERROR] [1789770273.384782290] [tf_help]: Data time: 102s 300000000ns, Transform time: 5s 109000000ns
[component_container_isolated-2] [INFO] [1789770273.437180784] [controller_server]: [TG-MPPI] cycle time (compute_backend=cpu): 5.767 ms/cycle avg over 50 cycles
[component_container_isolated-2] [ERROR] [1789770273.437363251] [tf_help]: Transform data too old when converting from map to odom
[component_container_isolated-2] [ERROR] [1789770273.437386035] [tf_help]: Data time: 102s 300000000ns, Transform time: 5s 109000000ns
[component_container_isolated-2] [ERROR] [1789770273.484581154] [tf_help]: Transform data too old when converting from map to odom
[component_container_isolated-2] [ERROR] [1789770273.484619373] [tf_help]: Data time: 102s 300000000ns, Transform time: 5s 109000000ns
[component_container_isolated-2] [ERROR] [1789770273.534591399] [tf_help]: Transform data too old when converting from map to odom
[component_container_isolated-2] [ERROR] [1789770273.534622445] [tf_help]: Data time: 102s 300000000ns, Transform time: 5s 109000000ns
[component_container_isolated-2] [ERROR] [1789770273.584353170] [tf_help]: Transform data too old when converting from map to odom
[component_container_isolated-2] [ERROR] [1789770273.584385339] [tf_help]: Data time: 102s 300000000ns, Transform time: 5s 109000000ns
[component_container_isolated-2] [ERROR] [1789770273.634443859] [tf_help]: Transform data too old when converting from map to odom
[component_container_isolated-2] [ERROR] [1789770273.634478939] [tf_help]: Data time: 102s 300000000ns, Transform time: 5s 109000000ns
[component_container_isolated-2] [ERROR] [1789770273.684239913] [tf_help]: Transform data too old when converting from map to odom
[component_container_isolated-2] [ERROR] [1789770273.684272945] [tf_help]: Data time: 102s 300000000ns, Transform time: 5s 109000000ns
[component_container_isolated-2] [ERROR] [1789770273.734463103] [tf_help]: Transform data too old when converting from map to odom
[component_container_isolated-2] [ERROR] [1789770273.734503252] [tf_help]: Data time: 102s 300000000ns, Transform time: 5s 109000000ns
[component_container_isolated-2] [ERROR] [1789770273.785080667] [tf_help]: Transform data too old when converting from map to odom
[component_container_isolated-2] [ERROR] [1789770273.785116255] [tf_help]: Data time: 102s 300000000ns, Transform time: 5s 109000000ns
[component_container_isolated-2] [ERROR] [1789770273.834321264] [tf_help]: Transform data too old when converting from map to odom
[component_container_isolated-2] [ERROR] [1789770273.834354246] [tf_help]: Data time: 102s 300000000ns, Transform time: 5s 109000000ns
[component_container_isolated-2] [ERROR] [1789770273.884521841] [tf_help]: Transform data too old when converting from map to odom
[component_container_isolated-2] [ERROR] [1789770273.884553945] [tf_help]: Data time: 102s 300000000ns, Transform time: 5s 109000000ns
[component_container_isolated-2] [ERROR] [1789770273.934254175] [tf_help]: Transform data too old when converting from map to odom
[component_container_isolated-2] [ERROR] [1789770273.934286254] [tf_help]: Data time: 102s 300000000ns, Transform time: 5s 109000000ns
[component_container_isolated-2] [ERROR] [1789770273.984767838] [tf_help]: Transform data too old when converting from map to odom
[component_container_isolated-2] [ERROR] [1789770273.984799674] [tf_help]: Data time: 102s 300000000ns, Transform time: 5s 109000000ns
[component_container_isolated-2] [INFO] [1789770274.029075568] [controller_server]: Passing new path to controller.
[component_container_isolated-2] [ERROR] [1789770274.034371559] [tf_help]: Transform data too old when converting from map to odom
[component_container_isolated-2] [ERROR] [1789770274.034396375] [tf_help]: Data time: 103s 300000000ns, Transform time: 5s 109000000ns
[component_container_isolated-2] [ERROR] [1789770274.084364391] [tf_help]: Transform data too old when converting from map to odom
[component_container_isolated-2] [ERROR] [1789770274.084400583] [tf_help]: Data time: 103s 300000000ns, Transform time: 5s 109000000ns
[component_container_isolated-2] [ERROR] [1789770274.134408063] [tf_help]: Transform data too old when converting from map to odom
[component_container_isolated-2] [ERROR] [1789770274.134456137] [tf_help]: Data time: 103s 300000000ns, Transform time: 5s 109000000ns
[component_container_isolated-2] [ERROR] [1789770274.184685189] [tf_help]: Transform data too old when converting from map to odom
[component_container_isolated-2] [ERROR] [1789770274.184720663] [tf_help]: Data time: 103s 300000000ns, Transform time: 5s 109000000ns
[component_container_isolated-2] [ERROR] [1789770274.234412323] [tf_help]: Transform data too old when converting from map to odom
[component_container_isolated-2] [ERROR] [1789770274.234450303] [tf_help]: Data time: 103s 300000000ns, Transform time: 5s 109000000ns
[component_container_isolated-2] [ERROR] [1789770274.284619887] [tf_help]: Transform data too old when converting from map to odom
[component_container_isolated-2] [ERROR] [1789770274.284650440] [tf_help]: Data time: 103s 300000000ns, Transform time: 5s 109000000ns
[component_container_isolated-2] [ERROR] [1789770274.335548276] [tf_help]: Transform data too old when converting from map to odom
[component_container_isolated-2] [ERROR] [1789770274.335598799] [tf_help]: Data time: 103s 300000000ns, Transform time: 5s 109000000ns
[component_container_isolated-2] [ERROR] [1789770274.384345120] [tf_help]: Transform data too old when converting from map to odom
[component_container_isolated-2] [ERROR] [1789770274.384388143] [tf_help]: Data time: 103s 300000000ns, Transform time: 5s 109000000ns
[component_container_isolated-2] [ERROR] [1789770274.434765200] [tf_help]: Transform data too old when converting from map to odom
[component_container_isolated-2] [ERROR] [1789770274.434796694] [tf_help]: Data time: 103s 300000000ns, Transform time: 5s 109000000ns
[component_container_isolated-2] [ERROR] [1789770274.484534827] [tf_help]: Transform data too old when converting from map to odom
[component_container_isolated-2] [ERROR] [1789770274.484571431] [tf_help]: Data time: 103s 300000000ns, Transform time: 5s 109000000ns
[component_container_isolated-2] [ERROR] [1789770274.534727142] [tf_help]: Transform data too old when converting from map to odom
[component_container_isolated-2] [ERROR] [1789770274.534760975] [tf_help]: Data time: 103s 300000000ns, Transform time: 5s 109000000ns
[component_container_isolated-2] [ERROR] [1789770274.584205581] [tf_help]: Transform data too old when converting from map to odom
[component_container_isolated-2] [ERROR] [1789770274.584239251] [tf_help]: Data time: 103s 300000000ns, Transform time: 5s 109000000ns
[component_container_isolated-2] [ERROR] [1789770274.634480449] [tf_help]: Transform data too old when converting from map to odom
[component_container_isolated-2] [ERROR] [1789770274.634512092] [tf_help]: Data time: 103s 300000000ns, Transform time: 5s 109000000ns
[component_container_isolated-2] [ERROR] [1789770274.684460774] [tf_help]: Transform data too old when converting from map to odom
[component_container_isolated-2] [ERROR] [1789770274.684493045] [tf_help]: Data time: 103s 300000000ns, Transform time: 5s 109000000ns
[component_container_isolated-2] [ERROR] [1789770274.734359499] [tf_help]: Transform data too old when converting from map to odom
[component_container_isolated-2] [ERROR] [1789770274.734391555] [tf_help]: Data time: 103s 300000000ns, Transform time: 5s 109000000ns
[component_container_isolated-2] [ERROR] [1789770274.784561157] [tf_help]: Transform data too old when converting from map to odom
[component_container_isolated-2] [ERROR] [1789770274.784596774] [tf_help]: Data time: 103s 300000000ns, Transform time: 5s 109000000ns
[component_container_isolated-2] [ERROR] [1789770274.834243150] [tf_help]: Transform data too old when converting from map to odom
[component_container_isolated-2] [ERROR] [1789770274.834277770] [tf_help]: Data time: 103s 300000000ns, Transform time: 5s 109000000ns
[component_container_isolated-2] [ERROR] [1789770274.884504847] [tf_help]: Transform data too old when converting from map to odom
[component_container_isolated-2] [ERROR] [1789770274.884536756] [tf_help]: Data time: 103s 300000000ns, Transform time: 5s 109000000ns
[component_container_isolated-2] [ERROR] [1789770274.934317563] [tf_help]: Transform data too old when converting from map to odom
[component_container_isolated-2] [ERROR] [1789770274.934351451] [tf_help]: Data time: 103s 300000000ns, Transform time: 5s 109000000ns
[component_container_isolated-2] [ERROR] [1789770274.984465551] [tf_help]: Transform data too old when converting from map to odom
[component_container_isolated-2] [ERROR] [1789770274.984499486] [tf_help]: Data time: 103s 300000000ns, Transform time: 5s 109000000ns
[component_container_isolated-2] [ERROR] [1789770275.034215309] [tf_help]: Transform data too old when converting from map to odom
[component_container_isolated-2] [ERROR] [1789770275.034248347] [tf_help]: Data time: 103s 300000000ns, Transform time: 5s 109000000ns
[component_container_isolated-2] [INFO] [1789770275.079078176] [controller_server]: Passing new path to controller.
[component_container_isolated-2] [ERROR] [1789770275.084446308] [tf_help]: Transform data too old when converting from map to odom
[component_container_isolated-2] [ERROR] [1789770275.084466506] [tf_help]: Data time: 104s 200000000ns, Transform time: 5s 109000000ns
[component_container_isolated-2] [ERROR] [1789770275.134211145] [tf_help]: Transform data too old when converting from map to odom
[component_container_isolated-2] [ERROR] [1789770275.134240916] [tf_help]: Data time: 104s 200000000ns, Transform time: 5s 109000000ns
[component_container_isolated-2] [ERROR] [1789770275.184251476] [tf_help]: Transform data too old when converting from map to odom
[component_container_isolated-2] [ERROR] [1789770275.184290138] [tf_help]: Data time: 104s 200000000ns, Transform time: 5s 109000000ns
[component_container_isolated-2] [ERROR] [1789770275.234557215] [tf_help]: Transform data too old when converting from map to odom
[component_container_isolated-2] [ERROR] [1789770275.234593421] [tf_help]: Data time: 104s 200000000ns, Transform time: 5s 109000000ns
[component_container_isolated-2] [ERROR] [1789770275.284223870] [tf_help]: Transform data too old when converting from map to odom
[component_container_isolated-2] [ERROR] [1789770275.284257930] [tf_help]: Data time: 104s 200000000ns, Transform time: 5s 109000000ns
[component_container_isolated-2] [ERROR] [1789770275.334495973] [tf_help]: Transform data too old when converting from map to odom
[component_container_isolated-2] [ERROR] [1789770275.334567411] [tf_help]: Data time: 104s 200000000ns, Transform time: 5s 109000000ns
[component_container_isolated-2] [ERROR] [1789770275.384451815] [tf_help]: Transform data too old when converting from map to odom
[component_container_isolated-2] [ERROR] [1789770275.384485716] [tf_help]: Data time: 104s 200000000ns, Transform time: 5s 109000000ns
[component_container_isolated-2] [ERROR] [1789770275.434599294] [tf_help]: Transform data too old when converting from map to odom
[component_container_isolated-2] [ERROR] [1789770275.434633722] [tf_help]: Data time: 104s 200000000ns, Transform time: 5s 109000000ns
[component_container_isolated-2] [ERROR] [1789770275.484164498] [tf_help]: Transform data too old when converting from map to odom
[component_container_isolated-2] [ERROR] [1789770275.484197392] [tf_help]: Data time: 104s 200000000ns, Transform time: 5s 109000000ns
[component_container_isolated-2] [ERROR] [1789770275.535009528] [tf_help]: Transform data too old when converting from map to odom
[component_container_isolated-2] [ERROR] [1789770275.535041371] [tf_help]: Data time: 104s 200000000ns, Transform time: 5s 109000000ns
[component_container_isolated-2] [ERROR] [1789770275.584603137] [tf_help]: Transform data too old when converting from map to odom
[component_container_isolated-2] [ERROR] [1789770275.584634305] [tf_help]: Data time: 104s 200000000ns, Transform time: 5s 109000000ns
[component_container_isolated-2] [ERROR] [1789770275.634347304] [tf_help]: Transform data too old when converting from map to odom
[component_container_isolated-2] [ERROR] [1789770275.634380429] [tf_help]: Data time: 104s 200000000ns, Transform time: 5s 109000000ns
[component_container_isolated-2] [ERROR] [1789770275.684578899] [tf_help]: Transform data too old when converting from map to odom
[component_container_isolated-2] [ERROR] [1789770275.684611710] [tf_help]: Data time: 104s 200000000ns, Transform time: 5s 109000000ns
[component_container_isolated-2] [ERROR] [1789770275.736241557] [tf_help]: Transform data too old when converting from map to odom
[component_container_isolated-2] [ERROR] [1789770275.736275164] [tf_help]: Data time: 104s 200000000ns, Transform time: 5s 109000000ns
[component_container_isolated-2] [ERROR] [1789770275.785087907] [tf_help]: Transform data too old when converting from map to odom
[component_container_isolated-2] [ERROR] [1789770275.785120449] [tf_help]: Data time: 104s 200000000ns, Transform time: 5s 109000000ns
[component_container_isolated-2] [ERROR] [1789770275.834766021] [tf_help]: Transform data too old when converting from map to odom
[component_container_isolated-2] [ERROR] [1789770275.834798257] [tf_help]: Data time: 104s 200000000ns, Transform time: 5s 109000000ns
[component_container_isolated-2] [ERROR] [1789770275.884469915] [tf_help]: Transform data too old when converting from map to odom
[component_container_isolated-2] [ERROR] [1789770275.884505388] [tf_help]: Data time: 104s 200000000ns, Transform time: 5s 109000000ns
[component_container_isolated-2] [INFO] [1789770275.934101582] [controller_server]: [TG-MPPI] cycle time (compute_backend=cpu): 5.259 ms/cycle avg over 50 cycles
[component_container_isolated-2] [ERROR] [1789770275.934263587] [tf_help]: Transform data too old when converting from map to odom
[component_container_isolated-2] [ERROR] [1789770275.934287264] [tf_help]: Data time: 104s 200000000ns, Transform time: 5s 109000000ns
[component_container_isolated-2] [ERROR] [1789770275.984255584] [tf_help]: Transform data too old when converting from map to odom
[component_container_isolated-2] [ERROR] [1789770275.984285967] [tf_help]: Data time: 104s 200000000ns, Transform time: 5s 109000000ns
[component_container_isolated-2] [ERROR] [1789770276.038764574] [tf_help]: Transform data too old when converting from map to odom
[component_container_isolated-2] [ERROR] [1789770276.038817155] [tf_help]: Data time: 104s 200000000ns, Transform time: 5s 109000000ns
[component_container_isolated-2] [INFO] [1789770276.079087802] [controller_server]: Passing new path to controller.
[component_container_isolated-2] [ERROR] [1789770276.088088074] [tf_help]: Transform data too old when converting from map to odom
[component_container_isolated-2] [ERROR] [1789770276.088123592] [tf_help]: Data time: 105s 200000000ns, Transform time: 5s 109000000ns
[component_container_isolated-2] [ERROR] [1789770276.134423862] [tf_help]: Transform data too old when converting from map to odom
[component_container_isolated-2] [ERROR] [1789770276.134466972] [tf_help]: Data time: 105s 200000000ns, Transform time: 5s 109000000ns
[component_container_isolated-2] [ERROR] [1789770276.185007046] [tf_help]: Transform data too old when converting from map to odom
[component_container_isolated-2] [ERROR] [1789770276.185042441] [tf_help]: Data time: 105s 200000000ns, Transform time: 5s 109000000ns
[component_container_isolated-2] [ERROR] [1789770276.234535873] [tf_help]: Transform data too old when converting from map to odom
[component_container_isolated-2] [ERROR] [1789770276.234570937] [tf_help]: Data time: 105s 200000000ns, Transform time: 5s 109000000ns
[component_container_isolated-2] [ERROR] [1789770276.284275467] [tf_help]: Transform data too old when converting from map to odom
[component_container_isolated-2] [ERROR] [1789770276.284308706] [tf_help]: Data time: 105s 200000000ns, Transform time: 5s 109000000ns
[component_container_isolated-2] [ERROR] [1789770276.334193932] [tf_help]: Transform data too old when converting from map to odom
[component_container_isolated-2] [ERROR] [1789770276.334230051] [tf_help]: Data time: 105s 200000000ns, Transform time: 5s 109000000ns
[component_container_isolated-2] [ERROR] [1789770276.384445104] [tf_help]: Transform data too old when converting from map to odom
[component_container_isolated-2] [ERROR] [1789770276.384479320] [tf_help]: Data time: 105s 200000000ns, Transform time: 5s 109000000ns
[component_container_isolated-2] [ERROR] [1789770276.434375421] [tf_help]: Transform data too old when converting from map to odom
[component_container_isolated-2] [ERROR] [1789770276.434409216] [tf_help]: Data time: 105s 200000000ns, Transform time: 5s 109000000ns
[component_container_isolated-2] [ERROR] [1789770276.484647114] [tf_help]: Transform data too old when converting from map to odom
[component_container_isolated-2] [ERROR] [1789770276.484684637] [tf_help]: Data time: 105s 200000000ns, Transform time: 5s 109000000ns
[component_container_isolated-2] [ERROR] [1789770276.534356029] [tf_help]: Transform data too old when converting from map to odom
[component_container_isolated-2] [ERROR] [1789770276.534392797] [tf_help]: Data time: 105s 200000000ns, Transform time: 5s 109000000ns
[component_container_isolated-2] [ERROR] [1789770276.584334006] [tf_help]: Transform data too old when converting from map to odom
[component_container_isolated-2] [ERROR] [1789770276.584367196] [tf_help]: Data time: 105s 200000000ns, Transform time: 5s 109000000ns
[component_container_isolated-2] [ERROR] [1789770276.634250579] [tf_help]: Transform data too old when converting from map to odom
[component_container_isolated-2] [ERROR] [1789770276.634285155] [tf_help]: Data time: 105s 200000000ns, Transform time: 5s 109000000ns
[component_container_isolated-2] [ERROR] [1789770276.684669971] [tf_help]: Transform data too old when converting from map to odom
[component_container_isolated-2] [ERROR] [1789770276.684707698] [tf_help]: Data time: 105s 200000000ns, Transform time: 5s 109000000ns
[component_container_isolated-2] [ERROR] [1789770276.734749922] [tf_help]: Transform data too old when converting from map to odom
[component_container_isolated-2] [ERROR] [1789770276.734786702] [tf_help]: Data time: 105s 200000000ns, Transform time: 5s 109000000ns
[component_container_isolated-2] [ERROR] [1789770276.784651966] [tf_help]: Transform data too old when converting from map to odom
[component_container_isolated-2] [ERROR] [1789770276.784683532] [tf_help]: Data time: 105s 200000000ns, Transform time: 5s 109000000ns
[component_container_isolated-2] [ERROR] [1789770276.834326089] [tf_help]: Transform data too old when converting from map to odom
[component_container_isolated-2] [ERROR] [1789770276.834358592] [tf_help]: Data time: 105s 200000000ns, Transform time: 5s 109000000ns
[component_container_isolated-2] [ERROR] [1789770276.884314140] [tf_help]: Transform data too old when converting from map to odom
[component_container_isolated-2] [ERROR] [1789770276.884347437] [tf_help]: Data time: 105s 200000000ns, Transform time: 5s 109000000ns
[component_container_isolated-2] [ERROR] [1789770276.934506044] [tf_help]: Transform data too old when converting from map to odom
[component_container_isolated-2] [ERROR] [1789770276.934538796] [tf_help]: Data time: 105s 200000000ns, Transform time: 5s 109000000ns
[component_container_isolated-2] [ERROR] [1789770276.984332594] [tf_help]: Transform data too old when converting from map to odom
[component_container_isolated-2] [ERROR] [1789770276.984364152] [tf_help]: Data time: 105s 200000000ns, Transform time: 5s 109000000ns
[component_container_isolated-2] [ERROR] [1789770277.034303393] [tf_help]: Transform data too old when converting from map to odom
[component_container_isolated-2] [ERROR] [1789770277.034342088] [tf_help]: Data time: 105s 200000000ns, Transform time: 5s 109000000ns
[component_container_isolated-2] [ERROR] [1789770277.085737052] [tf_help]: Transform data too old when converting from map to odom
[component_container_isolated-2] [ERROR] [1789770277.085776728] [tf_help]: Data time: 105s 200000000ns, Transform time: 5s 109000000ns
[component_container_isolated-2] [INFO] [1789770277.129102144] [controller_server]: Passing new path to controller.
[component_container_isolated-2] [ERROR] [1789770277.134948942] [tf_help]: Transform data too old when converting from map to odom
[component_container_isolated-2] [ERROR] [1789770277.134983162] [tf_help]: Data time: 106s 100000000ns, Transform time: 5s 109000000ns
[component_container_isolated-2] [ERROR] [1789770277.185460083] [tf_help]: Transform data too old when converting from map to odom
[component_container_isolated-2] [ERROR] [1789770277.185497630] [tf_help]: Data time: 106s 100000000ns, Transform time: 5s 109000000ns
[component_container_isolated-2] [ERROR] [1789770277.235197684] [tf_help]: Transform data too old when converting from map to odom
[component_container_isolated-2] [ERROR] [1789770277.235228023] [tf_help]: Data time: 106s 100000000ns, Transform time: 5s 109000000ns
[component_container_isolated-2] [ERROR] [1789770277.284866008] [tf_help]: Transform data too old when converting from map to odom
[component_container_isolated-2] [ERROR] [1789770277.284896338] [tf_help]: Data time: 106s 100000000ns, Transform time: 5s 109000000ns
[component_container_isolated-2] [ERROR] [1789770277.335022016] [tf_help]: Transform data too old when converting from map to odom
[component_container_isolated-2] [ERROR] [1789770277.335052793] [tf_help]: Data time: 106s 100000000ns, Transform time: 5s 109000000ns
[component_container_isolated-2] [ERROR] [1789770277.384775781] [tf_help]: Transform data too old when converting from map to odom
[component_container_isolated-2] [ERROR] [1789770277.384809204] [tf_help]: Data time: 106s 100000000ns, Transform time: 5s 109000000ns
[component_container_isolated-2] [ERROR] [1789770277.434743278] [tf_help]: Transform data too old when converting from map to odom
[component_container_isolated-2] [ERROR] [1789770277.434777303] [tf_help]: Data time: 106s 100000000ns, Transform time: 5s 109000000ns
[component_container_isolated-2] [ERROR] [1789770277.484382456] [tf_help]: Transform data too old when converting from map to odom
[component_container_isolated-2] [ERROR] [1789770277.484427435] [tf_help]: Data time: 106s 100000000ns, Transform time: 5s 109000000ns
[component_container_isolated-2] [ERROR] [1789770277.535213626] [tf_help]: Transform data too old when converting from map to odom
[component_container_isolated-2] [ERROR] [1789770277.535249901] [tf_help]: Data time: 106s 100000000ns, Transform time: 5s 109000000ns
[component_container_isolated-2] [ERROR] [1789770277.585003511] [tf_help]: Transform data too old when converting from map to odom
[component_container_isolated-2] [ERROR] [1789770277.585035734] [tf_help]: Data time: 106s 100000000ns, Transform time: 5s 109000000ns
[component_container_isolated-2] [ERROR] [1789770277.635662232] [tf_help]: Transform data too old when converting from map to odom
[component_container_isolated-2] [ERROR] [1789770277.635698185] [tf_help]: Data time: 106s 100000000ns, Transform time: 5s 109000000ns
[component_container_isolated-2] [ERROR] [1789770277.684821784] [tf_help]: Transform data too old when converting from map to odom
[component_container_isolated-2] [ERROR] [1789770277.684852342] [tf_help]: Data time: 106s 100000000ns, Transform time: 5s 109000000ns
[component_container_isolated-2] [ERROR] [1789770277.734295465] [tf_help]: Transform data too old when converting from map to odom
[component_container_isolated-2] [ERROR] [1789770277.734337243] [tf_help]: Data time: 106s 100000000ns, Transform time: 5s 109000000ns
[component_container_isolated-2] [ERROR] [1789770277.784207688] [tf_help]: Transform data too old when converting from map to odom
[component_container_isolated-2] [ERROR] [1789770277.784242939] [tf_help]: Data time: 106s 100000000ns, Transform time: 5s 109000000ns
[component_container_isolated-2] [ERROR] [1789770277.834217119] [tf_help]: Transform data too old when converting from map to odom
[component_container_isolated-2] [ERROR] [1789770277.834253135] [tf_help]: Data time: 106s 100000000ns, Transform time: 5s 109000000ns
[component_container_isolated-2] [ERROR] [1789770277.884250708] [tf_help]: Transform data too old when converting from map to odom
[component_container_isolated-2] [ERROR] [1789770277.884288705] [tf_help]: Data time: 106s 100000000ns, Transform time: 5s 109000000ns
[component_container_isolated-2] [ERROR] [1789770277.934302961] [tf_help]: Transform data too old when converting from map to odom
[component_container_isolated-2] [ERROR] [1789770277.934336414] [tf_help]: Data time: 106s 100000000ns, Transform time: 5s 109000000ns
[component_container_isolated-2] [ERROR] [1789770277.984190407] [tf_help]: Transform data too old when converting from map to odom
[component_container_isolated-2] [ERROR] [1789770277.984221889] [tf_help]: Data time: 106s 100000000ns, Transform time: 5s 109000000ns
[component_container_isolated-2] [ERROR] [1789770278.034361208] [tf_help]: Transform data too old when converting from map to odom
[component_container_isolated-2] [ERROR] [1789770278.034397540] [tf_help]: Data time: 106s 100000000ns, Transform time: 5s 109000000ns
[component_container_isolated-2] [ERROR] [1789770278.084394268] [tf_help]: Transform data too old when converting from map to odom
[component_container_isolated-2] [ERROR] [1789770278.084425010] [tf_help]: Data time: 106s 100000000ns, Transform time: 5s 109000000ns
[component_container_isolated-2] [ERROR] [1789770278.134266732] [tf_help]: Transform data too old when converting from map to odom
[component_container_isolated-2] [ERROR] [1789770278.134298749] [tf_help]: Data time: 106s 100000000ns, Transform time: 5s 109000000ns
[component_container_isolated-2] [INFO] [1789770278.179076902] [controller_server]: Passing new path to controller.
[component_container_isolated-2] [ERROR] [1789770278.184680007] [tf_help]: Transform data too old when converting from map to odom
[component_container_isolated-2] [ERROR] [1789770278.184716428] [tf_help]: Data time: 107s 0ns, Transform time: 5s 109000000ns
[component_container_isolated-2] [ERROR] [1789770278.234382964] [tf_help]: Transform data too old when converting from map to odom
[component_container_isolated-2] [ERROR] [1789770278.234419367] [tf_help]: Data time: 107s 0ns, Transform time: 5s 109000000ns
[component_container_isolated-2] [ERROR] [1789770278.285764595] [tf_help]: Transform data too old when converting from map to odom
[component_container_isolated-2] [ERROR] [1789770278.285802628] [tf_help]: Data time: 107s 0ns, Transform time: 5s 109000000ns
[component_container_isolated-2] [ERROR] [1789770278.334322269] [tf_help]: Transform data too old when converting from map to odom
[component_container_isolated-2] [ERROR] [1789770278.334357619] [tf_help]: Data time: 107s 0ns, Transform time: 5s 109000000ns
[component_container_isolated-2] [ERROR] [1789770278.384858971] [tf_help]: Transform data too old when converting from map to odom
[component_container_isolated-2] [ERROR] [1789770278.384902012] [tf_help]: Data time: 107s 0ns, Transform time: 5s 109000000ns
[component_container_isolated-2] [INFO] [1789770278.434096870] [controller_server]: [TG-MPPI] cycle time (compute_backend=cpu): 5.467 ms/cycle avg over 50 cycles
[component_container_isolated-2] [ERROR] [1789770278.434227232] [tf_help]: Transform data too old when converting from map to odom
[component_container_isolated-2] [ERROR] [1789770278.434244986] [tf_help]: Data time: 107s 0ns, Transform time: 5s 109000000ns
[component_container_isolated-2] [ERROR] [1789770278.485396357] [tf_help]: Transform data too old when converting from map to odom
[component_container_isolated-2] [ERROR] [1789770278.485426898] [tf_help]: Data time: 107s 0ns, Transform time: 5s 109000000ns
[component_container_isolated-2] [ERROR] [1789770278.534385729] [tf_help]: Transform data too old when converting from map to odom
[component_container_isolated-2] [ERROR] [1789770278.534420269] [tf_help]: Data time: 107s 0ns, Transform time: 5s 109000000ns
[component_container_isolated-2] [ERROR] [1789770278.584216909] [tf_help]: Transform data too old when converting from map to odom
[component_container_isolated-2] [ERROR] [1789770278.584250719] [tf_help]: Data time: 107s 0ns, Transform time: 5s 109000000ns
[component_container_isolated-2] [ERROR] [1789770278.635196263] [tf_help]: Transform data too old when converting from map to odom
[component_container_isolated-2] [ERROR] [1789770278.635232148] [tf_help]: Data time: 107s 0ns, Transform time: 5s 109000000ns
[component_container_isolated-2] [ERROR] [1789770278.687130184] [tf_help]: Transform data too old when converting from map to odom
[component_container_isolated-2] [ERROR] [1789770278.687164483] [tf_help]: Data time: 107s 0ns, Transform time: 5s 109000000ns
[component_container_isolated-2] [ERROR] [1789770278.734219046] [tf_help]: Transform data too old when converting from map to odom
[component_container_isolated-2] [ERROR] [1789770278.734250944] [tf_help]: Data time: 107s 0ns, Transform time: 5s 109000000ns
[component_container_isolated-2] [ERROR] [1789770278.784142783] [tf_help]: Transform data too old when converting from map to odom
[component_container_isolated-2] [ERROR] [1789770278.784173243] [tf_help]: Data time: 107s 0ns, Transform time: 5s 109000000ns
[component_container_isolated-2] [ERROR] [1789770278.834156337] [tf_help]: Transform data too old when converting from map to odom
[component_container_isolated-2] [ERROR] [1789770278.834189947] [tf_help]: Data time: 107s 0ns, Transform time: 5s 109000000ns
[component_container_isolated-2] [ERROR] [1789770278.884173336] [tf_help]: Transform data too old when converting from map to odom
[component_container_isolated-2] [ERROR] [1789770278.884207317] [tf_help]: Data time: 107s 0ns, Transform time: 5s 109000000ns
[component_container_isolated-2] [ERROR] [1789770278.934161207] [tf_help]: Transform data too old when converting from map to odom
[component_container_isolated-2] [ERROR] [1789770278.934196054] [tf_help]: Data time: 107s 0ns, Transform time: 5s 109000000ns
[component_container_isolated-2] [ERROR] [1789770278.984659560] [tf_help]: Transform data too old when converting from map to odom
[component_container_isolated-2] [ERROR] [1789770278.984692619] [tf_help]: Data time: 107s 0ns, Transform time: 5s 109000000ns
[component_container_isolated-2] [ERROR] [1789770279.034292570] [tf_help]: Transform data too old when converting from map to odom
[component_container_isolated-2] [ERROR] [1789770279.034327620] [tf_help]: Data time: 107s 0ns, Transform time: 5s 109000000ns
[component_container_isolated-2] [ERROR] [1789770279.084471696] [tf_help]: Transform data too old when converting from map to odom
[component_container_isolated-2] [ERROR] [1789770279.084509794] [tf_help]: Data time: 107s 0ns, Transform time: 5s 109000000ns
[component_container_isolated-2] [ERROR] [1789770279.134173222] [tf_help]: Transform data too old when converting from map to odom
[component_container_isolated-2] [ERROR] [1789770279.134211031] [tf_help]: Data time: 107s 0ns, Transform time: 5s 109000000ns
[component_container_isolated-2] [INFO] [1789770279.179046813] [controller_server]: Passing new path to controller.
[component_container_isolated-2] [ERROR] [1789770279.185017235] [tf_help]: Transform data too old when converting from map to odom
[component_container_isolated-2] [ERROR] [1789770279.185053494] [tf_help]: Data time: 107s 900000000ns, Transform time: 5s 109000000ns
[component_container_isolated-2] [ERROR] [1789770279.234309712] [tf_help]: Transform data too old when converting from map to odom
[component_container_isolated-2] [ERROR] [1789770279.234345082] [tf_help]: Data time: 107s 900000000ns, Transform time: 5s 109000000ns
[component_container_isolated-2] [ERROR] [1789770279.284478904] [tf_help]: Transform data too old when converting from map to odom
[component_container_isolated-2] [ERROR] [1789770279.284519936] [tf_help]: Data time: 107s 900000000ns, Transform time: 5s 109000000ns
[component_container_isolated-2] [ERROR] [1789770279.334679699] [tf_help]: Transform data too old when converting from map to odom
[component_container_isolated-2] [ERROR] [1789770279.334713336] [tf_help]: Data time: 107s 900000000ns, Transform time: 5s 109000000ns
[component_container_isolated-2] [ERROR] [1789770279.384599972] [tf_help]: Transform data too old when converting from map to odom
[component_container_isolated-2] [ERROR] [1789770279.384636584] [tf_help]: Data time: 107s 900000000ns, Transform time: 5s 109000000ns
[component_container_isolated-2] [ERROR] [1789770279.435564251] [tf_help]: Transform data too old when converting from map to odom
[component_container_isolated-2] [ERROR] [1789770279.435599272] [tf_help]: Data time: 107s 900000000ns, Transform time: 5s 109000000ns
[component_container_isolated-2] [ERROR] [1789770279.484311805] [tf_help]: Transform data too old when converting from map to odom
[component_container_isolated-2] [ERROR] [1789770279.484342046] [tf_help]: Data time: 107s 900000000ns, Transform time: 5s 109000000ns
[component_container_isolated-2] [ERROR] [1789770279.535868553] [tf_help]: Transform data too old when converting from map to odom
[component_container_isolated-2] [ERROR] [1789770279.535906402] [tf_help]: Data time: 107s 900000000ns, Transform time: 5s 109000000ns
[component_container_isolated-2] [ERROR] [1789770279.584685757] [tf_help]: Transform data too old when converting from map to odom
[component_container_isolated-2] [ERROR] [1789770279.584719977] [tf_help]: Data time: 107s 900000000ns, Transform time: 5s 109000000ns
[component_container_isolated-2] [ERROR] [1789770279.635099581] [tf_help]: Transform data too old when converting from map to odom
[component_container_isolated-2] [ERROR] [1789770279.635132395] [tf_help]: Data time: 107s 900000000ns, Transform time: 5s 109000000ns
[component_container_isolated-2] [ERROR] [1789770279.684253105] [tf_help]: Transform data too old when converting from map to odom
[component_container_isolated-2] [ERROR] [1789770279.684285932] [tf_help]: Data time: 107s 900000000ns, Transform time: 5s 109000000ns
[component_container_isolated-2] [ERROR] [1789770279.735116084] [tf_help]: Transform data too old when converting from map to odom
[component_container_isolated-2] [ERROR] [1789770279.735144366] [tf_help]: Data time: 107s 900000000ns, Transform time: 5s 109000000ns
[component_container_isolated-2] [ERROR] [1789770279.779162712] [controller_server]: Failed to make progress
[component_container_isolated-2] [WARN] [1789770279.779222195] [controller_server]: [follow_path] [ActionServer] Aborting handle.
[component_container_isolated-2] [INFO] [1789770279.798937383] [local_costmap.local_costmap]: Received request to clear entirely the local_costmap
[component_container_isolated-2] [INFO] [1789770279.799626201] [controller_server]: Received a goal, begin computing control effort.
[component_container_isolated-2] [ERROR] [1789770279.876091032] [tf_help]: Transform data too old when converting from map to odom
[component_container_isolated-2] [ERROR] [1789770279.876151436] [tf_help]: Data time: 107s 900000000ns, Transform time: 5s 109000000ns
[component_container_isolated-2] [WARN] [1789770279.876165457] [controller_server]: Control loop missed its desired rate of 20.0000Hz
[component_container_isolated-2] [ERROR] [1789770279.881685443] [tf_help]: Transform data too old when converting from map to odom
[component_container_isolated-2] [ERROR] [1789770279.881717667] [tf_help]: Data time: 107s 900000000ns, Transform time: 5s 109000000ns
[component_container_isolated-2] [ERROR] [1789770279.904980548] [tf_help]: Transform data too old when converting from map to odom
[component_container_isolated-2] [ERROR] [1789770279.905008149] [tf_help]: Data time: 107s 900000000ns, Transform time: 5s 109000000ns
[component_container_isolated-2] [ERROR] [1789770279.959145628] [tf_help]: Transform data too old when converting from map to odom
[component_container_isolated-2] [ERROR] [1789770279.959178431] [tf_help]: Data time: 107s 900000000ns, Transform time: 5s 109000000ns
[component_container_isolated-2] [ERROR] [1789770280.005118194] [tf_help]: Transform data too old when converting from map to odom
[component_container_isolated-2] [ERROR] [1789770280.005154899] [tf_help]: Data time: 107s 900000000ns, Transform time: 5s 109000000ns
[component_container_isolated-2] [ERROR] [1789770280.055276482] [tf_help]: Transform data too old when converting from map to odom
[component_container_isolated-2] [ERROR] [1789770280.055310016] [tf_help]: Data time: 107s 900000000ns, Transform time: 5s 109000000ns
[component_container_isolated-2] [ERROR] [1789770280.105314505] [tf_help]: Transform data too old when converting from map to odom
[component_container_isolated-2] [ERROR] [1789770280.105352128] [tf_help]: Data time: 107s 900000000ns, Transform time: 5s 109000000ns
[component_container_isolated-2] [ERROR] [1789770280.155118578] [tf_help]: Transform data too old when converting from map to odom
[component_container_isolated-2] [ERROR] [1789770280.155150544] [tf_help]: Data time: 107s 900000000ns, Transform time: 5s 109000000ns
[component_container_isolated-2] [INFO] [1789770280.199808622] [controller_server]: Passing new path to controller.
[component_container_isolated-2] [ERROR] [1789770280.205278560] [tf_help]: Transform data too old when converting from map to odom
[component_container_isolated-2] [ERROR] [1789770280.205303185] [tf_help]: Data time: 108s 900000000ns, Transform time: 5s 109000000ns
[component_container_isolated-2] [ERROR] [1789770280.255074072] [tf_help]: Transform data too old when converting from map to odom
[component_container_isolated-2] [ERROR] [1789770280.255111448] [tf_help]: Data time: 108s 900000000ns, Transform time: 5s 109000000ns
[component_container_isolated-2] [ERROR] [1789770280.305437782] [tf_help]: Transform data too old when converting from map to odom
[component_container_isolated-2] [ERROR] [1789770280.305475264] [tf_help]: Data time: 108s 900000000ns, Transform time: 5s 109000000ns
[component_container_isolated-2] [ERROR] [1789770280.355382439] [tf_help]: Transform data too old when converting from map to odom
[component_container_isolated-2] [ERROR] [1789770280.355417150] [tf_help]: Data time: 108s 900000000ns, Transform time: 5s 109000000ns
[component_container_isolated-2] [ERROR] [1789770280.405400391] [tf_help]: Transform data too old when converting from map to odom
[component_container_isolated-2] [ERROR] [1789770280.405437834] [tf_help]: Data time: 108s 900000000ns, Transform time: 5s 109000000ns
[component_container_isolated-2] [ERROR] [1789770280.455089674] [tf_help]: Transform data too old when converting from map to odom
[component_container_isolated-2] [ERROR] [1789770280.455122630] [tf_help]: Data time: 108s 900000000ns, Transform time: 5s 109000000ns
[component_container_isolated-2] [ERROR] [1789770280.505014331] [tf_help]: Transform data too old when converting from map to odom
[component_container_isolated-2] [ERROR] [1789770280.505047078] [tf_help]: Data time: 108s 900000000ns, Transform time: 5s 109000000ns
[component_container_isolated-2] [ERROR] [1789770280.556190665] [tf_help]: Transform data too old when converting from map to odom
[component_container_isolated-2] [ERROR] [1789770280.556223766] [tf_help]: Data time: 108s 900000000ns, Transform time: 5s 109000000ns
[component_container_isolated-2] [ERROR] [1789770280.605976663] [tf_help]: Transform data too old when converting from map to odom
[component_container_isolated-2] [ERROR] [1789770280.606014932] [tf_help]: Data time: 108s 900000000ns, Transform time: 5s 109000000ns
[component_container_isolated-2] [ERROR] [1789770280.657430254] [tf_help]: Transform data too old when converting from map to odom
[component_container_isolated-2] [ERROR] [1789770280.657466850] [tf_help]: Data time: 108s 900000000ns, Transform time: 5s 109000000ns
[component_container_isolated-2] [ERROR] [1789770280.705256496] [tf_help]: Transform data too old when converting from map to odom
[component_container_isolated-2] [ERROR] [1789770280.705289580] [tf_help]: Data time: 108s 900000000ns, Transform time: 5s 109000000ns
[component_container_isolated-2] [ERROR] [1789770280.755208988] [tf_help]: Transform data too old when converting from map to odom
[component_container_isolated-2] [ERROR] [1789770280.755239621] [tf_help]: Data time: 108s 900000000ns, Transform time: 5s 109000000ns
[component_container_isolated-2] [ERROR] [1789770280.810307081] [tf_help]: Transform data too old when converting from map to odom
[component_container_isolated-2] [ERROR] [1789770280.810353022] [tf_help]: Data time: 108s 900000000ns, Transform time: 5s 109000000ns
[component_container_isolated-2] [ERROR] [1789770280.859923793] [tf_help]: Transform data too old when converting from map to odom
[component_container_isolated-2] [ERROR] [1789770280.859969506] [tf_help]: Data time: 108s 900000000ns, Transform time: 5s 109000000ns
[component_container_isolated-2] [ERROR] [1789770280.908164721] [tf_help]: Transform data too old when converting from map to odom
[component_container_isolated-2] [ERROR] [1789770280.908201052] [tf_help]: Data time: 108s 900000000ns, Transform time: 5s 109000000ns
[component_container_isolated-2] [INFO] [1789770280.955145192] [controller_server]: [TG-MPPI] cycle time (compute_backend=cpu): 5.742 ms/cycle avg over 50 cycles
[component_container_isolated-2] [ERROR] [1789770280.955278923] [tf_help]: Transform data too old when converting from map to odom
[component_container_isolated-2] [ERROR] [1789770280.955297695] [tf_help]: Data time: 108s 900000000ns, Transform time: 5s 109000000ns
[component_container_isolated-2] [ERROR] [1789770281.005364903] [tf_help]: Transform data too old when converting from map to odom
[component_container_isolated-2] [ERROR] [1789770281.005400788] [tf_help]: Data time: 108s 900000000ns, Transform time: 5s 109000000ns
[component_container_isolated-2] [ERROR] [1789770281.054903699] [tf_help]: Transform data too old when converting from map to odom
[component_container_isolated-2] [ERROR] [1789770281.054947980] [tf_help]: Data time: 108s 900000000ns, Transform time: 5s 109000000ns
[component_container_isolated-2] [ERROR] [1789770281.105448947] [tf_help]: Transform data too old when converting from map to odom
[component_container_isolated-2] [ERROR] [1789770281.105483780] [tf_help]: Data time: 108s 900000000ns, Transform time: 5s 109000000ns
[component_container_isolated-2] [ERROR] [1789770281.155200159] [tf_help]: Transform data too old when converting from map to odom
[component_container_isolated-2] [ERROR] [1789770281.155236522] [tf_help]: Data time: 108s 900000000ns, Transform time: 5s 109000000ns
[component_container_isolated-2] [ERROR] [1789770281.204981223] [tf_help]: Transform data too old when converting from map to odom
[component_container_isolated-2] [ERROR] [1789770281.205029378] [tf_help]: Data time: 108s 900000000ns, Transform time: 5s 109000000ns
[component_container_isolated-2] [INFO] [1789770281.249774019] [controller_server]: Passing new path to controller.
[component_container_isolated-2] [ERROR] [1789770281.255312568] [tf_help]: Transform data too old when converting from map to odom
[component_container_isolated-2] [ERROR] [1789770281.255335778] [tf_help]: Data time: 109s 900000000ns, Transform time: 5s 109000000ns
[ground_truth_localizer-1] [INFO] [1789770281.277933901] [ground_truth_localizer]: last 10 s: ground truth msgs 294, map->odom published 294 (282 via latest odom TF)
[component_container_isolated-2] [ERROR] [1789770281.305328786] [tf_help]: Transform data too old when converting from map to odom
[component_container_isolated-2] [ERROR] [1789770281.305378259] [tf_help]: Data time: 109s 900000000ns, Transform time: 5s 109000000ns
[component_container_isolated-2] [ERROR] [1789770281.354982214] [tf_help]: Transform data too old when converting from map to odom
[component_container_isolated-2] [ERROR] [1789770281.355017353] [tf_help]: Data time: 109s 900000000ns, Transform time: 5s 109000000ns
[component_container_isolated-2] [ERROR] [1789770281.405157696] [tf_help]: Transform data too old when converting from map to odom
[component_container_isolated-2] [ERROR] [1789770281.405200972] [tf_help]: Data time: 109s 900000000ns, Transform time: 5s 109000000ns
[component_container_isolated-2] [ERROR] [1789770281.454990093] [tf_help]: Transform data too old when converting from map to odom
[component_container_isolated-2] [ERROR] [1789770281.455022612] [tf_help]: Data time: 109s 900000000ns, Transform time: 5s 109000000ns
[component_container_isolated-2] [ERROR] [1789770281.505134551] [tf_help]: Transform data too old when converting from map to odom
[component_container_isolated-2] [ERROR] [1789770281.505168882] [tf_help]: Data time: 109s 900000000ns, Transform time: 5s 109000000ns
[component_container_isolated-2] [ERROR] [1789770281.554982090] [tf_help]: Transform data too old when converting from map to odom
[component_container_isolated-2] [ERROR] [1789770281.555027820] [tf_help]: Data time: 109s 900000000ns, Transform time: 5s 109000000ns
[component_container_isolated-2] [ERROR] [1789770281.605547877] [tf_help]: Transform data too old when converting from map to odom
[component_container_isolated-2] [ERROR] [1789770281.605580910] [tf_help]: Data time: 109s 900000000ns, Transform time: 5s 109000000ns
[component_container_isolated-2] [ERROR] [1789770281.655203179] [tf_help]: Transform data too old when converting from map to odom
[component_container_isolated-2] [ERROR] [1789770281.655237333] [tf_help]: Data time: 109s 900000000ns, Transform time: 5s 109000000ns
[component_container_isolated-2] [ERROR] [1789770281.705524276] [tf_help]: Transform data too old when converting from map to odom
[component_container_isolated-2] [ERROR] [1789770281.705554582] [tf_help]: Data time: 109s 900000000ns, Transform time: 5s 109000000ns
[component_container_isolated-2] [ERROR] [1789770281.756125763] [tf_help]: Transform data too old when converting from map to odom
[component_container_isolated-2] [ERROR] [1789770281.756162664] [tf_help]: Data time: 109s 900000000ns, Transform time: 5s 109000000ns
[component_container_isolated-2] [ERROR] [1789770281.805231444] [tf_help]: Transform data too old when converting from map to odom
[component_container_isolated-2] [ERROR] [1789770281.805263867] [tf_help]: Data time: 109s 900000000ns, Transform time: 5s 109000000ns
[component_container_isolated-2] [ERROR] [1789770281.857280649] [tf_help]: Transform data too old when converting from map to odom
[component_container_isolated-2] [ERROR] [1789770281.857311944] [tf_help]: Data time: 109s 900000000ns, Transform time: 5s 109000000ns
[component_container_isolated-2] [ERROR] [1789770281.905363991] [tf_help]: Transform data too old when converting from map to odom
[component_container_isolated-2] [ERROR] [1789770281.905400430] [tf_help]: Data time: 109s 900000000ns, Transform time: 5s 109000000ns
[component_container_isolated-2] [ERROR] [1789770281.956011960] [tf_help]: Transform data too old when converting from map to odom
[component_container_isolated-2] [ERROR] [1789770281.956048957] [tf_help]: Data time: 109s 900000000ns, Transform time: 5s 109000000ns
[component_container_isolated-2] [ERROR] [1789770282.005467556] [tf_help]: Transform data too old when converting from map to odom
[component_container_isolated-2] [ERROR] [1789770282.005498425] [tf_help]: Data time: 109s 900000000ns, Transform time: 5s 109000000ns
[component_container_isolated-2] [ERROR] [1789770282.056246832] [tf_help]: Transform data too old when converting from map to odom
[component_container_isolated-2] [ERROR] [1789770282.056279861] [tf_help]: Data time: 109s 900000000ns, Transform time: 5s 109000000ns
[component_container_isolated-2] [ERROR] [1789770282.105554789] [tf_help]: Transform data too old when converting from map to odom
[component_container_isolated-2] [ERROR] [1789770282.105586419] [tf_help]: Data time: 109s 900000000ns, Transform time: 5s 109000000ns
[component_container_isolated-2] [ERROR] [1789770282.160010548] [tf_help]: Transform data too old when converting from map to odom
[component_container_isolated-2] [ERROR] [1789770282.160070730] [tf_help]: Data time: 109s 900000000ns, Transform time: 5s 109000000ns
[component_container_isolated-2] [ERROR] [1789770282.205108172] [tf_help]: Transform data too old when converting from map to odom
[component_container_isolated-2] [ERROR] [1789770282.205155532] [tf_help]: Data time: 109s 900000000ns, Transform time: 5s 109000000ns
[component_container_isolated-2] [ERROR] [1789770282.257386214] [tf_help]: Transform data too old when converting from map to odom
[component_container_isolated-2] [ERROR] [1789770282.257424012] [tf_help]: Data time: 109s 900000000ns, Transform time: 5s 109000000ns
[component_container_isolated-2] [INFO] [1789770282.299783204] [controller_server]: Passing new path to controller.
[component_container_isolated-2] [ERROR] [1789770282.306616258] [tf_help]: Transform data too old when converting from map to odom
[component_container_isolated-2] [ERROR] [1789770282.306639697] [tf_help]: Data time: 110s 800000000ns, Transform time: 5s 109000000ns
[component_container_isolated-2] [ERROR] [1789770282.355105003] [tf_help]: Transform data too old when converting from map to odom
[component_container_isolated-2] [ERROR] [1789770282.355136518] [tf_help]: Data time: 110s 800000000ns, Transform time: 5s 109000000ns
[component_container_isolated-2] [ERROR] [1789770282.405274903] [tf_help]: Transform data too old when converting from map to odom
[component_container_isolated-2] [ERROR] [1789770282.405302522] [tf_help]: Data time: 110s 800000000ns, Transform time: 5s 109000000ns
[component_container_isolated-2] [ERROR] [1789770282.454907032] [tf_help]: Transform data too old when converting from map to odom
[component_container_isolated-2] [ERROR] [1789770282.454937199] [tf_help]: Data time: 110s 800000000ns, Transform time: 5s 109000000ns
[component_container_isolated-2] [ERROR] [1789770282.506756772] [tf_help]: Transform data too old when converting from map to odom
[component_container_isolated-2] [ERROR] [1789770282.506799081] [tf_help]: Data time: 110s 800000000ns, Transform time: 5s 109000000ns
[component_container_isolated-2] [ERROR] [1789770282.555959004] [tf_help]: Transform data too old when converting from map to odom
[component_container_isolated-2] [ERROR] [1789770282.555993466] [tf_help]: Data time: 110s 800000000ns, Transform time: 5s 109000000ns
[component_container_isolated-2] [ERROR] [1789770282.605014661] [tf_help]: Transform data too old when converting from map to odom
[component_container_isolated-2] [ERROR] [1789770282.605045283] [tf_help]: Data time: 110s 800000000ns, Transform time: 5s 109000000ns
[component_container_isolated-2] [ERROR] [1789770282.655052764] [tf_help]: Transform data too old when converting from map to odom
[component_container_isolated-2] [ERROR] [1789770282.655085638] [tf_help]: Data time: 110s 800000000ns, Transform time: 5s 109000000ns
[component_container_isolated-2] [ERROR] [1789770282.705290935] [tf_help]: Transform data too old when converting from map to odom
[component_container_isolated-2] [ERROR] [1789770282.705327694] [tf_help]: Data time: 110s 800000000ns, Transform time: 5s 109000000ns
[component_container_isolated-2] [ERROR] [1789770282.755006249] [tf_help]: Transform data too old when converting from map to odom
[component_container_isolated-2] [ERROR] [1789770282.755046961] [tf_help]: Data time: 110s 800000000ns, Transform time: 5s 109000000ns
[component_container_isolated-2] [ERROR] [1789770282.805716902] [tf_help]: Transform data too old when converting from map to odom
[component_container_isolated-2] [ERROR] [1789770282.805749609] [tf_help]: Data time: 110s 800000000ns, Transform time: 5s 109000000ns
[component_container_isolated-2] [ERROR] [1789770282.855386402] [tf_help]: Transform data too old when converting from map to odom
[component_container_isolated-2] [ERROR] [1789770282.855421662] [tf_help]: Data time: 110s 800000000ns, Transform time: 5s 109000000ns
[component_container_isolated-2] [ERROR] [1789770282.905491155] [tf_help]: Transform data too old when converting from map to odom
[component_container_isolated-2] [ERROR] [1789770282.905523727] [tf_help]: Data time: 110s 800000000ns, Transform time: 5s 109000000ns
[component_container_isolated-2] [ERROR] [1789770282.955897293] [tf_help]: Transform data too old when converting from map to odom
[component_container_isolated-2] [ERROR] [1789770282.955935449] [tf_help]: Data time: 110s 800000000ns, Transform time: 5s 109000000ns
[component_container_isolated-2] [ERROR] [1789770283.005321824] [tf_help]: Transform data too old when converting from map to odom
[component_container_isolated-2] [ERROR] [1789770283.005356449] [tf_help]: Data time: 110s 800000000ns, Transform time: 5s 109000000ns
[component_container_isolated-2] [ERROR] [1789770283.056011280] [tf_help]: Transform data too old when converting from map to odom
[component_container_isolated-2] [ERROR] [1789770283.056043618] [tf_help]: Data time: 110s 800000000ns, Transform time: 5s 109000000ns
[component_container_isolated-2] [ERROR] [1789770283.105261927] [tf_help]: Transform data too old when converting from map to odom
[component_container_isolated-2] [ERROR] [1789770283.105297077] [tf_help]: Data time: 110s 800000000ns, Transform time: 5s 109000000ns
[component_container_isolated-2] [ERROR] [1789770283.155872183] [tf_help]: Transform data too old when converting from map to odom
[component_container_isolated-2] [ERROR] [1789770283.155908385] [tf_help]: Data time: 110s 800000000ns, Transform time: 5s 109000000ns
[component_container_isolated-2] [ERROR] [1789770283.204986132] [tf_help]: Transform data too old when converting from map to odom
[component_container_isolated-2] [ERROR] [1789770283.205019989] [tf_help]: Data time: 110s 800000000ns, Transform time: 5s 109000000ns
[component_container_isolated-2] [ERROR] [1789770283.256174869] [tf_help]: Transform data too old when converting from map to odom
[component_container_isolated-2] [ERROR] [1789770283.256244271] [tf_help]: Data time: 110s 800000000ns, Transform time: 5s 109000000ns
[component_container_isolated-2] [INFO] [1789770283.299781478] [controller_server]: Passing new path to controller.
[component_container_isolated-2] [ERROR] [1789770283.307496002] [tf_help]: Transform data too old when converting from map to odom
[component_container_isolated-2] [ERROR] [1789770283.307524199] [tf_help]: Data time: 111s 800000000ns, Transform time: 5s 109000000ns
[component_container_isolated-2] [ERROR] [1789770283.355539001] [tf_help]: Transform data too old when converting from map to odom
[component_container_isolated-2] [ERROR] [1789770283.355572359] [tf_help]: Data time: 111s 800000000ns, Transform time: 5s 109000000ns
[component_container_isolated-2] [ERROR] [1789770283.405285133] [tf_help]: Transform data too old when converting from map to odom
[component_container_isolated-2] [ERROR] [1789770283.405317148] [tf_help]: Data time: 111s 800000000ns, Transform time: 5s 109000000ns
[component_container_isolated-2] [INFO] [1789770283.454754495] [controller_server]: [TG-MPPI] cycle time (compute_backend=cpu): 5.615 ms/cycle avg over 50 cycles
[component_container_isolated-2] [ERROR] [1789770283.454876305] [tf_help]: Transform data too old when converting from map to odom
[component_container_isolated-2] [ERROR] [1789770283.454894507] [tf_help]: Data time: 111s 800000000ns, Transform time: 5s 109000000ns
[component_container_isolated-2] [ERROR] [1789770283.504982466] [tf_help]: Transform data too old when converting from map to odom
[component_container_isolated-2] [ERROR] [1789770283.505015180] [tf_help]: Data time: 111s 800000000ns, Transform time: 5s 109000000ns
[component_container_isolated-2] [ERROR] [1789770283.554886596] [tf_help]: Transform data too old when converting from map to odom
[component_container_isolated-2] [ERROR] [1789770283.554921774] [tf_help]: Data time: 111s 800000000ns, Transform time: 5s 109000000ns
[component_container_isolated-2] [ERROR] [1789770283.605364124] [tf_help]: Transform data too old when converting from map to odom
[component_container_isolated-2] [ERROR] [1789770283.605400915] [tf_help]: Data time: 111s 800000000ns, Transform time: 5s 109000000ns
[component_container_isolated-2] [ERROR] [1789770283.655166934] [tf_help]: Transform data too old when converting from map to odom
[component_container_isolated-2] [ERROR] [1789770283.655204891] [tf_help]: Data time: 111s 800000000ns, Transform time: 5s 109000000ns
[component_container_isolated-2] [ERROR] [1789770283.705041683] [tf_help]: Transform data too old when converting from map to odom
[component_container_isolated-2] [ERROR] [1789770283.705073235] [tf_help]: Data time: 111s 800000000ns, Transform time: 5s 109000000ns
[component_container_isolated-2] [ERROR] [1789770283.754870298] [tf_help]: Transform data too old when converting from map to odom
[component_container_isolated-2] [ERROR] [1789770283.754902371] [tf_help]: Data time: 111s 800000000ns, Transform time: 5s 109000000ns
[component_container_isolated-2] [ERROR] [1789770283.805327264] [tf_help]: Transform data too old when converting from map to odom
[component_container_isolated-2] [ERROR] [1789770283.805361672] [tf_help]: Data time: 111s 800000000ns, Transform time: 5s 109000000ns
[component_container_isolated-2] [ERROR] [1789770283.855272855] [tf_help]: Transform data too old when converting from map to odom
[component_container_isolated-2] [ERROR] [1789770283.855305746] [tf_help]: Data time: 111s 800000000ns, Transform time: 5s 109000000ns
[component_container_isolated-2] [ERROR] [1789770283.908994548] [tf_help]: Transform data too old when converting from map to odom
[component_container_isolated-2] [ERROR] [1789770283.909040864] [tf_help]: Data time: 111s 800000000ns, Transform time: 5s 109000000ns
[component_container_isolated-2] [ERROR] [1789770283.955571011] [tf_help]: Transform data too old when converting from map to odom
[component_container_isolated-2] [ERROR] [1789770283.955604977] [tf_help]: Data time: 111s 800000000ns, Transform time: 5s 109000000ns
[component_container_isolated-2] [ERROR] [1789770284.005814040] [tf_help]: Transform data too old when converting from map to odom
[component_container_isolated-2] [ERROR] [1789770284.005862650] [tf_help]: Data time: 111s 800000000ns, Transform time: 5s 109000000ns
[component_container_isolated-2] [ERROR] [1789770284.055197340] [tf_help]: Transform data too old when converting from map to odom
[component_container_isolated-2] [ERROR] [1789770284.055227454] [tf_help]: Data time: 111s 800000000ns, Transform time: 5s 109000000ns
[component_container_isolated-2] [ERROR] [1789770284.105520899] [tf_help]: Transform data too old when converting from map to odom
[component_container_isolated-2] [ERROR] [1789770284.105558971] [tf_help]: Data time: 111s 800000000ns, Transform time: 5s 109000000ns
[component_container_isolated-2] [ERROR] [1789770284.155043880] [tf_help]: Transform data too old when converting from map to odom
[component_container_isolated-2] [ERROR] [1789770284.155076230] [tf_help]: Data time: 111s 800000000ns, Transform time: 5s 109000000ns
[component_container_isolated-2] [ERROR] [1789770284.205073775] [tf_help]: Transform data too old when converting from map to odom
[component_container_isolated-2] [ERROR] [1789770284.205105469] [tf_help]: Data time: 111s 800000000ns, Transform time: 5s 109000000ns
[component_container_isolated-2] [ERROR] [1789770284.255055145] [tf_help]: Transform data too old when converting from map to odom
[component_container_isolated-2] [ERROR] [1789770284.255097818] [tf_help]: Data time: 111s 800000000ns, Transform time: 5s 109000000ns
[component_container_isolated-2] [ERROR] [1789770284.305761820] [tf_help]: Transform data too old when converting from map to odom
[component_container_isolated-2] [ERROR] [1789770284.305796520] [tf_help]: Data time: 111s 800000000ns, Transform time: 5s 109000000ns
[component_container_isolated-2] [INFO] [1789770284.349773080] [controller_server]: Passing new path to controller.
[component_container_isolated-2] [ERROR] [1789770284.355130552] [tf_help]: Transform data too old when converting from map to odom
[component_container_isolated-2] [ERROR] [1789770284.355151640] [tf_help]: Data time: 112s 700000000ns, Transform time: 5s 109000000ns
[component_container_isolated-2] [ERROR] [1789770284.405054698] [tf_help]: Transform data too old when converting from map to odom
[component_container_isolated-2] [ERROR] [1789770284.405085288] [tf_help]: Data time: 112s 700000000ns, Transform time: 5s 109000000ns
[component_container_isolated-2] [ERROR] [1789770284.455122348] [tf_help]: Transform data too old when converting from map to odom
[component_container_isolated-2] [ERROR] [1789770284.455154611] [tf_help]: Data time: 112s 700000000ns, Transform time: 5s 109000000ns
[component_container_isolated-2] [ERROR] [1789770284.505291988] [tf_help]: Transform data too old when converting from map to odom
[component_container_isolated-2] [ERROR] [1789770284.505326245] [tf_help]: Data time: 112s 700000000ns, Transform time: 5s 109000000ns
[component_container_isolated-2] [ERROR] [1789770284.555466854] [tf_help]: Transform data too old when converting from map to odom
[component_container_isolated-2] [ERROR] [1789770284.555499337] [tf_help]: Data time: 112s 700000000ns, Transform time: 5s 109000000ns
[component_container_isolated-2] [ERROR] [1789770284.604957815] [tf_help]: Transform data too old when converting from map to odom
[component_container_isolated-2] [ERROR] [1789770284.604994565] [tf_help]: Data time: 112s 700000000ns, Transform time: 5s 109000000ns
[component_container_isolated-2] [ERROR] [1789770284.655188045] [tf_help]: Transform data too old when converting from map to odom
[component_container_isolated-2] [ERROR] [1789770284.655221320] [tf_help]: Data time: 112s 700000000ns, Transform time: 5s 109000000ns
[component_container_isolated-2] [ERROR] [1789770284.705562138] [tf_help]: Transform data too old when converting from map to odom
[component_container_isolated-2] [ERROR] [1789770284.705604896] [tf_help]: Data time: 112s 700000000ns, Transform time: 5s 109000000ns
[component_container_isolated-2] [ERROR] [1789770284.755383235] [tf_help]: Transform data too old when converting from map to odom
[component_container_isolated-2] [ERROR] [1789770284.755422794] [tf_help]: Data time: 112s 700000000ns, Transform time: 5s 109000000ns
[component_container_isolated-2] [ERROR] [1789770284.807222839] [tf_help]: Transform data too old when converting from map to odom
[component_container_isolated-2] [ERROR] [1789770284.807294511] [tf_help]: Data time: 112s 700000000ns, Transform time: 5s 109000000ns
[component_container_isolated-2] [ERROR] [1789770284.855052791] [tf_help]: Transform data too old when converting from map to odom
[component_container_isolated-2] [ERROR] [1789770284.855088812] [tf_help]: Data time: 112s 700000000ns, Transform time: 5s 109000000ns
[component_container_isolated-2] [ERROR] [1789770284.904943447] [tf_help]: Transform data too old when converting from map to odom
[component_container_isolated-2] [ERROR] [1789770284.904980085] [tf_help]: Data time: 112s 700000000ns, Transform time: 5s 109000000ns
[component_container_isolated-2] [ERROR] [1789770284.955988223] [tf_help]: Transform data too old when converting from map to odom
[component_container_isolated-2] [ERROR] [1789770284.956023392] [tf_help]: Data time: 112s 700000000ns, Transform time: 5s 109000000ns
[component_container_isolated-2] [ERROR] [1789770285.005334946] [tf_help]: Transform data too old when converting from map to odom
[component_container_isolated-2] [ERROR] [1789770285.005370655] [tf_help]: Data time: 112s 700000000ns, Transform time: 5s 109000000ns
[component_container_isolated-2] [ERROR] [1789770285.055388241] [tf_help]: Transform data too old when converting from map to odom
[component_container_isolated-2] [ERROR] [1789770285.055422188] [tf_help]: Data time: 112s 700000000ns, Transform time: 5s 109000000ns
[component_container_isolated-2] [ERROR] [1789770285.105315987] [tf_help]: Transform data too old when converting from map to odom
[component_container_isolated-2] [ERROR] [1789770285.105357366] [tf_help]: Data time: 112s 700000000ns, Transform time: 5s 109000000ns
[component_container_isolated-2] [ERROR] [1789770285.155046680] [tf_help]: Transform data too old when converting from map to odom
[component_container_isolated-2] [ERROR] [1789770285.155087157] [tf_help]: Data time: 112s 700000000ns, Transform time: 5s 109000000ns
[component_container_isolated-2] [ERROR] [1789770285.205135205] [tf_help]: Transform data too old when converting from map to odom
[component_container_isolated-2] [ERROR] [1789770285.205199329] [tf_help]: Data time: 112s 700000000ns, Transform time: 5s 109000000ns
[component_container_isolated-2] [ERROR] [1789770285.255099901] [tf_help]: Transform data too old when converting from map to odom
[component_container_isolated-2] [ERROR] [1789770285.255150471] [tf_help]: Data time: 112s 700000000ns, Transform time: 5s 109000000ns
[component_container_isolated-2] [ERROR] [1789770285.305008765] [tf_help]: Transform data too old when converting from map to odom
[component_container_isolated-2] [ERROR] [1789770285.305043796] [tf_help]: Data time: 112s 700000000ns, Transform time: 5s 109000000ns
[component_container_isolated-2] [INFO] [1789770285.349807137] [controller_server]: Passing new path to controller.
[component_container_isolated-2] [ERROR] [1789770285.355884403] [tf_help]: Transform data too old when converting from map to odom
[component_container_isolated-2] [ERROR] [1789770285.355917361] [tf_help]: Data time: 113s 700000000ns, Transform time: 5s 109000000ns
[component_container_isolated-2] [ERROR] [1789770285.404941934] [tf_help]: Transform data too old when converting from map to odom
[component_container_isolated-2] [ERROR] [1789770285.404972620] [tf_help]: Data time: 113s 700000000ns, Transform time: 5s 109000000ns
[component_container_isolated-2] [ERROR] [1789770285.455715678] [tf_help]: Transform data too old when converting from map to odom
[component_container_isolated-2] [ERROR] [1789770285.455746879] [tf_help]: Data time: 113s 700000000ns, Transform time: 5s 109000000ns
[component_container_isolated-2] [ERROR] [1789770285.505929204] [tf_help]: Transform data too old when converting from map to odom
[component_container_isolated-2] [ERROR] [1789770285.505965236] [tf_help]: Data time: 113s 700000000ns, Transform time: 5s 109000000ns
[component_container_isolated-2] [ERROR] [1789770285.556082920] [tf_help]: Transform data too old when converting from map to odom
[component_container_isolated-2] [ERROR] [1789770285.556115973] [tf_help]: Data time: 113s 700000000ns, Transform time: 5s 109000000ns
[component_container_isolated-2] [ERROR] [1789770285.605099465] [tf_help]: Transform data too old when converting from map to odom
[component_container_isolated-2] [ERROR] [1789770285.605137627] [tf_help]: Data time: 113s 700000000ns, Transform time: 5s 109000000ns
[component_container_isolated-2] [ERROR] [1789770285.655024407] [tf_help]: Transform data too old when converting from map to odom
[component_container_isolated-2] [ERROR] [1789770285.655054061] [tf_help]: Data time: 113s 700000000ns, Transform time: 5s 109000000ns
[component_container_isolated-2] [ERROR] [1789770285.705059276] [tf_help]: Transform data too old when converting from map to odom
[component_container_isolated-2] [ERROR] [1789770285.705089862] [tf_help]: Data time: 113s 700000000ns, Transform time: 5s 109000000ns
[component_container_isolated-2] [ERROR] [1789770285.755078532] [tf_help]: Transform data too old when converting from map to odom
[component_container_isolated-2] [ERROR] [1789770285.755112425] [tf_help]: Data time: 113s 700000000ns, Transform time: 5s 109000000ns
[component_container_isolated-2] [ERROR] [1789770285.805218937] [tf_help]: Transform data too old when converting from map to odom
[component_container_isolated-2] [ERROR] [1789770285.805259145] [tf_help]: Data time: 113s 700000000ns, Transform time: 5s 109000000ns
[component_container_isolated-2] [ERROR] [1789770285.855361872] [tf_help]: Transform data too old when converting from map to odom
[component_container_isolated-2] [ERROR] [1789770285.855397026] [tf_help]: Data time: 113s 700000000ns, Transform time: 5s 109000000ns
[component_container_isolated-2] [ERROR] [1789770285.905357266] [tf_help]: Transform data too old when converting from map to odom
[component_container_isolated-2] [ERROR] [1789770285.905392775] [tf_help]: Data time: 113s 700000000ns, Transform time: 5s 109000000ns
[component_container_isolated-2] [INFO] [1789770285.954933580] [controller_server]: [TG-MPPI] cycle time (compute_backend=cpu): 5.365 ms/cycle avg over 50 cycles
[component_container_isolated-2] [ERROR] [1789770285.955102872] [tf_help]: Transform data too old when converting from map to odom
[component_container_isolated-2] [ERROR] [1789770285.955125260] [tf_help]: Data time: 113s 700000000ns, Transform time: 5s 109000000ns
[component_container_isolated-2] [ERROR] [1789770286.005057528] [tf_help]: Transform data too old when converting from map to odom
[component_container_isolated-2] [ERROR] [1789770286.005093130] [tf_help]: Data time: 113s 700000000ns, Transform time: 5s 109000000ns
[component_container_isolated-2] [ERROR] [1789770286.054903104] [tf_help]: Transform data too old when converting from map to odom
[component_container_isolated-2] [ERROR] [1789770286.054940464] [tf_help]: Data time: 113s 700000000ns, Transform time: 5s 109000000ns
[component_container_isolated-2] [ERROR] [1789770286.105314093] [tf_help]: Transform data too old when converting from map to odom
[component_container_isolated-2] [ERROR] [1789770286.105348089] [tf_help]: Data time: 113s 700000000ns, Transform time: 5s 109000000ns
[component_container_isolated-2] [ERROR] [1789770286.155838266] [tf_help]: Transform data too old when converting from map to odom
[component_container_isolated-2] [ERROR] [1789770286.155889111] [tf_help]: Data time: 113s 700000000ns, Transform time: 5s 109000000ns
[component_container_isolated-2] [ERROR] [1789770286.205996593] [tf_help]: Transform data too old when converting from map to odom
[component_container_isolated-2] [ERROR] [1789770286.206029764] [tf_help]: Data time: 113s 700000000ns, Transform time: 5s 109000000ns
[component_container_isolated-2] [ERROR] [1789770286.258653000] [tf_help]: Transform data too old when converting from map to odom
[component_container_isolated-2] [ERROR] [1789770286.258680752] [tf_help]: Data time: 113s 700000000ns, Transform time: 5s 109000000ns
[component_container_isolated-2] [ERROR] [1789770286.305063605] [tf_help]: Transform data too old when converting from map to odom
[component_container_isolated-2] [ERROR] [1789770286.305095297] [tf_help]: Data time: 113s 700000000ns, Transform time: 5s 109000000ns
[component_container_isolated-2] [ERROR] [1789770286.354958799] [tf_help]: Transform data too old when converting from map to odom
[component_container_isolated-2] [ERROR] [1789770286.354988623] [tf_help]: Data time: 113s 700000000ns, Transform time: 5s 109000000ns
[component_container_isolated-2] [INFO] [1789770286.399883657] [controller_server]: Passing new path to controller.
[component_container_isolated-2] [ERROR] [1789770286.407658868] [tf_help]: Transform data too old when converting from map to odom
[component_container_isolated-2] [ERROR] [1789770286.407683367] [tf_help]: Data time: 114s 600000000ns, Transform time: 5s 109000000ns
[component_container_isolated-2] [ERROR] [1789770286.455286687] [tf_help]: Transform data too old when converting from map to odom
[component_container_isolated-2] [ERROR] [1789770286.455317495] [tf_help]: Data time: 114s 600000000ns, Transform time: 5s 109000000ns
[component_container_isolated-2] [ERROR] [1789770286.505255561] [tf_help]: Transform data too old when converting from map to odom
[component_container_isolated-2] [ERROR] [1789770286.505288433] [tf_help]: Data time: 114s 600000000ns, Transform time: 5s 109000000ns
[component_container_isolated-2] [ERROR] [1789770286.555181035] [tf_help]: Transform data too old when converting from map to odom
[component_container_isolated-2] [ERROR] [1789770286.555219353] [tf_help]: Data time: 114s 600000000ns, Transform time: 5s 109000000ns
[component_container_isolated-2] [ERROR] [1789770286.605361028] [tf_help]: Transform data too old when converting from map to odom
[component_container_isolated-2] [ERROR] [1789770286.605395315] [tf_help]: Data time: 114s 600000000ns, Transform time: 5s 109000000ns
[component_container_isolated-2] [ERROR] [1789770286.655251983] [tf_help]: Transform data too old when converting from map to odom
[component_container_isolated-2] [ERROR] [1789770286.655287244] [tf_help]: Data time: 114s 600000000ns, Transform time: 5s 109000000ns
[component_container_isolated-2] [ERROR] [1789770286.705471167] [tf_help]: Transform data too old when converting from map to odom
[component_container_isolated-2] [ERROR] [1789770286.705504507] [tf_help]: Data time: 114s 600000000ns, Transform time: 5s 109000000ns
[component_container_isolated-2] [ERROR] [1789770286.755051045] [tf_help]: Transform data too old when converting from map to odom
[component_container_isolated-2] [ERROR] [1789770286.755083708] [tf_help]: Data time: 114s 600000000ns, Transform time: 5s 109000000ns
[component_container_isolated-2] [ERROR] [1789770286.805909585] [tf_help]: Transform data too old when converting from map to odom
[component_container_isolated-2] [ERROR] [1789770286.805944915] [tf_help]: Data time: 114s 600000000ns, Transform time: 5s 109000000ns
[component_container_isolated-2] [ERROR] [1789770286.855346582] [tf_help]: Transform data too old when converting from map to odom
[component_container_isolated-2] [ERROR] [1789770286.855377600] [tf_help]: Data time: 114s 600000000ns, Transform time: 5s 109000000ns
[component_container_isolated-2] [ERROR] [1789770286.906313400] [tf_help]: Transform data too old when converting from map to odom
[component_container_isolated-2] [ERROR] [1789770286.906349047] [tf_help]: Data time: 114s 600000000ns, Transform time: 5s 109000000ns
[component_container_isolated-2] [ERROR] [1789770286.955418942] [tf_help]: Transform data too old when converting from map to odom
[component_container_isolated-2] [ERROR] [1789770286.955464114] [tf_help]: Data time: 114s 600000000ns, Transform time: 5s 109000000ns
[component_container_isolated-2] [ERROR] [1789770287.005791548] [tf_help]: Transform data too old when converting from map to odom
[component_container_isolated-2] [ERROR] [1789770287.005829465] [tf_help]: Data time: 114s 600000000ns, Transform time: 5s 109000000ns
[component_container_isolated-2] [ERROR] [1789770287.055159540] [tf_help]: Transform data too old when converting from map to odom
[component_container_isolated-2] [ERROR] [1789770287.055195069] [tf_help]: Data time: 114s 600000000ns, Transform time: 5s 109000000ns
[component_container_isolated-2] [ERROR] [1789770287.105321652] [tf_help]: Transform data too old when converting from map to odom
[component_container_isolated-2] [ERROR] [1789770287.105369613] [tf_help]: Data time: 114s 600000000ns, Transform time: 5s 109000000ns
[component_container_isolated-2] [ERROR] [1789770287.155315772] [tf_help]: Transform data too old when converting from map to odom
[component_container_isolated-2] [ERROR] [1789770287.155348702] [tf_help]: Data time: 114s 600000000ns, Transform time: 5s 109000000ns
[component_container_isolated-2] [ERROR] [1789770287.205260804] [tf_help]: Transform data too old when converting from map to odom
[component_container_isolated-2] [ERROR] [1789770287.205292793] [tf_help]: Data time: 114s 600000000ns, Transform time: 5s 109000000ns
[component_container_isolated-2] [ERROR] [1789770287.255189538] [tf_help]: Transform data too old when converting from map to odom
[component_container_isolated-2] [ERROR] [1789770287.255221834] [tf_help]: Data time: 114s 600000000ns, Transform time: 5s 109000000ns
[component_container_isolated-2] [ERROR] [1789770287.305266949] [tf_help]: Transform data too old when converting from map to odom
[component_container_isolated-2] [ERROR] [1789770287.305298045] [tf_help]: Data time: 114s 600000000ns, Transform time: 5s 109000000ns
[component_container_isolated-2] [ERROR] [1789770287.354981142] [tf_help]: Transform data too old when converting from map to odom
[component_container_isolated-2] [ERROR] [1789770287.355014726] [tf_help]: Data time: 114s 600000000ns, Transform time: 5s 109000000ns
[component_container_isolated-2] [ERROR] [1789770287.405165046] [tf_help]: Transform data too old when converting from map to odom
[component_container_isolated-2] [ERROR] [1789770287.405195731] [tf_help]: Data time: 114s 600000000ns, Transform time: 5s 109000000ns
[component_container_isolated-2] [INFO] [1789770287.449775829] [controller_server]: Passing new path to controller.
[component_container_isolated-2] [ERROR] [1789770287.455345852] [tf_help]: Transform data too old when converting from map to odom
[component_container_isolated-2] [ERROR] [1789770287.455369785] [tf_help]: Data time: 115s 600000000ns, Transform time: 5s 109000000ns
[component_container_isolated-2] [ERROR] [1789770287.505328431] [tf_help]: Transform data too old when converting from map to odom
[component_container_isolated-2] [ERROR] [1789770287.505363884] [tf_help]: Data time: 115s 600000000ns, Transform time: 5s 109000000ns
[component_container_isolated-2] [ERROR] [1789770287.555097455] [tf_help]: Transform data too old when converting from map to odom
[component_container_isolated-2] [ERROR] [1789770287.555131442] [tf_help]: Data time: 115s 600000000ns, Transform time: 5s 109000000ns
[component_container_isolated-2] [ERROR] [1789770287.605878026] [tf_help]: Transform data too old when converting from map to odom
[component_container_isolated-2] [ERROR] [1789770287.605935929] [tf_help]: Data time: 115s 600000000ns, Transform time: 5s 109000000ns
[component_container_isolated-2] [ERROR] [1789770287.655424995] [tf_help]: Transform data too old when converting from map to odom
[component_container_isolated-2] [ERROR] [1789770287.655460622] [tf_help]: Data time: 115s 600000000ns, Transform time: 5s 109000000ns
[component_container_isolated-2] [ERROR] [1789770287.705381144] [tf_help]: Transform data too old when converting from map to odom
[component_container_isolated-2] [ERROR] [1789770287.705415528] [tf_help]: Data time: 115s 600000000ns, Transform time: 5s 109000000ns
[component_container_isolated-2] [ERROR] [1789770287.754916715] [tf_help]: Transform data too old when converting from map to odom
[component_container_isolated-2] [ERROR] [1789770287.754951515] [tf_help]: Data time: 115s 600000000ns, Transform time: 5s 109000000ns
[component_container_isolated-2] [ERROR] [1789770287.805755318] [tf_help]: Transform data too old when converting from map to odom
[component_container_isolated-2] [ERROR] [1789770287.805786960] [tf_help]: Data time: 115s 600000000ns, Transform time: 5s 109000000ns
[component_container_isolated-2] [ERROR] [1789770287.855195620] [tf_help]: Transform data too old when converting from map to odom
[component_container_isolated-2] [ERROR] [1789770287.855227391] [tf_help]: Data time: 115s 600000000ns, Transform time: 5s 109000000ns
[component_container_isolated-2] [ERROR] [1789770287.905135606] [tf_help]: Transform data too old when converting from map to odom
[component_container_isolated-2] [ERROR] [1789770287.905166763] [tf_help]: Data time: 115s 600000000ns, Transform time: 5s 109000000ns
[component_container_isolated-2] [ERROR] [1789770287.954977756] [tf_help]: Transform data too old when converting from map to odom
[component_container_isolated-2] [ERROR] [1789770287.955012018] [tf_help]: Data time: 115s 600000000ns, Transform time: 5s 109000000ns
[component_container_isolated-2] [ERROR] [1789770288.005459070] [tf_help]: Transform data too old when converting from map to odom
[component_container_isolated-2] [ERROR] [1789770288.005492806] [tf_help]: Data time: 115s 600000000ns, Transform time: 5s 109000000ns
[component_container_isolated-2] [ERROR] [1789770288.057143616] [tf_help]: Transform data too old when converting from map to odom
[component_container_isolated-2] [ERROR] [1789770288.057183582] [tf_help]: Data time: 115s 600000000ns, Transform time: 5s 109000000ns
[component_container_isolated-2] [ERROR] [1789770288.105067221] [tf_help]: Transform data too old when converting from map to odom
[component_container_isolated-2] [ERROR] [1789770288.105107909] [tf_help]: Data time: 115s 600000000ns, Transform time: 5s 109000000ns
[component_container_isolated-2] [ERROR] [1789770288.155190437] [tf_help]: Transform data too old when converting from map to odom
[component_container_isolated-2] [ERROR] [1789770288.155227658] [tf_help]: Data time: 115s 600000000ns, Transform time: 5s 109000000ns
[component_container_isolated-2] [ERROR] [1789770288.207201731] [tf_help]: Transform data too old when converting from map to odom
[component_container_isolated-2] [ERROR] [1789770288.207232015] [tf_help]: Data time: 115s 600000000ns, Transform time: 5s 109000000ns
[component_container_isolated-2] [ERROR] [1789770288.255021614] [tf_help]: Transform data too old when converting from map to odom
[component_container_isolated-2] [ERROR] [1789770288.255053631] [tf_help]: Data time: 115s 600000000ns, Transform time: 5s 109000000ns
[component_container_isolated-2] [ERROR] [1789770288.305218096] [tf_help]: Transform data too old when converting from map to odom
[component_container_isolated-2] [ERROR] [1789770288.305250875] [tf_help]: Data time: 115s 600000000ns, Transform time: 5s 109000000ns
[component_container_isolated-2] [ERROR] [1789770288.355185282] [tf_help]: Transform data too old when converting from map to odom
[component_container_isolated-2] [ERROR] [1789770288.355229370] [tf_help]: Data time: 115s 600000000ns, Transform time: 5s 109000000ns
[component_container_isolated-2] [ERROR] [1789770288.405253755] [tf_help]: Transform data too old when converting from map to odom
[component_container_isolated-2] [ERROR] [1789770288.405286773] [tf_help]: Data time: 115s 600000000ns, Transform time: 5s 109000000ns
[component_container_isolated-2] [INFO] [1789770288.449811743] [controller_server]: Passing new path to controller.
[component_container_isolated-2] [INFO] [1789770288.459571306] [controller_server]: [TG-MPPI] cycle time (compute_backend=cpu): 5.561 ms/cycle avg over 50 cycles
[component_container_isolated-2] [ERROR] [1789770288.459880022] [tf_help]: Transform data too old when converting from map to odom
[component_container_isolated-2] [ERROR] [1789770288.459909659] [tf_help]: Data time: 116s 500000000ns, Transform time: 5s 109000000ns
[component_container_isolated-2] [ERROR] [1789770288.505522503] [tf_help]: Transform data too old when converting from map to odom
[component_container_isolated-2] [ERROR] [1789770288.505559408] [tf_help]: Data time: 116s 500000000ns, Transform time: 5s 109000000ns
[component_container_isolated-2] [ERROR] [1789770288.555521717] [tf_help]: Transform data too old when converting from map to odom
[component_container_isolated-2] [ERROR] [1789770288.555561897] [tf_help]: Data time: 116s 500000000ns, Transform time: 5s 109000000ns
[component_container_isolated-2] [ERROR] [1789770288.605581178] [tf_help]: Transform data too old when converting from map to odom
[component_container_isolated-2] [ERROR] [1789770288.605616909] [tf_help]: Data time: 116s 500000000ns, Transform time: 5s 109000000ns
[component_container_isolated-2] [ERROR] [1789770288.655375648] [tf_help]: Transform data too old when converting from map to odom
[component_container_isolated-2] [ERROR] [1789770288.655408799] [tf_help]: Data time: 116s 500000000ns, Transform time: 5s 109000000ns
[component_container_isolated-2] [ERROR] [1789770288.705062719] [tf_help]: Transform data too old when converting from map to odom
[component_container_isolated-2] [ERROR] [1789770288.705096802] [tf_help]: Data time: 116s 500000000ns, Transform time: 5s 109000000ns
[WARNING] [launch]: user interrupted with ctrl-c (SIGINT)
[component_container_isolated-2] [INFO] [1789770288.723393747] [rclcpp]: signal_handler(SIGINT/SIGTERM)
[component_container_isolated-2] [INFO] [1789770288.723449332] [lifecycle_manager_navigation]: Running Nav2 LifecycleManager rcl preshutdown (lifecycle_manager_navigation)
[component_container_isolated-2] [INFO] [1789770288.723474441] [lifecycle_manager_navigation]: [34m[1mTerminating bond timer...[0m[0m
[INFO] [ground_truth_localizer-1]: process has finished cleanly [pid 85027]
[ground_truth_localizer-1] Exception ignored in: <function TransformListener.__del__ at 0x71ea10b58f70>
[ground_truth_localizer-1] Traceback (most recent call last):
[ground_truth_localizer-1]   File "/opt/ros/humble/lib/python3.10/site-packages/tf2_ros/transform_listener.py", line 119, in __del__
[ground_truth_localizer-1]     self.executor.shutdown()
[ground_truth_localizer-1]   File "/opt/ros/humble/local/lib/python3.10/dist-packages/rclpy/executors.py", line 264, in shutdown
[ground_truth_localizer-1]     self._sigint_gc.destroy()
[ground_truth_localizer-1]   File "/opt/ros/humble/local/lib/python3.10/dist-packages/rclpy/signals.py", line 65, in destroy
[ground_truth_localizer-1]     with self.handle:
[ground_truth_localizer-1] rclpy._rclpy_pybind11.InvalidHandle: cannot use Destroyable because destruction was requested
[component_container_isolated-2] [ERROR] [1789770288.748980127] [bt_navigator_navigate_to_pose_rclcpp_node]: Failed to get result for follow_path in node halt!
[component_container_isolated-2] [INFO] [1789770288.749111392] [bt_navigator]: [navigate_to_pose] [ActionServer] Client requested to cancel the goal. Cancelling.
[component_container_isolated-2] [INFO] [1789770288.749258936] [bt_navigator]: Goal canceled
[component_container_isolated-2] [INFO] [1789770288.749802908] [controller_server]: Goal was canceled. Stopping the robot.
[component_container_isolated-2] [INFO] [1789770288.749838590] [controller_server]: [follow_path] [ActionServer] Client requested to cancel the goal. Cancelling.
[component_container_isolated-2] [INFO] [1789770288.821218867] [velocity_smoother]: Running Nav2 LifecycleNode rcl preshutdown (velocity_smoother)
[component_container_isolated-2] [INFO] [1789770288.821278350] [velocity_smoother]: Deactivating
[component_container_isolated-2] [INFO] [1789770288.821289302] [velocity_smoother]: Destroying bond (velocity_smoother) to lifecycle manager.
[component_container_isolated-2] [INFO] [1789770288.831542108] [velocity_smoother]: Cleaning up
[component_container_isolated-2] [INFO] [1789770288.831583214] [velocity_smoother]: Destroying bond (velocity_smoother) to lifecycle manager.
[component_container_isolated-2] [INFO] [1789770288.831589963] [waypoint_follower]: Running Nav2 LifecycleNode rcl preshutdown (waypoint_follower)
[component_container_isolated-2] [INFO] [1789770288.831604522] [waypoint_follower]: Deactivating
[component_container_isolated-2] [INFO] [1789770288.831610962] [waypoint_follower]: Destroying bond (waypoint_follower) to lifecycle manager.
[component_container_isolated-2] [INFO] [1789770288.841693935] [waypoint_follower]: Cleaning up
[component_container_isolated-2] [INFO] [1789770288.850990195] [waypoint_follower]: Destroying bond (waypoint_follower) to lifecycle manager.
[component_container_isolated-2] [INFO] [1789770288.851015783] [behavior_server]: Running Nav2 LifecycleNode rcl preshutdown (behavior_server)
[component_container_isolated-2] [INFO] [1789770288.851028033] [behavior_server]: Deactivating
[component_container_isolated-2] [INFO] [1789770288.851048142] [behavior_server]: Destroying bond (behavior_server) to lifecycle manager.
[component_container_isolated-2] [INFO] [1789770288.861254809] [behavior_server]: Cleaning up
[component_container_isolated-2] [INFO] [1789770288.874385099] [behavior_server]: Destroying bond (behavior_server) to lifecycle manager.
[component_container_isolated-2] [INFO] [1789770288.874421280] [planner_server]: Running Nav2 LifecycleNode rcl preshutdown (planner_server)
[component_container_isolated-2] [INFO] [1789770288.874456582] [planner_server]: Deactivating
[component_container_isolated-2] [INFO] [1789770288.874488441] [global_costmap.global_costmap]: Deactivating
[component_container_isolated-2] [INFO] [1789770288.881324676] [global_costmap.global_costmap]: stvl_global was deactivated.
[component_container_isolated-2] [INFO] [1789770289.427167694] [planner_server]: Deactivating plugin GridBased of type NavfnPlanner
[component_container_isolated-2] [INFO] [1789770289.427221308] [planner_server]: Destroying bond (planner_server) to lifecycle manager.
[component_container_isolated-2] [INFO] [1789770289.437375257] [planner_server]: Cleaning up
[component_container_isolated-2] [INFO] [1789770289.455130417] [global_costmap.global_costmap]: Cleaning up
[ERROR] [component_container_isolated-2]: process[component_container_isolated-2] failed to terminate '5' seconds after receiving 'SIGINT', escalating to 'SIGTERM'
[INFO] [component_container_isolated-2]: sending signal 'SIGTERM' to process[component_container_isolated-2]
[ERROR] [component_container_isolated-2]: process[component_container_isolated-2] failed to terminate '10.0' seconds after receiving 'SIGTERM', escalating to 'SIGKILL'
[INFO] [component_container_isolated-2]: sending signal 'SIGKILL' to process[component_container_isolated-2]
[ERROR] [component_container_isolated-2]: process has died [pid 85029, exit code -9, cmd '/opt/ros/humble/lib/rclcpp_components/component_container_isolated --ros-args --log-level info --ros-args -r __node:=nav2_container --params-file /tmp/launch_params_0krgz6xh --params-file /tmp/launch_params_xecd4yr2 -r /tf:=tf -r /tf_static:=tf_static'].
